account_id,mule_probability,suspicious_start,suspicious_end
ACCT_000077,0.005288398472568334,,
ACCT_000085,0.0003993281749884611,,
ACCT_000156,0.010582774246247855,,
ACCT_000186,0.013182552535727065,,
ACCT_000222,0.00157960742985565,,
ACCT_000229,0.003050312911815945,,
ACCT_000249,0.002021029563906569,,
ACCT_000254,0.0008638856621745376,,
ACCT_000256,0.0005247984623431876,,
ACCT_000260,0.0017859366926982658,,
ACCT_000288,0.0013625343511609914,,
ACCT_000299,0.00011962761185805519,,
ACCT_000313,0.00034982233601984933,,
ACCT_000314,0.0008186160893723105,,
ACCT_000334,0.0014652896520957282,,
ACCT_000350,0.008046810179438969,,
ACCT_000363,0.003884678982094606,,
ACCT_000364,0.0027370132134293705,,
ACCT_000365,0.0009836626371685833,,
ACCT_000381,0.001124006160652751,,
ACCT_000388,0.0006301147403747271,,
ACCT_000393,0.025665000749759477,,
ACCT_000424,0.007703470563845992,,
ACCT_000433,0.0009145504353075499,,
ACCT_000463,0.00556985219438442,,
ACCT_000465,0.0007966627302236961,,
ACCT_000473,0.0012692360742604125,,
ACCT_000476,0.00946889119725625,,
ACCT_000495,0.0012220951242945875,,
ACCT_000499,0.031460770490149434,,
ACCT_000521,0.0013078928190181304,,
ACCT_000523,0.00015337722932269327,,
ACCT_000525,0.0030294260263813455,,
ACCT_000529,0.009306789862661124,,
ACCT_000530,0.0006918904591885736,,
ACCT_000554,0.0007546769501569266,,
ACCT_000595,0.03273561325151709,,
ACCT_000597,0.0002961354132247586,,
ACCT_000625,0.0002835701136791375,,
ACCT_000632,0.007282061375022755,,
ACCT_000633,0.0006027749397165615,,
ACCT_000641,0.0024620099504134825,,
ACCT_000644,0.00021796681003369818,,
ACCT_000649,0.12675210266928308,,
ACCT_000656,0.0009162447144147025,,
ACCT_000659,0.0017442393223285307,,
ACCT_000662,0.05021118419752528,,
ACCT_000755,0.0019337509308805841,,
ACCT_000756,0.012346308924124196,,
ACCT_000778,0.00795965324145625,,
ACCT_000789,0.08940303356680393,,
ACCT_000829,0.0004709509596783841,,
ACCT_000837,0.002217597625235155,,
ACCT_000845,0.8104123639522518,2023-03-21T00:00:00,2023-06-18T00:00:00
ACCT_000862,0.010019913366322025,,
ACCT_000867,0.006056813855705329,,
ACCT_000893,0.00031934385273428014,,
ACCT_000906,0.00034484789260890526,,
ACCT_000917,0.0011338390454971232,,
ACCT_000920,0.0014926823921685656,,
ACCT_000921,0.0004042475730843359,,
ACCT_000928,0.00013934499403066929,,
ACCT_000973,0.003285437200416251,,
ACCT_000974,0.0001345853843247084,,
ACCT_000995,0.0130999521584306,,
ACCT_001005,0.008274015356285806,,
ACCT_001014,0.0039256211340922284,,
ACCT_001022,0.0005672069257630862,,
ACCT_001034,0.0016514089761765153,,
ACCT_001035,0.00857499563868303,,
ACCT_001037,0.009895929855850054,,
ACCT_001041,0.007538967562859685,,
ACCT_001051,0.09009040007195253,,
ACCT_001056,0.004974037095226947,,
ACCT_001061,0.18650582989887135,,
ACCT_001063,0.0025093138179870162,,
ACCT_001072,0.008779011589798772,,
ACCT_001080,0.0003125058283146674,,
ACCT_001083,0.00030958506196618107,,
ACCT_001086,0.0037243438213618515,,
ACCT_001088,0.987401456346495,2025-02-17T00:00:00,2025-05-17T00:00:00
ACCT_001094,0.049037323100935955,,
ACCT_001096,0.0015538464767518826,,
ACCT_001120,0.001028924183935877,,
ACCT_001129,0.008825250869575354,,
ACCT_001130,0.014814306255771192,,
ACCT_001145,0.7376906513952978,2020-07-13T00:00:00,2020-10-10T00:00:00
ACCT_001150,0.0028696452609757385,,
ACCT_001155,0.004262952587116005,,
ACCT_001164,0.0465115639948856,,
ACCT_001197,0.0007030906165396481,,
ACCT_001200,0.1942372539597914,,
ACCT_001213,0.01833720700266407,,
ACCT_001221,0.12512051917379732,,
ACCT_001228,0.0011049966855759452,,
ACCT_001233,0.0010601700866572248,,
ACCT_001243,0.06960370189700606,,
ACCT_001263,0.00047520563008594357,,
ACCT_001268,0.00027451266645380743,,
ACCT_001269,0.0005379659803543453,,
ACCT_001285,0.0010962424307156546,,
ACCT_001305,0.0010285823868973975,,
ACCT_001312,0.005002551697636354,,
ACCT_001330,0.00022235445872849645,,
ACCT_001333,0.0011598678442659494,,
ACCT_001363,0.015173389296257434,,
ACCT_001365,0.0031539563633237984,,
ACCT_001381,0.006351059841275447,,
ACCT_001403,0.0009370162553045444,,
ACCT_001410,0.0014817777232794815,,
ACCT_001412,0.0008488177126361434,,
ACCT_001434,0.012361395727634505,,
ACCT_001464,0.051262145015656665,,
ACCT_001479,0.002285293919203208,,
ACCT_001485,0.0003966375014008458,,
ACCT_001497,0.0002741865545699169,,
ACCT_001527,0.0013036181065836662,,
ACCT_001528,0.0011582598307466345,,
ACCT_001533,0.006241046444798582,,
ACCT_001536,0.0011400039095571207,,
ACCT_001538,0.0002049665923338344,,
ACCT_001539,0.025360804049399537,,
ACCT_001545,0.0007135441332284632,,
ACCT_001560,0.0049106974786892795,,
ACCT_001565,0.0024039570698486026,,
ACCT_001583,0.00407891952936028,,
ACCT_001584,0.0005149185844991243,,
ACCT_001591,0.0014071617834015633,,
ACCT_001606,0.046847243824562006,,
ACCT_001614,0.00014956530477309787,,
ACCT_001625,0.001046955792106176,,
ACCT_001633,0.0034317457435867954,,
ACCT_001636,0.3091440819938145,2024-08-21T00:00:00,2024-11-18T00:00:00
ACCT_001641,0.03289172864322646,,
ACCT_001649,0.014271608195674279,,
ACCT_001652,0.0011590327701543808,,
ACCT_001653,0.014072372251615556,,
ACCT_001673,0.019110863023979914,,
ACCT_001689,0.0011157371339324978,,
ACCT_001698,0.004566820597813687,,
ACCT_001699,0.023729025998573874,,
ACCT_001700,0.016894543333620733,,
ACCT_001718,0.03835236420299801,,
ACCT_001728,0.01246443483951246,,
ACCT_001729,0.008828242225181662,,
ACCT_001749,0.0010448775103323684,,
ACCT_001772,0.005518777082905394,,
ACCT_001822,0.012798834934180884,,
ACCT_001825,0.01021256163200075,,
ACCT_001828,0.002076602775399652,,
ACCT_001833,0.1442007524617112,,
ACCT_001863,0.004385859617440433,,
ACCT_001870,0.025946976774210963,,
ACCT_001888,0.000834166150775973,,
ACCT_001892,0.003394288721543147,,
ACCT_001896,0.0004004572218118506,,
ACCT_001911,0.005465504528665623,,
ACCT_001942,0.017212410360230447,,
ACCT_001951,0.0011530291823832134,,
ACCT_001968,3.828901975007635e-05,,
ACCT_001985,0.01761919834355182,,
ACCT_002001,0.0032577797379406857,,
ACCT_002002,0.001130643217842989,,
ACCT_002028,0.0002304649796143016,,
ACCT_002030,0.0026530072083709405,,
ACCT_002043,0.00020020030718103616,,
ACCT_002051,0.01101883165135725,,
ACCT_002057,0.003359631064293208,,
ACCT_002070,0.0008352339936388653,,
ACCT_002072,0.151524494524078,,
ACCT_002074,0.011755914295606277,,
ACCT_002104,0.000348968576087614,,
ACCT_002113,0.02319944005148613,,
ACCT_002125,0.0035931569635977286,,
ACCT_002133,0.003638861154481139,,
ACCT_002160,0.001345187922259098,,
ACCT_002164,0.0030174131020608073,,
ACCT_002169,0.10192401008259282,,
ACCT_002177,0.01853020100108764,,
ACCT_002197,0.005162536763058116,,
ACCT_002204,0.0050258379194630725,,
ACCT_002218,0.10890233096372699,,
ACCT_002228,0.003763212005533822,,
ACCT_002235,8.457540901138206e-05,,
ACCT_002242,0.005852859230891016,,
ACCT_002248,0.0017472632667915205,,
ACCT_002251,0.0021593316842826796,,
ACCT_002267,0.14431778460417646,,
ACCT_002279,0.006876248568271201,,
ACCT_002284,0.002382174664224275,,
ACCT_002300,0.0001747198721080145,,
ACCT_002323,0.016616451814605585,,
ACCT_002329,0.005575954204974889,,
ACCT_002335,0.0009236868449827554,,
ACCT_002337,0.00165531078110628,,
ACCT_002339,0.0015690720039351076,,
ACCT_002342,0.01699498981468936,,
ACCT_002345,0.004193779962691072,,
ACCT_002348,0.004693537571590604,,
ACCT_002358,0.1442508856849054,,
ACCT_002374,0.018603766731212987,,
ACCT_002395,0.0024504707091091383,,
ACCT_002415,0.023143611741020576,,
ACCT_002428,0.0006887271920852547,,
ACCT_002433,0.0003692812884725589,,
ACCT_002447,0.006530056246492705,,
ACCT_002457,0.00423907088127746,,
ACCT_002466,0.001327011731924435,,
ACCT_002467,0.008543883107066321,,
ACCT_002488,0.01559366154909273,,
ACCT_002489,0.012374728529583458,,
ACCT_002490,0.0002887207568119699,,
ACCT_002492,0.005166043426882578,,
ACCT_002493,0.0028756254037047412,,
ACCT_002502,0.001500283123507004,,
ACCT_002508,0.12486368293003722,,
ACCT_002509,0.002868533827028654,,
ACCT_002510,0.5318130121146817,2025-04-21T00:00:00,2025-06-23T00:00:00
ACCT_002511,0.011433474701009312,,
ACCT_002521,0.002994539989150107,,
ACCT_002531,0.044855352745592054,,
ACCT_002537,0.879852664347965,2023-08-21T00:00:00,2023-11-18T00:00:00
ACCT_002561,0.0005303949529138814,,
ACCT_002577,0.0017584633657551723,,
ACCT_002592,0.003508060594154159,,
ACCT_002600,0.020994127718825358,,
ACCT_002621,0.0007524300757560832,,
ACCT_002624,0.01081003410916944,,
ACCT_002627,0.00849460612730088,,
ACCT_002648,0.0017201847993449687,,
ACCT_002684,0.006796934243414332,,
ACCT_002696,0.002879074590692317,,
ACCT_002704,0.0008107161592234985,,
ACCT_002711,0.0008118313738006771,,
ACCT_002750,0.005124437611830729,,
ACCT_002754,0.002135738979159402,,
ACCT_002780,0.00426279405141489,,
ACCT_002784,0.020418753198547766,,
ACCT_002785,0.0016961651449537312,,
ACCT_002800,9.326122431788923e-05,,
ACCT_002803,0.0017813710835947326,,
ACCT_002813,0.016558769742325632,,
ACCT_002815,0.2590099172356616,,
ACCT_002820,0.0070628513592194365,,
ACCT_002830,0.0004115939385533924,,
ACCT_002831,0.0010041139203732178,,
ACCT_002832,0.005871984296072674,,
ACCT_002839,0.010654713132059155,,
ACCT_002846,0.001939524067817237,,
ACCT_002853,0.0013988131523808094,,
ACCT_002869,0.00024676354659910153,,
ACCT_002898,0.0006903266444090595,,
ACCT_002910,0.0005201442314354204,,
ACCT_002912,0.0014246524664949577,,
ACCT_002940,0.0016005575465869366,,
ACCT_002976,0.0002788409603524529,,
ACCT_002991,0.003973107733764687,,
ACCT_003001,0.0004568413474331522,,
ACCT_003017,0.0018956546476656504,,
ACCT_003030,0.005062300098883645,,
ACCT_003032,0.07402365212895086,,
ACCT_003051,0.0016192084297661311,,
ACCT_003057,0.023101803868751873,,
ACCT_003061,0.001336498220448313,,
ACCT_003066,0.0015004109135656797,,
ACCT_003079,0.0017486402935706514,,
ACCT_003137,0.0007901821228247993,,
ACCT_003173,0.0004354829635019762,,
ACCT_003176,0.024306179765160647,,
ACCT_003181,0.004790696211054203,,
ACCT_003191,0.0019422179720317216,,
ACCT_003220,0.01979086877554335,,
ACCT_003222,0.0015434159179301898,,
ACCT_003245,0.018842958134102077,,
ACCT_003259,0.11017193477919814,,
ACCT_003266,0.0003021446281466368,,
ACCT_003285,0.0018748759441922828,,
ACCT_003292,0.0008511868000713928,,
ACCT_003294,0.0094745936392036,,
ACCT_003298,0.013963465283602863,,
ACCT_003299,0.006363751152764154,,
ACCT_003325,0.015696866540942437,,
ACCT_003330,0.03056001978727884,,
ACCT_003344,0.000609073406517894,,
ACCT_003376,0.001687348620515939,,
ACCT_003381,0.0066599427956763905,,
ACCT_003392,0.021889031655820408,,
ACCT_003396,0.005847181813468326,,
ACCT_003407,0.004591209972926384,,
ACCT_003414,0.003297019191957485,,
ACCT_003418,0.0010876264744967966,,
ACCT_003428,0.01005091695445884,,
ACCT_003431,0.049322994653215914,,
ACCT_003432,0.014162207653267941,,
ACCT_003453,0.0029001806433481348,,
ACCT_003466,0.0012094793632240171,,
ACCT_003468,0.026155184755647192,,
ACCT_003491,0.010578613520257883,,
ACCT_003504,0.00046774136916395476,,
ACCT_003513,0.003523446146553119,,
ACCT_003517,0.0006398893922414168,,
ACCT_003526,0.007842936632418872,,
ACCT_003560,0.007014558270656948,,
ACCT_003573,0.00028824007016784033,,
ACCT_003588,0.027263147293131135,,
ACCT_003589,0.006389508812985044,,
ACCT_003593,0.0005302810960786261,,
ACCT_003612,0.0009479519637200822,,
ACCT_003626,0.0008372822211513411,,
ACCT_003639,0.0002734904557831103,,
ACCT_003673,0.0029002727467387695,,
ACCT_003706,0.008580923833834757,,
ACCT_003712,0.001145413163556029,,
ACCT_003725,0.002140601225945285,,
ACCT_003734,0.058577779299758694,,
ACCT_003757,0.00010979271720424664,,
ACCT_003778,0.0003028728846996506,,
ACCT_003781,0.0022046476719744775,,
ACCT_003794,0.2075872236750961,,
ACCT_003796,0.00046330960198206984,,
ACCT_003812,0.027673098631610223,,
ACCT_003831,0.00572346466430494,,
ACCT_003854,0.0032447037799581157,,
ACCT_003884,0.008369807304463192,,
ACCT_003886,0.081207517883399,,
ACCT_003895,0.005242662076642174,,
ACCT_003905,0.0016910906599069033,,
ACCT_003909,0.005350819554745116,,
ACCT_003939,0.004311308536801147,,
ACCT_003973,0.0008109229957197681,,
ACCT_003976,0.0019413910382017976,,
ACCT_003979,0.015301218135085334,,
ACCT_003990,0.004512072129192384,,
ACCT_003993,0.010860679239857056,,
ACCT_004008,0.0004201578778860155,,
ACCT_004016,0.0005276631797412603,,
ACCT_004047,0.0011560717637004504,,
ACCT_004048,0.0002499154944241198,,
ACCT_004091,0.0016794049506888707,,
ACCT_004150,0.00019526183224278598,,
ACCT_004160,0.011576792156986952,,
ACCT_004164,0.0006296914196735727,,
ACCT_004194,0.0002514768305321047,,
ACCT_004195,0.0012667899347987882,,
ACCT_004201,0.007295827494944808,,
ACCT_004222,0.0010184251595369658,,
ACCT_004227,0.002406387396981041,,
ACCT_004230,0.0005883278602233946,,
ACCT_004236,0.0067093858111210575,,
ACCT_004269,0.001083264895485624,,
ACCT_004273,0.027438014102689635,,
ACCT_004288,0.0006740914091399501,,
ACCT_004297,0.002003333669618127,,
ACCT_004307,0.0002769523805907923,,
ACCT_004311,0.0069692742600205165,,
ACCT_004319,0.038923135792369994,,
ACCT_004325,0.01875908568914189,,
ACCT_004332,0.002872067112061353,,
ACCT_004334,0.00028753108680457036,,
ACCT_004343,0.0010283255806638194,,
ACCT_004350,0.0012053679068782666,,
ACCT_004352,0.013062046095720897,,
ACCT_004364,0.005057724840519402,,
ACCT_004376,0.007383962946359121,,
ACCT_004390,0.00385634697371175,,
ACCT_004399,0.005343967286136656,,
ACCT_004405,0.0023729494513118564,,
ACCT_004412,0.11036652247288196,,
ACCT_004415,0.0018018210764826456,,
ACCT_004430,0.0008030938079254398,,
ACCT_004453,0.038078530124777396,,
ACCT_004462,0.043202835012310634,,
ACCT_004483,0.004675026674536264,,
ACCT_004485,0.0015965352168728932,,
ACCT_004512,0.0011816166308513303,,
ACCT_004516,0.002202468353948213,,
ACCT_004552,0.0004174846118555153,,
ACCT_004570,0.7385564937052127,2025-02-21T00:00:00,2025-05-21T00:00:00
ACCT_004589,0.00867631311151289,,
ACCT_004600,0.01277010522493811,,
ACCT_004610,0.0006863337672489655,,
ACCT_004617,0.010889052173378714,,
ACCT_004622,0.00032230026344928976,,
ACCT_004631,0.0028138883772575213,,
ACCT_004640,0.0025457528028183986,,
ACCT_004662,0.001395200008031118,,
ACCT_004671,0.000623692438801775,,
ACCT_004677,0.16583636475378544,,
ACCT_004678,0.016587907746052424,,
ACCT_004679,0.002758729963233901,,
ACCT_004713,0.0022236695641306785,,
ACCT_004727,0.00036349591015818626,,
ACCT_004735,0.00023862735763671136,,
ACCT_004739,0.0006125866122764714,,
ACCT_004741,0.003814853644290363,,
ACCT_004745,0.00022429343207350385,,
ACCT_004771,0.003287471920691158,,
ACCT_004774,0.0023655465403334434,,
ACCT_004823,0.0022544870142894346,,
ACCT_004844,0.05050220713295672,,
ACCT_004859,0.0008732021692037164,,
ACCT_004899,0.005461520958604778,,
ACCT_004912,0.2715019578249279,,
ACCT_004914,0.00044901497659549276,,
ACCT_004918,0.0018838509118442384,,
ACCT_004929,0.01161248555878049,,
ACCT_004947,0.03652442454988145,,
ACCT_004982,0.17625239513411364,,
ACCT_004992,0.0010242662577629492,,
ACCT_005013,8.423182041863308e-05,,
ACCT_005029,0.0075259606409060235,,
ACCT_005040,0.00029160326453853727,,
ACCT_005055,0.2186212190912618,,
ACCT_005061,0.029529287653186447,,
ACCT_005085,0.0018998060427305214,,
ACCT_005089,0.021029976825194037,,
ACCT_005105,0.00178755765095754,,
ACCT_005114,0.0004174874890445426,,
ACCT_005120,0.0008276554529041717,,
ACCT_005165,0.007616140459213122,,
ACCT_005168,0.00590777447893055,,
ACCT_005180,0.0011610460796679701,,
ACCT_005203,0.007713397377752777,,
ACCT_005205,0.0024228010213917257,,
ACCT_005216,0.0030205052303700487,,
ACCT_005218,0.07648372663893951,,
ACCT_005239,0.0003359993585976438,,
ACCT_005290,0.007952342229105677,,
ACCT_005291,0.000269248458547191,,
ACCT_005315,0.012792428616179527,,
ACCT_005326,0.002311089446704274,,
ACCT_005335,0.0169415480459924,,
ACCT_005340,0.002877815223961827,,
ACCT_005345,0.06251543247869987,,
ACCT_005351,0.0008580781993325663,,
ACCT_005367,0.00036143773826087847,,
ACCT_005376,0.004679882317926113,,
ACCT_005400,0.005328520674957337,,
ACCT_005407,0.004345526560073239,,
ACCT_005413,0.000872864692967802,,
ACCT_005421,0.013709850985467443,,
ACCT_005433,0.11637192908014357,,
ACCT_005436,0.0029042496665088427,,
ACCT_005445,0.06709025564140106,,
ACCT_005460,0.0351403358110528,,
ACCT_005464,0.0017929647014088882,,
ACCT_005472,0.0008652492641250002,,
ACCT_005480,0.002155064162910776,,
ACCT_005481,0.13202167355072464,,
ACCT_005490,0.0021387315071043494,,
ACCT_005491,0.005024059796757166,,
ACCT_005494,0.010270714884840538,,
ACCT_005505,0.0824704078886958,,
ACCT_005508,0.013441914391578555,,
ACCT_005518,0.017719822127650046,,
ACCT_005519,0.0006713803088506153,,
ACCT_005524,0.018281415180954275,,
ACCT_005540,0.0007956080509262971,,
ACCT_005562,0.002496540811416508,,
ACCT_005564,0.0034171473371737253,,
ACCT_005565,0.0007083211164426674,,
ACCT_005566,0.0003693484665892437,,
ACCT_005573,0.0008379585221266016,,
ACCT_005584,0.0011121542976285448,,
ACCT_005585,0.001986304179894393,,
ACCT_005621,0.0026774781525843753,,
ACCT_005626,0.005752764131805901,,
ACCT_005645,0.06171720625411471,,
ACCT_005648,0.36523837644357676,2024-03-07T00:00:00,2024-06-04T00:00:00
ACCT_005650,0.008723142312672787,,
ACCT_005680,0.005785363619595468,,
ACCT_005683,0.0006778472674359195,,
ACCT_005684,0.0031980183936388767,,
ACCT_005694,0.010490681727816833,,
ACCT_005704,0.000951918384424324,,
ACCT_005711,0.0023912666251615965,,
ACCT_005714,0.0023115300945882673,,
ACCT_005726,0.0013571164602829062,,
ACCT_005741,0.000737290454322638,,
ACCT_005749,0.0014238478333405277,,
ACCT_005752,0.0040475900482949915,,
ACCT_005774,0.008598660366468952,,
ACCT_005789,0.00010302143893038461,,
ACCT_005815,0.005748488818722931,,
ACCT_005821,0.0038082820850857068,,
ACCT_005824,0.0030410316753421932,,
ACCT_005832,0.014797255026385583,,
ACCT_005834,0.00031979955663678864,,
ACCT_005849,0.0014288144365852042,,
ACCT_005905,0.0003839338471604006,,
ACCT_005910,0.0028174998302123886,,
ACCT_005949,0.000536489470364042,,
ACCT_005950,0.005071259141926075,,
ACCT_005954,0.02085705211814842,,
ACCT_005967,0.02061596525640281,,
ACCT_005970,0.027741099041836435,,
ACCT_005973,0.0075493341699801484,,
ACCT_005986,0.0030545024135466407,,
ACCT_005990,0.0006087241696996754,,
ACCT_006018,0.001477463263247163,,
ACCT_006028,0.00047521297279358893,,
ACCT_006030,0.0007629645180819431,,
ACCT_006069,0.00015721295088643022,,
ACCT_006077,0.0024552883069767547,,
ACCT_006082,0.0008951904018915229,,
ACCT_006113,0.002931317733921634,,
ACCT_006140,0.0635521594532725,,
ACCT_006141,0.00036304303561690034,,
ACCT_006186,0.00042610804420140395,,
ACCT_006202,0.4791723895366934,2025-03-24T00:00:00,2025-06-21T00:00:00
ACCT_006223,0.19405136717985175,,
ACCT_006268,0.2568741274083614,,
ACCT_006272,0.01282957927459152,,
ACCT_006290,0.0007074238749025093,,
ACCT_006296,0.01494634981762411,,
ACCT_006297,0.001166750893486853,,
ACCT_006308,0.0013226988764044286,,
ACCT_006320,0.0033662027516412917,,
ACCT_006330,0.005304743431589242,,
ACCT_006331,0.0009975226976639286,,
ACCT_006346,0.0011666407715702422,,
ACCT_006379,0.24575334464364898,,
ACCT_006385,0.04983524044008034,,
ACCT_006408,0.13927711540610296,,
ACCT_006479,0.0007538985174244329,,
ACCT_006489,0.0009540360478168796,,
ACCT_006492,0.0013279033863076923,,
ACCT_006496,0.001093446062065451,,
ACCT_006510,0.05901172577530793,,
ACCT_006546,0.00014808776010268891,,
ACCT_006559,0.001173387987195606,,
ACCT_006575,0.004176027497810034,,
ACCT_006581,0.05506628145181021,,
ACCT_006585,0.0013077828996776015,,
ACCT_006594,0.007030215032631802,,
ACCT_006595,0.0019514475243303455,,
ACCT_006600,0.2472849790054905,,
ACCT_006605,0.002625812300570786,,
ACCT_006606,0.001462174793367182,,
ACCT_006631,0.0002461355951679148,,
ACCT_006635,0.0013519295586656259,,
ACCT_006638,0.008598752399915524,,
ACCT_006650,0.010547998004023965,,
ACCT_006668,0.003984852532307041,,
ACCT_006679,0.06991482916307186,,
ACCT_006702,0.0006443929399311366,,
ACCT_006712,0.00028975223846142335,,
ACCT_006723,0.0020451950563979233,,
ACCT_006728,0.0006438957940288277,,
ACCT_006730,0.0007019320165684698,,
ACCT_006737,0.04776434996130581,,
ACCT_006746,0.02363598285596809,,
ACCT_006772,0.001471835477045554,,
ACCT_006789,0.0010652211205491333,,
ACCT_006792,0.06787408053876684,,
ACCT_006806,0.006995411202516413,,
ACCT_006834,0.002374913260764091,,
ACCT_006836,0.005681975291612127,,
ACCT_006850,0.00035362638534138023,,
ACCT_006872,0.03686171068490153,,
ACCT_006899,0.002785087207336683,,
ACCT_006905,0.0009127191133808067,,
ACCT_006944,0.002938201206401086,,
ACCT_006948,0.0023734392557478185,,
ACCT_006966,0.0036363806733418673,,
ACCT_006970,0.0014028034059163249,,
ACCT_006987,0.0017002583240795515,,
ACCT_006993,0.00953370198221529,,
ACCT_006996,0.0003135033062476176,,
ACCT_007004,0.0036341322295157853,,
ACCT_007006,0.03882098103917213,,
ACCT_007031,0.00034716790466714405,,
ACCT_007036,0.014313064666736985,,
ACCT_007059,0.02212306716055368,,
ACCT_007066,0.00046828444721356676,,
ACCT_007095,0.0018367744634681413,,
ACCT_007099,0.0016055252304808248,,
ACCT_007111,0.0008100508773905881,,
ACCT_007133,0.0013121899416779304,,
ACCT_007141,0.0025057541681280967,,
ACCT_007168,0.002678572097275389,,
ACCT_007172,0.01925897489359641,,
ACCT_007177,0.00030922641824283306,,
ACCT_007178,0.003112134021568245,,
ACCT_007186,0.15722275276008174,,
ACCT_007207,0.00019739286501897877,,
ACCT_007209,0.0029731566399737405,,
ACCT_007219,0.0005533432821022285,,
ACCT_007221,0.008533366230513055,,
ACCT_007227,0.0007709075048963939,,
ACCT_007233,0.0010126049322083,,
ACCT_007238,8.566109496015425e-05,,
ACCT_007239,0.004005806212153648,,
ACCT_007243,0.0035340797860639256,,
ACCT_007254,0.02482220254628722,,
ACCT_007258,0.002437868066780798,,
ACCT_007262,0.011166506279485084,,
ACCT_007268,0.0003574275187282226,,
ACCT_007284,0.0001386637074158522,,
ACCT_007291,0.0028589408143105508,,
ACCT_007298,0.0006236441054387903,,
ACCT_007299,0.0019168577496744127,,
ACCT_007308,0.009602919620543078,,
ACCT_007319,0.0013993676685531762,,
ACCT_007325,4.2900416866312424e-05,,
ACCT_007349,0.0025214863807010773,,
ACCT_007356,0.010539089116635682,,
ACCT_007376,0.08031370048442162,,
ACCT_007377,0.0003168136691703315,,
ACCT_007393,0.011088798713018613,,
ACCT_007413,0.004403989297424423,,
ACCT_007427,0.00042119368474611755,,
ACCT_007441,0.06857746670279052,,
ACCT_007450,0.010058809004046466,,
ACCT_007454,0.001065857433480343,,
ACCT_007499,0.0013489163511227445,,
ACCT_007516,0.0003347447170748266,,
ACCT_007530,0.0008523378859523962,,
ACCT_007545,0.08594112032371959,,
ACCT_007575,0.0003384271744946432,,
ACCT_007576,0.0076375588782176835,,
ACCT_007578,0.007352039390287235,,
ACCT_007590,0.00047479670939021957,,
ACCT_007591,0.0023092614329203085,,
ACCT_007600,0.22926281241659444,,
ACCT_007637,0.000915326225585243,,
ACCT_007664,0.0013767092220816994,,
ACCT_007672,0.0020179465952156477,,
ACCT_007676,0.0005470321059364605,,
ACCT_007687,0.031603917155413344,,
ACCT_007691,0.009555202224571112,,
ACCT_007698,0.0030630358457287366,,
ACCT_007707,0.00025764242621513587,,
ACCT_007716,0.003549277743657973,,
ACCT_007729,0.001045779478493977,,
ACCT_007751,0.0009173608459658556,,
ACCT_007769,0.0009026719923507937,,
ACCT_007772,0.0003368143811516427,,
ACCT_007780,0.0013739939728675446,,
ACCT_007787,0.0018227915643285297,,
ACCT_007817,0.22907196792578607,,
ACCT_007830,0.0017276603090859034,,
ACCT_007849,0.0006709372966190241,,
ACCT_007877,0.011114680397201315,,
ACCT_007886,0.06527160330128433,,
ACCT_007911,0.015045550001337948,,
ACCT_007912,0.000927572893618501,,
ACCT_007916,0.08672379101704095,,
ACCT_007929,0.000654301120723973,,
ACCT_007938,0.01287448220492457,,
ACCT_007940,0.000852264359559634,,
ACCT_007950,0.0014070996887742928,,
ACCT_007953,0.017044739454480397,,
ACCT_007968,0.008176010859124809,,
ACCT_007985,0.21481362395718656,,
ACCT_007997,0.0005151845194561976,,
ACCT_008002,0.004334450192015759,,
ACCT_008009,0.012383874876693091,,
ACCT_008011,0.0019176739623800276,,
ACCT_008014,0.0012306228912576796,,
ACCT_008023,0.007219491192186576,,
ACCT_008037,0.0007021743603153136,,
ACCT_008076,0.01898893529978625,,
ACCT_008089,0.00198776299980494,,
ACCT_008101,0.0018287680136040198,,
ACCT_008117,0.0010889599946920345,,
ACCT_008119,0.0025853766761455865,,
ACCT_008120,0.02889139382991506,,
ACCT_008129,0.001658237883978252,,
ACCT_008145,0.00322946095371655,,
ACCT_008151,0.0015381113850771813,,
ACCT_008186,0.00270818481083226,,
ACCT_008190,0.003127417914781481,,
ACCT_008220,0.0011337084146374019,,
ACCT_008221,0.001389120508321312,,
ACCT_008222,0.00014512854371094628,,
ACCT_008239,0.0014039090279981473,,
ACCT_008258,0.24084551882197497,,
ACCT_008269,0.002600244355117198,,
ACCT_008277,0.010414101813895718,,
ACCT_008286,0.0013490644191912482,,
ACCT_008293,0.007458090744196682,,
ACCT_008316,0.0012020947909456702,,
ACCT_008327,0.00014732539496750116,,
ACCT_008362,0.0014717633373396747,,
ACCT_008365,0.0026135914883870523,,
ACCT_008446,0.0035102019192169735,,
ACCT_008475,0.07304099694448249,,
ACCT_008499,0.0011446056460358378,,
ACCT_008507,0.005083600806388098,,
ACCT_008509,0.02655362309771494,,
ACCT_008512,0.05783554992246637,,
ACCT_008514,0.0002673822560858951,,
ACCT_008541,0.0005115785733442078,,
ACCT_008548,0.001753257315407667,,
ACCT_008616,0.0013456458526961558,,
ACCT_008637,0.00037695039845007884,,
ACCT_008641,0.0004907773257764727,,
ACCT_008645,0.23182646784068872,,
ACCT_008646,0.1140573359225874,,
ACCT_008652,0.00046543345941554875,,
ACCT_008656,0.000849957287852899,,
ACCT_008671,0.0010619051616259437,,
ACCT_008679,0.014552547764758113,,
ACCT_008688,0.00018382648036066707,,
ACCT_008694,0.010926555282754769,,
ACCT_008703,0.0014554724602990113,,
ACCT_008714,0.0009257884310828006,,
ACCT_008715,0.0004427457830114935,,
ACCT_008731,0.014323003665420334,,
ACCT_008748,0.00021480644375322208,,
ACCT_008751,0.0074455537874584445,,
ACCT_008754,0.0015300236627562931,,
ACCT_008766,0.0063377793260918636,,
ACCT_008775,0.008925050400185944,,
ACCT_008778,0.001083945597523176,,
ACCT_008780,0.0008245911571838833,,
ACCT_008789,0.0006812302465269512,,
ACCT_008797,0.000775544110394219,,
ACCT_008803,0.0008035374052809425,,
ACCT_008818,0.06121618950914108,,
ACCT_008821,0.002231360950109669,,
ACCT_008826,0.0010045027130004707,,
ACCT_008835,0.006033061401541106,,
ACCT_008836,0.013804323454773434,,
ACCT_008840,0.001531412089010012,,
ACCT_008858,0.05387774715863788,,
ACCT_008948,0.003661443321099452,,
ACCT_008953,0.015238503806117711,,
ACCT_008970,0.008332678333086896,,
ACCT_008971,0.0030383074476917353,,
ACCT_008972,0.0010233712969477749,,
ACCT_008995,0.0026534983262429114,,
ACCT_009004,0.004120377437807933,,
ACCT_009013,0.0003194790396351065,,
ACCT_009015,0.00966428531222549,,
ACCT_009017,0.015424201633956924,,
ACCT_009044,2.7077619715689564e-05,,
ACCT_009055,0.21354602368133985,,
ACCT_009065,0.09329583116062254,,
ACCT_009069,0.02560183151175871,,
ACCT_009070,0.005433106573933077,,
ACCT_009111,0.0019906995016248643,,
ACCT_009120,0.00025722907207539555,,
ACCT_009132,0.0007192941881360179,,
ACCT_009148,0.025325147936000852,,
ACCT_009175,0.03499793515835374,,
ACCT_009196,0.013637486831424819,,
ACCT_009197,0.23880960428041118,,
ACCT_009199,0.006062536217412642,,
ACCT_009235,0.0004229685396647689,,
ACCT_009243,0.00012943743560751646,,
ACCT_009246,0.013566516140297394,,
ACCT_009249,0.0006139721276308858,,
ACCT_009253,0.06261194941543295,,
ACCT_009284,0.002248474146841254,,
ACCT_009295,0.005727480220138078,,
ACCT_009308,0.0006243143438931997,,
ACCT_009315,0.01663623841089671,,
ACCT_009318,0.007564056524423624,,
ACCT_009333,0.017868792706585597,,
ACCT_009337,0.0003949227857612739,,
ACCT_009365,0.0011384239734526847,,
ACCT_009377,0.0014143503508588426,,
ACCT_009382,0.0006638998502037748,,
ACCT_009388,0.0037414646071345274,,
ACCT_009396,0.005744189947509297,,
ACCT_009402,0.007065399360741129,,
ACCT_009411,0.0001881409347808455,,
ACCT_009412,0.1535545706597243,,
ACCT_009414,0.0011244386034239106,,
ACCT_009435,9.785912755431038e-05,,
ACCT_009441,0.006663966582459208,,
ACCT_009448,0.00024134540455201565,,
ACCT_009480,0.011676090896129292,,
ACCT_009488,0.07269269513676478,,
ACCT_009490,0.0028591422795976856,,
ACCT_009502,0.0007594598674719576,,
ACCT_009542,0.005414617282540645,,
ACCT_009560,0.008741100385398643,,
ACCT_009562,0.025784384366240726,,
ACCT_009580,0.0035821982469648,,
ACCT_009588,0.004076881369548831,,
ACCT_009638,0.004159505477414586,,
ACCT_009644,0.00191700975206004,,
ACCT_009665,0.00027163888647769994,,
ACCT_009689,0.0021808496097916515,,
ACCT_009691,0.0017776591509313482,,
ACCT_009730,0.0006397887687162782,,
ACCT_009737,0.0036602370689805,,
ACCT_009768,0.0008221023883183722,,
ACCT_009783,0.000947558192965637,,
ACCT_009819,0.0004313333757942265,,
ACCT_009832,0.003494369232830697,,
ACCT_009850,0.002602443342875582,,
ACCT_009852,0.0011618828196578571,,
ACCT_009858,0.009842069130226307,,
ACCT_009863,0.00012186476094940438,,
ACCT_009888,0.00042624716547352056,,
ACCT_009896,0.00034852886276265637,,
ACCT_009918,0.0004515986230027042,,
ACCT_009920,0.004170731842841159,,
ACCT_009924,0.0005827430293937391,,
ACCT_009932,0.0011236590843694571,,
ACCT_009936,0.0016916201544099618,,
ACCT_009938,0.00708502246724257,,
ACCT_009948,0.00119726596680792,,
ACCT_009960,0.0003535299701512656,,
ACCT_009969,0.000827040782023162,,
ACCT_009972,0.07950186647994482,,
ACCT_009973,0.26453081767097325,,
ACCT_010012,0.0002953691013918344,,
ACCT_010023,0.010852649248630738,,
ACCT_010026,0.0007422339329977007,,
ACCT_010070,0.00410667103265398,,
ACCT_010078,0.011077786662136008,,
ACCT_010080,0.0174796263713334,,
ACCT_010095,0.12945265105105322,,
ACCT_010098,0.0014168584674573497,,
ACCT_010103,0.06306062690155266,,
ACCT_010107,0.0316803522132614,,
ACCT_010142,0.04608064341066688,,
ACCT_010154,0.0026891096224672677,,
ACCT_010156,0.0009355855524850488,,
ACCT_010195,0.050601357562812796,,
ACCT_010199,0.0011457476813323758,,
ACCT_010212,0.00045918667124252054,,
ACCT_010226,0.0015777319811905277,,
ACCT_010238,0.0037850388434846095,,
ACCT_010242,0.018356628087256407,,
ACCT_010274,0.0015481611631470763,,
ACCT_010276,0.004718863319277732,,
ACCT_010279,0.004743302267442355,,
ACCT_010296,0.0013110252876913642,,
ACCT_010305,0.006179994576339526,,
ACCT_010309,0.003975866135794018,,
ACCT_010312,0.00039567802001609756,,
ACCT_010313,0.01548649536681112,,
ACCT_010318,0.0012077184634372408,,
ACCT_010357,0.011183343427317754,,
ACCT_010358,0.009922154788927615,,
ACCT_010367,0.004372863829789189,,
ACCT_010370,0.0001689841312929976,,
ACCT_010382,0.0013081921452180792,,
ACCT_010389,0.001980418689375147,,
ACCT_010391,0.002458061196894423,,
ACCT_010421,0.0011489750741921112,,
ACCT_010444,0.001496504680263124,,
ACCT_010497,5.3464102731898667e-05,,
ACCT_010503,0.036779123225776214,,
ACCT_010523,0.0008912292380123654,,
ACCT_010531,0.0012271137580177145,,
ACCT_010556,0.2915581671945044,,
ACCT_010588,0.0003238514241862008,,
ACCT_010597,0.000751957095569596,,
ACCT_010609,0.00326105373149387,,
ACCT_010616,0.0006031799044160827,,
ACCT_010650,0.0016145239719025106,,
ACCT_010655,0.00030906307233167043,,
ACCT_010662,0.010895021801381636,,
ACCT_010670,0.0006460231202066507,,
ACCT_010674,0.0016587227241227271,,
ACCT_010687,0.0005621876126106957,,
ACCT_010693,0.0011912433891854179,,
ACCT_010695,0.017239666559471862,,
ACCT_010700,0.004650266082420282,,
ACCT_010705,0.12316877344043724,,
ACCT_010734,0.007133810168407311,,
ACCT_010737,0.005151032099773848,,
ACCT_010745,0.00453126591998765,,
ACCT_010751,0.0010206898587866967,,
ACCT_010752,0.0010920396054631362,,
ACCT_010754,0.008224956434239674,,
ACCT_010768,0.0017114376139967288,,
ACCT_010805,0.0008174172080669834,,
ACCT_010821,0.0002033057288960592,,
ACCT_010833,0.0001566471035527595,,
ACCT_010838,0.00872975826480479,,
ACCT_010856,0.006333683659914933,,
ACCT_010857,0.21543558367507862,,
ACCT_010865,0.00032027227150734555,,
ACCT_010871,0.0030809571089709955,,
ACCT_010929,0.03514519908532172,,
ACCT_010936,0.005316176346219446,,
ACCT_010944,0.0012795073147256755,,
ACCT_010951,0.05772207688180653,,
ACCT_010959,0.0011424380102751427,,
ACCT_010971,0.0008635613333935119,,
ACCT_010985,0.048729234026284984,,
ACCT_011011,0.0003313736164628536,,
ACCT_011057,0.00946169604719959,,
ACCT_011088,0.003838702264883135,,
ACCT_011107,0.04733462264843319,,
ACCT_011118,0.008604888156680706,,
ACCT_011121,0.031306361568879115,,
ACCT_011131,0.0038974697291691077,,
ACCT_011155,0.000864593877846732,,
ACCT_011165,0.0003642161776497818,,
ACCT_011167,0.00028823773736528303,,
ACCT_011176,0.0016020811357746498,,
ACCT_011191,8.66006376564965e-05,,
ACCT_011211,0.0011282388972748169,,
ACCT_011213,0.001705055401538827,,
ACCT_011226,0.0003676520610218825,,
ACCT_011232,0.00252127945313078,,
ACCT_011234,0.004516667319720457,,
ACCT_011267,0.014027844143821045,,
ACCT_011286,0.0005313102381854376,,
ACCT_011293,0.02310904448906371,,
ACCT_011305,0.0013921319345500996,,
ACCT_011307,0.0004273146683938884,,
ACCT_011327,0.003383978332928455,,
ACCT_011333,0.0029897688629541945,,
ACCT_011334,0.0024316548402162044,,
ACCT_011340,0.0009700280565485844,,
ACCT_011346,0.0007039316539328779,,
ACCT_011350,0.00019547851289890248,,
ACCT_011351,0.000418949970717589,,
ACCT_011353,0.009889097568436924,,
ACCT_011370,0.11320288078214272,,
ACCT_011395,0.010898854150163406,,
ACCT_011413,0.011050572294000967,,
ACCT_011423,0.0013540423471185268,,
ACCT_011426,0.00012571514022665232,,
ACCT_011446,0.005775931677062684,,
ACCT_011495,0.0008818816966274549,,
ACCT_011508,0.30371060194213845,2024-07-21T00:00:00,2024-10-18T00:00:00
ACCT_011533,0.0012897725030554365,,
ACCT_011538,0.0009966237827535845,,
ACCT_011558,0.0007576534582844068,,
ACCT_011624,0.05468174650192138,,
ACCT_011628,0.0031913892034842197,,
ACCT_011647,0.0024497777058231675,,
ACCT_011657,0.0021688316377018887,,
ACCT_011660,0.0002098476466757022,,
ACCT_011667,0.0065751964665189,,
ACCT_011671,0.0006028239807188675,,
ACCT_011689,0.0028286837871829332,,
ACCT_011691,0.5644979524109428,,
ACCT_011708,0.4536841665451826,2021-10-14T00:00:00,2022-01-11T00:00:00
ACCT_011711,0.0015837567632073328,,
ACCT_011717,0.0003799662108044875,,
ACCT_011730,0.17108188867286508,,
ACCT_011774,0.018244725164875252,,
ACCT_011794,0.001346494478014943,,
ACCT_011796,0.00048455719091488263,,
ACCT_011816,0.0006974415737979515,,
ACCT_011839,0.006803359534834859,,
ACCT_011841,0.012338680265400135,,
ACCT_011851,0.0036668074171933114,,
ACCT_011863,0.012550895306723616,,
ACCT_011867,0.001143880436384621,,
ACCT_011869,0.0010007428881667123,,
ACCT_011906,5.623836737880487e-05,,
ACCT_011916,5.799880737197607e-05,,
ACCT_011920,0.0003490475420950935,,
ACCT_011946,0.0009745073853806496,,
ACCT_011961,0.01661300740586645,,
ACCT_011967,0.00446702225993421,,
ACCT_012019,0.0015284478749781599,,
ACCT_012136,0.00146751733550029,,
ACCT_012146,0.0008131387941484605,,
ACCT_012147,0.0014894024170220232,,
ACCT_012165,0.0001555882054561111,,
ACCT_012171,0.0014752394391441288,,
ACCT_012176,0.0017900862044991383,,
ACCT_012187,0.00021356814854609665,,
ACCT_012189,0.002165239484244998,,
ACCT_012190,0.004776439698661558,,
ACCT_012201,0.003941075447560656,,
ACCT_012209,0.0008784148170457022,,
ACCT_012225,0.0011076029687754712,,
ACCT_012234,0.0010160252882565847,,
ACCT_012235,0.0007561373472489471,,
ACCT_012244,0.0033996722038316996,,
ACCT_012247,0.050161065015588646,,
ACCT_012261,0.0008748376068727186,,
ACCT_012262,0.0031506135334095535,,
ACCT_012264,0.0008858250683519966,,
ACCT_012277,0.007265311385715567,,
ACCT_012279,0.008345854325582875,,
ACCT_012283,0.010452327204409587,,
ACCT_012295,0.007730141575414809,,
ACCT_012300,0.016882633807320333,,
ACCT_012302,0.0011290341340404676,,
ACCT_012310,0.10076518793794571,,
ACCT_012337,0.00964776829348437,,
ACCT_012351,0.05765268420230193,,
ACCT_012357,0.00030445882225365895,,
ACCT_012358,0.0013306317623243112,,
ACCT_012367,0.0007573316901377307,,
ACCT_012379,0.012799255023147663,,
ACCT_012384,7.820062199786774e-05,,
ACCT_012412,0.9222128878159846,2025-03-31T00:00:00,2025-06-28T00:00:00
ACCT_012424,0.00016662315255395205,,
ACCT_012444,0.0002491427236162789,,
ACCT_012450,0.0014752634992170398,,
ACCT_012462,0.004381184921529333,,
ACCT_012474,0.00328827610660654,,
ACCT_012482,0.0010756358859516457,,
ACCT_012511,0.00401470151110358,,
ACCT_012513,0.012995579896545064,,
ACCT_012548,0.00257225179362595,,
ACCT_012554,0.00011467140262430488,,
ACCT_012555,0.005886528326956462,,
ACCT_012576,0.0005158217446894863,,
ACCT_012627,0.013521614648999323,,
ACCT_012638,0.00303854042906788,,
ACCT_012643,0.0003372303544748196,,
ACCT_012657,0.0028512416300208164,,
ACCT_012664,0.00136022550073433,,
ACCT_012676,0.0009125376134639538,,
ACCT_012690,0.0011201310491202603,,
ACCT_012714,0.0009597945789855509,,
ACCT_012721,0.00018055001815305355,,
ACCT_012739,0.001988036172245701,,
ACCT_012742,0.0017682072664893668,,
ACCT_012752,0.0016836475379956542,,
ACCT_012770,0.000950777949949963,,
ACCT_012786,0.05505591462752938,,
ACCT_012794,0.002985817578035532,,
ACCT_012806,0.002352641071062352,,
ACCT_012838,0.003826773923195452,,
ACCT_012868,0.0009156732598149988,,
ACCT_012880,0.0012339862814167483,,
ACCT_012898,0.0004539444651149408,,
ACCT_012908,0.15157331068574628,,
ACCT_012924,0.01500064419897781,,
ACCT_012926,0.002972929881427256,,
ACCT_012927,0.011677852872813503,,
ACCT_012932,0.005626704252153043,,
ACCT_012935,0.04826259358675643,,
ACCT_012940,0.00020192534490532377,,
ACCT_012960,0.0023084335722513955,,
ACCT_012963,0.0949590620560202,,
ACCT_012966,0.02477338725996356,,
ACCT_012998,0.025552884740973753,,
ACCT_012999,0.012803707336043472,,
ACCT_013015,5.7760924643816804e-05,,
ACCT_013016,0.003155938436610291,,
ACCT_013023,0.0026026123258235303,,
ACCT_013024,0.0013651656871819804,,
ACCT_013034,0.0006707119103818852,,
ACCT_013086,0.19213996985434972,,
ACCT_013088,0.0005430501638452911,,
ACCT_013090,0.005286029264281478,,
ACCT_013099,0.00011183972936246453,,
ACCT_013134,0.0005964942333418934,,
ACCT_013147,0.004472281785929606,,
ACCT_013166,0.0026344023539558547,,
ACCT_013172,0.0112433587210185,,
ACCT_013205,0.04479469236940381,,
ACCT_013220,0.011395072198638861,,
ACCT_013221,0.015548301454903084,,
ACCT_013225,0.00031376804250784536,,
ACCT_013232,0.005142599378396769,,
ACCT_013254,0.0007544498436617066,,
ACCT_013260,0.0009202693576895897,,
ACCT_013276,0.15642462319348524,,
ACCT_013283,0.001227497874976086,,
ACCT_013306,0.002251787550407466,,
ACCT_013311,0.18279356604059238,,
ACCT_013329,0.023442640585561097,,
ACCT_013371,0.0007884296381214566,,
ACCT_013374,0.0012958308227275861,,
ACCT_013393,0.0013191940601093484,,
ACCT_013424,0.0006832772185510331,,
ACCT_013436,0.011860544288615892,,
ACCT_013448,0.005379449260986149,,
ACCT_013450,0.11061077322869287,,
ACCT_013451,0.001535478941189354,,
ACCT_013457,0.0006743357179731796,,
ACCT_013467,0.011258759460978651,,
ACCT_013471,0.00563551298397001,,
ACCT_013479,0.00010775426155275588,,
ACCT_013484,0.0020412420416992126,,
ACCT_013489,0.0026076513430927407,,
ACCT_013520,0.0060503271558279455,,
ACCT_013572,0.014097628234363719,,
ACCT_013579,0.012996227054072463,,
ACCT_013598,0.0006504620465727915,,
ACCT_013614,0.0025928875606617942,,
ACCT_013622,0.0033835450806339352,,
ACCT_013639,0.016484277550870972,,
ACCT_013651,0.0004489813623908003,,
ACCT_013656,0.0002747688723878699,,
ACCT_013689,0.0012310465050503064,,
ACCT_013690,0.021432067892940828,,
ACCT_013699,0.1978627007414872,,
ACCT_013714,0.007061672854171727,,
ACCT_013722,0.11221675376945754,,
ACCT_013739,0.0033271689095131277,,
ACCT_013740,0.0059783125977667835,,
ACCT_013768,0.014275643409422768,,
ACCT_013770,0.012913260487804928,,
ACCT_013773,0.01039698064185866,,
ACCT_013803,0.03994179751973549,,
ACCT_013810,0.0006040640661266334,,
ACCT_013814,0.000356104601894541,,
ACCT_013823,0.009941154441691434,,
ACCT_013827,0.06236434469865315,,
ACCT_013877,0.012576304348220251,,
ACCT_013885,0.0006093923981533408,,
ACCT_013950,0.003725304879227368,,
ACCT_013969,0.00037069152307317807,,
ACCT_013971,0.0008912121764546444,,
ACCT_013973,0.006345646819159799,,
ACCT_013974,0.0013158128458011606,,
ACCT_013980,0.001331113331142015,,
ACCT_013991,0.005397445284803732,,
ACCT_014009,0.0007533012774938898,,
ACCT_014010,0.005792071149447838,,
ACCT_014018,0.002048528069184926,,
ACCT_014020,0.0031382910318176424,,
ACCT_014028,0.0017762433956395288,,
ACCT_014029,7.206071141541198e-05,,
ACCT_014034,0.00020375786954997393,,
ACCT_014056,0.002562101825764798,,
ACCT_014071,0.00018263542062130618,,
ACCT_014085,0.0020045681629926376,,
ACCT_014113,0.00181137904422833,,
ACCT_014118,0.00014911961317961856,,
ACCT_014130,0.011426909722469292,,
ACCT_014138,0.00014594425859422504,,
ACCT_014175,0.13901195797851335,,
ACCT_014179,0.0015923327159441413,,
ACCT_014191,0.4846297740427511,2023-03-01T00:00:00,2023-05-29T00:00:00
ACCT_014204,0.0005373490133002699,,
ACCT_014208,0.017051766881347876,,
ACCT_014215,0.0047821946231420675,,
ACCT_014216,0.00033335089182314316,,
ACCT_014222,0.12878788298929733,,
ACCT_014248,0.021236112343941477,,
ACCT_014254,0.0015670728304677227,,
ACCT_014266,0.13560633012494766,,
ACCT_014268,0.03482006783859547,,
ACCT_014269,0.0037562720522988946,,
ACCT_014270,0.06083235592183974,,
ACCT_014284,0.0011140449452870633,,
ACCT_014288,0.016420038499563812,,
ACCT_014292,0.0001975402502090295,,
ACCT_014294,0.016376491597848528,,
ACCT_014312,0.0007814395754951267,,
ACCT_014318,0.05327333243667021,,
ACCT_014349,0.03733721064172899,,
ACCT_014357,0.001633311167080881,,
ACCT_014358,0.0026852018542461885,,
ACCT_014364,0.0019609943964114624,,
ACCT_014366,0.09230599915486132,,
ACCT_014374,0.26512664171235045,,
ACCT_014387,0.0006531058486770082,,
ACCT_014413,0.0008786278164768209,,
ACCT_014415,0.00014965766335512203,,
ACCT_014416,0.004330512777784451,,
ACCT_014449,0.001618739421628428,,
ACCT_014468,0.008665004442632311,,
ACCT_014475,0.001903850637242236,,
ACCT_014478,0.0006161658227158298,,
ACCT_014486,0.0024773068672596715,,
ACCT_014492,0.0014522683660587981,,
ACCT_014497,0.000990731891613091,,
ACCT_014510,0.048381165591645584,,
ACCT_014516,0.0017570274268752788,,
ACCT_014519,0.0020933173114315667,,
ACCT_014527,0.00756817919097334,,
ACCT_014536,0.019087161644844617,,
ACCT_014537,0.0003815843335005033,,
ACCT_014544,0.01691179177594596,,
ACCT_014551,0.00014810683779252953,,
ACCT_014612,0.004275138644348187,,
ACCT_014614,0.00194758469006428,,
ACCT_014619,0.0002924010183934074,,
ACCT_014635,0.0011981344551269843,,
ACCT_014654,0.0010140278734661122,,
ACCT_014658,0.007706653083263441,,
ACCT_014659,0.0031651474211681304,,
ACCT_014661,0.05415055453621993,,
ACCT_014668,0.0012709122054575038,,
ACCT_014672,0.004661010364273481,,
ACCT_014702,0.0028769319651749804,,
ACCT_014711,0.011204958024847975,,
ACCT_014724,0.03317549250200678,,
ACCT_014744,0.008443828574848492,,
ACCT_014756,0.0005865304736200284,,
ACCT_014772,0.001039267832764775,,
ACCT_014791,0.001733159331515541,,
ACCT_014851,0.061190597160172853,,
ACCT_014860,0.001561310845474011,,
ACCT_014873,0.0019530236451414079,,
ACCT_014880,0.00025745485488931614,,
ACCT_014888,0.000931527179277286,,
ACCT_014893,0.005465958299127433,,
ACCT_014920,0.0024014768829388597,,
ACCT_014926,0.000715336689733997,,
ACCT_014940,0.0020114478864779223,,
ACCT_014948,0.0008889742527962473,,
ACCT_014966,0.013437731081135714,,
ACCT_014975,0.0029061748582624508,,
ACCT_014986,0.00021676520583154292,,
ACCT_015003,0.003017344129013448,,
ACCT_015007,0.033835805965271415,,
ACCT_015016,0.0004654711300508837,,
ACCT_015022,0.0019741290184275687,,
ACCT_015038,0.009488385197872639,,
ACCT_015081,0.001859162938769374,,
ACCT_015102,0.010924668079293327,,
ACCT_015104,0.017271408564627,,
ACCT_015135,0.0020177263808616565,,
ACCT_015150,0.029118175696375054,,
ACCT_015172,0.00617335397481632,,
ACCT_015185,0.0016851720575087898,,
ACCT_015188,0.001907666510205187,,
ACCT_015197,0.00019037946110992784,,
ACCT_015205,0.00274173916100383,,
ACCT_015206,0.0011689808837198918,,
ACCT_015207,0.02705781479226029,,
ACCT_015227,0.0007351106757820067,,
ACCT_015240,0.001996883333204015,,
ACCT_015257,0.0007205008200342978,,
ACCT_015272,0.0002789376830123156,,
ACCT_015283,0.003795534392950136,,
ACCT_015318,0.00011907259669500741,,
ACCT_015322,0.0001715206855091194,,
ACCT_015335,0.01337836649888032,,
ACCT_015341,0.00031764737480313276,,
ACCT_015343,0.0005972950593277211,,
ACCT_015354,0.0021401878515954886,,
ACCT_015357,0.00017000794122781323,,
ACCT_015362,0.0072397069981452134,,
ACCT_015374,0.0003966455516570923,,
ACCT_015376,0.0006281612085224428,,
ACCT_015377,0.003003419664088938,,
ACCT_015393,0.012447806339013798,,
ACCT_015394,0.09697999652365949,,
ACCT_015399,0.10248307222243765,,
ACCT_015420,0.00418449109984133,,
ACCT_015444,0.0004361203752917588,,
ACCT_015462,0.000586639300668619,,
ACCT_015468,0.002052369406382575,,
ACCT_015488,0.0005848438060836725,,
ACCT_015496,0.0017985116454157818,,
ACCT_015512,0.00042097709944069673,,
ACCT_015516,0.001993323096802921,,
ACCT_015533,0.03230636868781499,,
ACCT_015536,0.0038044546921726817,,
ACCT_015542,0.0024758521241788093,,
ACCT_015543,0.0010149499227991858,,
ACCT_015565,0.01048598068778426,,
ACCT_015586,0.029409824261455664,,
ACCT_015600,0.001102603432865412,,
ACCT_015601,0.0005342294156217176,,
ACCT_015604,0.0008569778983900841,,
ACCT_015607,0.0005377304092428165,,
ACCT_015611,0.00010472584768320551,,
ACCT_015623,0.0006872981000762671,,
ACCT_015624,0.007748458841410151,,
ACCT_015626,0.00030265562562321934,,
ACCT_015642,0.001609537056965632,,
ACCT_015671,0.000212913763440359,,
ACCT_015682,0.0016180315325914519,,
ACCT_015708,0.0009630075590407866,,
ACCT_015716,0.00017711732549759168,,
ACCT_015739,0.000415943562583589,,
ACCT_015740,0.000795076149325949,,
ACCT_015744,0.0010362065746646046,,
ACCT_015756,0.03585049805291127,,
ACCT_015757,0.01988152674210652,,
ACCT_015779,0.0012454771411247994,,
ACCT_015792,0.04151547070847368,,
ACCT_015801,0.061610719520794444,,
ACCT_015825,0.664685740866763,2024-03-04T00:00:00,2024-06-01T00:00:00
ACCT_015833,0.019021696542935652,,
ACCT_015854,0.0008100920083209974,,
ACCT_015861,0.0002064761502681668,,
ACCT_015864,0.0003070889928936879,,
ACCT_015868,0.00339728201187519,,
ACCT_015871,0.002188279208908769,,
ACCT_015901,0.014015351942941883,,
ACCT_015905,0.005079619229236963,,
ACCT_015918,0.0010454438156701743,,
ACCT_015925,0.0004541346106372718,,
ACCT_015927,0.0003767817142650494,,
ACCT_015933,0.008836901232895013,,
ACCT_015934,0.0028710009710228076,,
ACCT_015939,0.05574687022702085,,
ACCT_015965,0.01062957469687087,,
ACCT_015980,0.2981244189153428,,
ACCT_015989,0.19176141557631393,,
ACCT_015997,0.0017991479380915394,,
ACCT_016010,0.010879009162542754,,
ACCT_016011,0.0006181373277805941,,
ACCT_016024,0.0004809077614379661,,
ACCT_016054,0.023988898548525348,,
ACCT_016063,0.012912999710152848,,
ACCT_016094,0.0015267710717005495,,
ACCT_016121,0.0003635606059728668,,
ACCT_016124,0.003935594717238476,,
ACCT_016130,0.001423254981230164,,
ACCT_016139,0.0010885325938178832,,
ACCT_016145,0.004379683070623306,,
ACCT_016155,0.016345778140104145,,
ACCT_016157,0.0004134075111070625,,
ACCT_016158,0.012604843247626873,,
ACCT_016159,0.017106935461292248,,
ACCT_016165,0.002864004583906916,,
ACCT_016177,0.023300813847066983,,
ACCT_016200,0.000768459832292577,,
ACCT_016207,0.00032492126913306765,,
ACCT_016208,0.059711310417499455,,
ACCT_016213,0.0008428021273886924,,
ACCT_016226,0.004419497387135904,,
ACCT_016228,0.0022728792643446406,,
ACCT_016232,0.000626012836916298,,
ACCT_016236,0.0005500419977738731,,
ACCT_016241,0.023494919949275973,,
ACCT_016248,0.00017924259356501873,,
ACCT_016257,0.000512855522348871,,
ACCT_016283,0.0011988849718706312,,
ACCT_016299,0.0003897203230568269,,
ACCT_016302,0.0007441917868116724,,
ACCT_016311,0.003925174185806354,,
ACCT_016325,0.05533379681176115,,
ACCT_016332,0.0020636411161688815,,
ACCT_016365,0.007366079206929324,,
ACCT_016376,0.0019781494570614744,,
ACCT_016384,0.0014504275378342758,,
ACCT_016391,0.1362764460257294,,
ACCT_016393,0.0026010607882432112,,
ACCT_016397,0.0016478294788085598,,
ACCT_016399,0.9601186279779821,2025-03-24T00:00:00,2025-06-21T00:00:00
ACCT_016406,0.0008931771114742701,,
ACCT_016449,0.0068163577312859895,,
ACCT_016458,9.350002931729615e-05,,
ACCT_016461,0.0006398903758068821,,
ACCT_016462,0.0029936268988369785,,
ACCT_016488,0.000662513810314011,,
ACCT_016491,0.14710587948453455,,
ACCT_016504,0.015055068552492501,,
ACCT_016505,0.000572192344076086,,
ACCT_016520,0.0023826958357363397,,
ACCT_016524,0.0032906561228067564,,
ACCT_016531,0.001251330057727523,,
ACCT_016561,0.0003956486211718484,,
ACCT_016566,0.000696639859088504,,
ACCT_016579,0.0056275326045156955,,
ACCT_016586,6.246508407884058e-05,,
ACCT_016600,0.009592848586662553,,
ACCT_016654,0.0005094806536719256,,
ACCT_016670,0.004511641014939237,,
ACCT_016687,0.029368396294399957,,
ACCT_016697,0.00484126541170553,,
ACCT_016704,0.00633688893709942,,
ACCT_016708,0.007035033260934781,,
ACCT_016720,0.014825791123396399,,
ACCT_016736,0.0008689459763969994,,
ACCT_016752,0.0002157868262947301,,
ACCT_016757,0.003240979221599133,,
ACCT_016765,0.003246160541780995,,
ACCT_016771,0.05845602366010936,,
ACCT_016785,0.003934941047745487,,
ACCT_016791,0.0007179411001301784,,
ACCT_016793,0.0003691056546844741,,
ACCT_016800,0.005685899296862665,,
ACCT_016804,0.0013709029534431571,,
ACCT_016811,0.004959728615430347,,
ACCT_016813,0.0015391762001259425,,
ACCT_016846,0.00234485219015727,,
ACCT_016848,0.0011903797742329968,,
ACCT_016849,0.002499042041474466,,
ACCT_016852,0.0022840468916445603,,
ACCT_016858,0.0009216163545685907,,
ACCT_016861,0.0008580723549280207,,
ACCT_016864,0.005382218246814707,,
ACCT_016865,0.03665971890059578,,
ACCT_016869,0.0004950384524880955,,
ACCT_016888,0.01833399561824227,,
ACCT_016902,0.00031846472339636095,,
ACCT_016905,0.004557895148513965,,
ACCT_016910,0.004727347324734973,,
ACCT_016928,0.01894863917542922,,
ACCT_016929,0.0021212466051249252,,
ACCT_016940,0.008457570067091583,,
ACCT_017005,0.010233901495105446,,
ACCT_017007,0.2590535047486981,,
ACCT_017019,0.02157342989380296,,
ACCT_017028,0.08390641820831533,,
ACCT_017063,0.002050213235990392,,
ACCT_017069,0.006428807525567441,,
ACCT_017070,0.015686522167577682,,
ACCT_017113,0.10257866568020331,,
ACCT_017129,0.005987757035422295,,
ACCT_017149,0.004107746764576146,,
ACCT_017190,0.008042632047408677,,
ACCT_017219,0.0007566951051782408,,
ACCT_017229,0.008742853220019041,,
ACCT_017243,0.5942616345769454,2024-03-07T00:00:00,2024-06-04T00:00:00
ACCT_017245,0.00173916803985608,,
ACCT_017251,0.2744827018555989,,
ACCT_017271,0.0023446187092205613,,
ACCT_017276,0.07228662624554079,,
ACCT_017296,0.003558488255605901,,
ACCT_017311,0.0009777854028246943,,
ACCT_017317,0.0006947875786396473,,
ACCT_017329,0.49858683107241,2022-03-08T00:00:00,2022-06-05T00:00:00
ACCT_017333,0.0014912677739086968,,
ACCT_017339,0.0076662978380842755,,
ACCT_017344,0.0006343150249411723,,
ACCT_017362,0.0038708445120836975,,
ACCT_017369,0.0004932646797672011,,
ACCT_017371,0.00042112932377528866,,
ACCT_017384,0.0005535236147664681,,
ACCT_017385,0.0015996795415107409,,
ACCT_017392,0.007335588407649936,,
ACCT_017403,0.0048516131725845,,
ACCT_017407,0.022650850927313587,,
ACCT_017427,0.007408851709810313,,
ACCT_017449,0.0010807111666405289,,
ACCT_017452,0.0024739383955256953,,
ACCT_017480,0.0002505805862316881,,
ACCT_017502,0.006094025323799876,,
ACCT_017512,0.026328828751453787,,
ACCT_017529,0.0018726494260373496,,
ACCT_017576,0.0006316961898341928,,
ACCT_017581,0.0027090295575430837,,
ACCT_017589,0.0031229228766868596,,
ACCT_017598,0.0022326356898756507,,
ACCT_017606,0.0022621832916470586,,
ACCT_017627,0.00011776867244852244,,
ACCT_017628,0.0013025466966167874,,
ACCT_017650,0.003679044760902802,,
ACCT_017651,0.0008131316139023566,,
ACCT_017659,0.004758527320596783,,
ACCT_017665,0.004466279067940695,,
ACCT_017672,0.051050071294773305,,
ACCT_017674,0.0010172269628438758,,
ACCT_017682,0.008804862033406604,,
ACCT_017695,0.000205499714504371,,
ACCT_017696,0.010786661811556169,,
ACCT_017702,0.0022300252361936905,,
ACCT_017730,0.0013930995935277142,,
ACCT_017744,0.11712261770181705,,
ACCT_017745,0.0010747368612249101,,
ACCT_017747,0.0011463513089072562,,
ACCT_017748,0.022404478708586285,,
ACCT_017760,0.002624308654565359,,
ACCT_017775,0.051876659641182855,,
ACCT_017776,0.0006104358697369904,,
ACCT_017778,0.0012455183919656467,,
ACCT_017786,0.004954108965010968,,
ACCT_017807,0.006008341888316272,,
ACCT_017809,0.0014166293952491676,,
ACCT_017817,0.004313475868916005,,
ACCT_017848,0.008199710502555869,,
ACCT_017864,0.0008225940185702348,,
ACCT_017874,0.031033683245609494,,
ACCT_017887,0.0008728250036685262,,
ACCT_017893,0.0018571849692642858,,
ACCT_017908,0.0016474949130798598,,
ACCT_017923,0.002301795375503963,,
ACCT_017950,0.13034777020207364,,
ACCT_017963,0.0025642010767489825,,
ACCT_017969,0.0003419435096851877,,
ACCT_017983,0.007500251555397528,,
ACCT_017998,0.004563510309982978,,
ACCT_018012,0.0017698422505534064,,
ACCT_018020,0.005036734566908727,,
ACCT_018037,0.0021525528488752247,,
ACCT_018043,0.019403697885906273,,
ACCT_018045,0.007941429904172542,,
ACCT_018084,0.0008469970402388002,,
ACCT_018132,0.45258206968485365,2024-11-29T00:00:00,2025-02-26T00:00:00
ACCT_018148,0.0004652962262630854,,
ACCT_018157,0.0009049128597075001,,
ACCT_018161,0.0017525744575969306,,
ACCT_018162,0.003745502026408083,,
ACCT_018168,0.0050455103974467695,,
ACCT_018180,0.0006283127826545736,,
ACCT_018192,0.00013506635331299782,,
ACCT_018205,0.0010221882440036873,,
ACCT_018214,0.01622827666023941,,
ACCT_018253,0.0005894430822655809,,
ACCT_018254,0.0010540642158506342,,
ACCT_018257,0.000742708322835459,,
ACCT_018259,0.03221449079571559,,
ACCT_018306,0.0009747626668611591,,
ACCT_018313,0.001634532205820482,,
ACCT_018319,0.0001650903083166402,,
ACCT_018351,0.6344169990768731,2023-11-03T00:00:00,2024-01-31T00:00:00
ACCT_018358,0.0004982870418350999,,
ACCT_018368,0.0045380332605323296,,
ACCT_018383,0.000870684605512146,,
ACCT_018397,0.0008625880900007514,,
ACCT_018433,0.0002821105989400893,,
ACCT_018487,0.0006321777586171685,,
ACCT_018508,0.005980743937448391,,
ACCT_018510,0.0030283873026144483,,
ACCT_018513,0.018547730009336426,,
ACCT_018537,0.0023027713988408196,,
ACCT_018562,0.004453828477158665,,
ACCT_018577,0.003447373523122645,,
ACCT_018580,0.014101958005302371,,
ACCT_018606,0.00041989720633640404,,
ACCT_018617,0.000872295998749946,,
ACCT_018636,0.013187135507498634,,
ACCT_018639,0.05811252479784468,,
ACCT_018641,0.000677393636378515,,
ACCT_018668,0.002588272038263231,,
ACCT_018669,0.0016285172854474104,,
ACCT_018672,0.002109463244411203,,
ACCT_018673,0.00034329887698509535,,
ACCT_018690,0.0014188265535141137,,
ACCT_018704,0.1643295761251227,,
ACCT_018734,0.024204999131257426,,
ACCT_018747,0.03826577797259518,,
ACCT_018778,0.0013820396487317884,,
ACCT_018787,0.10216288265988929,,
ACCT_018793,0.012226715820231175,,
ACCT_018796,0.00020189259580064679,,
ACCT_018798,0.0017935500266757492,,
ACCT_018800,0.002832537668473886,,
ACCT_018803,0.00017238470565336493,,
ACCT_018815,0.0061382518467465435,,
ACCT_018818,0.000297160796686737,,
ACCT_018825,0.010104749421820634,,
ACCT_018842,0.029123280948269836,,
ACCT_018889,0.0003583331946909137,,
ACCT_018958,0.0007734310172437111,,
ACCT_018959,0.015219559209295625,,
ACCT_018962,0.007337425387452269,,
ACCT_019024,0.004020366430574679,,
ACCT_019047,0.00023089801144554655,,
ACCT_019061,0.0011958167625162365,,
ACCT_019071,0.02658823405612461,,
ACCT_019082,0.0016698064999359058,,
ACCT_019100,0.00197970167661985,,
ACCT_019104,0.0018600363581787222,,
ACCT_019115,0.03037734937295325,,
ACCT_019120,0.0005438613100165811,,
ACCT_019122,0.03618901895256259,,
ACCT_019155,0.0003188489949525504,,
ACCT_019159,0.028183629417234252,,
ACCT_019160,0.0030802770003367924,,
ACCT_019182,0.051209929462883164,,
ACCT_019187,0.022901259199773184,,
ACCT_019188,0.31078992549051976,2021-07-15T00:00:00,2021-10-12T00:00:00
ACCT_019189,0.0032671462931535174,,
ACCT_019200,0.00029827515056160905,,
ACCT_019205,0.07564945410176777,,
ACCT_019213,0.008979170740063507,,
ACCT_019230,0.009306609780443146,,
ACCT_019255,0.009875028309478515,,
ACCT_019271,0.009598002055626675,,
ACCT_019290,6.11495729851894e-05,,
ACCT_019339,0.003672140684714632,,
ACCT_019342,0.9789198975032989,2023-09-04T00:00:00,2023-12-02T00:00:00
ACCT_019347,0.002929232708442304,,
ACCT_019348,0.0034236790244968228,,
ACCT_019380,0.059824089027841185,,
ACCT_019386,0.0080034629353349,,
ACCT_019391,0.0005538937744137347,,
ACCT_019399,0.003419588689849367,,
ACCT_019400,0.005882250323901875,,
ACCT_019406,0.0012562188615203643,,
ACCT_019409,0.00610737520177416,,
ACCT_019422,0.012214222532352086,,
ACCT_019426,0.0023558623876375777,,
ACCT_019438,0.0003701574877222025,,
ACCT_019469,0.004422338307699171,,
ACCT_019475,0.0009238450142738623,,
ACCT_019491,0.43181283960353845,2025-03-02T00:00:00,2025-05-30T00:00:00
ACCT_019503,0.0006892217051079082,,
ACCT_019536,0.023789332374625948,,
ACCT_019550,0.0007970576209799568,,
ACCT_019556,0.0007416068976105836,,
ACCT_019565,0.6720749014065877,2021-12-30T00:00:00,2022-03-29T00:00:00
ACCT_019570,0.0013116383458577068,,
ACCT_019584,0.0005263316614632956,,
ACCT_019614,0.002011583068862997,,
ACCT_019646,0.000524578512862199,,
ACCT_019666,0.0014033504803267374,,
ACCT_019668,0.00893070335828647,,
ACCT_019669,0.009070214551089476,,
ACCT_019689,0.0010348252056559173,,
ACCT_019695,0.0030794141723302264,,
ACCT_019722,0.001399655020921707,,
ACCT_019724,0.0006947507486215442,,
ACCT_019754,0.0016102181815453853,,
ACCT_019758,0.00011472773295377455,,
ACCT_019783,0.0006104309152733475,,
ACCT_019858,0.0011002047764561516,,
ACCT_019876,0.060097690354814715,,
ACCT_019882,0.0395201983329028,,
ACCT_019888,0.00145551678020167,,
ACCT_019910,0.0033590209171860757,,
ACCT_019911,0.0005765870208462489,,
ACCT_019939,0.005665337883049936,,
ACCT_019944,0.006564202378533316,,
ACCT_019970,0.09351807475502884,,
ACCT_019988,0.0004214851738040313,,
ACCT_019989,0.006527584588519935,,
ACCT_019994,0.05291662711475721,,
ACCT_019998,0.03162626605623188,,
ACCT_020002,0.0019080350899527674,,
ACCT_020012,0.00026906375051971956,,
ACCT_020057,0.004332962820523694,,
ACCT_020083,0.005307577437103126,,
ACCT_020084,0.048188889076113475,,
ACCT_020091,0.0027373235504341113,,
ACCT_020093,0.001737684269344349,,
ACCT_020111,0.0001971362392833355,,
ACCT_020121,0.003988498631221683,,
ACCT_020122,0.0018316448197083842,,
ACCT_020140,0.0014491132667365813,,
ACCT_020141,0.0026100148973397007,,
ACCT_020143,0.022379730311233713,,
ACCT_020153,0.010883779090253547,,
ACCT_020163,0.0033142329881522504,,
ACCT_020181,0.0010221438950665973,,
ACCT_020183,0.003317351384978936,,
ACCT_020188,0.07143493076647266,,
ACCT_020206,0.0003714667170643928,,
ACCT_020207,0.00020047668914613463,,
ACCT_020220,0.0001634172757162141,,
ACCT_020248,0.0006263485447821481,,
ACCT_020265,0.0002579958552528315,,
ACCT_020272,0.06560146522242354,,
ACCT_020278,0.00047758113680913643,,
ACCT_020287,0.038975816477331275,,
ACCT_020328,0.010350154539802115,,
ACCT_020333,0.0005762447417431597,,
ACCT_020353,0.007398570642890558,,
ACCT_020359,0.0006849504258263761,,
ACCT_020367,0.000316406695394386,,
ACCT_020375,0.0003230800252399486,,
ACCT_020387,0.0002534633035371842,,
ACCT_020397,0.028841522006213215,,
ACCT_020398,0.01109721425764943,,
ACCT_020400,0.005233531090061966,,
ACCT_020413,0.0021943972295293294,,
ACCT_020427,0.05094536500180976,,
ACCT_020450,0.011361013156467677,,
ACCT_020455,0.008429084969890881,,
ACCT_020463,0.017364189953418607,,
ACCT_020489,0.0011534435114903074,,
ACCT_020497,0.0023161133521072954,,
ACCT_020505,0.0021613013990292966,,
ACCT_020506,0.0009815927447848348,,
ACCT_020523,0.0010074160768103134,,
ACCT_020535,0.0005730384708694854,,
ACCT_020547,0.00429784307825039,,
ACCT_020567,0.02503476501400912,,
ACCT_020571,0.0017850617064520216,,
ACCT_020576,6.127877083359729e-05,,
ACCT_020622,0.004479296182505917,,
ACCT_020625,0.03550461959511095,,
ACCT_020629,0.0011797808348600173,,
ACCT_020638,0.0002564127580341396,,
ACCT_020645,0.0005534845837742427,,
ACCT_020646,0.0017846928579238193,,
ACCT_020675,0.018032215631008052,,
ACCT_020680,0.00041674249309846663,,
ACCT_020682,0.003984638661746146,,
ACCT_020686,0.0007906518085256306,,
ACCT_020695,0.0006812203673169211,,
ACCT_020705,0.0008651439182379855,,
ACCT_020735,0.0007537642950460849,,
ACCT_020737,0.0030890337412135893,,
ACCT_020739,0.0006401686134657374,,
ACCT_020759,0.01524213099580475,,
ACCT_020767,0.0014279627867155957,,
ACCT_020773,0.04220906923463997,,
ACCT_020786,0.0008026653684813851,,
ACCT_020789,0.011491493911052017,,
ACCT_020812,0.005561756753989831,,
ACCT_020827,0.000763922950694773,,
ACCT_020837,0.0010321838956161686,,
ACCT_020842,0.004870691178062792,,
ACCT_020846,0.0014535736919150488,,
ACCT_020863,0.008984696441818017,,
ACCT_020871,0.001642409248498246,,
ACCT_020885,0.0024718892946125563,,
ACCT_020886,0.004586427791506199,,
ACCT_020899,0.000610605273403607,,
ACCT_020908,0.005700230952191691,,
ACCT_020925,0.0033528283191026783,,
ACCT_020949,0.02672583782889067,,
ACCT_020972,0.017207751798601744,,
ACCT_020975,0.0033102072670390366,,
ACCT_020978,0.006433740215553306,,
ACCT_020990,0.011127288868017853,,
ACCT_020997,0.0028506076149270696,,
ACCT_021027,0.0005016938336037845,,
ACCT_021042,0.022784928026851684,,
ACCT_021047,0.0012302674797084556,,
ACCT_021048,0.0007629049559168863,,
ACCT_021062,0.0009711201750275004,,
ACCT_021068,0.00024717162754365536,,
ACCT_021081,0.0023684649443083718,,
ACCT_021100,0.00013431856154423144,,
ACCT_021140,0.0007263167697330291,,
ACCT_021156,0.012229194031520564,,
ACCT_021175,0.01902307266290894,,
ACCT_021179,0.00023113292042952564,,
ACCT_021188,0.0554441143879714,,
ACCT_021202,0.0005606826103952043,,
ACCT_021226,0.00016894815981388455,,
ACCT_021237,0.0009630251687367303,,
ACCT_021267,0.0007776381352446306,,
ACCT_021271,0.01604809207187253,,
ACCT_021291,0.012481832322535615,,
ACCT_021336,0.0027875050710869133,,
ACCT_021344,0.007514799697039061,,
ACCT_021358,0.00921354538313084,,
ACCT_021387,0.0009290323981174155,,
ACCT_021401,0.00015837248192859625,,
ACCT_021405,0.009354004488989221,,
ACCT_021408,0.6597248873404629,2024-04-26T00:00:00,2024-07-24T00:00:00
ACCT_021418,0.0038413498898631866,,
ACCT_021424,0.0037289306219162434,,
ACCT_021425,0.0615879039165513,,
ACCT_021439,0.00667842055224733,,
ACCT_021454,0.0034802487897577727,,
ACCT_021464,0.02213187006780476,,
ACCT_021465,0.0001861110760451474,,
ACCT_021474,0.0012292458512215881,,
ACCT_021486,0.0013773308107262578,,
ACCT_021487,0.0337741030818897,,
ACCT_021491,0.0032083563323783183,,
ACCT_021503,0.0002726475039309572,,
ACCT_021511,5.569706623925221e-05,,
ACCT_021514,0.023988822640278566,,
ACCT_021522,0.002110934329535058,,
ACCT_021534,0.001556547341799006,,
ACCT_021555,0.0065671431265956455,,
ACCT_021570,0.0019653733688928267,,
ACCT_021572,0.013698274869914007,,
ACCT_021577,0.0004175389899659129,,
ACCT_021588,0.004495369107599432,,
ACCT_021596,0.0022146079748396014,,
ACCT_021610,0.002754070827367292,,
ACCT_021617,0.005768425975187506,,
ACCT_021636,0.12434462467551788,,
ACCT_021640,0.000320842886043302,,
ACCT_021654,0.0031565602649736707,,
ACCT_021666,0.12413781199132286,,
ACCT_021674,0.00015302449525931035,,
ACCT_021695,0.002520598905684074,,
ACCT_021697,0.0010870151990089913,,
ACCT_021723,0.003860982905981876,,
ACCT_021725,0.068955092763437,,
ACCT_021745,0.1941791649102205,,
ACCT_021756,0.0015559221830144282,,
ACCT_021775,0.05076575904112822,,
ACCT_021782,0.0038222191427101397,,
ACCT_021789,0.0003972662949154341,,
ACCT_021807,0.0032759333161963473,,
ACCT_021812,0.004618848118687436,,
ACCT_021822,0.12720006842513717,,
ACCT_021824,0.006386370698600245,,
ACCT_021842,0.0035663066142412195,,
ACCT_021849,0.00092550935814859,,
ACCT_021856,0.003179834814863512,,
ACCT_021857,0.0027707619449555397,,
ACCT_021858,0.0012641421297088465,,
ACCT_021866,0.0064168201342604606,,
ACCT_021868,0.001538103522853836,,
ACCT_021871,0.004554867860239381,,
ACCT_021875,0.0007188214649638566,,
ACCT_021915,0.0006108179502415273,,
ACCT_021920,0.001717092736802674,,
ACCT_021943,0.006885437324087506,,
ACCT_021961,0.0029638505942125638,,
ACCT_021971,0.001575799768362572,,
ACCT_021972,0.006148807807493358,,
ACCT_021975,0.008369002167288813,,
ACCT_021985,0.003219055361691926,,
ACCT_022001,0.0028808762059779227,,
ACCT_022019,0.00721901285374737,,
ACCT_022033,0.009659965051479483,,
ACCT_022042,0.21323426485499808,,
ACCT_022052,0.0005927820503004087,,
ACCT_022056,0.001240045420397995,,
ACCT_022062,0.009828481086570055,,
ACCT_022081,0.03733904962717341,,
ACCT_022083,0.001737572897330215,,
ACCT_022091,0.003846426319310084,,
ACCT_022099,0.0014023542476863827,,
ACCT_022114,0.0008989972216552876,,
ACCT_022144,0.007226792207697336,,
ACCT_022147,0.001556568923914097,,
ACCT_022148,0.000457640409579348,,
ACCT_022156,0.12981346080258452,,
ACCT_022159,0.0014269316382544324,,
ACCT_022161,0.1114211006371441,,
ACCT_022174,0.001553574810726217,,
ACCT_022185,0.0008252172076664048,,
ACCT_022189,0.0033264207004127322,,
ACCT_022192,0.001946953579572212,,
ACCT_022206,0.0013343791266179337,,
ACCT_022207,0.00028109905828128885,,
ACCT_022225,0.11036444846979818,,
ACCT_022233,0.005153528127491845,,
ACCT_022237,0.00296466951776085,,
ACCT_022251,0.003159505147763867,,
ACCT_022252,0.17358547284681136,,
ACCT_022256,0.37885742868167877,2025-02-25T00:00:00,2025-05-25T00:00:00
ACCT_022278,0.00012829447968571307,,
ACCT_022293,0.00374475148984786,,
ACCT_022298,0.00010813897962013276,,
ACCT_022311,0.0002801170210887413,,
ACCT_022315,0.0034150734279996763,,
ACCT_022317,0.030066681684962415,,
ACCT_022328,5.553107217128576e-05,,
ACCT_022329,0.006363094175443014,,
ACCT_022358,0.0019505399794058492,,
ACCT_022367,0.007024168812860812,,
ACCT_022381,0.0007021078552933778,,
ACCT_022386,0.021681570863997572,,
ACCT_022414,0.0006904449039287599,,
ACCT_022423,0.0005042161435371311,,
ACCT_022435,0.00228759891570601,,
ACCT_022441,0.0002702803574965569,,
ACCT_022455,0.0013663785904557053,,
ACCT_022458,0.0009573787635608736,,
ACCT_022473,0.013011578540233756,,
ACCT_022477,0.2887746189664671,,
ACCT_022489,0.0027789187283116454,,
ACCT_022490,0.0004196320555272151,,
ACCT_022496,0.0048517099889824585,,
ACCT_022516,0.0009807301602211876,,
ACCT_022573,0.010459596834303548,,
ACCT_022577,0.0027917453288581625,,
ACCT_022590,0.0191995227090705,,
ACCT_022597,0.0010120097761511571,,
ACCT_022612,0.0003178958695846658,,
ACCT_022619,0.001525001844423425,,
ACCT_022620,0.0019288514098318658,,
ACCT_022636,0.00020043520182896267,,
ACCT_022648,0.025752152406103828,,
ACCT_022669,0.0012109452062094594,,
ACCT_022674,0.049602519575759646,,
ACCT_022675,0.0013505518232055061,,
ACCT_022685,0.01706874951718339,,
ACCT_022686,0.0008145952541718897,,
ACCT_022691,0.09913113763632422,,
ACCT_022702,0.0004240410033000995,,
ACCT_022708,0.002740650253103946,,
ACCT_022717,0.011876758150151072,,
ACCT_022735,0.005942578770301841,,
ACCT_022744,0.012563912124781007,,
ACCT_022757,0.0018245900738121396,,
ACCT_022781,0.005184102766119416,,
ACCT_022783,0.0001826002177285697,,
ACCT_022794,0.011573432246826273,,
ACCT_022838,0.013990356010590847,,
ACCT_022840,0.013412189147205628,,
ACCT_022853,0.005440122541266387,,
ACCT_022860,0.0009655215897097317,,
ACCT_022880,0.007523262782951165,,
ACCT_022886,0.001504883558879747,,
ACCT_022931,0.003882264203034073,,
ACCT_022948,0.033327543667625414,,
ACCT_022969,0.01137786632193961,,
ACCT_022979,0.3298151302772117,2023-11-13T00:00:00,2024-02-10T00:00:00
ACCT_022991,0.0037222164461765024,,
ACCT_022994,0.0015615268799390267,,
ACCT_023002,0.020532326834386973,,
ACCT_023028,0.03796578415259338,,
ACCT_023039,0.0006633225497950275,,
ACCT_023041,0.0002289635783727138,,
ACCT_023048,0.367603189378288,2025-03-28T00:00:00,2025-06-25T00:00:00
ACCT_023080,0.01446154997533842,,
ACCT_023085,0.00013049549379763915,,
ACCT_023113,0.0003333176385409043,,
ACCT_023172,0.0040242331308917145,,
ACCT_023184,0.6252192910124137,2024-03-04T00:00:00,2024-06-01T00:00:00
ACCT_023192,0.0040560184522958126,,
ACCT_023207,0.000848091997042042,,
ACCT_023238,0.0006455481337646604,,
ACCT_023250,0.005627585947858843,,
ACCT_023260,0.0021459965559293965,,
ACCT_023307,0.007730786060394515,,
ACCT_023324,0.001096682340105552,,
ACCT_023341,0.0003773986389624072,,
ACCT_023345,0.001245258751861981,,
ACCT_023400,0.0036726881546420955,,
ACCT_023401,0.001379038882899581,,
ACCT_023421,0.0005564164153829248,,
ACCT_023425,0.05889667586266809,,
ACCT_023426,0.001083031515334182,,
ACCT_023459,0.07839948739531899,,
ACCT_023482,0.004557686629410095,,
ACCT_023489,0.04614111511579654,,
ACCT_023490,0.002300577715199534,,
ACCT_023520,0.004537690999963977,,
ACCT_023537,0.0017850303507850724,,
ACCT_023549,0.00011204351366722135,,
ACCT_023559,0.00974069989418013,,
ACCT_023603,0.0075629453529793,,
ACCT_023609,0.030900752055058135,,
ACCT_023625,0.002176759698261441,,
ACCT_023629,0.00043591809031207475,,
ACCT_023651,0.0011405499324009228,,
ACCT_023670,0.006381023816398532,,
ACCT_023684,0.0020161731769706504,,
ACCT_023693,0.0017442256904046292,,
ACCT_023710,0.07587325165912708,,
ACCT_023725,0.03247818587626203,,
ACCT_023728,0.001574626602003843,,
ACCT_023737,0.0010057218638332335,,
ACCT_023772,0.0006507169756151364,,
ACCT_023777,0.0006589754905002373,,
ACCT_023792,0.0005447567592669669,,
ACCT_023805,0.00038235568832549444,,
ACCT_023818,0.00283192568525112,,
ACCT_023873,0.0071219270283856915,,
ACCT_023878,0.02425868741448566,,
ACCT_023881,0.0005123553179075121,,
ACCT_023889,0.0005929457442208799,,
ACCT_023895,0.00016825235060918597,,
ACCT_023900,0.004077988030270937,,
ACCT_023905,0.007328475966087216,,
ACCT_023911,0.0014585051078792111,,
ACCT_023918,0.000881386556056429,,
ACCT_023959,0.03831065475416723,,
ACCT_023961,0.0038388119305323765,,
ACCT_023982,0.00365317425275342,,
ACCT_023988,0.1535039413251614,,
ACCT_023994,0.0028746561269872876,,
ACCT_023997,0.009815078981567027,,
ACCT_023999,0.0014637846622127574,,
ACCT_024023,0.00016698983416417275,,
ACCT_024054,0.015883671600065423,,
ACCT_024077,0.041702579065096626,,
ACCT_024084,0.018663386199403813,,
ACCT_024089,0.0021421926118279535,,
ACCT_024090,0.40303423566452573,2023-10-28T00:00:00,2024-01-25T00:00:00
ACCT_024098,0.0021809838563907565,,
ACCT_024143,0.008168467397109119,,
ACCT_024151,0.002025414478810067,,
ACCT_024163,0.004243542724147049,,
ACCT_024200,0.00037268418780485974,,
ACCT_024201,0.00022543836570270687,,
ACCT_024206,0.002624807573006479,,
ACCT_024209,0.007332147718842297,,
ACCT_024211,0.010775363697408401,,
ACCT_024228,0.0016624975528091476,,
ACCT_024238,0.0024639204775271295,,
ACCT_024273,0.021664435309348452,,
ACCT_024278,0.0005323814144852477,,
ACCT_024319,0.005267303290677009,,
ACCT_024321,0.0014187941820006879,,
ACCT_024332,0.001010571811313902,,
ACCT_024341,0.056390613824202594,,
ACCT_024344,0.0030337004003650274,,
ACCT_024356,0.0001376977722832991,,
ACCT_024373,0.09320248587151062,,
ACCT_024380,0.0006527899673836732,,
ACCT_024392,0.01657067930338539,,
ACCT_024396,0.015638306349304642,,
ACCT_024415,0.0015177639639942931,,
ACCT_024429,0.0006700686735950602,,
ACCT_024439,0.19270297414210222,,
ACCT_024442,0.0016227721941711366,,
ACCT_024458,0.0020724836299367967,,
ACCT_024479,0.0008688989025467467,,
ACCT_024494,0.29231559377852123,,
ACCT_024549,0.0012371978401379252,,
ACCT_024567,0.003917258682676788,,
ACCT_024569,0.000890164723187978,,
ACCT_024587,0.0006981597108339265,,
ACCT_024602,0.0011053364922017027,,
ACCT_024625,0.0019942599614979333,,
ACCT_024644,0.0009691439001521635,,
ACCT_024653,0.0026249142367954156,,
ACCT_024656,0.0029777414617991743,,
ACCT_024668,0.0051800660441598334,,
ACCT_024671,0.021096368207053493,,
ACCT_024682,0.021594744077705265,,
ACCT_024686,0.005240623265957027,,
ACCT_024688,0.0005867523239164467,,
ACCT_024697,0.018969949236392402,,
ACCT_024709,0.0017496260676307651,,
ACCT_024718,0.004074474285187589,,
ACCT_024721,0.005426384272745928,,
ACCT_024740,0.002672119336242252,,
ACCT_024754,0.0016293640861938176,,
ACCT_024764,0.0067197689873027665,,
ACCT_024814,0.00019357609253130054,,
ACCT_024829,0.027573213751812126,,
ACCT_024840,0.0032082833723078184,,
ACCT_024844,0.0013971640425806207,,
ACCT_024850,0.00395850328160313,,
ACCT_024861,0.0037645811022554063,,
ACCT_024862,0.0072247685373957775,,
ACCT_024868,0.002989834022111429,,
ACCT_024872,0.0001081569573464818,,
ACCT_024895,0.0006960385392544926,,
ACCT_024905,0.0021803740353662985,,
ACCT_024911,0.0014913574987061831,,
ACCT_024913,0.06327014581446486,,
ACCT_024918,0.001461140359406045,,
ACCT_024944,0.00487704681732949,,
ACCT_024947,0.002126053641255341,,
ACCT_024951,0.00135381039875821,,
ACCT_024959,0.00024572389228530195,,
ACCT_024973,0.0003764038646413534,,
ACCT_024999,0.0033027844024234336,,
ACCT_025021,0.005759276441181644,,
ACCT_025023,0.01419395970243684,,
ACCT_025040,0.0002253800322328072,,
ACCT_025049,0.06936137993077587,,
ACCT_025059,0.012565552523763837,,
ACCT_025071,0.0055871376311967666,,
ACCT_025072,0.02614435958214062,,
ACCT_025097,0.000823822191947443,,
ACCT_025103,0.006027360531417541,,
ACCT_025115,0.001634906407272552,,
ACCT_025124,0.0003104203760106403,,
ACCT_025128,0.0043570467510459085,,
ACCT_025136,0.011985893490568146,,
ACCT_025180,0.001990666966790806,,
ACCT_025190,0.0005593786895102271,,
ACCT_025192,0.004643105222466097,,
ACCT_025193,0.01855681506630737,,
ACCT_025196,0.0036933516482143317,,
ACCT_025201,0.0004203665871823117,,
ACCT_025232,0.004964417651170628,,
ACCT_025255,0.18377481891587238,,
ACCT_025270,0.0003962531624630422,,
ACCT_025274,0.0007149440948608749,,
ACCT_025301,0.03525858307725013,,
ACCT_025311,0.0016500613775807047,,
ACCT_025317,0.004166070051767067,,
ACCT_025347,0.013776926004325027,,
ACCT_025363,0.0004749096780672148,,
ACCT_025368,0.08636062321165902,,
ACCT_025373,0.001301068221631418,,
ACCT_025402,0.00028375138325609624,,
ACCT_025413,9.954108626329257e-05,,
ACCT_025423,0.0003036821551090724,,
ACCT_025428,0.018997912445812497,,
ACCT_025448,0.0010769169518211775,,
ACCT_025461,0.0009879585687765605,,
ACCT_025478,0.0023251856909387797,,
ACCT_025492,0.0012558159783529056,,
ACCT_025509,0.0012934720575460727,,
ACCT_025594,0.030209175536582512,,
ACCT_025596,0.0026495924904802173,,
ACCT_025609,0.03341350076509088,,
ACCT_025610,0.00013237077440393828,,
ACCT_025613,0.0119021632385662,,
ACCT_025637,0.028144512125305048,,
ACCT_025642,0.015627286086343332,,
ACCT_025657,0.0011279219893186015,,
ACCT_025675,0.0021626191169772145,,
ACCT_025711,0.0029451927520801934,,
ACCT_025727,0.0002480475425030619,,
ACCT_025745,0.021337029111921497,,
ACCT_025775,0.013407828450011386,,
ACCT_025795,0.0003694181884866574,,
ACCT_025864,0.005528993173157197,,
ACCT_025873,0.001449963710624274,,
ACCT_025895,0.0019424245447937627,,
ACCT_025899,0.029989616841571854,,
ACCT_025906,0.011824553557411396,,
ACCT_025926,0.0019262019101478067,,
ACCT_025930,0.0017481867372177637,,
ACCT_025933,0.14841274839764446,,
ACCT_025971,0.24686220528580174,,
ACCT_025977,0.012147847292009701,,
ACCT_025990,0.0014734963409852825,,
ACCT_025991,0.00016339591244789764,,
ACCT_026004,0.0004066255169141851,,
ACCT_026005,0.00041652237110722715,,
ACCT_026007,0.001270381749163478,,
ACCT_026015,0.008934050167887378,,
ACCT_026035,0.0002540225034845667,,
ACCT_026046,0.00553744066972402,,
ACCT_026048,0.0014303081430168643,,
ACCT_026056,0.012158881278423623,,
ACCT_026057,0.0017148697783064392,,
ACCT_026065,0.0006434412051410752,,
ACCT_026079,0.1408961936730901,,
ACCT_026084,0.013347748618230581,,
ACCT_026090,0.001598942192815239,,
ACCT_026094,0.003418261059258051,,
ACCT_026113,0.012493515378689785,,
ACCT_026130,0.037216599665338704,,
ACCT_026157,0.1569920241883227,,
ACCT_026162,0.027174770686985084,,
ACCT_026181,0.0001482314494520264,,
ACCT_026220,0.022446648870115462,,
ACCT_026225,0.0013355438694911883,,
ACCT_026259,0.0015001696677202517,,
ACCT_026260,0.0426143753211566,,
ACCT_026262,0.0008817247726257271,,
ACCT_026263,0.00031465526794180953,,
ACCT_026274,0.0023636544672780728,,
ACCT_026280,0.06864902158490828,,
ACCT_026297,0.25727948629701586,,
ACCT_026298,0.005289025530765298,,
ACCT_026325,0.00190517236824836,,
ACCT_026334,0.0018688654293629447,,
ACCT_026336,0.001425627153929317,,
ACCT_026341,0.0025137100179254174,,
ACCT_026363,0.0009721430161975539,,
ACCT_026366,0.0008399961915391262,,
ACCT_026378,0.002793625587519162,,
ACCT_026395,0.02430169579078571,,
ACCT_026425,0.0001704631704591841,,
ACCT_026439,0.0013864329416206132,,
ACCT_026440,0.0003543752068152447,,
ACCT_026451,0.0010998006992473256,,
ACCT_026468,0.0001507534629106083,,
ACCT_026476,0.00028196570274991817,,
ACCT_026495,0.023413906476923627,,
ACCT_026508,0.0060160380253704345,,
ACCT_026535,0.0014109844020609116,,
ACCT_026536,0.03334517620125321,,
ACCT_026547,0.0017612594064219974,,
ACCT_026575,0.0016949874699872737,,
ACCT_026591,0.005113109212806299,,
ACCT_026597,0.021443020230276534,,
ACCT_026602,0.0027620999441570174,,
ACCT_026633,0.003591744474726753,,
ACCT_026636,0.039416484647067096,,
ACCT_026645,0.01434104807744245,,
ACCT_026648,0.0013061074921057632,,
ACCT_026657,0.0010602839370523428,,
ACCT_026666,0.0032545911659550507,,
ACCT_026672,0.0035200713870237365,,
ACCT_026683,0.0019071611666291147,,
ACCT_026685,0.0009490909626764778,,
ACCT_026693,0.0017005949486377666,,
ACCT_026699,0.001211465670402004,,
ACCT_026727,0.1950694912763013,,
ACCT_026731,0.0004034409609030254,,
ACCT_026742,0.0024246362025330736,,
ACCT_026748,0.0002662090818171067,,
ACCT_026766,0.00900941819966763,,
ACCT_026777,0.02957532458261184,,
ACCT_026782,0.000111438197886798,,
ACCT_026797,0.0025572305904548844,,
ACCT_026800,0.0006482310241548421,,
ACCT_026817,0.06902110364995565,,
ACCT_026823,0.003386764490811717,,
ACCT_026851,0.00018963271059633274,,
ACCT_026863,0.024064159442223294,,
ACCT_026883,0.005234151926284186,,
ACCT_026885,0.008738677804323053,,
ACCT_026890,0.13525443119340677,,
ACCT_026899,0.005581545903152869,,
ACCT_026918,0.0004569615329971533,,
ACCT_026928,0.0015777451399548459,,
ACCT_026931,0.03467193696180492,,
ACCT_026935,0.0004656381851643833,,
ACCT_026940,0.0012115897439469634,,
ACCT_026943,0.0017351422666245105,,
ACCT_026957,0.013081006644925341,,
ACCT_026964,0.0059628019283648175,,
ACCT_026987,0.0014199737856361366,,
ACCT_027009,0.0011848192748882464,,
ACCT_027011,0.008448415582014797,,
ACCT_027040,0.00045764254677580044,,
ACCT_027043,0.0008020962385955063,,
ACCT_027044,0.0005840256374060994,,
ACCT_027052,0.030698132633934498,,
ACCT_027064,0.020570530509889957,,
ACCT_027069,0.029997268012159805,,
ACCT_027076,0.0010420883759157977,,
ACCT_027127,0.0006914611212243548,,
ACCT_027131,0.3603086692548064,2022-07-17T00:00:00,2022-10-14T00:00:00
ACCT_027148,0.01054844339773753,,
ACCT_027154,0.0003298077814231922,,
ACCT_027160,0.0008667111823346923,,
ACCT_027167,0.0009908944662593037,,
ACCT_027185,0.0024966406487614613,,
ACCT_027195,0.0021068161938535388,,
ACCT_027209,0.017716296831386202,,
ACCT_027214,0.005751301270390612,,
ACCT_027217,0.0007875012720977599,,
ACCT_027222,0.0004973165818939477,,
ACCT_027238,0.003584544314309771,,
ACCT_027258,0.0009713699628624758,,
ACCT_027259,0.00022657887127086642,,
ACCT_027260,0.0031034381627627985,,
ACCT_027285,0.002140197696791698,,
ACCT_027291,0.00798676560806403,,
ACCT_027299,0.0016850909219573926,,
ACCT_027314,0.009653870907333852,,
ACCT_027323,0.008086333792982977,,
ACCT_027332,0.0028952257332276786,,
ACCT_027336,0.0019860795700428775,,
ACCT_027361,0.0017403696601502555,,
ACCT_027362,0.0025757839599247325,,
ACCT_027368,0.0002638723733592464,,
ACCT_027382,0.0053003746233498674,,
ACCT_027393,0.00022674526595503597,,
ACCT_027423,0.0010735357727458337,,
ACCT_027459,0.0034547957825213937,,
ACCT_027483,0.01723895452826884,,
ACCT_027487,0.00354409799724388,,
ACCT_027505,0.000401430891914791,,
ACCT_027509,0.005321932039601313,,
ACCT_027513,0.680048073751502,2025-01-05T00:00:00,2025-04-04T00:00:00
ACCT_027547,0.00012777487899723192,,
ACCT_027636,0.0009017795277047319,,
ACCT_027639,0.00528629584996979,,
ACCT_027660,0.005282780358312607,,
ACCT_027691,0.001555096252972375,,
ACCT_027710,0.0004438789619586823,,
ACCT_027714,0.000304387013145124,,
ACCT_027726,0.0025068941998987763,,
ACCT_027733,0.013366824194198337,,
ACCT_027748,0.001651010581903875,,
ACCT_027757,0.039435613567831325,,
ACCT_027761,0.0007495569442215714,,
ACCT_027788,0.011421170346941022,,
ACCT_027790,0.017781763071670734,,
ACCT_027795,0.004081432171402934,,
ACCT_027812,0.002937398779302702,,
ACCT_027820,0.010758578278515216,,
ACCT_027831,0.04738391533125383,,
ACCT_027862,0.0052083105616651075,,
ACCT_027871,0.015131359796835216,,
ACCT_027886,0.017124793178054758,,
ACCT_027897,0.00322195169317385,,
ACCT_027922,0.013757458565830136,,
ACCT_027927,0.02527542400884189,,
ACCT_027933,0.01679031643622121,,
ACCT_027952,0.0216040607951515,,
ACCT_027954,0.0011407377912743127,,
ACCT_027961,0.0001794842593988013,,
ACCT_027970,0.004157729281552357,,
ACCT_027986,0.0009280241087547875,,
ACCT_027988,0.14062120234216074,,
ACCT_027991,0.0074451903876538595,,
ACCT_028005,0.011412524330023616,,
ACCT_028006,0.058956043053900155,,
ACCT_028030,0.020994046573258894,,
ACCT_028031,0.00921177538259597,,
ACCT_028038,0.0005016813844457491,,
ACCT_028066,0.00037515880570524585,,
ACCT_028069,0.08423435313367636,,
ACCT_028073,0.00021168410564155696,,
ACCT_028081,0.0002977175098660925,,
ACCT_028106,0.010334652113375002,,
ACCT_028111,0.0003052348034823405,,
ACCT_028145,0.0021319598359711015,,
ACCT_028148,0.0016751128195339944,,
ACCT_028153,0.00018241413478882742,,
ACCT_028165,0.0002738832750770317,,
ACCT_028173,0.004003769412970533,,
ACCT_028178,0.004969446875315449,,
ACCT_028188,0.002469507568545594,,
ACCT_028208,0.5569292579759411,2024-07-22T00:00:00,2024-10-19T00:00:00
ACCT_028210,0.0006703483478314994,,
ACCT_028237,0.006333751164425236,,
ACCT_028239,0.00038655150880359014,,
ACCT_028252,0.0011512800080516763,,
ACCT_028260,0.01237167664418121,,
ACCT_028268,0.0034648262047483566,,
ACCT_028274,0.0019773293754836814,,
ACCT_028277,0.023156734884868514,,
ACCT_028283,0.0009394016927591526,,
ACCT_028299,0.005462460160402189,,
ACCT_028304,0.0037693099487364234,,
ACCT_028319,0.003569605070424546,,
ACCT_028338,7.510495158801386e-05,,
ACCT_028359,0.00018410002412770437,,
ACCT_028374,0.0020778688732677403,,
ACCT_028399,0.042180188913900546,,
ACCT_028401,0.03111472197623243,,
ACCT_028405,0.011890966990648264,,
ACCT_028431,0.0012906756997577051,,
ACCT_028432,0.000524281842801104,,
ACCT_028442,0.0006678041907688478,,
ACCT_028448,0.0010240434487478198,,
ACCT_028469,0.0012015979632188406,,
ACCT_028473,0.0035368275397662566,,
ACCT_028488,0.0005973728788237833,,
ACCT_028489,0.0007878116396275228,,
ACCT_028507,0.0011534360208742761,,
ACCT_028510,0.011562773713716234,,
ACCT_028513,0.004954947619831068,,
ACCT_028527,0.03187976287852236,,
ACCT_028586,0.005226143206758493,,
ACCT_028592,0.0008656305488564953,,
ACCT_028604,0.005704133543563418,,
ACCT_028608,0.002522614764233582,,
ACCT_028631,0.0003754432306912293,,
ACCT_028645,0.002033650680121066,,
ACCT_028650,0.022428008721943622,,
ACCT_028657,0.00022091584818043943,,
ACCT_028699,0.0050840466647696725,,
ACCT_028735,0.005291002001609572,,
ACCT_028767,0.01375943687170351,,
ACCT_028791,0.007724951893733789,,
ACCT_028807,0.023273612196078174,,
ACCT_028812,0.009782205152698146,,
ACCT_028814,0.00012344101071632704,,
ACCT_028848,0.0007565995328504323,,
ACCT_028850,0.011690160901148097,,
ACCT_028864,0.0073986121611368735,,
ACCT_028867,0.004597902715512518,,
ACCT_028869,0.0024099538417284025,,
ACCT_028871,0.005580929439658869,,
ACCT_028872,0.002214145254976974,,
ACCT_028874,0.1713315643430496,,
ACCT_028885,0.008101274784824806,,
ACCT_028886,0.0004738895735681047,,
ACCT_028912,0.006636668777982513,,
ACCT_028934,0.0010196764326804982,,
ACCT_028936,0.01939231600035607,,
ACCT_028939,0.6553874363781108,2025-04-01T00:00:00,2025-06-29T00:00:00
ACCT_028941,0.0013786286017959336,,
ACCT_028942,0.008281226501140885,,
ACCT_028955,0.0010557954265918885,,
ACCT_028957,0.008406564762315279,,
ACCT_028965,0.0006703645178184452,,
ACCT_029019,0.001168607808103373,,
ACCT_029020,0.0007888526710129254,,
ACCT_029040,0.0004408773583099778,,
ACCT_029041,0.0017005041971712843,,
ACCT_029043,0.00035276098943135535,,
ACCT_029051,0.009951712653363316,,
ACCT_029058,0.09932633265657081,,
ACCT_029090,0.003251637942406251,,
ACCT_029096,0.0015077685410515296,,
ACCT_029100,0.004115585779635106,,
ACCT_029109,0.01397391446560206,,
ACCT_029128,0.008056033177015256,,
ACCT_029129,0.00612823673571441,,
ACCT_029135,0.0007778958058861863,,
ACCT_029160,0.0013203318921763342,,
ACCT_029166,0.00032913716010048443,,
ACCT_029176,0.05217224229043423,,
ACCT_029192,0.00018457601368248282,,
ACCT_029207,0.013202639535351782,,
ACCT_029224,0.18867171390076604,,
ACCT_029232,0.0006553751154710522,,
ACCT_029256,0.0025920929744393294,,
ACCT_029260,0.00037228336924452173,,
ACCT_029269,0.004528537029531227,,
ACCT_029286,0.00034362895138523054,,
ACCT_029289,0.005400127011197971,,
ACCT_029294,0.003751219304684005,,
ACCT_029352,0.0019281011941742828,,
ACCT_029353,0.0005551797148485103,,
ACCT_029388,0.0012651766605557301,,
ACCT_029389,0.0017357455333575447,,
ACCT_029391,0.15596216139484384,,
ACCT_029399,0.029421156391198456,,
ACCT_029400,0.0007235206410495329,,
ACCT_029405,0.002083210335213058,,
ACCT_029408,0.005318578388062409,,
ACCT_029427,0.0043829916602925794,,
ACCT_029432,0.0010347640413330547,,
ACCT_029440,0.005122978919907025,,
ACCT_029441,0.0010801581822796425,,
ACCT_029484,0.0029240753519924633,,
ACCT_029497,0.020270532774654418,,
ACCT_029516,0.0012235118864081288,,
ACCT_029520,0.00033467629535504604,,
ACCT_029535,0.0006124358144605118,,
ACCT_029543,7.550800454203977e-05,,
ACCT_029562,0.000520079539724662,,
ACCT_029570,0.020663921589699215,,
ACCT_029586,0.5822661852578923,2023-06-29T00:00:00,2023-09-26T00:00:00
ACCT_029591,0.0008318005680343375,,
ACCT_029595,0.0005065533764924633,,
ACCT_029604,0.025938478732801314,,
ACCT_029609,0.00041014627822161514,,
ACCT_029626,0.0163885342328685,,
ACCT_029633,0.002434132757600342,,
ACCT_029647,0.0003398396205335482,,
ACCT_029685,0.004107673402805015,,
ACCT_029686,0.0002727512304759849,,
ACCT_029696,0.0015405184847521356,,
ACCT_029698,0.0014926769923445733,,
ACCT_029712,0.0011744518057608736,,
ACCT_029735,0.00044901235133478645,,
ACCT_029746,0.005902352772783237,,
ACCT_029750,0.00038874950142575636,,
ACCT_029770,0.001629885159793673,,
ACCT_029775,0.0007466596700602391,,
ACCT_029777,0.0033598682257690417,,
ACCT_029779,0.0019055129447897792,,
ACCT_029811,0.39882248146962734,2024-10-18T00:00:00,2025-01-15T00:00:00
ACCT_029830,0.001664638041640857,,
ACCT_029831,0.000505704559196212,,
ACCT_029836,0.0010114414980855505,,
ACCT_029849,0.0006686206658685027,,
ACCT_029850,0.013625166719056832,,
ACCT_029867,0.0037149917915470466,,
ACCT_029884,0.0025420282513643703,,
ACCT_029893,0.0018039429666985361,,
ACCT_029922,0.001159632647423721,,
ACCT_029945,0.00881274090078826,,
ACCT_029949,0.006288466921700557,,
ACCT_029982,0.00045485950483071527,,
ACCT_030007,0.0011796133168866726,,
ACCT_030009,0.001427764566841939,,
ACCT_030032,0.0016838723093520545,,
ACCT_030042,0.0005418979908152437,,
ACCT_030043,0.006205926091423494,,
ACCT_030049,0.023144133928842313,,
ACCT_030073,0.0006828837459311495,,
ACCT_030078,0.00040464253618978103,,
ACCT_030079,0.002763553403500987,,
ACCT_030084,0.0011351444415530878,,
ACCT_030091,0.0005955995000161611,,
ACCT_030093,0.0003743761737525597,,
ACCT_030101,0.0034660714668330603,,
ACCT_030114,0.00832164137144232,,
ACCT_030133,0.0006997668731050333,,
ACCT_030144,0.00029174889788323303,,
ACCT_030148,0.0034197210588609328,,
ACCT_030164,0.007414906451795903,,
ACCT_030170,0.009143134339057593,,
ACCT_030196,0.004340944941497877,,
ACCT_030198,0.006610308456753295,,
ACCT_030216,6.203507607120525e-05,,
ACCT_030228,0.0008242104125230406,,
ACCT_030229,0.0011680307141352744,,
ACCT_030234,0.00033157154821388196,,
ACCT_030260,0.0010664220561337925,,
ACCT_030276,0.001570099312669129,,
ACCT_030280,0.0005063231747443563,,
ACCT_030281,0.002521249983667655,,
ACCT_030289,0.0027175224869761708,,
ACCT_030300,0.0027049195868919062,,
ACCT_030304,0.004722121568290645,,
ACCT_030305,0.0009630803532172444,,
ACCT_030311,0.0039513086788631096,,
ACCT_030321,0.000300025462469087,,
ACCT_030350,0.0021955796552928708,,
ACCT_030377,0.052121756124391384,,
ACCT_030383,0.004344890283067133,,
ACCT_030398,0.0019495579923744094,,
ACCT_030417,0.13710972553192016,,
ACCT_030432,0.004236007972158834,,
ACCT_030434,0.0004949130802818981,,
ACCT_030436,0.002941673966399936,,
ACCT_030446,0.0025754171626048107,,
ACCT_030467,0.017448815771578138,,
ACCT_030470,0.005352727147463802,,
ACCT_030476,0.003300445046354624,,
ACCT_030494,0.001300616748913325,,
ACCT_030531,0.011397817630434457,,
ACCT_030549,0.0001413257825530925,,
ACCT_030577,0.0005522727591029764,,
ACCT_030591,0.6726473483883498,2024-11-11T00:00:00,2025-02-08T00:00:00
ACCT_030594,0.0012164809331662457,,
ACCT_030604,0.0007202973968913296,,
ACCT_030608,0.0005552036522151941,,
ACCT_030613,0.0009427442332509995,,
ACCT_030620,0.00257146333574251,,
ACCT_030625,0.00225863969516219,,
ACCT_030627,0.06969364540508349,,
ACCT_030632,0.0005698246124117006,,
ACCT_030638,0.00023784058301915613,,
ACCT_030642,0.00019260231172248934,,
ACCT_030652,0.0004924814904321733,,
ACCT_030660,0.9223016530565609,2025-03-29T00:00:00,2025-06-26T00:00:00
ACCT_030687,0.013414557485674314,,
ACCT_030694,0.005657026032212876,,
ACCT_030698,0.01237049789801074,,
ACCT_030701,0.0008665855610333209,,
ACCT_030715,0.002014416780285212,,
ACCT_030722,0.0031721608281214753,,
ACCT_030736,0.009412900126609829,,
ACCT_030748,0.33245796914770065,2024-09-19T00:00:00,2024-12-17T00:00:00
ACCT_030757,0.0039102092670353005,,
ACCT_030764,0.0030468228955079155,,
ACCT_030773,0.0003750019077224939,,
ACCT_030776,0.004993893201862729,,
ACCT_030779,0.0016457481019210023,,
ACCT_030783,0.0012759373554005631,,
ACCT_030811,0.0028576086656856878,,
ACCT_030821,0.007292499621824343,,
ACCT_030824,0.0014744450683079632,,
ACCT_030826,0.0038422820701822084,,
ACCT_030829,0.007943159730197904,,
ACCT_030831,0.0005813033200089117,,
ACCT_030836,0.0002501825448519555,,
ACCT_030838,0.38759247055103474,2021-01-03T00:00:00,2021-04-02T00:00:00
ACCT_030841,0.0010534883268702596,,
ACCT_030847,0.004280310152607441,,
ACCT_030851,0.0020753166444761697,,
ACCT_030864,0.0005896979629859165,,
ACCT_030865,0.011303654549225762,,
ACCT_030880,0.000371740896667546,,
ACCT_030883,0.0014529117287925865,,
ACCT_030902,0.0008816929650922693,,
ACCT_030906,0.0028732764973210152,,
ACCT_030923,0.00032049794745854954,,
ACCT_030935,0.0011701830411349195,,
ACCT_030965,0.03652825572632808,,
ACCT_030967,0.003196380542836963,,
ACCT_030975,0.0012167754120575242,,
ACCT_030979,0.004638968877087931,,
ACCT_031004,0.0008219241008878003,,
ACCT_031016,0.0035665763499713662,,
ACCT_031029,0.0011755124364777767,,
ACCT_031041,0.0008067842316999347,,
ACCT_031063,0.02013314232935484,,
ACCT_031067,0.0003540600239207062,,
ACCT_031075,0.0001031113406577886,,
ACCT_031089,0.0015366440378395774,,
ACCT_031091,0.001066877603738246,,
ACCT_031099,0.03839946691947615,,
ACCT_031132,0.00027445148366204145,,
ACCT_031158,0.00015728903056287858,,
ACCT_031187,0.041909798802935175,,
ACCT_031190,0.0026259806432106765,,
ACCT_031195,0.008921343312900506,,
ACCT_031203,0.00019417998296034853,,
ACCT_031229,0.0362186887290628,,
ACCT_031240,0.00014279008067478823,,
ACCT_031243,0.008186323858011862,,
ACCT_031252,0.005636124033561329,,
ACCT_031262,0.0026782942679376255,,
ACCT_031297,0.0013473586714323814,,
ACCT_031300,0.0017013031662317022,,
ACCT_031318,0.06377272903196625,,
ACCT_031322,0.0938823628446923,,
ACCT_031330,0.477975993172078,2024-10-14T00:00:00,2025-01-11T00:00:00
ACCT_031339,0.02509140476807109,,
ACCT_031341,0.0014825107659178565,,
ACCT_031344,0.0011045942885560284,,
ACCT_031346,0.005737443316019672,,
ACCT_031354,0.0009887250423172302,,
ACCT_031373,0.0013662426940814155,,
ACCT_031394,0.001035267999439534,,
ACCT_031405,0.002296370147322242,,
ACCT_031416,0.00036424910627437355,,
ACCT_031418,0.0029115581163504595,,
ACCT_031428,0.049462067319183275,,
ACCT_031449,0.0032152954036053227,,
ACCT_031464,0.0036683064683931837,,
ACCT_031537,0.004805648518295761,,
ACCT_031551,0.008962300291549524,,
ACCT_031570,0.05374088898910767,,
ACCT_031608,0.0006897877583294956,,
ACCT_031623,0.003429889545866245,,
ACCT_031643,0.002784324551678399,,
ACCT_031651,0.007682596611915083,,
ACCT_031674,0.0008569389259461884,,
ACCT_031692,0.13238792874825384,,
ACCT_031696,0.01644869136262052,,
ACCT_031699,0.005103701326441149,,
ACCT_031715,0.000362365442695507,,
ACCT_031734,0.041778390465529294,,
ACCT_031738,0.0022081891272599736,,
ACCT_031742,0.004078803942899534,,
ACCT_031743,0.001483917156144925,,
ACCT_031779,0.0053588963354049895,,
ACCT_031799,0.001104535453716636,,
ACCT_031837,0.0010298299944351713,,
ACCT_031839,0.00042687900325414415,,
ACCT_031869,0.003015929257988584,,
ACCT_031878,0.00015714444480705066,,
ACCT_031882,0.008036983033402811,,
ACCT_031901,0.003571457919264299,,
ACCT_031904,0.0022499260357304774,,
ACCT_031915,0.00022744386302541103,,
ACCT_031950,0.00015336190660461687,,
ACCT_031965,0.001209957602257701,,
ACCT_031971,0.00022090765675878603,,
ACCT_031995,0.0062997689497266696,,
ACCT_032005,0.08800299627826497,,
ACCT_032017,0.0023673356999220994,,
ACCT_032040,0.0012600666414241115,,
ACCT_032049,0.0356081362178075,,
ACCT_032058,0.0008403103950375103,,
ACCT_032059,0.0005061387759603124,,
ACCT_032068,0.0006995626277553818,,
ACCT_032085,0.0022328674624620937,,
ACCT_032096,0.1952926258744017,,
ACCT_032102,0.004881220971300976,,
ACCT_032105,0.00021285126157953634,,
ACCT_032130,0.00036127871602876247,,
ACCT_032132,0.008566611234797383,,
ACCT_032139,0.004509688971399828,,
ACCT_032170,0.0012696107939463123,,
ACCT_032176,0.000779479608190053,,
ACCT_032197,0.005275218091239939,,
ACCT_032205,0.015829586234086142,,
ACCT_032208,0.10150496610875033,,
ACCT_032210,0.027450634759454872,,
ACCT_032233,0.058506545195785645,,
ACCT_032253,0.006135760428975819,,
ACCT_032257,0.0011230376677376227,,
ACCT_032271,0.005041744178702162,,
ACCT_032288,0.003895725325017386,,
ACCT_032314,0.009780612319232936,,
ACCT_032316,0.0022661979112834018,,
ACCT_032327,0.0313646629297976,,
ACCT_032344,0.0003283946877569215,,
ACCT_032392,0.12336906370864043,,
ACCT_032407,0.002798893381099758,,
ACCT_032409,0.001007279892371004,,
ACCT_032430,0.0007596234522629571,,
ACCT_032434,0.006130602006327547,,
ACCT_032510,0.0010603997207417491,,
ACCT_032525,0.050578923990153256,,
ACCT_032529,0.003748703742120299,,
ACCT_032548,0.03072963817709038,,
ACCT_032579,0.00045242925850914634,,
ACCT_032599,0.00024092244435773206,,
ACCT_032612,0.019900915418129703,,
ACCT_032620,0.005727783520024213,,
ACCT_032629,0.01342788919640652,,
ACCT_032640,0.0007881114942020481,,
ACCT_032642,0.12223180562294493,,
ACCT_032651,0.0013945736191680782,,
ACCT_032676,0.0032626420127205603,,
ACCT_032681,0.0018849480136238499,,
ACCT_032691,0.0005500968000080474,,
ACCT_032704,0.022962770202145648,,
ACCT_032705,0.0006718934460810642,,
ACCT_032713,0.0006329164380518583,,
ACCT_032717,0.012068414841105244,,
ACCT_032736,0.00041486220803642196,,
ACCT_032750,0.008386276877047264,,
ACCT_032761,0.005394134703811072,,
ACCT_032795,0.0014774978666444107,,
ACCT_032804,0.014066467908839022,,
ACCT_032805,0.0003996371096413209,,
ACCT_032808,0.0074082327744658,,
ACCT_032817,0.00034488758666420815,,
ACCT_032837,0.0044897647124561724,,
ACCT_032861,0.00363464318867938,,
ACCT_032890,0.0016511235950917036,,
ACCT_032893,0.0028540989199212384,,
ACCT_032901,0.026962276856550116,,
ACCT_032906,0.005975666591452275,,
ACCT_032907,0.025609296456478615,,
ACCT_032913,0.001600440729830994,,
ACCT_032928,0.001030577212282332,,
ACCT_032935,0.006303627842172807,,
ACCT_032954,0.005716731610408021,,
ACCT_032956,0.0012207795012216084,,
ACCT_032963,0.00048377691218822805,,
ACCT_032969,0.0007744728588837281,,
ACCT_032991,0.0019207867279214742,,
ACCT_032999,0.00540762059190416,,
ACCT_033000,0.003339162060998714,,
ACCT_033018,0.0017495116742611886,,
ACCT_033021,0.004358659523008928,,
ACCT_033027,0.00821000862555548,,
ACCT_033029,0.013993088371314775,,
ACCT_033073,0.0004938665418616523,,
ACCT_033077,0.0005210595368807728,,
ACCT_033101,0.021753598935741036,,
ACCT_033103,0.002078750279500353,,
ACCT_033104,0.028185226284887704,,
ACCT_033109,0.00035027308122645944,,
ACCT_033113,0.1811441714506083,,
ACCT_033122,0.009508909217743096,,
ACCT_033126,0.0012516284140678693,,
ACCT_033136,0.003324629125757688,,
ACCT_033140,0.0060836766349500575,,
ACCT_033160,0.00153632991307844,,
ACCT_033174,0.004056495268283783,,
ACCT_033225,0.01859309017475919,,
ACCT_033238,0.002559438241644318,,
ACCT_033241,0.015801972779326552,,
ACCT_033245,9.858498198499063e-05,,
ACCT_033286,0.12114640976750742,,
ACCT_033287,0.0018035466184240655,,
ACCT_033293,0.0009238688234863813,,
ACCT_033295,0.00026597575205687874,,
ACCT_033322,0.0032494909972137775,,
ACCT_033326,0.0016423973273708768,,
ACCT_033327,0.0006245350269204822,,
ACCT_033334,0.001997952113802493,,
ACCT_033347,0.0006662325735483263,,
ACCT_033356,0.003279512068394796,,
ACCT_033369,0.001428851727591275,,
ACCT_033376,0.2783340213735621,,
ACCT_033380,0.28336650435280303,,
ACCT_033382,0.0022227459923559578,,
ACCT_033397,6.571550588183174e-05,,
ACCT_033410,0.0025834716130207847,,
ACCT_033431,0.0016486862144698266,,
ACCT_033452,0.0008693580218366836,,
ACCT_033465,0.0003455628606316027,,
ACCT_033478,0.0015788664953836616,,
ACCT_033483,0.002677801054467238,,
ACCT_033490,0.6248211319287919,2023-10-16T00:00:00,2024-01-13T00:00:00
ACCT_033507,0.00034671754229455135,,
ACCT_033545,0.0022897199298749153,,
ACCT_033547,0.010858043294470994,,
ACCT_033549,0.004506946421704542,,
ACCT_033550,0.006230553067574037,,
ACCT_033553,0.0018211086897384214,,
ACCT_033571,0.001373676226659623,,
ACCT_033593,0.002064479401875468,,
ACCT_033614,0.0016862311723785267,,
ACCT_033618,0.005027438109322508,,
ACCT_033622,0.003166892847791085,,
ACCT_033624,0.16866257889702047,,
ACCT_033650,0.008077851507594994,,
ACCT_033673,0.005685044490783151,,
ACCT_033678,0.0006796824035367439,,
ACCT_033695,0.007733648376521293,,
ACCT_033722,0.003286559087317775,,
ACCT_033730,0.12655718685549228,,
ACCT_033740,0.0011107343163842575,,
ACCT_033742,0.003042495849904392,,
ACCT_033757,0.0009603406339581911,,
ACCT_033767,0.0003496487104013688,,
ACCT_033779,0.004115330018185894,,
ACCT_033803,0.01064292585035697,,
ACCT_033816,0.0021040974930579873,,
ACCT_033838,0.13242339375435389,,
ACCT_033840,0.0006436683781036281,,
ACCT_033871,0.002380209113423911,,
ACCT_033882,0.034734237350254576,,
ACCT_033901,0.06656727485955416,,
ACCT_033904,0.002130635404110624,,
ACCT_033947,0.09393796513917516,,
ACCT_033965,7.217167101789416e-05,,
ACCT_033977,0.000699478802449333,,
ACCT_033981,0.003063349860697537,,
ACCT_033985,0.0016646042596218983,,
ACCT_034001,0.0006095845096672649,,
ACCT_034005,0.0077545075045758905,,
ACCT_034010,0.00167340063615448,,
ACCT_034012,0.009121688811004482,,
ACCT_034025,0.0002676882331885251,,
ACCT_034030,0.0019776315440352184,,
ACCT_034032,0.0025327261831908257,,
ACCT_034088,0.0007779715919793826,,
ACCT_034091,0.007807594003533672,,
ACCT_034111,0.0003520385387712677,,
ACCT_034122,0.002366415501991158,,
ACCT_034131,0.0007678736690005858,,
ACCT_034135,0.036687197482548874,,
ACCT_034140,0.016046275056480465,,
ACCT_034155,0.0008512467981436041,,
ACCT_034164,0.0015964983054349846,,
ACCT_034171,0.7095927814043013,2025-03-31T00:00:00,2025-06-28T00:00:00
ACCT_034182,0.024775995089514422,,
ACCT_034207,0.0002192570725015204,,
ACCT_034223,0.00010098085128343636,,
ACCT_034226,0.0006916485323411824,,
ACCT_034228,0.004371043755991646,,
ACCT_034248,0.005714493340462933,,
ACCT_034253,0.10106202369999318,,
ACCT_034271,0.00013794198018492843,,
ACCT_034282,0.001032184175351974,,
ACCT_034304,0.0018982351238279963,,
ACCT_034310,0.00035161660175716413,,
ACCT_034315,0.07321384049846168,,
ACCT_034318,0.0009952999540642443,,
ACCT_034325,0.0006444472237568515,,
ACCT_034334,0.0005790291682670776,,
ACCT_034336,0.0006431110720060818,,
ACCT_034340,0.007339254199373679,,
ACCT_034345,0.0013800099795367906,,
ACCT_034354,0.000520612203175383,,
ACCT_034372,0.00041553193794251,,
ACCT_034373,0.0003850819135653357,,
ACCT_034377,0.22765532431031438,,
ACCT_034384,0.00010739954498882839,,
ACCT_034392,0.0019118737089495528,,
ACCT_034430,0.02765025034680446,,
ACCT_034449,0.0005176503046429522,,
ACCT_034455,0.0010831542430890897,,
ACCT_034467,0.01852774674767033,,
ACCT_034471,0.0027550247164799093,,
ACCT_034476,0.0013001877168146033,,
ACCT_034485,0.03185470412100849,,
ACCT_034497,0.009520689328561038,,
ACCT_034509,0.0011507024892132432,,
ACCT_034533,0.02074133825158911,,
ACCT_034557,0.005154805040815791,,
ACCT_034558,0.0013077291513202594,,
ACCT_034559,0.0005445799990553904,,
ACCT_034560,0.0036072163798499812,,
ACCT_034567,0.7369290663473704,2022-06-09T00:00:00,2022-09-06T00:00:00
ACCT_034568,0.007710228222461394,,
ACCT_034578,0.008843706826229997,,
ACCT_034621,0.0018911794673154964,,
ACCT_034627,0.0018676154272956526,,
ACCT_034637,0.0010722406958267746,,
ACCT_034653,0.0006006565976850426,,
ACCT_034690,0.014076516122967012,,
ACCT_034713,0.06094305870402043,,
ACCT_034726,0.0034427490536323947,,
ACCT_034742,0.0015557773868343733,,
ACCT_034758,0.00115746231591696,,
ACCT_034786,0.0030467221890006775,,
ACCT_034808,0.00028032926452155213,,
ACCT_034829,0.00414585355871023,,
ACCT_034836,0.0001799254364879625,,
ACCT_034847,0.005483688506638178,,
ACCT_034874,0.0019304639831052475,,
ACCT_034876,0.003019653764594737,,
ACCT_034878,0.03301980528383376,,
ACCT_034881,0.14925658025318897,,
ACCT_034886,0.0012748142908327975,,
ACCT_034906,0.0051458777801313684,,
ACCT_034918,0.007771893175571337,,
ACCT_034919,0.0002843250716795245,,
ACCT_034927,0.0032022462704264835,,
ACCT_034932,0.0005125879752804252,,
ACCT_034934,0.0006285637541645222,,
ACCT_034958,0.41492188151744436,2023-06-11T00:00:00,2023-09-08T00:00:00
ACCT_034991,0.08217375696274956,,
ACCT_034998,0.00022171167505235273,,
ACCT_035023,0.0007489630006652019,,
ACCT_035055,0.0016779007571538578,,
ACCT_035085,0.0173618897608227,,
ACCT_035091,0.00041132766492956086,,
ACCT_035137,0.019569866685532934,,
ACCT_035151,0.0054267125204226765,,
ACCT_035161,0.014009357997477444,,
ACCT_035197,0.2999337154569005,,
ACCT_035201,0.2581250526704712,,
ACCT_035212,0.0015878764660421638,,
ACCT_035216,0.03760334888891732,,
ACCT_035217,0.0027044331295796773,,
ACCT_035238,0.0004989949479300505,,
ACCT_035244,0.0036263497211497494,,
ACCT_035246,0.009802392224972225,,
ACCT_035250,0.10215801756028398,,
ACCT_035265,0.0006543896646336091,,
ACCT_035280,0.006727269053150827,,
ACCT_035314,0.0009168916165358627,,
ACCT_035327,0.0014617059641216115,,
ACCT_035352,0.00045338742632924434,,
ACCT_035353,0.001087388190377408,,
ACCT_035363,0.0028204383381635898,,
ACCT_035384,0.0003081375107037819,,
ACCT_035426,0.0009142079558045159,,
ACCT_035437,0.004744111067040907,,
ACCT_035441,0.0024836244383482304,,
ACCT_035443,0.22445716347565559,,
ACCT_035460,0.004950460843134097,,
ACCT_035481,0.0009047081600583332,,
ACCT_035509,0.009117047161813368,,
ACCT_035526,0.0482983305399237,,
ACCT_035541,0.007051345050179442,,
ACCT_035542,0.008183631966508292,,
ACCT_035550,0.0024158848032756115,,
ACCT_035563,0.003137712326029741,,
ACCT_035577,0.23614150673307321,,
ACCT_035579,0.0183520886705429,,
ACCT_035582,0.003912525493627882,,
ACCT_035586,0.0013002947895296123,,
ACCT_035611,0.005055034040886795,,
ACCT_035613,0.0038102767971239966,,
ACCT_035622,0.0031072016231937062,,
ACCT_035635,0.0008295016240207913,,
ACCT_035637,0.6996563971063655,2025-04-02T00:00:00,2025-06-30T00:00:00
ACCT_035640,0.008755179555445535,,
ACCT_035642,0.05095121150828284,,
ACCT_035644,0.00021402986911388039,,
ACCT_035649,0.008218922647510715,,
ACCT_035665,0.0003225160220634723,,
ACCT_035670,0.00026515131035875176,,
ACCT_035677,0.006098621368679194,,
ACCT_035687,0.007422145271805447,,
ACCT_035698,0.0190231040077291,,
ACCT_035699,0.8108765927188936,2025-05-16T00:00:00,2025-06-25T00:00:00
ACCT_035701,0.0009166337518183535,,
ACCT_035704,0.00045059349208225586,,
ACCT_035711,0.0034707837455847552,,
ACCT_035721,0.0011310124275630451,,
ACCT_035722,0.0022083373473758008,,
ACCT_035736,0.0036269011819912303,,
ACCT_035738,0.008582403017196044,,
ACCT_035742,0.0015518809600891322,,
ACCT_035749,0.0002276131028487647,,
ACCT_035758,0.00038746211046190805,,
ACCT_035780,0.0004941405223278991,,
ACCT_035781,0.0021257962230570903,,
ACCT_035796,0.00015433620021443206,,
ACCT_035804,0.012461302474200426,,
ACCT_035819,0.004220315612541625,,
ACCT_035821,0.0011567191038124956,,
ACCT_035825,0.019133472070026768,,
ACCT_035862,0.02815494998858662,,
ACCT_035892,0.0021893715802616355,,
ACCT_035895,0.026133357312464873,,
ACCT_035914,0.5103493569082703,2025-04-22T00:00:00,2025-06-29T00:00:00
ACCT_035927,0.002965424891798701,,
ACCT_035928,0.007320090605337953,,
ACCT_035936,0.002872553113661622,,
ACCT_035948,0.0018663019304337811,,
ACCT_035957,0.045287047495456347,,
ACCT_035967,0.002041028363293718,,
ACCT_035989,0.0040860120008820834,,
ACCT_035998,0.0020117035304913315,,
ACCT_036017,0.0013435598378869784,,
ACCT_036040,0.008043025734173525,,
ACCT_036062,0.00026803593389921156,,
ACCT_036069,0.007978670017343512,,
ACCT_036077,0.005067267851216426,,
ACCT_036103,0.0007116547150158256,,
ACCT_036147,0.04066532510428167,,
ACCT_036148,0.010499254240161505,,
ACCT_036160,0.0008543360319968416,,
ACCT_036168,0.01018920325629098,,
ACCT_036189,0.007348845318983557,,
ACCT_036205,0.016706449493633646,,
ACCT_036217,0.002481451242497586,,
ACCT_036244,0.0026731247569442593,,
ACCT_036262,0.00830210017001037,,
ACCT_036284,0.0020820868057616192,,
ACCT_036325,0.00298574098943061,,
ACCT_036339,0.08344413916103602,,
ACCT_036362,0.001609610655507782,,
ACCT_036365,0.028942356257349137,,
ACCT_036388,0.010441374726595202,,
ACCT_036404,0.0012690746100144496,,
ACCT_036405,0.002432820974503174,,
ACCT_036421,0.0011649474395924624,,
ACCT_036431,0.0008761467597323223,,
ACCT_036449,0.00113414682870798,,
ACCT_036463,0.009210248896058239,,
ACCT_036470,0.04465025837219838,,
ACCT_036474,0.0010376863052603644,,
ACCT_036486,0.0013533710129919403,,
ACCT_036489,0.0004242856615517624,,
ACCT_036496,0.0014562012918773386,,
ACCT_036503,0.0013490262767924242,,
ACCT_036522,0.0008767442844408618,,
ACCT_036525,0.035000538729544436,,
ACCT_036549,0.0013667599928488237,,
ACCT_036580,0.00018581859677742194,,
ACCT_036583,0.004307808465455642,,
ACCT_036587,0.03391985346946253,,
ACCT_036637,0.009496276661513153,,
ACCT_036651,0.00016866119983689927,,
ACCT_036660,0.0021502444141060753,,
ACCT_036667,0.003843139700238142,,
ACCT_036672,0.002241814886881384,,
ACCT_036683,0.0672407692105502,,
ACCT_036728,0.0027117964970618186,,
ACCT_036741,0.0036781386563863026,,
ACCT_036747,0.0023303347146372633,,
ACCT_036756,0.0030295177755418354,,
ACCT_036783,0.0005747489908969532,,
ACCT_036789,0.0012862251437160165,,
ACCT_036804,0.002128529205513245,,
ACCT_036805,0.0021223826868498217,,
ACCT_036809,0.0008857464678881435,,
ACCT_036816,0.00711488080800393,,
ACCT_036822,9.530467792704834e-05,,
ACCT_036831,0.0010203602828480012,,
ACCT_036844,0.0006289241054717495,,
ACCT_036848,0.019638787493340693,,
ACCT_036850,0.0015182053674278686,,
ACCT_036856,0.0013757033188516808,,
ACCT_036897,0.002165783031519688,,
ACCT_036904,0.0006540992565934274,,
ACCT_036944,0.009710493682230438,,
ACCT_036947,0.0018140092513598324,,
ACCT_037006,0.06680232140819183,,
ACCT_037046,0.0023665775758986846,,
ACCT_037057,0.0009135372291813807,,
ACCT_037060,0.029757271964675452,,
ACCT_037068,0.003442109293841554,,
ACCT_037071,0.02588990738907206,,
ACCT_037094,0.008992843909687813,,
ACCT_037096,0.00160258846147189,,
ACCT_037100,0.0046145130169286,,
ACCT_037112,0.025276082560748935,,
ACCT_037136,0.004669253236896142,,
ACCT_037139,0.009549678540992245,,
ACCT_037161,0.008453349077943222,,
ACCT_037177,0.00032139725649861327,,
ACCT_037194,0.00966259244653822,,
ACCT_037214,0.056966354393381144,,
ACCT_037238,0.00023328383390260228,,
ACCT_037242,0.0005129687429191801,,
ACCT_037257,0.0009407963419657314,,
ACCT_037262,0.0021475941615563864,,
ACCT_037269,0.0032676306954633966,,
ACCT_037273,0.010075255409211241,,
ACCT_037285,0.0022818345038788826,,
ACCT_037296,0.0048687041258522685,,
ACCT_037324,0.003272291391269254,,
ACCT_037325,0.00019575308786468865,,
ACCT_037332,0.0293435422708753,,
ACCT_037342,0.010797652969198143,,
ACCT_037396,0.0030092630975859748,,
ACCT_037397,0.0010117250833872392,,
ACCT_037400,0.005687268099392392,,
ACCT_037406,0.0027152600798378028,,
ACCT_037407,0.0317168293012189,,
ACCT_037411,0.000405286913226757,,
ACCT_037422,0.006726356724592002,,
ACCT_037427,0.0017202580174521757,,
ACCT_037435,0.005294843617937072,,
ACCT_037439,0.0033015431706776384,,
ACCT_037451,0.0006853883267109787,,
ACCT_037477,0.02899593910660376,,
ACCT_037481,0.0004076025533185209,,
ACCT_037484,0.0016727375419335986,,
ACCT_037527,0.030777435127163112,,
ACCT_037545,0.011829349995835526,,
ACCT_037558,0.0016820338332698148,,
ACCT_037565,0.00419143194506875,,
ACCT_037582,0.002466106721663755,,
ACCT_037586,0.0005778081260999732,,
ACCT_037610,0.0015841374007937166,,
ACCT_037619,0.00043664793483038966,,
ACCT_037623,0.00020051916090173507,,
ACCT_037641,0.02535093940819976,,
ACCT_037642,0.004465558272190071,,
ACCT_037644,0.008658990665853338,,
ACCT_037653,0.0005221387934102215,,
ACCT_037691,0.0010937192253780092,,
ACCT_037701,0.006215445803589749,,
ACCT_037721,0.0018971468589292554,,
ACCT_037757,0.0006526430431813821,,
ACCT_037772,0.002233181222265203,,
ACCT_037779,0.00317520965299366,,
ACCT_037783,0.011402503319753498,,
ACCT_037834,0.00021555597822935755,,
ACCT_037845,0.00263417106924147,,
ACCT_037855,0.0015387129201254398,,
ACCT_037867,0.0009684937029144856,,
ACCT_037875,0.003148191854419161,,
ACCT_037889,0.003079545910588497,,
ACCT_037969,0.0010326830557238118,,
ACCT_037970,0.03337959369190674,,
ACCT_037979,0.00013844038630538626,,
ACCT_037986,0.01151890654012896,,
ACCT_037996,0.007929897025926662,,
ACCT_038040,0.0009327851072868702,,
ACCT_038054,0.007674399715358625,,
ACCT_038083,0.021802929783198144,,
ACCT_038086,0.0028075296385102807,,
ACCT_038090,0.0023520511924257958,,
ACCT_038126,0.1585926141438782,,
ACCT_038137,0.0036974933724969205,,
ACCT_038142,0.000550898395752451,,
ACCT_038156,0.0035232062039554724,,
ACCT_038164,0.04330040421712692,,
ACCT_038187,0.0017993136881873373,,
ACCT_038211,0.01840531172766655,,
ACCT_038220,0.00030700607605713235,,
ACCT_038235,0.008464493462757957,,
ACCT_038238,0.0010431686606582914,,
ACCT_038257,8.518694084649761e-05,,
ACCT_038282,0.0005435934043991457,,
ACCT_038291,0.0006108940073046512,,
ACCT_038294,0.010288285125449314,,
ACCT_038306,0.0012525575332926896,,
ACCT_038313,0.00034943714226380064,,
ACCT_038318,0.04351640598762728,,
ACCT_038353,0.0019753198749337063,,
ACCT_038365,0.001110119105207683,,
ACCT_038373,0.0002756527488990015,,
ACCT_038374,0.004367781760309355,,
ACCT_038395,0.02712735202270312,,
ACCT_038405,0.0032052518935018503,,
ACCT_038407,0.15368447215999811,,
ACCT_038465,0.00420115967504129,,
ACCT_038480,0.0019145795597583222,,
ACCT_038482,0.0024480381376826834,,
ACCT_038511,0.006175551370864228,,
ACCT_038536,0.04810989129981824,,
ACCT_038556,0.00409669225447334,,
ACCT_038563,0.0004620692484575914,,
ACCT_038583,0.0024431710922634296,,
ACCT_038616,0.012826842654028994,,
ACCT_038637,0.053252597404885416,,
ACCT_038652,0.009951279725408543,,
ACCT_038654,0.0025881816073036173,,
ACCT_038655,0.0004041054312936927,,
ACCT_038660,0.005031991345682091,,
ACCT_038673,0.001981618608904743,,
ACCT_038674,0.0012133245762451588,,
ACCT_038676,0.008090030836506215,,
ACCT_038690,0.000634681718073349,,
ACCT_038691,0.0011784120655953772,,
ACCT_038696,0.002965263802273162,,
ACCT_038697,0.002861567188776994,,
ACCT_038698,0.0005740532782102096,,
ACCT_038707,0.00048206791522501186,,
ACCT_038720,0.06538483234225222,,
ACCT_038726,0.0015559349927131336,,
ACCT_038758,0.0014807965365224833,,
ACCT_038775,0.0014362380793489923,,
ACCT_038783,0.00037187740616542687,,
ACCT_038796,0.0002258750773733719,,
ACCT_038799,0.001270776005690507,,
ACCT_038805,0.06519135422452121,,
ACCT_038806,0.004206001539692876,,
ACCT_038810,0.00038490322008580746,,
ACCT_038811,0.00160204250846361,,
ACCT_038817,0.010730207466835727,,
ACCT_038837,0.0011478426097232062,,
ACCT_038844,0.035803007423508726,,
ACCT_038847,0.028809861435782423,,
ACCT_038855,0.001752462787568731,,
ACCT_038861,0.0456319573972673,,
ACCT_038865,0.004153753659105277,,
ACCT_038871,0.38747754357204306,2024-07-16T00:00:00,2024-10-13T00:00:00
ACCT_038903,0.005057990943845518,,
ACCT_038910,0.0037248670539266277,,
ACCT_038924,0.024623300305025204,,
ACCT_038936,0.028690041794108882,,
ACCT_038940,0.0027411727316225707,,
ACCT_039004,0.006116290366992043,,
ACCT_039007,0.0016451645911158576,,
ACCT_039010,0.005107026725829498,,
ACCT_039018,0.014077546217995101,,
ACCT_039022,0.060532671534914415,,
ACCT_039026,0.0010831539011514073,,
ACCT_039032,0.04671609816002412,,
ACCT_039038,0.0027864167701582296,,
ACCT_039062,0.000697232756653192,,
ACCT_039081,0.0020660897113001088,,
ACCT_039104,0.0004881869707210348,,
ACCT_039130,0.001729553891827747,,
ACCT_039144,0.008130679129286264,,
ACCT_039164,0.0030382094646759688,,
ACCT_039168,0.0009471183712531894,,
ACCT_039177,0.0026255054908286453,,
ACCT_039191,0.005598912539590882,,
ACCT_039197,0.010003467285317801,,
ACCT_039201,0.0002535175709802458,,
ACCT_039213,0.007817447341913182,,
ACCT_039216,0.05924596798607651,,
ACCT_039265,0.0003120708297573873,,
ACCT_039291,0.0021032237394808225,,
ACCT_039324,5.03445307780556e-05,,
ACCT_039349,0.0005030643411671551,,
ACCT_039350,0.008994402446857048,,
ACCT_039355,0.0011588993546416107,,
ACCT_039362,0.0010715927424301828,,
ACCT_039363,0.0022318528947810135,,
ACCT_039383,0.008264039027757148,,
ACCT_039398,0.0012777770765800176,,
ACCT_039420,0.0015921915379379671,,
ACCT_039441,0.01783160064174186,,
ACCT_039442,0.0004996097494375466,,
ACCT_039445,0.1915724029810641,,
ACCT_039463,0.03568579396158329,,
ACCT_039474,0.003339829378319588,,
ACCT_039477,0.020372438630830915,,
ACCT_039495,0.06720827908024322,,
ACCT_039497,0.008562513642348068,,
ACCT_039502,0.0008534702898015419,,
ACCT_039544,0.034778353895947,,
ACCT_039561,0.11604089883885152,,
ACCT_039564,0.13543672775263285,,
ACCT_039576,0.00022136224588538935,,
ACCT_039585,0.0038726592728977674,,
ACCT_039586,0.057170191252762834,,
ACCT_039597,0.0009314418466104781,,
ACCT_039604,0.002051422848542685,,
ACCT_039608,0.00019507438196549842,,
ACCT_039613,0.0006893803979897905,,
ACCT_039614,0.0005907577906122062,,
ACCT_039619,0.0002595283937862683,,
ACCT_039648,0.0002813789158738496,,
ACCT_039651,0.0004693134965990095,,
ACCT_039664,0.004254301973559858,,
ACCT_039665,0.07501607751260267,,
ACCT_039668,0.011181778013082705,,
ACCT_039682,0.0013910775305435337,,
ACCT_039698,0.0005804537561347792,,
ACCT_039699,0.0022419842509056064,,
ACCT_039708,0.15157263781658167,,
ACCT_039725,0.20041386747589657,,
ACCT_039746,0.00034015721032914223,,
ACCT_039762,0.06446095397708841,,
ACCT_039763,0.001162160584687434,,
ACCT_039775,0.0011684102437394257,,
ACCT_039782,0.00020765286874409412,,
ACCT_039786,0.0009712679574789905,,
ACCT_039798,0.005894745457153889,,
ACCT_039813,0.001644384510311197,,
ACCT_039822,0.008021989054091832,,
ACCT_039826,0.10481395905683677,,
ACCT_039837,0.03101622665722999,,
ACCT_039838,8.57091198088436e-05,,
ACCT_039849,0.0032302912316080823,,
ACCT_039851,0.0014876299380190774,,
ACCT_039868,0.00015559932819151623,,
ACCT_039873,0.005896123048026452,,
ACCT_039894,0.0003816268310509989,,
ACCT_039910,0.019010128919140893,,
ACCT_039917,0.0008554535345921599,,
ACCT_039920,0.013050904216674295,,
ACCT_039923,0.03632500893265652,,
ACCT_039924,0.008850125507239116,,
ACCT_039929,0.008582606314077345,,
ACCT_039933,0.0007159600538583444,,
ACCT_039937,0.006188922100477134,,
ACCT_039944,0.0004967525274759217,,
ACCT_039989,0.24041404849817533,,
ACCT_040005,0.03984941101971026,,
ACCT_040014,4.3474933637257956e-05,,
ACCT_040077,0.018199437034571834,,
ACCT_040082,0.0003200038039867029,,
ACCT_040084,0.004156689045180415,,
ACCT_040088,0.0019841911268387224,,
ACCT_040091,0.005510728000802918,,
ACCT_040094,0.4453375902894052,2020-09-18T00:00:00,2020-12-16T00:00:00
ACCT_040098,0.015030198545627904,,
ACCT_040099,0.01879808941886458,,
ACCT_040102,0.00250278982917265,,
ACCT_040127,0.0008040188203573525,,
ACCT_040134,0.00840991663320666,,
ACCT_040156,0.20194426754302616,,
ACCT_040160,0.0004543677357157322,,
ACCT_040201,0.0035237601890913245,,
ACCT_040206,0.00044595314704920085,,
ACCT_040211,0.17385190631260722,,
ACCT_040228,0.046856433456932065,,
ACCT_040231,0.10848101266421384,,
ACCT_040240,0.005421449699316938,,
ACCT_040242,0.06357756474062705,,
ACCT_040254,0.0049271386581026585,,
ACCT_040282,0.004914869071424768,,
ACCT_040297,0.00016050132631951214,,
ACCT_040307,0.0046578914902269215,,
ACCT_040309,0.0008850390979880923,,
ACCT_040323,0.027008816751868274,,
ACCT_040368,0.00043703810799379706,,
ACCT_040393,0.0033017474447810382,,
ACCT_040397,0.00639695470115708,,
ACCT_040399,0.004633320412761656,,
ACCT_040408,0.00034561603219831306,,
ACCT_040422,0.00011497861110082918,,
ACCT_040426,0.02861326545759522,,
ACCT_040427,0.001942864825132337,,
ACCT_040432,0.000715448947539481,,
ACCT_040450,0.1021999925449359,,
ACCT_040461,0.0005790813205262916,,
ACCT_040464,0.012003559182137023,,
ACCT_040465,0.0025666603012633985,,
ACCT_040471,0.028055096940568115,,
ACCT_040487,0.0012153464001872735,,
ACCT_040518,0.0028857929555020844,,
ACCT_040525,0.0015692606074749007,,
ACCT_040528,0.005074052139445296,,
ACCT_040544,0.0023646260527567216,,
ACCT_040549,0.0023182565021936225,,
ACCT_040557,0.0004140832599650083,,
ACCT_040577,0.07069290936633953,,
ACCT_040580,0.0026064939537710228,,
ACCT_040592,0.001418390079142727,,
ACCT_040603,0.0010398972730707838,,
ACCT_040614,0.11398295924074472,,
ACCT_040624,0.00049962506528145,,
ACCT_040625,0.0006681598326190332,,
ACCT_040633,0.0021608705789823643,,
ACCT_040651,0.02835708882576936,,
ACCT_040658,0.0040242163238834745,,
ACCT_040659,0.0021130060061399507,,
ACCT_040662,0.0014350936700065085,,
ACCT_040663,0.0744724195810011,,
ACCT_040671,0.031691461666465304,,
ACCT_040677,0.0010658216130760329,,
ACCT_040691,0.10864818191703263,,
ACCT_040696,0.0336979189809132,,
ACCT_040704,0.0017912543453687878,,
ACCT_040713,0.004993920328419039,,
ACCT_040725,0.004490575723694725,,
ACCT_040738,0.004651708651182479,,
ACCT_040741,0.03509510495364845,,
ACCT_040754,0.002834279710200852,,
ACCT_040772,0.01568554444868494,,
ACCT_040867,0.0008450811032307323,,
ACCT_040874,4.3688774714419155e-05,,
ACCT_040881,0.009147826955156842,,
ACCT_040889,0.0005489879050231027,,
ACCT_040894,0.009828771459343163,,
ACCT_040902,0.0012378557967215333,,
ACCT_040909,0.000522375891935744,,
ACCT_040911,0.0004625998945937547,,
ACCT_040927,0.00037349081620028496,,
ACCT_040935,0.0230964762995672,,
ACCT_040976,0.0010064188703151368,,
ACCT_041007,0.00065748826070929,,
ACCT_041039,0.001150135141836171,,
ACCT_041075,0.012998154467807745,,
ACCT_041079,0.0008555997058739505,,
ACCT_041088,0.002599533795902093,,
ACCT_041101,0.0013831443599062567,,
ACCT_041113,0.0018845135799604178,,
ACCT_041140,0.0012032122142568824,,
ACCT_041151,6.006417525432596e-05,,
ACCT_041154,0.005506203784128834,,
ACCT_041181,0.0016961258003036828,,
ACCT_041213,0.0011425216132670524,,
ACCT_041215,0.0005441279250526794,,
ACCT_041236,0.1653776787879927,,
ACCT_041242,0.002824788748376949,,
ACCT_041243,0.007384784555007301,,
ACCT_041257,0.15796856147371321,,
ACCT_041262,0.002321636647965389,,
ACCT_041263,0.011184796320458235,,
ACCT_041274,0.00039151897254522777,,
ACCT_041292,0.0007019898026575085,,
ACCT_041293,0.003573552009733786,,
ACCT_041306,0.0032702419688465435,,
ACCT_041312,0.02314061304120327,,
ACCT_041315,0.12685536124714694,,
ACCT_041374,0.0007648117281037691,,
ACCT_041381,0.009975574502313974,,
ACCT_041389,0.0004083603849981494,,
ACCT_041390,0.03642232306778047,,
ACCT_041420,0.3230516863230582,2023-08-17T00:00:00,2023-11-14T00:00:00
ACCT_041435,0.0004803159013275704,,
ACCT_041436,0.0006249118895900717,,
ACCT_041443,0.6963536544665097,2025-03-23T00:00:00,2025-06-20T00:00:00
ACCT_041445,0.00011368038269751778,,
ACCT_041463,0.005138528416868947,,
ACCT_041487,0.006998334086590038,,
ACCT_041499,0.002578042521759557,,
ACCT_041501,0.011405472951992911,,
ACCT_041511,0.010303946408633377,,
ACCT_041515,0.11202237520472995,,
ACCT_041520,0.00016774369121367493,,
ACCT_041543,0.002036661636774126,,
ACCT_041545,0.008945404883479311,,
ACCT_041564,0.0005216652035147799,,
ACCT_041591,0.0028741326644130417,,
ACCT_041598,0.005706656728292471,,
ACCT_041603,0.0007509523500689639,,
ACCT_041614,0.002030870152728781,,
ACCT_041643,0.0008361584050707253,,
ACCT_041657,0.00023917227758907936,,
ACCT_041665,0.001990532250310377,,
ACCT_041691,0.000355183701625552,,
ACCT_041704,0.0007043127294409702,,
ACCT_041710,0.0013896890232587974,,
ACCT_041714,0.0021445315604106336,,
ACCT_041718,0.015114544275262699,,
ACCT_041719,0.00022089923744456606,,
ACCT_041743,0.002654399512170014,,
ACCT_041744,0.003006105707472487,,
ACCT_041753,0.0038820784994298982,,
ACCT_041762,0.0036905898945902233,,
ACCT_041768,0.0010245904346708162,,
ACCT_041791,0.0002776900885429165,,
ACCT_041799,0.00052679099400952,,
ACCT_041809,0.003180868459019393,,
ACCT_041842,0.0004771974651703497,,
ACCT_041845,0.01634740795105564,,
ACCT_041872,0.0018172871003960384,,
ACCT_041879,0.001615956483898846,,
ACCT_041896,0.0010911826741445978,,
ACCT_041897,0.006537901016400704,,
ACCT_041913,0.0034280552660179084,,
ACCT_041939,0.0012141234251822257,,
ACCT_041968,0.20798798610902822,,
ACCT_041974,0.0015481546447163217,,
ACCT_041986,0.00010126406174916261,,
ACCT_041996,0.00022196640184158207,,
ACCT_042017,0.003958508367870481,,
ACCT_042020,0.0022171712540983656,,
ACCT_042024,0.0911323980178497,,
ACCT_042036,0.0007066173146799297,,
ACCT_042043,0.0006814162226435834,,
ACCT_042055,0.003375996463526618,,
ACCT_042061,0.0006916909915682265,,
ACCT_042072,0.009261441557071686,,
ACCT_042086,0.06555251482476718,,
ACCT_042109,0.001177965578755605,,
ACCT_042138,0.0005605331669189372,,
ACCT_042139,0.0049512278366449555,,
ACCT_042140,0.0012217585961540637,,
ACCT_042145,0.20398508789911554,,
ACCT_042146,0.000255382561715797,,
ACCT_042150,0.0046505878826480235,,
ACCT_042161,0.007763610319379266,,
ACCT_042171,0.00022731806205511678,,
ACCT_042181,0.0009936115006669924,,
ACCT_042182,0.00019190990687403443,,
ACCT_042192,0.0005077864064697013,,
ACCT_042197,0.0010673955729423553,,
ACCT_042201,0.0017585554947043623,,
ACCT_042211,0.000871719548579457,,
ACCT_042213,0.001319123393520393,,
ACCT_042221,0.001156144029714794,,
ACCT_042226,0.0011799129984568836,,
ACCT_042269,0.0024754054207355193,,
ACCT_042305,0.0006786968288427556,,
ACCT_042315,0.004493721911393555,,
ACCT_042317,0.07302796934911765,,
ACCT_042318,0.02527729381477816,,
ACCT_042332,0.0010219594444940507,,
ACCT_042338,0.004948244859621917,,
ACCT_042353,0.5761796184682082,2025-02-13T00:00:00,2025-05-13T00:00:00
ACCT_042385,0.02044574492650684,,
ACCT_042392,0.0003046279086800278,,
ACCT_042413,0.05543994537870715,,
ACCT_042414,0.0017739659381077193,,
ACCT_042432,0.0022687463422407374,,
ACCT_042461,0.03064775203057842,,
ACCT_042486,0.0014127236787475246,,
ACCT_042495,0.03717588640548112,,
ACCT_042537,0.0005114985926070743,,
ACCT_042556,0.0004369083101348699,,
ACCT_042562,0.0016948295900920257,,
ACCT_042571,0.0004280621104191939,,
ACCT_042582,0.02519440509252994,,
ACCT_042587,0.04835908701168538,,
ACCT_042594,0.00028087235063816834,,
ACCT_042597,0.003002637370810547,,
ACCT_042603,0.006645882594669196,,
ACCT_042626,0.007569303007653111,,
ACCT_042628,0.011941370852572457,,
ACCT_042662,0.022252674248807704,,
ACCT_042676,0.0005701864533580854,,
ACCT_042678,0.006170073324831721,,
ACCT_042704,0.5080290194117174,2024-12-28T00:00:00,2025-03-27T00:00:00
ACCT_042705,0.004357690969954498,,
ACCT_042709,0.08393023465535616,,
ACCT_042716,0.0018695689724243468,,
ACCT_042718,0.0007690928857055065,,
ACCT_042759,0.0372679096971159,,
ACCT_042761,0.0030940893971222825,,
ACCT_042774,0.01036512882698818,,
ACCT_042791,0.47258677905408975,2024-03-10T00:00:00,2024-06-07T00:00:00
ACCT_042829,0.007882619543892709,,
ACCT_042832,0.0012005163457651654,,
ACCT_042856,0.0002664658179994524,,
ACCT_042888,0.0019416288812739706,,
ACCT_042896,0.00022243880770183417,,
ACCT_042908,0.23020568202346312,,
ACCT_042933,0.007707172356788752,,
ACCT_042937,0.002053359570034583,,
ACCT_042957,0.004721416940192772,,
ACCT_042983,0.024375700792280783,,
ACCT_042984,0.0040480605797781136,,
ACCT_043003,0.03854674101187062,,
ACCT_043019,0.0014091953687979373,,
ACCT_043022,0.002488311918967946,,
ACCT_043068,0.5904895105152537,2025-03-21T00:00:00,2025-06-18T00:00:00
ACCT_043091,0.042945493562506355,,
ACCT_043110,0.0010983313066595586,,
ACCT_043119,0.0031119313300427584,,
ACCT_043127,0.001299591447581987,,
ACCT_043156,0.0045137342682055786,,
ACCT_043176,0.02910727977708518,,
ACCT_043201,0.023934288847243773,,
ACCT_043202,0.0016866888835839616,,
ACCT_043204,0.04780572708862049,,
ACCT_043207,0.0026089536158966195,,
ACCT_043241,0.0015404727460545866,,
ACCT_043245,0.008345396160243521,,
ACCT_043275,0.004949591018094219,,
ACCT_043280,0.0012517299941134723,,
ACCT_043284,0.0016512787908966801,,
ACCT_043300,0.0010643378107785474,,
ACCT_043317,0.0017512086370710597,,
ACCT_043368,0.001228934365239976,,
ACCT_043374,0.0005239172981414605,,
ACCT_043397,0.13960831709537386,,
ACCT_043410,0.007011498486261344,,
ACCT_043417,0.0002021415620731139,,
ACCT_043429,0.0006631230546026918,,
ACCT_043432,0.003874809246583376,,
ACCT_043459,0.03974532648025989,,
ACCT_043472,0.0002795294344041532,,
ACCT_043476,0.0018543085315987546,,
ACCT_043482,0.016643209092542872,,
ACCT_043488,0.0006482381291573575,,
ACCT_043503,4.8273573858390654e-05,,
ACCT_043504,0.07660859088872722,,
ACCT_043510,6.698828029126016e-05,,
ACCT_043512,0.2607690341750256,,
ACCT_043526,0.014978288494433428,,
ACCT_043569,6.348470963723465e-05,,
ACCT_043597,0.006173204948663854,,
ACCT_043613,0.003765811246054198,,
ACCT_043619,0.0015025387083812017,,
ACCT_043621,0.0034887067267460247,,
ACCT_043642,0.3072479136259838,2022-05-30T00:00:00,2022-08-27T00:00:00
ACCT_043653,0.005456295715327147,,
ACCT_043658,0.0013504896381408868,,
ACCT_043663,0.015271593279557554,,
ACCT_043718,0.0007470840011335415,,
ACCT_043735,0.002852648185683198,,
ACCT_043776,0.0019270451010432663,,
ACCT_043784,0.010404637476124494,,
ACCT_043799,0.01493455186484422,,
ACCT_043810,0.03184066395393977,,
ACCT_043816,0.000457508681937542,,
ACCT_043825,0.005146805531038984,,
ACCT_043838,0.0010281060406985088,,
ACCT_043866,0.00330367053725169,,
ACCT_043878,0.0006472424033429094,,
ACCT_043886,0.0023632050231287257,,
ACCT_043916,0.04611272846640255,,
ACCT_043919,0.0058112950190420554,,
ACCT_043939,0.0014641470286412194,,
ACCT_043945,0.0030096935912633576,,
ACCT_043953,0.0044339193144021325,,
ACCT_043968,0.0007776709337453418,,
ACCT_043971,0.0016905260212777499,,
ACCT_043972,0.31520340892381604,2023-11-21T00:00:00,2024-02-18T00:00:00
ACCT_044019,0.0024878967478478837,,
ACCT_044024,0.0015641508255405591,,
ACCT_044038,0.0012618154340401633,,
ACCT_044049,0.0011185967462075711,,
ACCT_044056,0.00020046164938422473,,
ACCT_044061,0.03118485335835211,,
ACCT_044064,0.0004708194521776209,,
ACCT_044078,0.0034081917853828413,,
ACCT_044080,0.07891939115275269,,
ACCT_044086,0.002483614224829221,,
ACCT_044090,0.3969089472624652,2024-11-10T00:00:00,2025-02-07T00:00:00
ACCT_044111,0.0004639610980810468,,
ACCT_044144,0.02409118840573323,,
ACCT_044173,0.02567407088476938,,
ACCT_044202,0.04345808333496297,,
ACCT_044208,0.7802591571112119,2025-04-01T00:00:00,2025-06-29T00:00:00
ACCT_044215,0.0023132302012548117,,
ACCT_044219,0.0022329044268044078,,
ACCT_044247,0.0026191501534797656,,
ACCT_044251,0.0016436749526702568,,
ACCT_044265,0.015526780382886648,,
ACCT_044282,0.005038896032832304,,
ACCT_044285,0.015793156566348405,,
ACCT_044348,0.021587329735706894,,
ACCT_044353,0.002874347000372234,,
ACCT_044437,0.0009041881179623783,,
ACCT_044439,0.007264715851638764,,
ACCT_044451,0.008888087396154118,,
ACCT_044455,0.0018167431634496605,,
ACCT_044468,0.0003535205547109707,,
ACCT_044482,3.829606302504426e-05,,
ACCT_044506,0.4805203843558683,2020-12-15T00:00:00,2021-03-14T00:00:00
ACCT_044517,0.003260152208722577,,
ACCT_044556,0.0010430250013432605,,
ACCT_044568,0.0012890081440020238,,
ACCT_044570,0.0002618017295908309,,
ACCT_044594,0.0006415323009430543,,
ACCT_044596,0.003130439190945545,,
ACCT_044597,0.005330564261710366,,
ACCT_044611,0.0006474714992884096,,
ACCT_044666,0.006545092098862432,,
ACCT_044677,0.0008050352105284283,,
ACCT_044680,0.00138564064174081,,
ACCT_044726,0.0021835564668452384,,
ACCT_044776,0.0019631767420082154,,
ACCT_044780,0.0012603901074019186,,
ACCT_044811,0.011079298485664451,,
ACCT_044812,0.001054866159286306,,
ACCT_044817,0.004909004387155185,,
ACCT_044832,0.0005754617084805225,,
ACCT_044857,0.020284138846377083,,
ACCT_044861,0.0006009012346664208,,
ACCT_044877,0.021914221455777535,,
ACCT_044883,0.011615864633093406,,
ACCT_044928,0.012173691709634343,,
ACCT_044936,0.005300385145880276,,
ACCT_044938,0.7447476172953686,2023-06-28T00:00:00,2023-09-25T00:00:00
ACCT_044940,0.0013428281513634941,,
ACCT_044943,0.001968123938064478,,
ACCT_044950,0.013666783751724592,,
ACCT_045000,0.06838221890861959,,
ACCT_045015,0.00033464288438543285,,
ACCT_045020,0.011543154674221828,,
ACCT_045046,0.0003940957451930265,,
ACCT_045067,0.03742171261708944,,
ACCT_045107,0.0010366804630929868,,
ACCT_045120,0.0008315831727421965,,
ACCT_045152,0.00015152071340867766,,
ACCT_045204,0.0022907790611800703,,
ACCT_045209,0.0014855805152164498,,
ACCT_045212,0.00709567346159182,,
ACCT_045257,0.0006703301705452657,,
ACCT_045264,0.00031731880091209535,,
ACCT_045269,0.0004969285527147291,,
ACCT_045275,0.006168079296925368,,
ACCT_045285,0.0005181925838656501,,
ACCT_045307,0.0005671910812702659,,
ACCT_045332,0.003428836417155693,,
ACCT_045342,0.01008957533620296,,
ACCT_045349,0.0015743935691594998,,
ACCT_045366,0.002732425869722187,,
ACCT_045394,0.0016665845410540879,,
ACCT_045408,0.003319490522290232,,
ACCT_045446,0.0014850032657518118,,
ACCT_045451,0.0019933477588765574,,
ACCT_045463,0.0017159309609078477,,
ACCT_045471,0.011540007910217505,,
ACCT_045482,0.0015812463916598269,,
ACCT_045486,0.08574480638861046,,
ACCT_045488,0.265277721093907,,
ACCT_045490,0.001096288379473649,,
ACCT_045491,0.0008016848113986568,,
ACCT_045499,0.001660993446169525,,
ACCT_045503,0.0009600581632664135,,
ACCT_045516,0.0007881198949457816,,
ACCT_045546,0.0037796465552529883,,
ACCT_045551,0.09484210829697595,,
ACCT_045566,0.011208775910547909,,
ACCT_045571,0.0009866068683906395,,
ACCT_045579,0.014815885614644503,,
ACCT_045602,0.0027615690152206296,,
ACCT_045617,0.0005731709163043033,,
ACCT_045618,0.03365856095054721,,
ACCT_045620,0.0011928815555619153,,
ACCT_045636,0.0010596009297987755,,
ACCT_045652,0.0031853781603232226,,
ACCT_045653,0.004024155233202605,,
ACCT_045664,0.0050081984815822525,,
ACCT_045670,0.008391033951619834,,
ACCT_045682,0.011412825778886594,,
ACCT_045700,0.0011494980967602288,,
ACCT_045708,0.0008654314538678904,,
ACCT_045722,0.00755493869593747,,
ACCT_045767,0.022549934744289075,,
ACCT_045780,0.024696824765253828,,
ACCT_045806,0.00035423661046003676,,
ACCT_045812,0.004711053740986792,,
ACCT_045819,0.0072177102583437305,,
ACCT_045839,0.023206524135980032,,
ACCT_045843,0.36990384561799605,2025-03-29T00:00:00,2025-04-26T00:00:00
ACCT_045854,0.017637381672372807,,
ACCT_045863,0.000864699908621994,,
ACCT_045866,0.000522965035268715,,
ACCT_045867,0.03211122993585103,,
ACCT_045881,0.004084363899088138,,
ACCT_045886,0.003218500080009511,,
ACCT_045919,0.008976636540615545,,
ACCT_045950,0.02423728221349863,,
ACCT_045969,0.0016388307042743602,,
ACCT_045973,0.023285471793882365,,
ACCT_046004,8.476809467702226e-05,,
ACCT_046015,0.00094647556719909,,
ACCT_046017,0.010032382654369952,,
ACCT_046027,0.0381315218450345,,
ACCT_046029,0.0013272478520619398,,
ACCT_046068,0.006019834502282438,,
ACCT_046072,0.0013696895073317353,,
ACCT_046084,0.0007939580702426149,,
ACCT_046087,0.0018302926990293664,,
ACCT_046090,0.3200377987539567,2025-02-18T00:00:00,2025-02-27T00:00:00
ACCT_046095,0.015771161370070473,,
ACCT_046099,0.0016977984004406172,,
ACCT_046101,0.2627510004682907,,
ACCT_046116,0.3590309091476651,2023-01-19T00:00:00,2023-04-18T00:00:00
ACCT_046176,0.001079577601913566,,
ACCT_046177,0.006231170650921067,,
ACCT_046198,0.017759277149769277,,
ACCT_046200,0.0025444897732922796,,
ACCT_046201,0.0015941397445289533,,
ACCT_046215,0.000125358471896793,,
ACCT_046231,0.0009534385574201463,,
ACCT_046236,0.005304413800106272,,
ACCT_046248,0.0015495576719680357,,
ACCT_046263,0.0059491874235149695,,
ACCT_046280,0.008643534585512456,,
ACCT_046285,0.0028265354121107854,,
ACCT_046310,0.0021132646488387476,,
ACCT_046327,0.0036049288706409186,,
ACCT_046335,0.004911997751983341,,
ACCT_046348,0.09186646028513004,,
ACCT_046356,0.00803114830289583,,
ACCT_046374,0.0016799011805926599,,
ACCT_046383,0.0010512211419548222,,
ACCT_046403,0.0005386870546411829,,
ACCT_046406,0.0007917969475080761,,
ACCT_046407,0.013532508292998905,,
ACCT_046418,0.002336586667650519,,
ACCT_046443,0.006502541534382221,,
ACCT_046467,0.0005759828263237614,,
ACCT_046498,0.00047778530612408365,,
ACCT_046513,0.0004352417961567265,,
ACCT_046535,0.010277205818191776,,
ACCT_046563,0.0013857844668341969,,
ACCT_046569,0.00012366673914912836,,
ACCT_046582,0.017263499516577928,,
ACCT_046587,0.0003364455163011312,,
ACCT_046607,0.00630173487778575,,
ACCT_046633,0.0012439617818006993,,
ACCT_046634,0.00017304188592532296,,
ACCT_046638,0.021070813451379684,,
ACCT_046650,0.010023774404321732,,
ACCT_046655,0.02378871525011963,,
ACCT_046683,0.0003024132653181555,,
ACCT_046700,0.001222775102744275,,
ACCT_046702,0.00021182508201737795,,
ACCT_046704,0.18653374050297372,,
ACCT_046706,0.01746295840537951,,
ACCT_046714,0.027384627763227098,,
ACCT_046737,0.0030231625049400397,,
ACCT_046747,0.008721605206629759,,
ACCT_046761,0.0004551909450050659,,
ACCT_046788,0.005837892241820549,,
ACCT_046795,0.00749058032316099,,
ACCT_046807,0.0027701738653584107,,
ACCT_046812,0.00021265969749378202,,
ACCT_046821,0.02732321003928882,,
ACCT_046822,0.0013231041845484601,,
ACCT_046869,0.0022653005642658463,,
ACCT_046875,0.0010963267198231133,,
ACCT_046895,0.0003197509861108125,,
ACCT_046928,0.003779015424009287,,
ACCT_046930,0.12195758594786907,,
ACCT_046937,0.03752847438291272,,
ACCT_046966,0.0013731072298296186,,
ACCT_046983,0.011993356498458601,,
ACCT_046989,0.03949852574208017,,
ACCT_046999,0.002842753063639464,,
ACCT_047013,0.0019005064875535801,,
ACCT_047019,0.00467464693142095,,
ACCT_047022,0.0009567407228838592,,
ACCT_047025,0.005948298445691485,,
ACCT_047039,0.0033427025608297827,,
ACCT_047066,0.1514695125306024,,
ACCT_047085,0.004265969282701029,,
ACCT_047094,0.0001386073401459114,,
ACCT_047112,0.0008895357363152619,,
ACCT_047113,0.006742675992304889,,
ACCT_047140,0.0005018182880872688,,
ACCT_047148,0.0012636264337317431,,
ACCT_047153,0.010879345238285102,,
ACCT_047160,0.4188206883784799,2024-10-23T00:00:00,2025-01-20T00:00:00
ACCT_047180,0.06234403130516429,,
ACCT_047182,0.0012574529762635635,,
ACCT_047203,0.01398240084250218,,
ACCT_047206,0.00420851973907504,,
ACCT_047222,0.01054311153047779,,
ACCT_047239,0.10682619849514512,,
ACCT_047263,0.02624404352796595,,
ACCT_047277,0.0012788848203036827,,
ACCT_047293,0.0009451278195703033,,
ACCT_047313,0.011084103065004621,,
ACCT_047350,0.0015280267486588134,,
ACCT_047372,0.035141133912478376,,
ACCT_047402,0.0012472713668406899,,
ACCT_047410,0.163278009204871,,
ACCT_047485,0.0006013243228582612,,
ACCT_047491,0.004898891185207587,,
ACCT_047499,0.00040881012004076423,,
ACCT_047508,0.0008699458185126458,,
ACCT_047524,0.010011033940393476,,
ACCT_047532,0.0004748139927291934,,
ACCT_047540,0.0009997826603045296,,
ACCT_047549,0.007154631593242584,,
ACCT_047552,0.005245890353039734,,
ACCT_047563,0.0034843216050064697,,
ACCT_047578,0.0018174789377454696,,
ACCT_047584,0.0003862945946594396,,
ACCT_047605,0.0002903590652049267,,
ACCT_047619,0.009642177179118047,,
ACCT_047628,0.0027240125601257067,,
ACCT_047685,0.020760308710491622,,
ACCT_047688,0.0032671132892862186,,
ACCT_047700,0.0015675855688453762,,
ACCT_047713,0.002951528502969684,,
ACCT_047748,0.232599348683584,,
ACCT_047753,0.014225729773473314,,
ACCT_047779,0.0005828312251061885,,
ACCT_047780,0.30999669442751737,2025-05-16T00:00:00,2025-05-27T00:00:00
ACCT_047784,0.004494168563721588,,
ACCT_047785,0.0005232169365726304,,
ACCT_047799,0.003883605550703379,,
ACCT_047812,0.0074297180691965115,,
ACCT_047837,0.0009387920892688171,,
ACCT_047838,0.0033193009632938248,,
ACCT_047849,0.005329061120386638,,
ACCT_047859,0.0006530690766827494,,
ACCT_047867,0.003310577991524162,,
ACCT_047870,0.003126419007366053,,
ACCT_047889,0.0004692753435180997,,
ACCT_047892,0.0006122752467398758,,
ACCT_047897,0.0002700816827726082,,
ACCT_047901,0.005839317210637185,,
ACCT_047919,0.0015768315740675404,,
ACCT_047920,0.005996557069259735,,
ACCT_047943,0.0006501574080376193,,
ACCT_047945,0.00047552184285454366,,
ACCT_047953,0.06419933472547575,,
ACCT_047995,0.004745941093894438,,
ACCT_048007,0.000649209077751319,,
ACCT_048022,0.002048519994575496,,
ACCT_048051,0.002719096207475569,,
ACCT_048056,0.0027975148599091036,,
ACCT_048065,0.001809123782559724,,
ACCT_048066,0.022730498904026928,,
ACCT_048096,0.2194665318494553,,
ACCT_048101,7.716917177648242e-05,,
ACCT_048105,0.025367050913211668,,
ACCT_048109,0.007812106561997949,,
ACCT_048118,0.030968410202619562,,
ACCT_048148,0.004232599849368952,,
ACCT_048161,0.00615234123121145,,
ACCT_048203,0.16601696462549048,,
ACCT_048221,0.011743421980557275,,
ACCT_048224,0.002087892581338023,,
ACCT_048231,0.0055281209843106496,,
ACCT_048235,0.0009591577653815491,,
ACCT_048253,0.0007364466127435463,,
ACCT_048267,0.012517816960803993,,
ACCT_048297,0.00037547514932027674,,
ACCT_048299,0.003685507994403333,,
ACCT_048300,0.02065113945704109,,
ACCT_048312,0.12058624436089597,,
ACCT_048324,0.018025310823027586,,
ACCT_048325,0.003818303009024105,,
ACCT_048330,0.007256282828706981,,
ACCT_048347,0.000984542004259382,,
ACCT_048367,0.0011490011976784103,,
ACCT_048392,0.011200733014491756,,
ACCT_048396,0.0011263721043497997,,
ACCT_048404,0.01296002147742564,,
ACCT_048405,0.010879000653912878,,
ACCT_048415,0.0023410159770172545,,
ACCT_048426,0.002618182739522812,,
ACCT_048435,0.2351253499021122,,
ACCT_048457,0.002762681298127995,,
ACCT_048466,0.08651924708070163,,
ACCT_048477,0.0010073844753486307,,
ACCT_048556,0.0035980080917874064,,
ACCT_048559,0.00018265171063001952,,
ACCT_048576,0.0008861467697336549,,
ACCT_048578,0.00017666394080366642,,
ACCT_048589,0.006212028562050343,,
ACCT_048602,0.1282115249017508,,
ACCT_048624,0.0003969924819223561,,
ACCT_048636,0.005217444183663434,,
ACCT_048637,0.0009991929935207167,,
ACCT_048649,0.01629310370397345,,
ACCT_048671,0.006396934483673374,,
ACCT_048675,0.0004948706936243867,,
ACCT_048694,0.00030869600403239336,,
ACCT_048699,0.0008787529554882091,,
ACCT_048731,0.004089136817884141,,
ACCT_048741,0.0007011154752631691,,
ACCT_048750,0.0451839481163497,,
ACCT_048767,0.0018386039196055018,,
ACCT_048784,0.03809735741843852,,
ACCT_048791,0.000410305985067531,,
ACCT_048809,0.003987714906487893,,
ACCT_048824,0.09210286007000411,,
ACCT_048871,0.006505664591502977,,
ACCT_048886,0.0005041618443407559,,
ACCT_048898,0.001753133792213998,,
ACCT_048911,0.0006946578813393789,,
ACCT_048923,0.7154809959688595,2021-12-31T00:00:00,2022-03-30T00:00:00
ACCT_048956,0.004418163215522701,,
ACCT_048996,0.005809773744751638,,
ACCT_049009,9.393882519568573e-05,,
ACCT_049018,0.01746334729678459,,
ACCT_049021,0.23866304590667128,,
ACCT_049022,0.01204559942905287,,
ACCT_049027,0.001438647503608501,,
ACCT_049030,0.0007014845083799457,,
ACCT_049045,0.001700436964155842,,
ACCT_049080,0.0039333311434266586,,
ACCT_049118,0.00014787328793888606,,
ACCT_049122,0.0035364177583715683,,
ACCT_049138,0.0006124342530980236,,
ACCT_049167,0.03991088785602177,,
ACCT_049171,0.0049045482699212675,,
ACCT_049202,0.0011810094897281198,,
ACCT_049217,0.0007525586500725476,,
ACCT_049233,0.006156207496121072,,
ACCT_049238,0.008681744640023834,,
ACCT_049265,0.0007779259891616255,,
ACCT_049267,0.002093878148291582,,
ACCT_049271,0.0031571173502327036,,
ACCT_049276,0.0008421898765566145,,
ACCT_049282,0.004133462177903942,,
ACCT_049290,0.0004530340570293093,,
ACCT_049310,0.03497456367017563,,
ACCT_049312,0.04571385265271145,,
ACCT_049340,0.044517473043172155,,
ACCT_049367,0.0006312483235618675,,
ACCT_049379,0.0035351344561282685,,
ACCT_049388,0.013224233486632922,,
ACCT_049418,0.010138825670236848,,
ACCT_049431,0.004071682005061225,,
ACCT_049438,0.005675012774493865,,
ACCT_049487,0.0013296300808107256,,
ACCT_049496,0.00029012774615462566,,
ACCT_049502,0.00017946837546663972,,
ACCT_049504,0.000491567904767869,,
ACCT_049524,0.0017780053043432188,,
ACCT_049546,0.000662815157476874,,
ACCT_049550,0.0016970955849966358,,
ACCT_049555,0.0010085464044795817,,
ACCT_049558,0.001421483752978977,,
ACCT_049562,0.0029116930481503404,,
ACCT_049564,0.0016193608966611332,,
ACCT_049567,0.004061754730697989,,
ACCT_049574,0.015099113029517839,,
ACCT_049577,0.0067303022691338685,,
ACCT_049579,0.0018554272560492185,,
ACCT_049588,0.001593307862599118,,
ACCT_049600,0.030291300821503303,,
ACCT_049657,0.00027098879375705027,,
ACCT_049673,0.019533738246685896,,
ACCT_049703,0.017269784627158426,,
ACCT_049709,0.0003041344604483214,,
ACCT_049713,0.005196268951192938,,
ACCT_049754,0.020177861993354352,,
ACCT_049778,0.0015204991549899861,,
ACCT_049792,0.0027569005485373064,,
ACCT_049832,0.007697794315325164,,
ACCT_049876,0.047113632657021884,,
ACCT_049892,0.004756940254694709,,
ACCT_049917,0.00043574104526655587,,
ACCT_049921,0.012137297628912105,,
ACCT_049933,0.0010744930600812938,,
ACCT_049947,0.004923277055164111,,
ACCT_049948,0.0008362958261044796,,
ACCT_049962,0.00030088432177317295,,
ACCT_049971,0.0006845372655695131,,
ACCT_049979,0.005561002032239493,,
ACCT_049983,0.0026154044533330902,,
ACCT_049996,0.0006109345731249992,,
ACCT_050003,0.013034580678946495,,
ACCT_050014,0.0002911756951288954,,
ACCT_050023,0.0037889459050044977,,
ACCT_050033,0.0023288274982069777,,
ACCT_050054,0.00034920513416651503,,
ACCT_050061,0.0006900882067726511,,
ACCT_050095,0.10162365676515314,,
ACCT_050100,0.005351195753816781,,
ACCT_050108,0.0003090027169487977,,
ACCT_050130,0.00010073194017770105,,
ACCT_050136,0.004138638679176864,,
ACCT_050142,0.0004138275774823137,,
ACCT_050164,0.0001590424206352648,,
ACCT_050169,0.00029197956671784164,,
ACCT_050175,0.00036261681073052597,,
ACCT_050179,0.0021456368497441178,,
ACCT_050190,0.012110403182628503,,
ACCT_050208,0.03641881373733785,,
ACCT_050211,0.0007871455210849597,,
ACCT_050213,0.05398293487606591,,
ACCT_050244,0.00028226960994511186,,
ACCT_050287,0.00018201772879902853,,
ACCT_050296,0.026212546051365988,,
ACCT_050319,0.001849776987620963,,
ACCT_050321,0.0100751402121984,,
ACCT_050322,0.31327896180349335,2025-02-16T00:00:00,2025-05-16T00:00:00
ACCT_050329,0.007606915831518105,,
ACCT_050333,0.00022330381089206514,,
ACCT_050335,0.0004701996348256647,,
ACCT_050348,0.0010880607633712333,,
ACCT_050349,0.0009163586273384724,,
ACCT_050369,0.0023971020870720908,,
ACCT_050377,0.0004715644744682927,,
ACCT_050393,0.002800555847849075,,
ACCT_050411,0.011374922954424573,,
ACCT_050421,0.001093327409118098,,
ACCT_050433,0.0007546568026480008,,
ACCT_050449,0.0003607127427897402,,
ACCT_050451,0.000945572084169332,,
ACCT_050466,0.010053749103769199,,
ACCT_050469,0.004749472440055954,,
ACCT_050481,0.001271671438536143,,
ACCT_050500,0.011052542812296734,,
ACCT_050502,0.0004378327672639985,,
ACCT_050514,0.0006567804699568961,,
ACCT_050516,0.00043593705821308676,,
ACCT_050526,0.0011361935678322244,,
ACCT_050529,0.001566436272208058,,
ACCT_050541,0.011250308581327365,,
ACCT_050542,0.0016105963997271517,,
ACCT_050551,0.17746408722593401,,
ACCT_050552,0.002055151624009603,,
ACCT_050559,0.00832156095475247,,
ACCT_050561,0.00046404253091460515,,
ACCT_050582,0.0006446519875552119,,
ACCT_050586,0.005248677153919799,,
ACCT_050600,0.0013378557575445065,,
ACCT_050603,0.000681407738010803,,
ACCT_050612,0.0017625397024285492,,
ACCT_050636,0.01093958234298256,,
ACCT_050645,0.007239542877143479,,
ACCT_050658,0.001190814893278026,,
ACCT_050663,0.0009648237731555136,,
ACCT_050680,0.0004361743563911371,,
ACCT_050681,0.0019348426009630365,,
ACCT_050689,0.0025654504123003748,,
ACCT_050691,0.0015193425283768255,,
ACCT_050707,0.206660968052148,,
ACCT_050708,0.005914318487322804,,
ACCT_050719,0.0010846039848867715,,
ACCT_050730,0.0015512911458123346,,
ACCT_050753,0.0002577497052164482,,
ACCT_050804,0.00722515574743635,,
ACCT_050850,0.0007464227862001569,,
ACCT_050855,0.0016419478815477,,
ACCT_050865,0.00045791353354604416,,
ACCT_050872,0.00041762048872016867,,
ACCT_050885,0.019180214898517144,,
ACCT_050912,0.008780137501169774,,
ACCT_050916,0.0037788220596078432,,
ACCT_050924,0.003938756833281267,,
ACCT_050925,0.00038428054760006596,,
ACCT_050930,0.01556674907481459,,
ACCT_050947,0.0017748474631777457,,
ACCT_050949,0.048052644751028106,,
ACCT_050965,0.25477523699512317,,
ACCT_050982,0.000325098490696431,,
ACCT_051017,0.05765974962417142,,
ACCT_051028,0.12184502575789409,,
ACCT_051035,0.0009188246941502746,,
ACCT_051040,0.05007246691911042,,
ACCT_051041,0.0007853203883562858,,
ACCT_051051,0.10427970054153797,,
ACCT_051059,0.007793436782321618,,
ACCT_051085,0.009749664934098286,,
ACCT_051095,0.007382628521822168,,
ACCT_051112,0.01129485394450468,,
ACCT_051121,0.010230409675935626,,
ACCT_051127,0.006329642531876149,,
ACCT_051147,0.0010649540393367148,,
ACCT_051161,0.006485402024879715,,
ACCT_051193,0.003275679462420613,,
ACCT_051205,0.0004160800957185715,,
ACCT_051206,0.003911648144896088,,
ACCT_051209,0.00047863783302105905,,
ACCT_051217,0.06312596858993998,,
ACCT_051240,0.0038399603037659797,,
ACCT_051254,0.08157873182331339,,
ACCT_051262,0.19613819091319157,,
ACCT_051273,0.0004593611585875003,,
ACCT_051283,0.0013651507502603854,,
ACCT_051286,0.016540684412015366,,
ACCT_051295,0.00574103208480215,,
ACCT_051296,0.37980877692692816,2025-03-12T00:00:00,2025-06-09T00:00:00
ACCT_051302,0.0034177002950661764,,
ACCT_051309,0.005237846862286956,,
ACCT_051340,0.008733852426291381,,
ACCT_051342,0.021466809910347773,,
ACCT_051368,0.0027078896186314766,,
ACCT_051383,0.011098255457318695,,
ACCT_051386,0.0013107869920636495,,
ACCT_051411,0.004740175726358393,,
ACCT_051419,0.004987745120463471,,
ACCT_051422,0.0019938179778341554,,
ACCT_051427,0.0056984208682123744,,
ACCT_051430,0.9819270062133532,2025-03-04T00:00:00,2025-06-01T00:00:00
ACCT_051431,0.001752625230854929,,
ACCT_051443,0.0018605686950842742,,
ACCT_051459,0.0009379277641136778,,
ACCT_051461,0.004471558151218641,,
ACCT_051499,0.17647659209867267,,
ACCT_051504,0.007858615447618993,,
ACCT_051505,0.4306894102004729,2024-10-04T00:00:00,2025-01-01T00:00:00
ACCT_051524,0.000623497918643894,,
ACCT_051526,0.00021914869309444646,,
ACCT_051534,0.128105113843256,,
ACCT_051557,0.0002738731252156572,,
ACCT_051562,0.00012108440803143912,,
ACCT_051563,0.008050626576430355,,
ACCT_051565,0.0012951110503579282,,
ACCT_051574,0.0021742529744868252,,
ACCT_051584,0.006846982646145025,,
ACCT_051587,0.011321829150041603,,
ACCT_051588,0.018203204500672695,,
ACCT_051640,0.03901022292708511,,
ACCT_051646,0.030160647149449115,,
ACCT_051650,0.0024726247862535836,,
ACCT_051673,0.00036504007629675056,,
ACCT_051674,0.013498720354984057,,
ACCT_051687,0.0006913171304953865,,
ACCT_051700,0.002158262131370126,,
ACCT_051742,0.010579969551414737,,
ACCT_051744,0.0024832649991398184,,
ACCT_051757,0.0007770188596741834,,
ACCT_051768,0.008125872100303227,,
ACCT_051771,0.019278298087383322,,
ACCT_051774,0.00037993534014677704,,
ACCT_051784,0.0005424206564747138,,
ACCT_051787,0.003055907554351419,,
ACCT_051804,0.011393326571764248,,
ACCT_051807,0.00010852303186062054,,
ACCT_051823,0.016717581492462948,,
ACCT_051836,0.0004054589236942829,,
ACCT_051845,0.01430842363736152,,
ACCT_051870,0.0007126290489075026,,
ACCT_051887,0.003823964366042875,,
ACCT_051896,0.47295371239659856,2023-03-25T00:00:00,2023-06-22T00:00:00
ACCT_051902,0.0006541748185661722,,
ACCT_051926,0.0038863416566625427,,
ACCT_051936,0.00028527099154633713,,
ACCT_051946,0.00831855492158687,,
ACCT_051953,0.0005913373524151965,,
ACCT_051963,0.0006474177390578439,,
ACCT_051966,0.0014873930093179783,,
ACCT_051985,0.002923902528419606,,
ACCT_051999,0.009287895505870713,,
ACCT_052026,0.000507656611403386,,
ACCT_052029,0.00204540653732536,,
ACCT_052043,0.0003101021996518314,,
ACCT_052054,0.0045545841223572315,,
ACCT_052077,0.0014596687860046675,,
ACCT_052097,0.011848050923237412,,
ACCT_052098,0.0004976185787326348,,
ACCT_052100,0.003250256710844943,,
ACCT_052102,0.0031694779216171766,,
ACCT_052103,0.014229853524072914,,
ACCT_052120,0.003946655010302773,,
ACCT_052124,0.0015311764466502682,,
ACCT_052135,0.0176700334019308,,
ACCT_052136,0.017951856767121535,,
ACCT_052150,0.002539210815860071,,
ACCT_052162,0.0016256075920203846,,
ACCT_052177,0.022288613710315243,,
ACCT_052180,0.00056869865667709,,
ACCT_052181,0.005657891211419118,,
ACCT_052196,0.034429134110217544,,
ACCT_052197,0.0003214325375860133,,
ACCT_052224,0.001381287014537182,,
ACCT_052231,0.12491804660139219,,
ACCT_052254,0.0007919277639554743,,
ACCT_052257,0.00019769570373710118,,
ACCT_052266,0.00046301230290834403,,
ACCT_052267,0.0010024255738170457,,
ACCT_052328,0.0004736639965524555,,
ACCT_052345,0.04189580187858296,,
ACCT_052349,0.00094580887076554,,
ACCT_052364,0.0021771100688037447,,
ACCT_052381,0.06480914359812451,,
ACCT_052387,0.006956757747739829,,
ACCT_052390,0.0013051484461350953,,
ACCT_052393,0.0026540862232611656,,
ACCT_052405,0.6223984121384094,2024-01-02T00:00:00,2024-03-31T00:00:00
ACCT_052421,0.0007429463885230349,,
ACCT_052429,9.598121311042568e-05,,
ACCT_052430,0.002642204200698888,,
ACCT_052449,0.0067483299587088085,,
ACCT_052454,0.0027987009140675945,,
ACCT_052469,0.0004013591090720629,,
ACCT_052479,0.01270688581045393,,
ACCT_052481,0.002212320333815265,,
ACCT_052507,0.007259521612535132,,
ACCT_052516,0.00257035432464373,,
ACCT_052525,0.03450391252222209,,
ACCT_052534,0.1353682776673197,,
ACCT_052536,0.0003610809944892231,,
ACCT_052556,0.0043399898869029485,,
ACCT_052560,0.026312926446680714,,
ACCT_052566,0.015184161631334564,,
ACCT_052569,0.01094069131997547,,
ACCT_052577,0.004322501888984764,,
ACCT_052596,0.00071155830932151,,
ACCT_052620,0.0058413985216893664,,
ACCT_052650,0.0026696850960040335,,
ACCT_052655,0.0013737260434033437,,
ACCT_052662,0.0003257862142739895,,
ACCT_052672,0.0007443134157082361,,
ACCT_052691,0.0013732115725223401,,
ACCT_052703,0.0032281931028795762,,
ACCT_052705,0.0036774528355143455,,
ACCT_052706,0.0011394786212930279,,
ACCT_052707,0.004816584976079815,,
ACCT_052727,0.0013157891381608126,,
ACCT_052734,0.16104524024727626,,
ACCT_052773,0.005093865334612849,,
ACCT_052804,0.013839921018184903,,
ACCT_052819,0.000712001060521973,,
ACCT_052830,0.0008106522295280685,,
ACCT_052858,0.0003611464002025287,,
ACCT_052863,0.0008776089982875091,,
ACCT_052884,0.0032181742755100244,,
ACCT_052887,0.011287459914708382,,
ACCT_052889,0.0005918153271354781,,
ACCT_052904,0.0006886291063024253,,
ACCT_052915,0.04465786524398852,,
ACCT_052933,0.012014611436433698,,
ACCT_052936,0.0005690198727014197,,
ACCT_052939,0.021136255479315004,,
ACCT_052951,0.0009633916361473427,,
ACCT_052954,0.5057254347644184,2021-10-04T00:00:00,2022-01-01T00:00:00
ACCT_052955,0.002186670782779306,,
ACCT_052965,0.001092976644501241,,
ACCT_052976,0.019257337353531617,,
ACCT_052989,0.00734611305371579,,
ACCT_053005,0.0033584463767515433,,
ACCT_053007,0.0021608457987574714,,
ACCT_053008,0.0018454343213034706,,
ACCT_053010,0.0018895834874515024,,
ACCT_053016,0.016822671966609394,,
ACCT_053036,0.18210725274101242,,
ACCT_053063,0.32914292724251004,,
ACCT_053090,0.008630352487797283,,
ACCT_053171,0.0003858484654425124,,
ACCT_053183,3.6451771432049385e-05,,
ACCT_053196,0.009364119272464437,,
ACCT_053235,0.0006268551066641091,,
ACCT_053246,0.02062822431014997,,
ACCT_053249,0.0003695048167269184,,
ACCT_053259,0.006128416358767093,,
ACCT_053270,0.011116514537758764,,
ACCT_053271,0.02096117306940153,,
ACCT_053273,0.0031167084979185477,,
ACCT_053275,0.00025338779042312283,,
ACCT_053281,0.00803773185017281,,
ACCT_053284,0.0009311975080026387,,
ACCT_053309,0.0020904435323789083,,
ACCT_053311,0.0008250040817883971,,
ACCT_053314,0.005990066365864057,,
ACCT_053320,0.0033794882052510774,,
ACCT_053329,0.0002467115613381587,,
ACCT_053333,0.005260215687056621,,
ACCT_053359,0.0015279657966170124,,
ACCT_053363,0.03726040504265646,,
ACCT_053366,0.02173883526029091,,
ACCT_053381,0.0019708504892016272,,
ACCT_053421,0.009505852985814321,,
ACCT_053426,0.04747835950654347,,
ACCT_053442,0.0053497246121363435,,
ACCT_053456,0.000489424084607523,,
ACCT_053459,0.004709714139747851,,
ACCT_053496,0.013177713263911591,,
ACCT_053505,0.5212696800955218,2021-05-30T00:00:00,2021-05-30T00:00:00
ACCT_053512,0.40487194186584885,2022-12-17T00:00:00,2023-03-16T00:00:00
ACCT_053518,0.011413888308293704,,
ACCT_053530,0.009350898663147481,,
ACCT_053532,0.007816699870625447,,
ACCT_053555,0.09248198465433219,,
ACCT_053558,0.001238759400876073,,
ACCT_053589,0.000949010964273766,,
ACCT_053675,0.0031990225981806735,,
ACCT_053681,0.11884716406562301,,
ACCT_053692,0.007291771062248212,,
ACCT_053695,0.008624957074084982,,
ACCT_053704,0.006025502295407451,,
ACCT_053709,0.02154861938815756,,
ACCT_053745,0.0004672421362016823,,
ACCT_053749,0.00012091994039199551,,
ACCT_053757,0.0059555897594940534,,
ACCT_053760,0.0007618413719207605,,
ACCT_053780,0.0009157448746323375,,
ACCT_053782,0.0004457782608901696,,
ACCT_053783,0.0012780064175764154,,
ACCT_053788,0.0014246111900398603,,
ACCT_053806,0.0012403567015550096,,
ACCT_053813,0.011486891413953693,,
ACCT_053814,0.05052323251421457,,
ACCT_053815,0.00042653933749818703,,
ACCT_053826,0.0005358299622711871,,
ACCT_053827,0.06834894311679388,,
ACCT_053829,0.0001195401554730939,,
ACCT_053850,0.304337927617813,2023-09-06T00:00:00,2023-12-04T00:00:00
ACCT_053851,0.000904709916166053,,
ACCT_053855,0.005633795159260036,,
ACCT_053857,0.015117143933061943,,
ACCT_053884,0.018205644951573955,,
ACCT_053891,0.003070489615880783,,
ACCT_053948,0.007888394869808638,,
ACCT_053960,0.017642559273776413,,
ACCT_053969,0.0013671396357602802,,
ACCT_053998,0.0002456239025081513,,
ACCT_054000,0.006696462466242658,,
ACCT_054024,0.006823503615529915,,
ACCT_054026,0.0190354582840327,,
ACCT_054027,0.000606292336498506,,
ACCT_054029,0.0005563460656422684,,
ACCT_054038,0.0035632857044699843,,
ACCT_054043,0.0007118886948134559,,
ACCT_054058,0.002214627559446832,,
ACCT_054072,0.0003582787795660086,,
ACCT_054073,0.05572429117641311,,
ACCT_054079,0.004657339227697254,,
ACCT_054082,0.013703646512165246,,
ACCT_054086,0.0014392524772362683,,
ACCT_054089,0.012390514783161126,,
ACCT_054100,0.002466435507815997,,
ACCT_054105,0.0021102752212878865,,
ACCT_054158,0.002332431733134939,,
ACCT_054166,0.089018466032426,,
ACCT_054171,0.19731998492954358,,
ACCT_054181,0.043602952740929436,,
ACCT_054187,0.004831513823507585,,
ACCT_054190,0.00818979235055122,,
ACCT_054196,0.00016968168018200287,,
ACCT_054250,0.001381345169224916,,
ACCT_054252,0.0016959746763198647,,
ACCT_054265,0.002744485014501515,,
ACCT_054276,0.0005179411268668218,,
ACCT_054293,0.0032738226070797905,,
ACCT_054308,0.0059472887938571166,,
ACCT_054325,0.00048278602843051816,,
ACCT_054331,0.009683858710336214,,
ACCT_054334,0.0004359060341025234,,
ACCT_054337,0.0016911160189739087,,
ACCT_054367,0.013001412316212959,,
ACCT_054369,0.0009631244853280584,,
ACCT_054374,0.00954814811557817,,
ACCT_054405,0.009284278676574111,,
ACCT_054408,0.001987001279259445,,
ACCT_054414,0.0003666765674453122,,
ACCT_054417,0.014410257671889798,,
ACCT_054421,0.00015968458121788984,,
ACCT_054423,0.001698235591377031,,
ACCT_054429,0.0007158966666011452,,
ACCT_054431,0.00016139571822780665,,
ACCT_054437,0.006737874129215638,,
ACCT_054446,0.0008415610715344553,,
ACCT_054465,0.00040183045051561135,,
ACCT_054468,0.0013339887628414982,,
ACCT_054485,0.00036320091909912617,,
ACCT_054488,0.008361136322927057,,
ACCT_054503,0.008577807576737557,,
ACCT_054505,0.269738058422902,,
ACCT_054537,0.0003670071542745434,,
ACCT_054543,0.00527092850703247,,
ACCT_054571,0.0018326730873838564,,
ACCT_054573,0.0010544801811112573,,
ACCT_054574,0.000806992513209799,,
ACCT_054576,0.0005176508582700442,,
ACCT_054588,0.002654821556164223,,
ACCT_054598,0.0003681494049608606,,
ACCT_054603,0.0058435236212269585,,
ACCT_054607,0.0027297571540120676,,
ACCT_054629,0.009195573258879208,,
ACCT_054642,0.19421851649930544,,
ACCT_054650,0.002946278539002642,,
ACCT_054666,4.479142752268867e-05,,
ACCT_054677,0.5815631355783616,2024-05-08T00:00:00,2024-08-05T00:00:00
ACCT_054715,9.803229728561983e-05,,
ACCT_054721,0.002147691794914756,,
ACCT_054738,0.0002306631800300424,,
ACCT_054754,0.003057755143414038,,
ACCT_054755,0.001967786205052018,,
ACCT_054764,0.0013303045100124347,,
ACCT_054782,0.00038946483281629597,,
ACCT_054788,0.00212000007496003,,
ACCT_054789,0.021460433092991192,,
ACCT_054804,0.0007178491262364118,,
ACCT_054806,0.0019833853893634376,,
ACCT_054808,0.004231781124661988,,
ACCT_054821,0.012933723184239567,,
ACCT_054854,0.0002403678923553742,,
ACCT_054881,0.0012897910156177282,,
ACCT_054882,0.009690614125316294,,
ACCT_054894,0.0002150325089651861,,
ACCT_054909,0.0004778331911740037,,
ACCT_054932,0.03991042844301429,,
ACCT_054943,0.0006433143834922983,,
ACCT_054976,0.018907247720265558,,
ACCT_055003,0.0010034432064983448,,
ACCT_055009,0.00819652918990936,,
ACCT_055015,0.006407090766140666,,
ACCT_055028,0.0022710147737994802,,
ACCT_055065,0.0016922147631980191,,
ACCT_055068,0.005402469946252915,,
ACCT_055077,0.008011741521716704,,
ACCT_055112,0.002097264383265981,,
ACCT_055114,0.0012403588917503255,,
ACCT_055115,0.000683997081086037,,
ACCT_055140,0.016875068794705073,,
ACCT_055141,0.0017239733142475004,,
ACCT_055147,0.013827767697234395,,
ACCT_055148,7.501678034997092e-05,,
ACCT_055164,0.021636118576721056,,
ACCT_055168,0.006699905146824381,,
ACCT_055203,0.000527359734479243,,
ACCT_055241,0.016652597871082236,,
ACCT_055244,0.001154983912948275,,
ACCT_055248,0.0018711040384677296,,
ACCT_055253,0.003111744704405356,,
ACCT_055260,0.0024073207215689345,,
ACCT_055275,0.009088267659440685,,
ACCT_055285,0.5078819130529717,2024-03-22T00:00:00,2024-06-19T00:00:00
ACCT_055292,0.029755406547359316,,
ACCT_055296,0.0004637996888510785,,
ACCT_055313,0.0009240063340280246,,
ACCT_055316,0.0039455961544724565,,
ACCT_055333,0.04418139168053104,,
ACCT_055338,0.003190802595393542,,
ACCT_055362,0.008259175761986755,,
ACCT_055373,0.00813340571114141,,
ACCT_055376,0.0437361380930361,,
ACCT_055385,0.0006869860524194604,,
ACCT_055399,0.00018501116935390515,,
ACCT_055414,0.04244651280986431,,
ACCT_055445,0.016082073596983944,,
ACCT_055455,0.0010129582582585664,,
ACCT_055467,0.0090716976431899,,
ACCT_055480,0.00026706781523716674,,
ACCT_055491,0.007797374761095643,,
ACCT_055492,0.0005991753190583751,,
ACCT_055499,0.004737776845559973,,
ACCT_055502,0.007696113665653394,,
ACCT_055514,0.001974380212181934,,
ACCT_055521,0.0056850264224606855,,
ACCT_055523,0.002187716941437679,,
ACCT_055582,0.0016918710908852737,,
ACCT_055584,0.897550969305547,2025-02-02T00:00:00,2025-05-02T00:00:00
ACCT_055590,0.0007987787499629077,,
ACCT_055592,0.00018900791650063422,,
ACCT_055594,0.0010927283749967867,,
ACCT_055602,0.000730406926016678,,
ACCT_055610,0.004461036997499253,,
ACCT_055647,0.00024161986737953313,,
ACCT_055668,0.0021249917574783107,,
ACCT_055676,0.009391013870839066,,
ACCT_055690,0.15448684480789404,,
ACCT_055712,0.033657310514705135,,
ACCT_055721,0.0020755432560508025,,
ACCT_055723,0.014114026061997423,,
ACCT_055725,0.03551350702309922,,
ACCT_055741,0.0026677035772063647,,
ACCT_055760,0.00044066291269405757,,
ACCT_055765,0.0002618112482020435,,
ACCT_055769,0.02277938715798005,,
ACCT_055791,0.0001878955860104195,,
ACCT_055816,0.00578687540149395,,
ACCT_055825,0.00015938584618216395,,
ACCT_055853,0.00024196980122800422,,
ACCT_055872,0.0004018557871613709,,
ACCT_055934,0.0002731732313417255,,
ACCT_055966,0.006458280598996956,,
ACCT_055968,0.001175072690765285,,
ACCT_056000,0.001238701544784086,,
ACCT_056005,0.018317800571413776,,
ACCT_056042,0.0011444249201246859,,
ACCT_056044,0.0013207521573050864,,
ACCT_056047,0.06387356257164145,,
ACCT_056048,0.0005873514968025702,,
ACCT_056051,0.00449440952478024,,
ACCT_056056,0.0004027380392906776,,
ACCT_056060,0.0011686568787464943,,
ACCT_056085,0.0016063455239800361,,
ACCT_056091,0.0007362822932547714,,
ACCT_056095,0.0038892105696897,,
ACCT_056104,0.0018163401222172234,,
ACCT_056129,0.03072641189261773,,
ACCT_056139,0.009857058198489638,,
ACCT_056146,0.014545610721052416,,
ACCT_056152,0.0007266128204618666,,
ACCT_056167,0.0032502703116156577,,
ACCT_056173,0.008826931392908102,,
ACCT_056176,0.0008610608957528262,,
ACCT_056185,0.0009470190701893306,,
ACCT_056214,0.006640175786772502,,
ACCT_056224,0.0001155754683601281,,
ACCT_056248,0.041242724225976635,,
ACCT_056262,0.003322455935956805,,
ACCT_056268,0.01331710032874675,,
ACCT_056274,0.004651493700610795,,
ACCT_056281,0.0019435449379951758,,
ACCT_056286,0.0021191173191219548,,
ACCT_056297,0.00147537982407939,,
ACCT_056300,0.0006784448561137159,,
ACCT_056319,0.0023384034037120397,,
ACCT_056341,0.0010235875175105317,,
ACCT_056342,0.02859113670823336,,
ACCT_056343,0.0012964402579931525,,
ACCT_056347,5.675890771469643e-05,,
ACCT_056410,0.0002843236771346359,,
ACCT_056414,0.0036000724162937384,,
ACCT_056443,0.0012494715016510129,,
ACCT_056444,0.0030034676584364843,,
ACCT_056449,0.0429385619079308,,
ACCT_056452,0.00727856749052549,,
ACCT_056507,0.0003894924729537426,,
ACCT_056516,0.0006828696853362214,,
ACCT_056519,0.012468926345085634,,
ACCT_056525,0.0008405383119135577,,
ACCT_056536,0.0005317177786911354,,
ACCT_056565,0.006316124995479962,,
ACCT_056578,0.0030729733864951476,,
ACCT_056582,0.0005421420156539789,,
ACCT_056599,0.006106086332600073,,
ACCT_056605,0.04602231828632055,,
ACCT_056624,0.009596545357688318,,
ACCT_056628,0.011603720873117073,,
ACCT_056670,0.00092999121678026,,
ACCT_056672,0.002287085803131834,,
ACCT_056676,0.040845503547890814,,
ACCT_056685,0.001453907111800585,,
ACCT_056697,0.0013234642092777855,,
ACCT_056707,0.0001965841204909231,,
ACCT_056719,0.0017974895209921138,,
ACCT_056738,0.0011875659376543422,,
ACCT_056755,0.0033547583695431754,,
ACCT_056757,7.818269326172483e-05,,
ACCT_056761,0.00043151681570417896,,
ACCT_056771,0.005904572311914642,,
ACCT_056781,0.0036710282829716992,,
ACCT_056803,0.009022936869464605,,
ACCT_056805,0.001596458262127453,,
ACCT_056808,0.09076470463290845,,
ACCT_056836,0.00027504227935948387,,
ACCT_056852,0.000306966241420187,,
ACCT_056854,0.0012142485889980361,,
ACCT_056865,0.030880879539985074,,
ACCT_056874,0.003486232994492395,,
ACCT_056881,0.0283695142535138,,
ACCT_056884,0.0042993096535007495,,
ACCT_056910,0.012334897502769903,,
ACCT_056923,0.011128889128273485,,
ACCT_056938,0.007512906203688769,,
ACCT_056944,0.0016793025016986532,,
ACCT_057014,0.028924659634180883,,
ACCT_057036,0.0007622052499886929,,
ACCT_057038,0.006098243896040304,,
ACCT_057045,0.009291749474790868,,
ACCT_057049,0.004758112818837459,,
ACCT_057050,0.00017768670798434441,,
ACCT_057073,0.00019089045225752433,,
ACCT_057081,0.0027212248747380454,,
ACCT_057084,0.0005148753491100741,,
ACCT_057089,0.03661768965778959,,
ACCT_057093,0.0019736211484214236,,
ACCT_057113,0.0011304536132382551,,
ACCT_057117,0.004598114525223898,,
ACCT_057126,0.007734618575826531,,
ACCT_057129,0.0167420947700653,,
ACCT_057130,0.0005045024994457951,,
ACCT_057191,0.00024508893807460397,,
ACCT_057198,0.00035075383145189776,,
ACCT_057201,0.007418658294976935,,
ACCT_057207,0.002790660432668758,,
ACCT_057215,0.00040111437612655725,,
ACCT_057254,0.0007710583507269971,,
ACCT_057267,0.05418985877861594,,
ACCT_057294,9.395427477350961e-05,,
ACCT_057299,0.05163898863926979,,
ACCT_057309,0.0013130223745780683,,
ACCT_057315,0.001275500896786071,,
ACCT_057325,0.00527645099498984,,
ACCT_057357,0.0028976477973312775,,
ACCT_057362,0.20088180520705837,,
ACCT_057381,0.005683926884275687,,
ACCT_057402,0.08662407591599691,,
ACCT_057409,0.013178885068531664,,
ACCT_057416,0.0007227818361619891,,
ACCT_057433,0.020083770413758043,,
ACCT_057469,0.011020436324391123,,
ACCT_057489,0.00576192735110942,,
ACCT_057507,0.004358129677650272,,
ACCT_057536,0.005245873560362195,,
ACCT_057548,0.03217658739052055,,
ACCT_057606,0.002192924439183614,,
ACCT_057610,0.003387300397044317,,
ACCT_057617,0.035799570055949935,,
ACCT_057636,0.00020083364035483863,,
ACCT_057639,0.008529028418455643,,
ACCT_057656,0.008074966969490885,,
ACCT_057671,0.017197387888085888,,
ACCT_057687,0.0006099653397799373,,
ACCT_057701,0.0003106069542303205,,
ACCT_057711,0.00023600257184845885,,
ACCT_057738,0.0008410823698658821,,
ACCT_057764,0.015132097402004819,,
ACCT_057784,0.0383243999431716,,
ACCT_057788,0.0009720142754816718,,
ACCT_057794,0.0015272545984838571,,
ACCT_057804,0.00418990575949771,,
ACCT_057816,0.03777639759746746,,
ACCT_057821,0.0008326951663014445,,
ACCT_057825,0.0007878495373055091,,
ACCT_057828,0.2722816033947786,,
ACCT_057853,0.03588640940179709,,
ACCT_057854,0.0028145323996415063,,
ACCT_057859,0.06804018648119103,,
ACCT_057874,0.0030823197264332356,,
ACCT_057888,0.003170569381235466,,
ACCT_057912,0.014096712714700263,,
ACCT_057958,0.022747221691844087,,
ACCT_057971,0.0019204793293747884,,
ACCT_057974,0.0004096066637853335,,
ACCT_057982,0.0023133694460546936,,
ACCT_057987,0.0422877722571074,,
ACCT_058010,0.0008241042406095607,,
ACCT_058020,0.0011042372491385033,,
ACCT_058022,0.00920635632697183,,
ACCT_058027,0.0005412355403214441,,
ACCT_058036,0.009661358042781783,,
ACCT_058041,0.0006093884021387312,,
ACCT_058043,0.0011373340514627419,,
ACCT_058060,0.0009660623261207328,,
ACCT_058073,0.005403398379829125,,
ACCT_058077,0.00219630814228716,,
ACCT_058088,0.005545203103738331,,
ACCT_058091,0.0019502774270561882,,
ACCT_058092,0.00022806556919042708,,
ACCT_058102,0.0025162874812747647,,
ACCT_058110,0.002847917010091418,,
ACCT_058119,0.0001773584011388172,,
ACCT_058120,0.0008257082336699263,,
ACCT_058125,0.0054236541510676835,,
ACCT_058131,0.0030975051221247404,,
ACCT_058138,0.014522929157001088,,
ACCT_058141,0.0015303476009879355,,
ACCT_058147,0.054213159466763784,,
ACCT_058149,0.02061519791121905,,
ACCT_058159,0.002499651449772627,,
ACCT_058163,0.007482996047073658,,
ACCT_058167,0.00950281792728974,,
ACCT_058169,0.029374475554286995,,
ACCT_058173,0.006217195844669876,,
ACCT_058202,0.0005266990245036997,,
ACCT_058207,0.0020155885260839854,,
ACCT_058214,0.2256864632976711,,
ACCT_058231,0.0010566679297067795,,
ACCT_058247,0.007747038662917298,,
ACCT_058269,0.0007950423372315489,,
ACCT_058288,0.00015644174148760501,,
ACCT_058306,0.029538431155735335,,
ACCT_058310,0.0010917287152754965,,
ACCT_058311,0.0002761378229800213,,
ACCT_058352,0.06148308620451674,,
ACCT_058357,0.07713657471516652,,
ACCT_058361,0.03577989536777514,,
ACCT_058372,0.007884003736418174,,
ACCT_058384,0.005763879848489033,,
ACCT_058391,0.02551189263867959,,
ACCT_058426,0.00816030816811578,,
ACCT_058463,0.00043868520107635264,,
ACCT_058531,0.015487051628427312,,
ACCT_058539,0.056144006390987836,,
ACCT_058543,0.18298657102098895,,
ACCT_058546,0.004919289503825114,,
ACCT_058547,0.0001832512243446661,,
ACCT_058550,0.05466240553204773,,
ACCT_058580,0.1334879500759353,,
ACCT_058593,0.00047415507793551885,,
ACCT_058596,0.0011561690024105766,,
ACCT_058598,0.007489019964894777,,
ACCT_058630,0.004170776495681499,,
ACCT_058631,0.003460156997751125,,
ACCT_058634,0.0009906173302522843,,
ACCT_058648,0.0005084101968795363,,
ACCT_058673,0.007186997874363464,,
ACCT_058693,0.0037564649597848906,,
ACCT_058747,0.004189783099555347,,
ACCT_058755,0.002263876878779284,,
ACCT_058768,0.0003774037311126482,,
ACCT_058773,0.013032788030348552,,
ACCT_058774,0.001868705794314643,,
ACCT_058787,0.1619855776406252,,
ACCT_058799,0.024892884028104207,,
ACCT_058801,0.00643173067306106,,
ACCT_058803,0.0007427598228560863,,
ACCT_058809,0.0005706373890592108,,
ACCT_058822,0.002346697374780121,,
ACCT_058828,0.0523473911897111,,
ACCT_058829,0.0013690773031211848,,
ACCT_058832,0.003642119765749589,,
ACCT_058859,0.0002470821251575095,,
ACCT_058862,0.0015854121212316268,,
ACCT_058872,0.01573728231491111,,
ACCT_058876,0.0021554443405941547,,
ACCT_058931,0.002831919912660466,,
ACCT_058940,0.015863002615912065,,
ACCT_058958,0.02579360649484484,,
ACCT_058985,0.00042203668313805273,,
ACCT_058987,0.0023978951164403354,,
ACCT_058996,0.0007152186393536479,,
ACCT_059029,0.0006261427961635353,,
ACCT_059032,0.0010101485441116275,,
ACCT_059058,0.004813506507766491,,
ACCT_059060,0.00030101012471811457,,
ACCT_059069,0.014426980559849612,,
ACCT_059099,0.0038905515177127146,,
ACCT_059124,0.0015328368332560027,,
ACCT_059173,0.008756796604757562,,
ACCT_059184,0.041841010117362035,,
ACCT_059189,0.005024135125684041,,
ACCT_059192,0.013207805749047095,,
ACCT_059199,0.0007367359939362374,,
ACCT_059208,0.014892341354027967,,
ACCT_059209,0.0003827148926375412,,
ACCT_059211,0.001990604445726016,,
ACCT_059224,0.0001956412250696273,,
ACCT_059248,0.010560772850376328,,
ACCT_059251,0.06001308804326857,,
ACCT_059290,0.08081727651489201,,
ACCT_059296,0.032247518173593295,,
ACCT_059298,0.003824992701196097,,
ACCT_059312,0.06695907665107588,,
ACCT_059323,0.023251296869551963,,
ACCT_059330,0.010348561293261907,,
ACCT_059342,0.00014702474031447825,,
ACCT_059346,0.0012094400366115788,,
ACCT_059357,0.0014215875227268607,,
ACCT_059371,0.00022700245582527864,,
ACCT_059420,0.0011796081096164816,,
ACCT_059426,0.13683199223115156,,
ACCT_059431,0.005378025713162691,,
ACCT_059433,0.07244800833955647,,
ACCT_059438,0.047864901440796234,,
ACCT_059444,0.21704062501045698,,
ACCT_059446,0.004335306011521297,,
ACCT_059452,0.0039697804009466795,,
ACCT_059474,0.13314787830802133,,
ACCT_059476,0.013937032908909536,,
ACCT_059496,0.04375761389154907,,
ACCT_059501,0.01036732183960459,,
ACCT_059505,0.0017116338357097548,,
ACCT_059507,0.4893792059141767,2024-03-09T00:00:00,2024-06-06T00:00:00
ACCT_059509,0.0002949764904061548,,
ACCT_059512,0.00259655923662439,,
ACCT_059514,0.006230368187312827,,
ACCT_059529,0.0470316413336888,,
ACCT_059537,0.0006104863713377905,,
ACCT_059543,0.0008001626460912243,,
ACCT_059563,0.017565860826087732,,
ACCT_059593,0.002579239105738142,,
ACCT_059606,0.011884513285395042,,
ACCT_059646,0.0008170203498055363,,
ACCT_059658,0.0007014917603197718,,
ACCT_059659,0.0006269099824307067,,
ACCT_059668,0.000227551680410432,,
ACCT_059670,0.027649056676392593,,
ACCT_059677,0.0005993839428121571,,
ACCT_059715,0.0026085430124464597,,
ACCT_059718,0.009454737977040236,,
ACCT_059733,0.03159396043513231,,
ACCT_059737,0.006846022301499104,,
ACCT_059793,0.000160235790013958,,
ACCT_059802,0.0008740732597140339,,
ACCT_059808,0.0004054971997194272,,
ACCT_059811,0.0005140925791033075,,
ACCT_059821,0.00047491710616626344,,
ACCT_059824,0.0003174040621453793,,
ACCT_059841,0.008938762083380384,,
ACCT_059890,0.02536934060457242,,
ACCT_059895,0.001642962742116564,,
ACCT_059902,0.01447225006895576,,
ACCT_059910,0.012334610469961062,,
ACCT_059915,0.10069436614087006,,
ACCT_059916,0.008489181819193259,,
ACCT_059922,0.0005144262845812289,,
ACCT_059926,0.004479683689420621,,
ACCT_059943,0.0009239300492842565,,
ACCT_059966,0.004200496760741234,,
ACCT_059968,0.0009804096844249171,,
ACCT_059970,0.0003051677214196291,,
ACCT_059972,0.07294164005665868,,
ACCT_059976,0.0003417761055931668,,
ACCT_060003,0.0978584514217746,,
ACCT_060020,3.9409349134006375e-05,,
ACCT_060041,0.00033153179998488973,,
ACCT_060045,0.0147864161023473,,
ACCT_060081,0.003251052989028375,,
ACCT_060084,0.010346975272147074,,
ACCT_060128,0.0013235274588189127,,
ACCT_060131,0.0007814783968601932,,
ACCT_060137,0.00045394620244489407,,
ACCT_060147,0.00019769459551654918,,
ACCT_060176,0.00353508399202807,,
ACCT_060177,0.00017830078737950754,,
ACCT_060233,0.00029309984982285315,,
ACCT_060239,0.003734320494478035,,
ACCT_060291,0.005390225266481722,,
ACCT_060294,0.00043191947751003955,,
ACCT_060300,0.00014514812309780663,,
ACCT_060303,0.0005654879145158694,,
ACCT_060309,0.0012590438894666202,,
ACCT_060315,0.027541179057744537,,
ACCT_060334,0.015664729928271677,,
ACCT_060345,0.008668870641239628,,
ACCT_060370,0.012567753251415428,,
ACCT_060383,0.12838988537615853,,
ACCT_060385,0.00018844316975792267,,
ACCT_060389,0.006238968184978047,,
ACCT_060391,0.06598323204554839,,
ACCT_060413,0.003905320699711544,,
ACCT_060416,0.002336056386995953,,
ACCT_060420,0.0005812711614005595,,
ACCT_060430,0.03667564996353698,,
ACCT_060476,0.03285759585755953,,
ACCT_060490,0.004499238229486116,,
ACCT_060498,0.011265588007957851,,
ACCT_060505,0.04814361273502231,,
ACCT_060515,0.10684696331797101,,
ACCT_060519,0.0011482371775229738,,
ACCT_060524,0.0013329827972235692,,
ACCT_060550,0.0011251248192854408,,
ACCT_060588,0.014023300122793153,,
ACCT_060591,0.00031184702499955573,,
ACCT_060594,0.002589284720436113,,
ACCT_060636,0.00013345622262414167,,
ACCT_060690,0.0008530760764963068,,
ACCT_060711,0.012003986354831806,,
ACCT_060717,0.03674065539866923,,
ACCT_060736,0.013420220921218426,,
ACCT_060737,0.0010276969852001465,,
ACCT_060755,0.0011382494885876823,,
ACCT_060761,0.002800365036145642,,
ACCT_060769,0.025388531967806292,,
ACCT_060788,0.010078530484421672,,
ACCT_060794,0.028063839691801408,,
ACCT_060796,0.002040702682608924,,
ACCT_060797,0.013349653525009655,,
ACCT_060804,0.05223295996896279,,
ACCT_060819,0.004527166484719152,,
ACCT_060841,0.0008259749622465754,,
ACCT_060861,0.0004391074618291407,,
ACCT_060879,0.0016414599810112846,,
ACCT_060912,0.0016938908304753749,,
ACCT_060917,0.00024012569590003657,,
ACCT_060935,0.000625181682012255,,
ACCT_060947,0.0006670395009264633,,
ACCT_060951,0.0001730152838356179,,
ACCT_060963,0.011475792301611852,,
ACCT_060974,0.000883679243161607,,
ACCT_060979,0.0005887137411179479,,
ACCT_060982,0.0003847440899087522,,
ACCT_061003,0.00019141019123893315,,
ACCT_061008,0.033473520966191536,,
ACCT_061009,0.00034836924605145673,,
ACCT_061016,0.005039754907200583,,
ACCT_061017,0.0025061257718383776,,
ACCT_061031,0.15449592685743302,,
ACCT_061040,0.0027821230676461865,,
ACCT_061053,0.0017279881494874183,,
ACCT_061063,0.00034671946190204526,,
ACCT_061072,0.0031048716706487487,,
ACCT_061073,0.0010795114941247607,,
ACCT_061091,0.000506702177225399,,
ACCT_061097,0.0020303089071046143,,
ACCT_061112,0.003677543481315739,,
ACCT_061115,0.036974258075256096,,
ACCT_061133,0.0015826758709696707,,
ACCT_061160,0.003041270504430966,,
ACCT_061170,0.0016421717888079825,,
ACCT_061186,0.005668307428462464,,
ACCT_061206,0.002061664161116582,,
ACCT_061220,0.0013169074459659152,,
ACCT_061227,0.0013446626216378666,,
ACCT_061268,0.004422258407731305,,
ACCT_061272,0.0034477034387887296,,
ACCT_061296,0.009354208484821531,,
ACCT_061303,0.0002658092246714242,,
ACCT_061318,0.0015646209155578544,,
ACCT_061328,0.0015277594852624067,,
ACCT_061355,0.03644355501362749,,
ACCT_061371,0.001893066660396735,,
ACCT_061417,0.0003981635378802359,,
ACCT_061419,0.002432457007441957,,
ACCT_061432,0.0015935761630741236,,
ACCT_061434,0.0005381120207965295,,
ACCT_061437,0.03849009695250853,,
ACCT_061449,0.0002293191506312693,,
ACCT_061455,0.0003237501438558336,,
ACCT_061461,0.007906781093480043,,
ACCT_061471,0.0035500231111655982,,
ACCT_061484,0.0014326683760260707,,
ACCT_061493,0.017115200079347612,,
ACCT_061495,0.00027355672893214684,,
ACCT_061522,0.0009263712579361509,,
ACCT_061534,0.008322610316838399,,
ACCT_061543,0.039625554463299864,,
ACCT_061544,0.008685070051434382,,
ACCT_061556,0.0008302631151641604,,
ACCT_061558,0.11339114876365139,,
ACCT_061565,0.16538417059380667,,
ACCT_061581,0.0020459767537511337,,
ACCT_061618,0.0019084642232821952,,
ACCT_061635,0.00838284859015793,,
ACCT_061638,0.00010277446796237855,,
ACCT_061648,0.04791978757284466,,
ACCT_061649,0.01198956482950252,,
ACCT_061661,0.0014741580227674764,,
ACCT_061665,0.00241912945706334,,
ACCT_061699,0.0006494911342447259,,
ACCT_061717,0.031954247978500674,,
ACCT_061740,0.0004381022492006738,,
ACCT_061780,0.014429233798879703,,
ACCT_061790,0.00026299553885551227,,
ACCT_061797,0.00590395040128938,,
ACCT_061799,0.15522203371518767,,
ACCT_061817,0.0004988338134251705,,
ACCT_061823,0.00455657934056172,,
ACCT_061837,0.00987713904171531,,
ACCT_061847,0.00371381426523874,,
ACCT_061849,0.04577835311927779,,
ACCT_061854,0.004144551339499419,,
ACCT_061860,0.0076097050708610016,,
ACCT_061864,0.002111625617849586,,
ACCT_061867,0.00036770070537306507,,
ACCT_061869,0.0005167252639470747,,
ACCT_061886,0.00029849776916743135,,
ACCT_061910,0.0028268881502367515,,
ACCT_061911,0.000991197653269917,,
ACCT_061958,0.002414914506478221,,
ACCT_061968,0.0015507546428929358,,
ACCT_062003,0.0005682135843113774,,
ACCT_062020,0.0007936382443715524,,
ACCT_062023,0.0054914379237867,,
ACCT_062029,0.3543848760365361,2025-02-27T00:00:00,2025-05-27T00:00:00
ACCT_062043,0.002043943821687392,,
ACCT_062044,0.13386489506865312,,
ACCT_062061,0.0015725896802209066,,
ACCT_062067,0.16448153972977028,,
ACCT_062081,0.24142067346042423,,
ACCT_062093,0.02247134854469494,,
ACCT_062097,0.004971995482647601,,
ACCT_062108,0.01073403773124548,,
ACCT_062130,0.014142941144370026,,
ACCT_062131,0.035629468392522304,,
ACCT_062141,0.0008816561774645937,,
ACCT_062145,0.00572693046929326,,
ACCT_062150,0.00034952005579010607,,
ACCT_062162,0.0018860192859768998,,
ACCT_062169,0.002676018212037708,,
ACCT_062171,0.023858202547885676,,
ACCT_062183,0.029440341255390624,,
ACCT_062197,0.0019204825349229241,,
ACCT_062199,0.03975170440446539,,
ACCT_062203,0.025646761420178694,,
ACCT_062220,0.0005669020852011738,,
ACCT_062230,0.0007967948893599253,,
ACCT_062263,0.08767605889070645,,
ACCT_062264,0.0013173377186854755,,
ACCT_062269,0.0018003983421401239,,
ACCT_062277,0.025981785990354132,,
ACCT_062283,0.09021869369170937,,
ACCT_062286,0.0012411663754233815,,
ACCT_062298,0.0022061909247116005,,
ACCT_062308,0.0005980515658163848,,
ACCT_062315,0.0012794687757222895,,
ACCT_062328,0.025022940249224312,,
ACCT_062435,0.00045135223974872627,,
ACCT_062444,0.00013045943302970905,,
ACCT_062456,0.005308720727405415,,
ACCT_062461,0.006381428442522609,,
ACCT_062476,0.008152938470618674,,
ACCT_062502,0.003804317101768933,,
ACCT_062524,0.00020011029212594326,,
ACCT_062525,0.0003538420298725594,,
ACCT_062526,0.00034038732277376967,,
ACCT_062582,0.017227230090163227,,
ACCT_062589,0.45304125004897544,2025-03-06T00:00:00,2025-06-03T00:00:00
ACCT_062594,0.0031874694161580833,,
ACCT_062604,0.0008160285824535266,,
ACCT_062610,0.05684331610919422,,
ACCT_062616,0.0014645177689948743,,
ACCT_062644,0.020807531879086554,,
ACCT_062674,0.00013495378242179743,,
ACCT_062681,0.0034402457697814163,,
ACCT_062691,0.022794095642237205,,
ACCT_062702,0.009645365613292496,,
ACCT_062706,0.37285424230071385,2025-03-16T00:00:00,2025-06-13T00:00:00
ACCT_062728,0.005594535532181493,,
ACCT_062733,0.0009377656218147401,,
ACCT_062738,0.015356080182429038,,
ACCT_062742,0.043638775022693845,,
ACCT_062743,0.032940594530498184,,
ACCT_062748,0.0005897596152466023,,
ACCT_062749,0.022558645280902852,,
ACCT_062753,0.003075324591262478,,
ACCT_062795,0.003804523058646881,,
ACCT_062797,0.00021502537784903248,,
ACCT_062803,0.07555474313132418,,
ACCT_062812,0.0025267990097567784,,
ACCT_062813,0.012713195371858967,,
ACCT_062817,0.0005337880942235062,,
ACCT_062821,0.00018152873410102777,,
ACCT_062840,0.014925292897614911,,
ACCT_062848,0.002130529177117879,,
ACCT_062860,0.002481038148909732,,
ACCT_062885,0.08136117535332052,,
ACCT_062888,0.000387814469283248,,
ACCT_062889,0.0005901032214699017,,
ACCT_062891,0.0008791290572490691,,
ACCT_062909,0.033147882252072894,,
ACCT_062916,0.002518057880529499,,
ACCT_062935,0.0015100180902190025,,
ACCT_062945,0.0036754081477685004,,
ACCT_062952,0.00391431818664838,,
ACCT_062961,0.002826443796060711,,
ACCT_062971,0.003440968986197515,,
ACCT_062983,0.006843512644902651,,
ACCT_062988,0.0028979498698087905,,
ACCT_062993,0.00530054897454571,,
ACCT_062995,0.001974657625674808,,
ACCT_063000,0.011490742125858093,,
ACCT_063004,0.12817250221397775,,
ACCT_063008,0.001749584392213317,,
ACCT_063010,0.00010384168462632704,,
ACCT_063012,0.0017682944770889177,,
ACCT_063035,0.002534064034244385,,
ACCT_063072,0.0010138555756357174,,
ACCT_063122,0.0015463909939311812,,
ACCT_063125,0.0006995209891760252,,
ACCT_063141,0.001432148883638581,,
ACCT_063190,0.006119260730434348,,
ACCT_063217,0.0005127716183611203,,
ACCT_063238,0.009134727845771877,,
ACCT_063248,0.0009541356771729298,,
ACCT_063256,0.031023596790243496,,
ACCT_063278,0.0014200632059733751,,
ACCT_063297,0.0007133569594595277,,
ACCT_063313,0.014283848598410965,,
ACCT_063327,0.13622745584596413,,
ACCT_063355,0.06528163088566799,,
ACCT_063379,0.3843290821126906,2025-05-05T00:00:00,2025-06-27T00:00:00
ACCT_063388,0.0021291266114853965,,
ACCT_063397,0.017290422448221127,,
ACCT_063407,0.015345670707018358,,
ACCT_063414,0.0025856805652921234,,
ACCT_063423,0.0032121437522925006,,
ACCT_063431,0.018083399157299486,,
ACCT_063463,0.002315324574693527,,
ACCT_063515,0.00324474249075654,,
ACCT_063523,0.0023842782692838444,,
ACCT_063537,0.0036863300140919314,,
ACCT_063553,0.0006778803215582556,,
ACCT_063561,0.0036012955570977135,,
ACCT_063573,0.0014836377648598425,,
ACCT_063586,0.0007273567089126065,,
ACCT_063587,0.016393940550992515,,
ACCT_063609,0.07503595806811801,,
ACCT_063614,0.22530693824229364,,
ACCT_063647,0.0031164210891847853,,
ACCT_063660,0.008686719423786037,,
ACCT_063748,0.0047710409209317205,,
ACCT_063763,0.0008306007684136304,,
ACCT_063765,0.0018255297205536669,,
ACCT_063773,0.00013198291618320065,,
ACCT_063791,0.008336334612283534,,
ACCT_063826,0.033794854510771175,,
ACCT_063830,0.0027732437505898584,,
ACCT_063840,0.00033869352383410944,,
ACCT_063843,0.086024643215716,,
ACCT_063846,0.009409071295393406,,
ACCT_063847,0.0003437145910220454,,
ACCT_063853,0.009926833553452703,,
ACCT_063871,0.00018260449407985852,,
ACCT_063894,0.0007118197992989536,,
ACCT_063896,0.0020381117537319133,,
ACCT_063900,0.002865500903915721,,
ACCT_063917,0.0023878788226267124,,
ACCT_063923,0.00048376941830680076,,
ACCT_063932,0.010660609819610166,,
ACCT_063937,0.04225224094492425,,
ACCT_063953,0.01266502932972104,,
ACCT_063954,0.0036229311567521523,,
ACCT_063969,0.0005202478128483188,,
ACCT_063980,0.002492020807487835,,
ACCT_064003,0.004125906008088175,,
ACCT_064015,0.00046096454768417103,,
ACCT_064022,0.0001885357475830209,,
ACCT_064033,0.0007188847651508022,,
ACCT_064036,0.0031525111691888,,
ACCT_064063,0.0003660230523638571,,
ACCT_064103,0.000569466630887164,,
ACCT_064107,0.00029638861521841047,,
ACCT_064112,0.06797949996632305,,
ACCT_064113,0.0006802108694832233,,
ACCT_064114,0.0015768690626508524,,
ACCT_064119,0.0003675976749168043,,
ACCT_064130,0.0006487875896326251,,
ACCT_064143,0.00661953494696568,,
ACCT_064167,0.020330036591689877,,
ACCT_064181,0.0046259159744150066,,
ACCT_064206,0.000894928870160496,,
ACCT_064216,0.0046869589581153585,,
ACCT_064221,0.027702478634631593,,
ACCT_064242,0.03480700278847208,,
ACCT_064245,0.002048303850523725,,
ACCT_064252,0.0006591792691620401,,
ACCT_064254,0.0008316790941802236,,
ACCT_064255,0.3274409881919153,,
ACCT_064260,0.00043976037573058345,,
ACCT_064264,0.0057564569234611436,,
ACCT_064293,0.0016449300947683956,,
ACCT_064296,0.0010703674581935697,,
ACCT_064302,0.05158129868326474,,
ACCT_064305,0.009398020222714536,,
ACCT_064308,0.0006984237948166272,,
ACCT_064336,0.03909374047022347,,
ACCT_064340,0.0002874986457588939,,
ACCT_064345,0.9856696562029839,2024-03-14T00:00:00,2024-06-11T00:00:00
ACCT_064349,0.001000957690484991,,
ACCT_064357,0.00622836491630582,,
ACCT_064378,0.0004367268072193825,,
ACCT_064379,0.0006688477514904566,,
ACCT_064381,0.00014638244497620754,,
ACCT_064392,0.001986934799309138,,
ACCT_064397,0.0038711059754076064,,
ACCT_064398,0.006709074565070949,,
ACCT_064401,0.001023224878081311,,
ACCT_064404,0.0004258685254386545,,
ACCT_064412,0.002619395248550753,,
ACCT_064415,0.07589756670970324,,
ACCT_064440,0.001559536339077753,,
ACCT_064461,0.0010903090259678381,,
ACCT_064473,0.0003096687880105391,,
ACCT_064480,0.002801608694895732,,
ACCT_064481,0.0059469458965638695,,
ACCT_064483,0.004380364486135993,,
ACCT_064487,0.05943998129491042,,
ACCT_064489,0.00016721609198431945,,
ACCT_064521,0.00024836718131506034,,
ACCT_064547,0.004386044748132438,,
ACCT_064558,0.00931990398721448,,
ACCT_064570,0.015518787576364748,,
ACCT_064585,0.0022463453585842685,,
ACCT_064593,0.0013256551386495044,,
ACCT_064597,0.001018002060982122,,
ACCT_064601,0.001110747772342683,,
ACCT_064607,0.0005438698973884535,,
ACCT_064614,0.0012534197064877491,,
ACCT_064624,0.00017135566895978523,,
ACCT_064653,0.0007751112838933086,,
ACCT_064654,0.004599553779419386,,
ACCT_064669,0.0013934567753844291,,
ACCT_064677,0.0007247330590631939,,
ACCT_064697,4.23098971810196e-05,,
ACCT_064706,0.0011114699542443293,,
ACCT_064734,0.00039788775131315924,,
ACCT_064741,0.012910065021216912,,
ACCT_064763,0.0008744385209984886,,
ACCT_064766,0.0011183242663313927,,
ACCT_064793,0.0031851637968753873,,
ACCT_064802,0.33135312285258384,2021-12-04T00:00:00,2022-03-03T00:00:00
ACCT_064808,0.0001599753110901047,,
ACCT_064829,0.0072353039425227085,,
ACCT_064870,0.0016455633325242445,,
ACCT_064884,0.3115732127190447,2021-10-18T00:00:00,2022-01-15T00:00:00
ACCT_064894,0.0031169418873471548,,
ACCT_064898,0.0013963282531817198,,
ACCT_064904,0.0006846185841337365,,
ACCT_064905,0.014706855548342395,,
ACCT_064914,0.07442414236895964,,
ACCT_064915,0.0019903850357891454,,
ACCT_064921,0.00016966766503308372,,
ACCT_064937,0.00017890263855933723,,
ACCT_064969,0.0007702470865715895,,
ACCT_064972,0.00770267920683979,,
ACCT_064984,0.0034021233681371605,,
ACCT_065019,0.004383012006430117,,
ACCT_065023,0.013763948223737287,,
ACCT_065051,0.3356748318911411,2024-09-04T00:00:00,2024-12-02T00:00:00
ACCT_065064,0.06171309442679679,,
ACCT_065077,0.008980619019994066,,
ACCT_065085,0.0005097945684330121,,
ACCT_065087,0.005508330060397406,,
ACCT_065088,0.00407671611938161,,
ACCT_065092,0.0015175717199929929,,
ACCT_065125,0.0051185352396383626,,
ACCT_065146,0.00027185892440020437,,
ACCT_065153,0.0002953636186855236,,
ACCT_065154,0.020457553255129903,,
ACCT_065167,0.0667326534745318,,
ACCT_065177,0.0006194761388999896,,
ACCT_065191,0.0007111394741613461,,
ACCT_065199,0.10821518518563167,,
ACCT_065201,0.0013630879370030758,,
ACCT_065205,0.002431533499975088,,
ACCT_065208,0.0006246550987458651,,
ACCT_065222,0.003863544082369208,,
ACCT_065241,0.02595317309093889,,
ACCT_065247,0.0032883589020750214,,
ACCT_065256,0.161159125868562,,
ACCT_065257,0.0008176308564138873,,
ACCT_065270,0.011819100160455471,,
ACCT_065274,0.006809979507601987,,
ACCT_065293,0.00939744418803976,,
ACCT_065307,0.0026787202273239937,,
ACCT_065308,0.0017390599560530389,,
ACCT_065333,0.00311064862287794,,
ACCT_065338,0.0003999701035038765,,
ACCT_065350,0.00015591755886728163,,
ACCT_065362,0.01361632362494199,,
ACCT_065367,0.04270300686502336,,
ACCT_065389,0.0042272118943383575,,
ACCT_065401,0.0018176571141167934,,
ACCT_065415,0.11690910691783771,,
ACCT_065421,0.0013158729818791549,,
ACCT_065457,0.014271418501234565,,
ACCT_065471,0.005657781731596636,,
ACCT_065481,0.051023375354029135,,
ACCT_065490,0.00887164497330799,,
ACCT_065496,0.006231010194793907,,
ACCT_065512,0.023848030881219832,,
ACCT_065521,0.007499231994151134,,
ACCT_065525,0.006149440372912684,,
ACCT_065526,0.001018861439116782,,
ACCT_065536,0.0034993280105094253,,
ACCT_065545,0.05418819057404718,,
ACCT_065554,0.00048280562280602805,,
ACCT_065560,0.003189684423113108,,
ACCT_065561,0.0011252015570434003,,
ACCT_065581,0.00018669530963396258,,
ACCT_065585,0.07187381396012207,,
ACCT_065611,0.9083810012278548,2025-04-02T00:00:00,2025-06-30T00:00:00
ACCT_065632,0.0010908450390566162,,
ACCT_065656,0.017325933266048997,,
ACCT_065680,0.002669723022926456,,
ACCT_065693,0.0017652553529162226,,
ACCT_065694,0.0035425493982323237,,
ACCT_065701,0.03701129455256398,,
ACCT_065702,0.009926607930735139,,
ACCT_065707,0.006348421760796419,,
ACCT_065718,0.0003913119341375673,,
ACCT_065719,0.008543414282268189,,
ACCT_065732,0.08228597200388556,,
ACCT_065750,0.001983173046167476,,
ACCT_065766,0.007321331331718537,,
ACCT_065768,0.01743263302716436,,
ACCT_065769,0.0002482323900613676,,
ACCT_065771,0.006044330654419119,,
ACCT_065773,0.009600137965752865,,
ACCT_065782,0.011348245805151971,,
ACCT_065784,0.001967699930440697,,
ACCT_065800,0.03868883281217795,,
ACCT_065825,0.0003175760663601661,,
ACCT_065828,0.004437527104051169,,
ACCT_065843,0.022485789986744515,,
ACCT_065853,0.004826729867254436,,
ACCT_065861,0.0009352431692709039,,
ACCT_065871,0.0007684163403847944,,
ACCT_065872,0.0024572234636956254,,
ACCT_065890,0.0036536931299760386,,
ACCT_065908,0.02132201875366883,,
ACCT_065922,0.0017084363417512135,,
ACCT_065930,0.032554148769283156,,
ACCT_065946,0.0013175587318569773,,
ACCT_065952,0.00191941234613984,,
ACCT_065980,0.27100893642704815,,
ACCT_065987,0.0102096233925905,,
ACCT_066002,0.0004909322235259226,,
ACCT_066022,0.009695717655918859,,
ACCT_066028,0.31341023140734026,2022-04-27T00:00:00,2022-07-25T00:00:00
ACCT_066052,0.0004694511689188979,,
ACCT_066063,0.0006209867203796836,,
ACCT_066067,0.007958612515547098,,
ACCT_066077,0.0022861594807005886,,
ACCT_066098,0.03405824504562117,,
ACCT_066120,0.0003997106275888427,,
ACCT_066133,0.005747487579855179,,
ACCT_066140,0.014549500314213325,,
ACCT_066146,0.023045718202027315,,
ACCT_066155,0.0008715464101697464,,
ACCT_066165,0.0012352346777710246,,
ACCT_066173,0.0004206867577883809,,
ACCT_066190,0.00031818881787976295,,
ACCT_066192,0.10825797769591408,,
ACCT_066197,0.0001625037401510728,,
ACCT_066209,0.0029133165129576087,,
ACCT_066223,0.0015960648082149833,,
ACCT_066231,0.0010359220121383406,,
ACCT_066233,0.003064779989417527,,
ACCT_066244,0.000996847400541535,,
ACCT_066250,0.0017725196096930935,,
ACCT_066272,0.0010519209328421952,,
ACCT_066289,0.026710520189606995,,
ACCT_066291,0.003913834943001819,,
ACCT_066297,0.0023888947694264326,,
ACCT_066298,0.007421840354336938,,
ACCT_066304,0.0002852211312846569,,
ACCT_066308,0.00034344882537317524,,
ACCT_066324,0.012076550602516433,,
ACCT_066351,0.0022147933257211185,,
ACCT_066365,0.0002072217010909603,,
ACCT_066367,0.009824125383819274,,
ACCT_066369,0.002921396313445284,,
ACCT_066376,0.0002756760307983525,,
ACCT_066380,0.00015186519015797506,,
ACCT_066389,0.00328722569157381,,
ACCT_066457,0.02001264932458906,,
ACCT_066494,0.003124982487206901,,
ACCT_066501,0.0005250586999110201,,
ACCT_066572,0.0007220553245594686,,
ACCT_066574,0.011932361696507765,,
ACCT_066575,0.0014429444727865261,,
ACCT_066579,0.000944730623917177,,
ACCT_066582,0.002078437836034943,,
ACCT_066600,0.00692228776548498,,
ACCT_066608,0.0008436192021876339,,
ACCT_066613,0.00015196560334095112,,
ACCT_066634,0.0003458295955633925,,
ACCT_066638,0.005086666140944946,,
ACCT_066657,0.00283688083992387,,
ACCT_066660,0.018106229086852,,
ACCT_066665,0.008290583332053198,,
ACCT_066666,0.04730456703126186,,
ACCT_066677,0.0042373055469912685,,
ACCT_066687,0.0005328146597340291,,
ACCT_066689,0.006814560149173772,,
ACCT_066698,0.00016045404329785253,,
ACCT_066719,0.0008439384908588907,,
ACCT_066725,0.001076854877686283,,
ACCT_066743,0.0005552753308971355,,
ACCT_066755,0.00052207459759804,,
ACCT_066768,0.010888597121807859,,
ACCT_066776,0.003934943446301754,,
ACCT_066783,0.0002374717136779741,,
ACCT_066785,0.00041905686217669094,,
ACCT_066794,0.026918874462263043,,
ACCT_066795,0.00034352909054093437,,
ACCT_066799,0.007226145012626276,,
ACCT_066808,0.00014697328184289955,,
ACCT_066810,0.0009373620371500443,,
ACCT_066853,0.0023530429056429665,,
ACCT_066856,0.001491625559480483,,
ACCT_066860,0.015575511817868468,,
ACCT_066871,0.00019931319386208996,,
ACCT_066872,0.11140516082841412,,
ACCT_066875,0.002195746399308282,,
ACCT_066892,0.00416804488292823,,
ACCT_066907,0.004731714341351103,,
ACCT_066909,0.002336501825070819,,
ACCT_066911,0.010959546979242858,,
ACCT_066915,0.023355981200164987,,
ACCT_066925,0.0018325643498779502,,
ACCT_066986,0.002185185073126603,,
ACCT_066992,0.8387409361746967,2022-12-30T00:00:00,2023-03-29T00:00:00
ACCT_066995,0.0023281172821531153,,
ACCT_067013,0.3395398824768191,2025-03-24T00:00:00,2025-06-21T00:00:00
ACCT_067019,0.013414196930614025,,
ACCT_067024,0.07521133339379563,,
ACCT_067042,0.005219194437752985,,
ACCT_067059,0.0005253631673597941,,
ACCT_067062,0.00029658492947270347,,
ACCT_067076,0.0008339266433701611,,
ACCT_067088,0.08499265037728948,,
ACCT_067103,0.042955909645361445,,
ACCT_067104,0.004327570766384753,,
ACCT_067129,0.004829041474617872,,
ACCT_067142,0.0020637383406077623,,
ACCT_067153,0.001430030524951577,,
ACCT_067179,0.000631513114701754,,
ACCT_067209,0.009144559013262542,,
ACCT_067215,0.019992843734175987,,
ACCT_067217,0.011363776562060897,,
ACCT_067230,0.0037834839774078073,,
ACCT_067242,0.00022251950823158045,,
ACCT_067317,0.007292049266223068,,
ACCT_067341,0.0036166539164636117,,
ACCT_067349,0.00214092793334164,,
ACCT_067364,0.0019426369308060225,,
ACCT_067388,0.00046785967177415973,,
ACCT_067396,0.005265172531273623,,
ACCT_067410,0.0016072967609043957,,
ACCT_067428,0.01114563799079366,,
ACCT_067436,0.0007657899455880743,,
ACCT_067449,0.00026855678077327826,,
ACCT_067465,0.0007474888824145257,,
ACCT_067467,0.010775906009673009,,
ACCT_067494,0.01175691152680535,,
ACCT_067497,0.005346384637442306,,
ACCT_067499,0.0025536661357791063,,
ACCT_067513,0.0015274406188280887,,
ACCT_067518,0.001230377669238807,,
ACCT_067525,0.0010821515605184595,,
ACCT_067537,0.006864622022596241,,
ACCT_067539,0.008020059200378007,,
ACCT_067544,0.005576028886845756,,
ACCT_067558,0.10813810608583974,,
ACCT_067560,0.0016574795899179436,,
ACCT_067574,0.0023331563263645333,,
ACCT_067606,0.0004805267307043167,,
ACCT_067610,0.00040819366696822994,,
ACCT_067627,0.003757168896777366,,
ACCT_067628,0.02641231596677852,,
ACCT_067630,0.006209552387563192,,
ACCT_067664,0.0029400522879270098,,
ACCT_067666,0.006593620530000499,,
ACCT_067683,0.008366128121910153,,
ACCT_067702,0.0003223057989567605,,
ACCT_067717,0.003430563434216638,,
ACCT_067729,0.01647995147829586,,
ACCT_067733,0.0002516972981056876,,
ACCT_067766,0.006615374277055605,,
ACCT_067772,0.0006252234608309218,,
ACCT_067803,0.003145930898758643,,
ACCT_067820,0.05106443018161222,,
ACCT_067847,0.016407913013022656,,
ACCT_067859,0.0031966613420670933,,
ACCT_067869,0.00037775131187474663,,
ACCT_067891,0.003027420331353906,,
ACCT_067894,0.005505014100298418,,
ACCT_067896,0.00037757795064164785,,
ACCT_067908,0.0036565475698667415,,
ACCT_067920,0.002268779819576361,,
ACCT_067929,0.009439232231162534,,
ACCT_067938,0.00312541561527917,,
ACCT_067963,0.001649674656609754,,
ACCT_068006,0.0011837149481977336,,
ACCT_068015,0.0023324104196649383,,
ACCT_068023,0.003943880105942743,,
ACCT_068043,0.0002843023035485327,,
ACCT_068050,0.0021243800347863465,,
ACCT_068052,0.013509115571297614,,
ACCT_068061,0.0022508835957536786,,
ACCT_068113,0.0012497781618316787,,
ACCT_068121,0.001545577828335944,,
ACCT_068144,0.0012009641314914205,,
ACCT_068163,0.002464428941727986,,
ACCT_068166,0.00042843177012436733,,
ACCT_068167,0.0011266818127621267,,
ACCT_068169,0.0017870946263432216,,
ACCT_068191,0.06437897768237391,,
ACCT_068213,0.0012144211065272157,,
ACCT_068219,0.013331624185540233,,
ACCT_068222,0.0018031321935647222,,
ACCT_068233,0.014348133714239491,,
ACCT_068236,0.012566468336872041,,
ACCT_068237,0.0013733955551834295,,
ACCT_068248,0.6245891235043198,2024-01-06T00:00:00,2024-04-04T00:00:00
ACCT_068266,0.00474616615555704,,
ACCT_068272,0.0007076430780091331,,
ACCT_068297,0.002220723037437421,,
ACCT_068331,0.0011912411313059353,,
ACCT_068336,0.004022322125425786,,
ACCT_068338,0.0006448805311673209,,
ACCT_068342,0.001014280673119094,,
ACCT_068359,0.014733667084664693,,
ACCT_068373,0.000703211615658087,,
ACCT_068387,0.0003361512249919958,,
ACCT_068392,8.637777492019564e-05,,
ACCT_068393,0.009593253814781868,,
ACCT_068410,0.0005916199410586123,,
ACCT_068461,0.0019705533773706095,,
ACCT_068465,0.01395283491663817,,
ACCT_068469,0.0036735665773893708,,
ACCT_068492,0.0016973966721202647,,
ACCT_068496,0.009655741467626095,,
ACCT_068497,0.007153090343070297,,
ACCT_068498,0.011390933978782108,,
ACCT_068529,0.00048254640753353707,,
ACCT_068530,0.00022417883217494295,,
ACCT_068556,0.0023137746906204577,,
ACCT_068560,0.007617683823436266,,
ACCT_068587,0.037217566193731844,,
ACCT_068607,0.005269910041805743,,
ACCT_068628,0.005848691730651414,,
ACCT_068638,0.0015698020473869233,,
ACCT_068648,0.0020933312851885008,,
ACCT_068653,0.0009167249672683243,,
ACCT_068675,0.000714956094255856,,
ACCT_068676,0.00042798408608563934,,
ACCT_068698,0.0008365274662716349,,
ACCT_068724,0.0017700438477742323,,
ACCT_068733,0.03971795422078573,,
ACCT_068734,0.014860580207669376,,
ACCT_068736,0.0763755379166683,,
ACCT_068761,0.0019396069488488662,,
ACCT_068781,0.0018649275307127083,,
ACCT_068793,0.08232605226138874,,
ACCT_068796,0.0011019382638489312,,
ACCT_068808,0.0007447785792523286,,
ACCT_068813,0.0013826392874138863,,
ACCT_068821,0.14177924106270462,,
ACCT_068826,0.04603851656008575,,
ACCT_068850,0.00043325335120263775,,
ACCT_068865,0.08502100202307115,,
ACCT_068875,0.07905692905937789,,
ACCT_068905,0.014474417476664054,,
ACCT_068918,0.0002494792134819943,,
ACCT_068928,0.0018281610546846537,,
ACCT_068931,0.00049149519398446,,
ACCT_068932,0.00031237800055780205,,
ACCT_068936,0.01536545943279342,,
ACCT_068949,0.007199309545385673,,
ACCT_068950,0.00019742808680549322,,
ACCT_068964,0.038444318636023905,,
ACCT_068969,0.0026149485061274665,,
ACCT_068998,0.0004070777147629912,,
ACCT_069022,0.5376294101636038,2025-04-02T00:00:00,2025-06-30T00:00:00
ACCT_069070,0.0012003062573533146,,
ACCT_069079,0.0007322286177335819,,
ACCT_069080,0.0019210445142395065,,
ACCT_069094,0.001878580225951851,,
ACCT_069104,0.023010282745808252,,
ACCT_069136,4.616314312946078e-05,,
ACCT_069138,7.25710763185297e-05,,
ACCT_069150,0.0013133969481991502,,
ACCT_069170,0.0005668845557166341,,
ACCT_069171,0.003827117992130342,,
ACCT_069186,0.004166036139088618,,
ACCT_069198,0.000975239409906108,,
ACCT_069202,0.0013004476820465383,,
ACCT_069205,0.004681519442685205,,
ACCT_069227,0.011491350900971049,,
ACCT_069231,0.0008886928378781407,,
ACCT_069233,0.01753401679508155,,
ACCT_069238,0.002664913532111824,,
ACCT_069240,0.00018875261845966918,,
ACCT_069243,0.0013025991345845802,,
ACCT_069253,0.005462396426928654,,
ACCT_069270,0.003987509294899876,,
ACCT_069314,0.000311057633918486,,
ACCT_069335,0.00036278169718751134,,
ACCT_069340,0.00513202219366928,,
ACCT_069350,0.0008475554979983889,,
ACCT_069356,0.0038368171111800692,,
ACCT_069376,0.008359346567637635,,
ACCT_069385,0.18750315189357863,,
ACCT_069387,0.009244087031439167,,
ACCT_069393,0.0021612067129291,,
ACCT_069414,0.03035807709660392,,
ACCT_069428,0.001631547951789676,,
ACCT_069455,0.0222976649719325,,
ACCT_069458,0.00044284278031937074,,
ACCT_069480,0.004728355545468927,,
ACCT_069488,0.012025021723888626,,
ACCT_069497,0.05640043854836291,,
ACCT_069520,0.0014174012200659676,,
ACCT_069537,0.003790258081254604,,
ACCT_069543,0.006693247114844004,,
ACCT_069565,0.0051697943241192,,
ACCT_069570,0.0014303533534224583,,
ACCT_069573,0.00010398562390939708,,
ACCT_069584,0.0072389491862094105,,
ACCT_069607,0.00153150393690677,,
ACCT_069625,0.008704226997659714,,
ACCT_069626,0.0013467300500101256,,
ACCT_069637,0.002148917007857497,,
ACCT_069689,0.01933763856986438,,
ACCT_069705,0.0005357105989692754,,
ACCT_069707,0.03985069347958138,,
ACCT_069733,0.004994684439932811,,
ACCT_069739,0.00017651404696977145,,
ACCT_069740,0.004582664765636175,,
ACCT_069753,0.0011270926440601358,,
ACCT_069754,0.012491913828434259,,
ACCT_069759,0.0013353232255820808,,
ACCT_069764,0.0019428670438330468,,
ACCT_069771,0.010478300561565738,,
ACCT_069772,0.0006740749105263135,,
ACCT_069784,0.008243549036497471,,
ACCT_069785,0.0015879065969872466,,
ACCT_069851,0.0024121156670188887,,
ACCT_069892,0.006234357263086157,,
ACCT_069913,0.006891258418068619,,
ACCT_069924,0.001455445858279489,,
ACCT_069927,0.0011106560289866334,,
ACCT_069932,0.01957696489899966,,
ACCT_069952,0.0074749715764008545,,
ACCT_069966,0.0011187666696832839,,
ACCT_069999,0.0015624300287681741,,
ACCT_070001,0.002456343812749458,,
ACCT_070022,0.020614743270953438,,
ACCT_070025,0.0005953975254036318,,
ACCT_070026,0.044937666742092854,,
ACCT_070029,0.002155146935469466,,
ACCT_070082,0.0021090409373246124,,
ACCT_070089,0.0169526930956891,,
ACCT_070094,0.010946889025084039,,
ACCT_070098,0.00043459208668778323,,
ACCT_070101,0.0034762767906900472,,
ACCT_070104,0.0003628527802663163,,
ACCT_070113,0.007228488892111376,,
ACCT_070129,0.00014388701645077785,,
ACCT_070153,0.0003171436873015089,,
ACCT_070168,0.013749389894047698,,
ACCT_070170,0.006241970472191192,,
ACCT_070182,0.0005415188303294645,,
ACCT_070185,0.014203728403387208,,
ACCT_070190,0.02054345368304328,,
ACCT_070223,0.0015682233600128755,,
ACCT_070227,0.013627276607376605,,
ACCT_070237,0.0021140545569481254,,
ACCT_070240,0.0005345357602920534,,
ACCT_070249,0.0001288982575527309,,
ACCT_070252,0.003127109621119882,,
ACCT_070269,0.005151801086819314,,
ACCT_070272,0.02338339757736822,,
ACCT_070273,0.00732856533536517,,
ACCT_070275,0.00015349426646889613,,
ACCT_070285,0.00037829924795290996,,
ACCT_070290,0.005378248632039542,,
ACCT_070295,0.0014500014609102128,,
ACCT_070305,0.0006218155277705215,,
ACCT_070315,0.0007529598875467032,,
ACCT_070321,0.06833830591828202,,
ACCT_070331,0.0034737747429227084,,
ACCT_070335,0.0004670958668799272,,
ACCT_070344,0.0007371398841886522,,
ACCT_070359,0.04795098719170084,,
ACCT_070378,0.00011508004297349481,,
ACCT_070391,0.0025161605148757166,,
ACCT_070397,0.0041576869178975625,,
ACCT_070405,0.0043506443195376505,,
ACCT_070450,0.0036214373719656223,,
ACCT_070452,0.0008500747149717301,,
ACCT_070476,0.007835719805896205,,
ACCT_070493,0.03513065091126735,,
ACCT_070511,0.003444506458163789,,
ACCT_070564,0.0008898686745202614,,
ACCT_070593,0.002647164106462127,,
ACCT_070611,0.005482136096940129,,
ACCT_070618,0.0012458763407986414,,
ACCT_070635,0.007321534911437266,,
ACCT_070657,0.0016004541241413327,,
ACCT_070687,0.00041263171772270776,,
ACCT_070691,0.0023878498596881645,,
ACCT_070698,0.011530524347397122,,
ACCT_070709,0.00154404673834294,,
ACCT_070719,0.000612060716922523,,
ACCT_070726,0.00042387921893411243,,
ACCT_070752,0.002299235910857762,,
ACCT_070755,0.001463384505446925,,
ACCT_070758,0.06696898214132921,,
ACCT_070762,0.00016870145594888327,,
ACCT_070768,0.026528060363771738,,
ACCT_070769,0.005299468483131466,,
ACCT_070773,0.00474088860579761,,
ACCT_070800,0.006996432358486229,,
ACCT_070802,0.08213573317850091,,
ACCT_070808,0.006015505856831916,,
ACCT_070826,0.0026604756234435804,,
ACCT_070834,0.0014302325679373092,,
ACCT_070837,0.009584187181600142,,
ACCT_070842,0.0003980915143097461,,
ACCT_070858,0.0020800143519176376,,
ACCT_070879,0.2902742909417887,,
ACCT_070904,0.0017395940396824293,,
ACCT_070929,0.0009303062977028124,,
ACCT_070936,0.005896578127619073,,
ACCT_070947,0.00020038545041467862,,
ACCT_070978,0.022358130297101368,,
ACCT_070984,0.0024870553193586135,,
ACCT_070985,0.0005153103791504445,,
ACCT_070992,0.0013690644723932063,,
ACCT_070994,0.0005824294375956243,,
ACCT_070995,0.0004879802014976911,,
ACCT_071010,0.00313364723423927,,
ACCT_071023,0.00024271901871915136,,
ACCT_071045,0.009995501875263931,,
ACCT_071047,0.0003901613063077884,,
ACCT_071054,0.04172294001509903,,
ACCT_071057,0.022692455622613364,,
ACCT_071059,0.0009394506488668408,,
ACCT_071080,0.0016984368127951205,,
ACCT_071085,0.0009222565356377941,,
ACCT_071090,0.009658029640141676,,
ACCT_071091,0.009629998615817552,,
ACCT_071093,0.12372524937715404,,
ACCT_071103,0.0019250166146820159,,
ACCT_071114,0.000785485285430118,,
ACCT_071116,0.0008993436600515324,,
ACCT_071143,0.0003015832208278299,,
ACCT_071156,0.007399154130337831,,
ACCT_071159,0.6565589988926466,2024-02-12T00:00:00,2024-05-11T00:00:00
ACCT_071160,0.0017483174491590265,,
ACCT_071181,0.014265723620027922,,
ACCT_071189,0.0780865227678848,,
ACCT_071204,0.012814627661207686,,
ACCT_071208,0.0019186116616043587,,
ACCT_071224,0.00198104823355038,,
ACCT_071248,0.00028665006750530376,,
ACCT_071259,0.007282984251224543,,
ACCT_071306,0.0006650161010682894,,
ACCT_071312,0.5848923101095429,2023-06-21T00:00:00,2023-09-18T00:00:00
ACCT_071315,0.0011588743109572695,,
ACCT_071366,0.0035924380345777663,,
ACCT_071371,0.044042153787831446,,
ACCT_071376,0.24853281149590342,,
ACCT_071386,0.0030236736995559663,,
ACCT_071392,0.005511695560621554,,
ACCT_071400,0.00012111005608827709,,
ACCT_071404,0.0006088155041910513,,
ACCT_071409,0.06080139665158422,,
ACCT_071413,0.23116496273139905,,
ACCT_071421,0.6535960201068842,2022-08-20T00:00:00,2022-11-17T00:00:00
ACCT_071451,0.015720347130912516,,
ACCT_071461,0.0020282022319980586,,
ACCT_071463,0.0002862028774635893,,
ACCT_071467,0.007860220775180182,,
ACCT_071474,0.01458103216213669,,
ACCT_071481,0.005846468059038794,,
ACCT_071487,0.000928872244401624,,
ACCT_071515,0.0026835199544825174,,
ACCT_071524,0.007797472062134934,,
ACCT_071527,0.0324948124891691,,
ACCT_071528,0.019250039008015966,,
ACCT_071545,0.011815077361481602,,
ACCT_071563,0.0003188126649292061,,
ACCT_071565,0.12506886724113936,,
ACCT_071575,0.002778282064926144,,
ACCT_071583,0.001203759335106735,,
ACCT_071587,0.0005747793650615328,,
ACCT_071588,0.00851148568324631,,
ACCT_071607,0.035574335708949585,,
ACCT_071612,0.006306162850341504,,
ACCT_071622,0.0011403648698399276,,
ACCT_071626,0.001674961017826829,,
ACCT_071630,0.0059327322663072,,
ACCT_071634,0.011852022360433704,,
ACCT_071680,0.00923743841782434,,
ACCT_071686,0.0016587730329307103,,
ACCT_071691,0.5095628842468793,2022-12-22T00:00:00,2023-03-21T00:00:00
ACCT_071701,0.0005264985545257243,,
ACCT_071709,0.005260673307493122,,
ACCT_071722,0.0003862114784972219,,
ACCT_071730,0.0005343983829100197,,
ACCT_071738,0.0014884350069991508,,
ACCT_071741,0.011429253480866246,,
ACCT_071777,0.0019573997730668083,,
ACCT_071778,0.0017029128825646407,,
ACCT_071795,0.0009689538867935089,,
ACCT_071802,0.00040578149956607126,,
ACCT_071829,0.0345634437721294,,
ACCT_071834,0.04159478249463447,,
ACCT_071836,0.1868564663411054,,
ACCT_071861,0.011691894734803893,,
ACCT_071865,0.21530063279749778,,
ACCT_071881,0.00038349677901034255,,
ACCT_071893,0.009641209925655009,,
ACCT_071917,0.00024894615754205823,,
ACCT_071934,0.0023709056823690744,,
ACCT_071945,0.03625503345548302,,
ACCT_071974,0.00450363322648622,,
ACCT_071989,0.0032813081692111,,
ACCT_071990,0.0008130907396991722,,
ACCT_071994,0.0021348785168996834,,
ACCT_071996,0.0026095058820172733,,
ACCT_072018,0.00042632869409922977,,
ACCT_072020,0.000839523312993797,,
ACCT_072022,0.002318245855334724,,
ACCT_072083,0.001910988844610097,,
ACCT_072085,0.0019128801521433362,,
ACCT_072097,0.018258754463340986,,
ACCT_072098,0.0006541430498130795,,
ACCT_072108,0.0016802797741626806,,
ACCT_072126,0.45869277434302314,2022-03-19T00:00:00,2022-06-16T00:00:00
ACCT_072132,0.0005879396680896737,,
ACCT_072143,0.0017519452047183698,,
ACCT_072152,0.00040260384484429833,,
ACCT_072156,0.0015118540879552303,,
ACCT_072161,0.0009204270724070786,,
ACCT_072188,0.0026705999635408435,,
ACCT_072220,0.00021295638506228033,,
ACCT_072237,0.0022667348134232444,,
ACCT_072240,0.0014776096734055518,,
ACCT_072253,0.004639360957151752,,
ACCT_072261,0.0011426601839911702,,
ACCT_072279,0.00026953693906918723,,
ACCT_072317,0.005938306135521927,,
ACCT_072319,0.009700568059004617,,
ACCT_072327,0.031019868241664007,,
ACCT_072342,0.0013323878391362412,,
ACCT_072345,0.002492989960039824,,
ACCT_072353,0.002308235261992606,,
ACCT_072357,0.0002904194756727286,,
ACCT_072381,0.0033144270759882704,,
ACCT_072390,0.0014086153486655346,,
ACCT_072421,0.010475425378568931,,
ACCT_072441,0.0025322080276507096,,
ACCT_072449,0.0007512801464977817,,
ACCT_072455,9.884074607418688e-05,,
ACCT_072482,0.0005218109639556397,,
ACCT_072484,0.0023136075575956976,,
ACCT_072497,0.005337729946997518,,
ACCT_072502,0.44071043415862,2024-04-16T00:00:00,2024-07-14T00:00:00
ACCT_072508,0.055947101255894485,,
ACCT_072541,0.0002851427991792821,,
ACCT_072542,0.024056394229439997,,
ACCT_072558,0.0038101108186940186,,
ACCT_072593,0.00033195152981131546,,
ACCT_072598,0.0008104142838790335,,
ACCT_072617,0.0050259478941884735,,
ACCT_072625,0.0002883414196383308,,
ACCT_072650,0.0019332941310860046,,
ACCT_072660,0.005008296553494393,,
ACCT_072711,0.0009891214354250158,,
ACCT_072721,0.0027988136799561377,,
ACCT_072725,0.0004224087813248064,,
ACCT_072726,0.0008530071282566978,,
ACCT_072735,0.0006362179979959587,,
ACCT_072747,0.0003183788252783874,,
ACCT_072760,0.00016930810383816936,,
ACCT_072765,0.02736269561118982,,
ACCT_072767,0.0018003007581388457,,
ACCT_072771,0.0021138886343805056,,
ACCT_072808,0.0011112036104691616,,
ACCT_072838,0.001846300141708651,,
ACCT_072852,0.012282792345829359,,
ACCT_072854,0.001587446621184208,,
ACCT_072860,0.0005177670936361666,,
ACCT_072875,0.002824462390322349,,
ACCT_072896,0.0018671197586803598,,
ACCT_072934,0.04117444333295011,,
ACCT_072946,0.000884860336486281,,
ACCT_072958,0.004776246420594229,,
ACCT_072961,0.005377936247148442,,
ACCT_072966,0.0011620110152728378,,
ACCT_072992,0.046778230207138324,,
ACCT_073024,0.0012199467935716912,,
ACCT_073026,0.02404191053429498,,
ACCT_073044,0.1428285872539364,,
ACCT_073055,0.0010219712677641117,,
ACCT_073064,0.010665191354569241,,
ACCT_073070,0.0008834867658209644,,
ACCT_073072,0.0007873863136344305,,
ACCT_073078,0.0006780647574574181,,
ACCT_073089,0.08011828287116893,,
ACCT_073108,0.0009278416427889186,,
ACCT_073115,0.014791104348908322,,
ACCT_073120,0.00019111940291600369,,
ACCT_073127,0.0013121999740900326,,
ACCT_073182,0.0015266147359888234,,
ACCT_073196,0.0003602570066936012,,
ACCT_073205,0.0032929029522977557,,
ACCT_073209,0.00025502639413252793,,
ACCT_073225,0.00011679741437597873,,
ACCT_073248,0.0033116839437344293,,
ACCT_073272,0.0008697315522405259,,
ACCT_073283,0.0010274631775205364,,
ACCT_073296,0.0004236747103090496,,
ACCT_073299,0.0026475387860871303,,
ACCT_073300,0.0003497673266883813,,
ACCT_073304,0.0062677299500826286,,
ACCT_073306,0.011470891725899355,,
ACCT_073352,0.0020277747280282006,,
ACCT_073401,0.004252721641436585,,
ACCT_073421,0.003415444015534351,,
ACCT_073422,0.08334951919875459,,
ACCT_073427,0.0017813318669902649,,
ACCT_073452,0.00018569670766167384,,
ACCT_073463,0.0008396777444438334,,
ACCT_073479,0.030459159057316026,,
ACCT_073490,0.00039376199026086535,,
ACCT_073493,0.0007203501107764421,,
ACCT_073537,0.000648688586419305,,
ACCT_073544,0.010420493671846295,,
ACCT_073552,0.0002200317074381793,,
ACCT_073571,0.00951364583620738,,
ACCT_073590,0.0014508645078251162,,
ACCT_073598,0.0016777257557764051,,
ACCT_073606,0.015086606810182372,,
ACCT_073615,0.0007183845902613118,,
ACCT_073626,0.034387125419362966,,
ACCT_073645,0.07083601109690837,,
ACCT_073667,0.00023109797961650124,,
ACCT_073685,0.003236916019713229,,
ACCT_073687,0.0028468869306297814,,
ACCT_073701,0.004794263966995781,,
ACCT_073704,0.01172215574807549,,
ACCT_073709,0.002267404708755736,,
ACCT_073720,0.0008073633182587734,,
ACCT_073730,0.09032293287424817,,
ACCT_073746,0.005558665924640948,,
ACCT_073749,0.003935542487622523,,
ACCT_073750,0.0012419775420710456,,
ACCT_073758,0.005641225550317041,,
ACCT_073766,0.0032753351279744157,,
ACCT_073782,0.0019011076142200546,,
ACCT_073783,0.0026017670285216777,,
ACCT_073807,0.002451838838464915,,
ACCT_073827,0.011244955132317831,,
ACCT_073830,0.00026639258013974197,,
ACCT_073834,0.0010775594310549366,,
ACCT_073835,0.00026198496875583135,,
ACCT_073848,0.0030716486363500384,,
ACCT_073852,0.00015631855566421255,,
ACCT_073861,0.0004993442884638605,,
ACCT_073866,0.003785863445870096,,
ACCT_073899,0.10054783228002102,,
ACCT_073907,0.002474389146377885,,
ACCT_073919,0.005476889686251768,,
ACCT_073935,0.002158616480610606,,
ACCT_073942,0.02216680833849531,,
ACCT_073957,0.0015301253653041292,,
ACCT_073960,0.001417953983815644,,
ACCT_073973,0.00044700070891923286,,
ACCT_073988,0.005036709132286617,,
ACCT_074005,0.0009194827412015941,,
ACCT_074021,0.06713360001704408,,
ACCT_074028,0.0021653756261263814,,
ACCT_074041,0.00046186705548377044,,
ACCT_074048,0.007303638986343203,,
ACCT_074049,0.13616758980275495,,
ACCT_074050,0.016866806075898362,,
ACCT_074055,0.0026831031919622083,,
ACCT_074060,0.0061177192988407115,,
ACCT_074135,0.0002830798397444551,,
ACCT_074158,0.16483214964576737,,
ACCT_074167,0.00401247993023812,,
ACCT_074174,0.8923038991591582,2021-08-13T00:00:00,2021-11-10T00:00:00
ACCT_074182,0.01395110207418615,,
ACCT_074201,0.0012151098646461275,,
ACCT_074216,0.019081465677250907,,
ACCT_074219,0.2857292451998305,,
ACCT_074223,0.006982671808613403,,
ACCT_074245,0.012031763290657358,,
ACCT_074252,0.028497831920476453,,
ACCT_074285,0.005967591819864147,,
ACCT_074323,0.0009238434323635931,,
ACCT_074365,0.0396486441188488,,
ACCT_074382,0.0019035161149702454,,
ACCT_074389,0.0008646845075938051,,
ACCT_074390,0.005207352104857498,,
ACCT_074394,0.021094370825387555,,
ACCT_074402,0.000582274606006198,,
ACCT_074424,0.009361476369464019,,
ACCT_074433,0.003275530791505035,,
ACCT_074455,0.01318830456397685,,
ACCT_074478,0.07147422638099542,,
ACCT_074523,0.0004333091415924811,,
ACCT_074526,0.000683838669741552,,
ACCT_074542,0.002974971811678653,,
ACCT_074556,0.0011531331364148082,,
ACCT_074557,0.0007892394169834713,,
ACCT_074587,0.0008051051463954741,,
ACCT_074601,0.0007898347116796923,,
ACCT_074618,0.0009235838284994671,,
ACCT_074645,0.047852835727232236,,
ACCT_074664,0.00950124558767621,,
ACCT_074679,0.0007477538056940734,,
ACCT_074690,0.06971966630037701,,
ACCT_074693,0.00019854633499919718,,
ACCT_074711,0.0520607607611132,,
ACCT_074714,0.0014651123542945214,,
ACCT_074717,0.0007429755290475241,,
ACCT_074776,0.0003877583834009769,,
ACCT_074792,0.0020779369549576406,,
ACCT_074794,0.00022980940207693507,,
ACCT_074801,0.0007114811542242582,,
ACCT_074804,0.00046574848522133456,,
ACCT_074811,0.0009741486646197544,,
ACCT_074823,0.002536143787746648,,
ACCT_074826,0.0027984878573407133,,
ACCT_074840,0.0030964862014347403,,
ACCT_074844,0.0016743663216689715,,
ACCT_074850,0.03201240720692065,,
ACCT_074864,0.0006558504448561722,,
ACCT_074880,0.0008592034856870739,,
ACCT_074890,0.00016614126330750446,,
ACCT_074926,0.0005607531497198241,,
ACCT_074931,0.015450589670478404,,
ACCT_074936,0.00019011789159189405,,
ACCT_074947,0.005457853990543974,,
ACCT_074957,0.0009051062418713879,,
ACCT_074966,0.01639844589038227,,
ACCT_074968,0.018207341039097588,,
ACCT_074985,0.0009827922828308019,,
ACCT_074991,0.006686367223475387,,
ACCT_075016,0.0007435991540995871,,
ACCT_075023,0.0013196382018481252,,
ACCT_075030,0.00039989301533888713,,
ACCT_075037,0.11985594178309755,,
ACCT_075062,0.011928942062224676,,
ACCT_075083,0.0023430233890163665,,
ACCT_075088,0.04143158511995308,,
ACCT_075092,0.0006603680632193931,,
ACCT_075106,0.0004068798996510934,,
ACCT_075112,0.003854570316745955,,
ACCT_075115,0.0017140931063918802,,
ACCT_075124,0.0023423636212116235,,
ACCT_075141,0.003583571886605846,,
ACCT_075155,0.006730155893980993,,
ACCT_075160,0.0017385844470430886,,
ACCT_075165,0.00034780724260385947,,
ACCT_075180,0.015186379147095346,,
ACCT_075197,0.001742116560237443,,
ACCT_075257,0.05420889797007812,,
ACCT_075258,0.001688067531297134,,
ACCT_075260,0.032217453073200834,,
ACCT_075261,0.0024008749560664533,,
ACCT_075267,0.0004185105944445088,,
ACCT_075275,0.0012312368863635467,,
ACCT_075300,0.008934873504261795,,
ACCT_075327,0.0001521501628379195,,
ACCT_075347,0.0005206998517997033,,
ACCT_075384,0.00014471221863162191,,
ACCT_075393,0.002049517236757199,,
ACCT_075397,0.01028657055510212,,
ACCT_075411,0.0012257490618719864,,
ACCT_075412,0.0915854429963999,,
ACCT_075438,0.0044730227169407916,,
ACCT_075446,0.0008986380498158981,,
ACCT_075458,0.0023999031474522276,,
ACCT_075461,0.0009900134509308422,,
ACCT_075466,0.003975054264837752,,
ACCT_075473,0.012146211662945158,,
ACCT_075481,0.0069043357396580156,,
ACCT_075483,0.0015040128305275665,,
ACCT_075500,0.031630675058779846,,
ACCT_075505,0.0015977166161080876,,
ACCT_075506,0.008120098709136834,,
ACCT_075514,0.0012164844359590734,,
ACCT_075529,0.007086937678779404,,
ACCT_075551,0.025524514383147946,,
ACCT_075558,0.0038641936095183196,,
ACCT_075563,0.0010425016229422038,,
ACCT_075582,0.0036939750162139546,,
ACCT_075584,0.0012845698736251487,,
ACCT_075599,0.004938917540838681,,
ACCT_075606,0.001446266858679024,,
ACCT_075609,0.0004953174056771791,,
ACCT_075616,0.002966666107362039,,
ACCT_075658,0.0022676357085227015,,
ACCT_075709,0.0008741101631315126,,
ACCT_075742,0.0028482270161115614,,
ACCT_075780,0.0004649908267690698,,
ACCT_075786,0.0018931710861965101,,
ACCT_075789,0.0006991044826076358,,
ACCT_075804,0.0014291930545915293,,
ACCT_075813,0.006915320910372306,,
ACCT_075836,0.0015261402047408944,,
ACCT_075896,0.01158551652888083,,
ACCT_075918,0.0024116282553298925,,
ACCT_075921,0.0009769539422842548,,
ACCT_075955,0.0012700790510035856,,
ACCT_075972,0.5407958996039545,2025-02-26T00:00:00,2025-05-26T00:00:00
ACCT_075974,0.0006828638975076614,,
ACCT_076018,0.05289608673947317,,
ACCT_076022,0.005719400891018441,,
ACCT_076048,0.00045943094906658973,,
ACCT_076061,0.0045096007286195595,,
ACCT_076064,0.01792184440334034,,
ACCT_076069,0.0009672485512210135,,
ACCT_076073,0.0030917673432459486,,
ACCT_076082,0.006332393402113813,,
ACCT_076099,0.0018977109147097465,,
ACCT_076112,0.0016232448209856094,,
ACCT_076175,0.0038193941136781895,,
ACCT_076182,0.0018502232738541388,,
ACCT_076187,0.012424518445502337,,
ACCT_076190,0.10144955113823947,,
ACCT_076199,0.0015945990907051757,,
ACCT_076224,0.00031294304285924517,,
ACCT_076240,0.0029176304127056883,,
ACCT_076248,0.017848788232955,,
ACCT_076261,0.001640179101847023,,
ACCT_076262,0.026410694925437527,,
ACCT_076272,0.002447992284836585,,
ACCT_076300,0.0040137197862755766,,
ACCT_076305,0.003930912324842462,,
ACCT_076308,0.0006333300233455176,,
ACCT_076312,0.00042555519532456776,,
ACCT_076346,0.008467160764724726,,
ACCT_076347,0.06952783051492333,,
ACCT_076351,0.0351695293852598,,
ACCT_076372,0.2137500293717262,,
ACCT_076374,0.001189721619520747,,
ACCT_076381,0.05095744968638727,,
ACCT_076390,0.003835702848827159,,
ACCT_076412,0.059809916284583986,,
ACCT_076426,0.0022818392552896097,,
ACCT_076473,0.0024920318958633015,,
ACCT_076489,0.0005470074754838011,,
ACCT_076520,0.20254099109969217,,
ACCT_076564,0.0011872760437611595,,
ACCT_076570,0.001746293307647875,,
ACCT_076577,0.5529540850542711,2022-06-02T00:00:00,2022-08-30T00:00:00
ACCT_076600,0.00012090662722122048,,
ACCT_076604,0.006603399109520484,,
ACCT_076615,0.00026813996486326896,,
ACCT_076617,0.003573500898669038,,
ACCT_076624,0.4803276851566592,2025-03-24T00:00:00,2025-06-21T00:00:00
ACCT_076638,0.010268511777967778,,
ACCT_076643,0.0002427686831099759,,
ACCT_076647,0.0012627834886387635,,
ACCT_076673,0.0011328968987295107,,
ACCT_076686,0.003293474134685831,,
ACCT_076695,0.000227107413110011,,
ACCT_076716,0.0013116857151278616,,
ACCT_076732,0.013837945531104465,,
ACCT_076744,6.700870620837569e-05,,
ACCT_076748,0.000614906642825145,,
ACCT_076752,0.010355326784873064,,
ACCT_076757,0.04602808071722765,,
ACCT_076760,0.0002741826173309354,,
ACCT_076768,0.007296922470723499,,
ACCT_076788,0.008938852485203328,,
ACCT_076817,0.002561522280316764,,
ACCT_076848,0.0035674576805215566,,
ACCT_076853,0.002774477261471017,,
ACCT_076861,0.00033536011829661224,,
ACCT_076866,0.032456546424043095,,
ACCT_076879,0.0011806438401007636,,
ACCT_076880,0.0010462397565869806,,
ACCT_076883,0.005522142036948075,,
ACCT_076891,0.0020701066437392402,,
ACCT_076899,0.0062350253315681965,,
ACCT_076915,0.0011019601498993689,,
ACCT_076926,0.00032805680370420103,,
ACCT_076928,0.0033430557071994307,,
ACCT_076941,0.019454131711123736,,
ACCT_076971,0.0036339117594904485,,
ACCT_076992,0.0005792064996040479,,
ACCT_076993,0.00155677348988901,,
ACCT_077008,0.0001675167106792135,,
ACCT_077027,0.005031131400522094,,
ACCT_077030,0.016306092497302468,,
ACCT_077031,0.00076483629816323,,
ACCT_077038,0.0001471477901927682,,
ACCT_077063,0.0006649881904279157,,
ACCT_077073,0.002955322726949081,,
ACCT_077077,0.007118178806926495,,
ACCT_077103,0.8109536125810217,2024-09-25T00:00:00,2024-12-23T00:00:00
ACCT_077107,0.0005121341334175125,,
ACCT_077108,0.004552427144687447,,
ACCT_077112,0.3608418365087759,2023-11-16T00:00:00,2024-02-13T00:00:00
ACCT_077129,0.0003180815899669413,,
ACCT_077130,0.00020966901052696415,,
ACCT_077132,0.011127491133646578,,
ACCT_077135,0.0003593198337166658,,
ACCT_077136,0.0020709104905637663,,
ACCT_077170,0.0011090508598270233,,
ACCT_077172,0.0010215865073248376,,
ACCT_077173,0.004993828203822821,,
ACCT_077174,0.03214905985063986,,
ACCT_077183,0.02139151497715535,,
ACCT_077234,0.00027805425477709863,,
ACCT_077236,0.00041780331048766207,,
ACCT_077260,0.0062916034011544445,,
ACCT_077268,0.0009873884006655338,,
ACCT_077275,0.00030378046302467716,,
ACCT_077282,0.0029126865331402466,,
ACCT_077295,0.005413185704944065,,
ACCT_077312,0.0009010869144922455,,
ACCT_077313,0.00021000350380292413,,
ACCT_077328,0.0043859432079612565,,
ACCT_077342,0.0008021865422070014,,
ACCT_077354,0.003122357912153988,,
ACCT_077360,0.10081849261199005,,
ACCT_077368,0.00021994809785923472,,
ACCT_077387,0.0014825127678388186,,
ACCT_077393,0.09055777672153083,,
ACCT_077398,0.0015523452171628009,,
ACCT_077408,0.004822067231421609,,
ACCT_077417,0.004774246235709794,,
ACCT_077443,0.002129290341363712,,
ACCT_077449,0.00020345561578508534,,
ACCT_077463,0.0013064024255409327,,
ACCT_077464,0.0184238125011365,,
ACCT_077471,0.005520753649638181,,
ACCT_077491,0.0007888563930983394,,
ACCT_077496,0.0005194011982292541,,
ACCT_077507,0.013146994137260174,,
ACCT_077519,0.03561752080176937,,
ACCT_077534,0.0059734736336379685,,
ACCT_077575,0.0009800620110825217,,
ACCT_077586,0.0008099443950577604,,
ACCT_077591,0.005040321679129394,,
ACCT_077600,0.003383535139696626,,
ACCT_077626,0.06769620089766701,,
ACCT_077629,0.0008899899278065318,,
ACCT_077640,0.02307754983274542,,
ACCT_077650,0.0007834398994998502,,
ACCT_077680,0.011386275410407251,,
ACCT_077694,0.016391940169454913,,
ACCT_077697,0.013695026094075923,,
ACCT_077722,0.00010471794050752832,,
ACCT_077766,0.0012741495872916953,,
ACCT_077775,0.016536555082498926,,
ACCT_077804,0.016782209482449066,,
ACCT_077821,0.00018271627463375135,,
ACCT_077823,0.003946039634427094,,
ACCT_077828,0.0006060782091191798,,
ACCT_077829,0.0001511230091702933,,
ACCT_077844,0.01056303068627482,,
ACCT_077849,0.005436978390763657,,
ACCT_077871,0.12293554488835638,,
ACCT_077908,0.0033782882488571156,,
ACCT_077910,0.0004377519785908682,,
ACCT_077918,0.0003929685291672781,,
ACCT_077939,0.0034360352578690226,,
ACCT_077946,0.0035626507210449144,,
ACCT_077955,0.013880176500612101,,
ACCT_077967,0.0006925316770858179,,
ACCT_077976,0.004087622457945584,,
ACCT_077982,0.00017943119307425493,,
ACCT_078014,0.004232232865069269,,
ACCT_078028,0.022314943464985002,,
ACCT_078045,0.00015639308457504272,,
ACCT_078054,0.1066164345627956,,
ACCT_078067,0.00040403659017168244,,
ACCT_078070,0.0001527314650756642,,
ACCT_078073,0.00021694794216843625,,
ACCT_078080,0.0023049828626378636,,
ACCT_078099,0.0005866455526770696,,
ACCT_078110,0.0026805262270435484,,
ACCT_078119,0.004750047342312677,,
ACCT_078123,0.030139843586586425,,
ACCT_078129,0.002354824921784228,,
ACCT_078131,0.07545236861933585,,
ACCT_078133,0.0007658453493148162,,
ACCT_078143,0.01084872753641636,,
ACCT_078146,0.0017890434550835224,,
ACCT_078148,0.0014720283026914565,,
ACCT_078159,0.0015207254391303147,,
ACCT_078160,0.00791923939456914,,
ACCT_078183,0.0017409268307019827,,
ACCT_078189,0.004098653766769067,,
ACCT_078190,0.0009288199666608338,,
ACCT_078224,8.47862139353695e-05,,
ACCT_078253,0.002924470291867732,,
ACCT_078257,0.0029655289944277292,,
ACCT_078264,0.06570962958730069,,
ACCT_078279,0.0010711571385143676,,
ACCT_078292,0.0003752423908653801,,
ACCT_078302,0.00015774683057351535,,
ACCT_078318,0.0011681090806268922,,
ACCT_078339,0.006235693506601612,,
ACCT_078345,0.003942598786606808,,
ACCT_078357,0.00015741133731193266,,
ACCT_078375,0.03763666851748354,,
ACCT_078398,0.0047099793576538835,,
ACCT_078401,0.007346486319582082,,
ACCT_078402,0.0016687292291448414,,
ACCT_078407,0.05025819567333436,,
ACCT_078427,0.006765551686548193,,
ACCT_078448,0.08452041672753995,,
ACCT_078480,0.0008134733748606328,,
ACCT_078492,0.0015656538355613009,,
ACCT_078496,0.006781949195126984,,
ACCT_078506,0.12963817573668163,,
ACCT_078509,0.002691025009017669,,
ACCT_078510,0.008735394479010365,,
ACCT_078530,0.00039302637932003544,,
ACCT_078543,0.0032339751403423584,,
ACCT_078570,0.04372328213150177,,
ACCT_078571,0.003945623915742426,,
ACCT_078574,0.0059461838646085894,,
ACCT_078583,0.010474991879008345,,
ACCT_078591,0.03458648938693348,,
ACCT_078616,0.0004640003616899951,,
ACCT_078634,0.002235292996713157,,
ACCT_078639,0.004540603625613511,,
ACCT_078640,0.0028079757576174305,,
ACCT_078649,0.006590054196054041,,
ACCT_078651,0.008305228312269573,,
ACCT_078674,0.4345681493517032,2023-08-23T00:00:00,2023-11-20T00:00:00
ACCT_078678,0.0026225802852130053,,
ACCT_078687,0.000551264820066841,,
ACCT_078696,0.0008617588398138292,,
ACCT_078720,0.0011808544320212953,,
ACCT_078735,0.02950985007829781,,
ACCT_078736,0.003982097806324484,,
ACCT_078737,0.0019514294684778804,,
ACCT_078741,0.0025327623779354295,,
ACCT_078744,0.00043184915216147867,,
ACCT_078772,0.0013661247405229134,,
ACCT_078774,0.0056725056182662425,,
ACCT_078796,0.15372647991068714,,
ACCT_078797,0.003550479325619535,,
ACCT_078799,0.006781734380546192,,
ACCT_078806,0.014067702402534563,,
ACCT_078833,0.021040888529277057,,
ACCT_078848,0.0004460558631772051,,
ACCT_078864,0.009148341605102438,,
ACCT_078890,0.005130290180493937,,
ACCT_078917,0.0015364678337601717,,
ACCT_078925,0.0015219040955043994,,
ACCT_078950,0.00018848963911945147,,
ACCT_078962,0.0020837285785813174,,
ACCT_078985,0.0005110319692688602,,
ACCT_079007,0.014441862280081638,,
ACCT_079015,0.0006504733009134377,,
ACCT_079024,0.001070291520329572,,
ACCT_079025,0.0019325084733095306,,
ACCT_079033,0.016567187828310435,,
ACCT_079052,0.002177864466879699,,
ACCT_079088,0.0018730166171617105,,
ACCT_079092,0.000575942423691842,,
ACCT_079099,0.005172772999183954,,
ACCT_079130,0.0016920039658790923,,
ACCT_079135,0.0013312141493204838,,
ACCT_079137,0.0028525322935458457,,
ACCT_079138,0.0002613501112076524,,
ACCT_079147,0.00047322961198943345,,
ACCT_079191,0.00017274707143741247,,
ACCT_079192,0.008590964786022118,,
ACCT_079196,0.001014534718443728,,
ACCT_079197,0.0023802933617561133,,
ACCT_079269,0.046845357566009486,,
ACCT_079270,7.769744525151055e-05,,
ACCT_079276,0.06930471662329615,,
ACCT_079298,0.0006514865191121527,,
ACCT_079310,0.0004802190858260974,,
ACCT_079326,0.006197287041205812,,
ACCT_079327,0.0015921933351705439,,
ACCT_079330,0.005657306812902772,,
ACCT_079332,0.0013179764532448674,,
ACCT_079346,0.004046519001722912,,
ACCT_079359,0.0025249091171428047,,
ACCT_079404,0.007024110774381818,,
ACCT_079407,0.053493475617018706,,
ACCT_079422,0.00016295602456144664,,
ACCT_079512,0.0008193815880724379,,
ACCT_079517,0.006853302799135837,,
ACCT_079533,0.0010197920380702196,,
ACCT_079571,0.004782022370394137,,
ACCT_079574,0.3375829547617424,2024-06-20T00:00:00,2024-09-17T00:00:00
ACCT_079577,0.008392803091369326,,
ACCT_079605,0.011626364444714965,,
ACCT_079614,0.00024285244039894837,,
ACCT_079636,0.0015393686277980084,,
ACCT_079637,0.003079500867971295,,
ACCT_079640,0.00486740208289082,,
ACCT_079641,0.014283280641664472,,
ACCT_079657,0.0019519421301547105,,
ACCT_079686,0.006997840079326351,,
ACCT_079690,0.00011319885665926337,,
ACCT_079698,0.0006546642029569524,,
ACCT_079703,0.00024146089677769207,,
ACCT_079730,0.036220673105501464,,
ACCT_079741,0.01044666508744133,,
ACCT_079742,0.0005673265248244221,,
ACCT_079744,0.0027526456067417356,,
ACCT_079746,0.003718417855021472,,
ACCT_079752,0.0008793106664928354,,
ACCT_079754,0.024075483829598027,,
ACCT_079756,0.0013882446947232163,,
ACCT_079765,0.016358253846298465,,
ACCT_079785,0.0007001067073328285,,
ACCT_079793,0.003145250876418814,,
ACCT_079824,0.0022115786493661638,,
ACCT_079844,0.008633995707895196,,
ACCT_079856,0.015025544481581717,,
ACCT_079868,0.000895881754316523,,
ACCT_079875,0.10546052528322622,,
ACCT_079896,0.006169845347076759,,
ACCT_079916,0.015462746657007791,,
ACCT_079919,0.0010663102225994278,,
ACCT_079944,0.016112110550286596,,
ACCT_079950,0.00028151725843438203,,
ACCT_079958,0.0005015515211617825,,
ACCT_079964,0.0003871336124531766,,
ACCT_079987,0.00037550730886531946,,
ACCT_080005,0.2786744105562154,,
ACCT_080011,0.004391195285903814,,
ACCT_080026,0.015164441736713583,,
ACCT_080038,0.0004581350464073897,,
ACCT_080050,0.0028037419879236953,,
ACCT_080057,0.02841905256845715,,
ACCT_080080,0.23476385936170902,,
ACCT_080085,0.008933945887194447,,
ACCT_080093,0.0007432930987570344,,
ACCT_080097,0.007422196553494296,,
ACCT_080106,0.019652962949302,,
ACCT_080110,0.0057610967572757285,,
ACCT_080117,0.01574999114444011,,
ACCT_080128,0.0015529701120237205,,
ACCT_080138,0.06766316695055016,,
ACCT_080139,0.0006378897934473302,,
ACCT_080145,0.029095294115351368,,
ACCT_080158,0.009909073463032518,,
ACCT_080164,0.02292857689577143,,
ACCT_080181,0.00021080999720885434,,
ACCT_080192,0.0014656473027010901,,
ACCT_080201,0.0007887989046108594,,
ACCT_080204,0.01670528996076028,,
ACCT_080210,0.001094881850412535,,
ACCT_080219,0.1046685310528895,,
ACCT_080220,0.006435154497930616,,
ACCT_080225,0.00017119272093692786,,
ACCT_080256,0.0029159789381673824,,
ACCT_080275,0.000493915514092152,,
ACCT_080323,0.030623955400361724,,
ACCT_080339,0.0009810661978769866,,
ACCT_080341,0.0024576704827491717,,
ACCT_080349,0.000508749083507159,,
ACCT_080360,0.0018363099382057526,,
ACCT_080370,0.001621667636512288,,
ACCT_080373,0.0014242189392393873,,
ACCT_080380,0.00045976600129129304,,
ACCT_080387,0.014084614126711432,,
ACCT_080409,0.00998211964640295,,
ACCT_080433,0.005782687030615938,,
ACCT_080436,0.0008958944579785033,,
ACCT_080441,0.0026231185458944024,,
ACCT_080447,0.1207769654487733,,
ACCT_080448,0.0013392205740860622,,
ACCT_080470,0.005864745723009826,,
ACCT_080481,0.0010962962095031966,,
ACCT_080499,0.003113640837224892,,
ACCT_080513,0.002323314639546869,,
ACCT_080553,0.4747448576454073,2024-09-06T00:00:00,2024-12-04T00:00:00
ACCT_080562,0.005933648358296375,,
ACCT_080583,0.003235806601716732,,
ACCT_080590,0.00013884791035425703,,
ACCT_080597,0.00443441353124273,,
ACCT_080613,0.03250861339968225,,
ACCT_080620,0.0005787660529302973,,
ACCT_080622,0.01622268893526546,,
ACCT_080625,0.005838561695997858,,
ACCT_080647,0.0022721484739805873,,
ACCT_080661,0.0008192718208889299,,
ACCT_080670,0.0020389879023307417,,
ACCT_080695,0.004856475705990978,,
ACCT_080701,0.057609140766019286,,
ACCT_080706,0.002193383493171178,,
ACCT_080729,0.17121848401817472,,
ACCT_080750,0.15179137477037316,,
ACCT_080757,0.001183915352296784,,
ACCT_080773,0.015796402422270955,,
ACCT_080786,0.009941100106473522,,
ACCT_080804,0.06301852677670472,,
ACCT_080827,0.0014871218326687006,,
ACCT_080828,0.014729243933673164,,
ACCT_080833,0.0022774683325587934,,
ACCT_080839,0.01315443207358363,,
ACCT_080860,0.0017460106217149541,,
ACCT_080862,0.008756307453439832,,
ACCT_080865,0.00762201877091179,,
ACCT_080871,0.0048946997930663354,,
ACCT_080880,0.0034147315149222176,,
ACCT_080884,0.0035611087219963636,,
ACCT_080905,0.0005127946824286909,,
ACCT_080916,0.0201646319461476,,
ACCT_080921,0.010536052353161646,,
ACCT_080923,0.00010000153607153579,,
ACCT_080962,0.22461065221994286,,
ACCT_080968,0.011195429791512727,,
ACCT_080977,0.007952750820731023,,
ACCT_080994,0.0014368484586428946,,
ACCT_081009,0.005365266617254739,,
ACCT_081012,0.013181147784042713,,
ACCT_081024,0.005443506118380952,,
ACCT_081034,0.0015581315333369357,,
ACCT_081037,0.0004817840029123041,,
ACCT_081041,0.06501811218685535,,
ACCT_081058,0.011141783556001364,,
ACCT_081081,0.010856382872231285,,
ACCT_081084,0.00010032605668577898,,
ACCT_081090,0.00043023714142534857,,
ACCT_081108,0.00018458278797690522,,
ACCT_081129,0.0016861332951758044,,
ACCT_081136,0.09405937050791373,,
ACCT_081151,0.007251593207585875,,
ACCT_081154,0.008145673072166501,,
ACCT_081164,0.0039026691516364925,,
ACCT_081169,0.008293831236918884,,
ACCT_081170,0.003932040786808675,,
ACCT_081176,0.11985865031409651,,
ACCT_081192,0.0018636187538520394,,
ACCT_081196,0.00020901186329721702,,
ACCT_081203,0.08059393109904722,,
ACCT_081206,0.04879157134841965,,
ACCT_081211,0.016830698307892022,,
ACCT_081227,0.0008590583841379199,,
ACCT_081230,0.0846596374050039,,
ACCT_081239,0.0022636917358466032,,
ACCT_081248,0.0014629148125584592,,
ACCT_081271,0.03661619522940533,,
ACCT_081279,0.00039914522889341193,,
ACCT_081286,0.0031831075927057245,,
ACCT_081293,0.0024335134779671147,,
ACCT_081301,0.001425565339024856,,
ACCT_081327,0.056257952238760026,,
ACCT_081333,0.0049352740370325904,,
ACCT_081342,0.002008933396337667,,
ACCT_081345,0.0007912977949486177,,
ACCT_081351,8.15789807281338e-05,,
ACCT_081389,0.02116628494992677,,
ACCT_081397,0.0015221701373537208,,
ACCT_081405,0.0007754556688769896,,
ACCT_081406,0.0006596348553487954,,
ACCT_081414,0.0008555580062009717,,
ACCT_081443,0.007339918073211956,,
ACCT_081445,0.018761919694438644,,
ACCT_081457,0.002874612626651938,,
ACCT_081463,0.3756467577153778,,
ACCT_081470,0.011928780778000286,,
ACCT_081485,0.0005946354489323456,,
ACCT_081492,0.0008276404035483609,,
ACCT_081502,0.01675096698760866,,
ACCT_081520,0.010487399227788678,,
ACCT_081522,0.004770472224484518,,
ACCT_081527,0.0022960932601379476,,
ACCT_081560,0.0014787718953344743,,
ACCT_081575,0.0008957631940230077,,
ACCT_081581,0.00020950894353224887,,
ACCT_081604,0.012241426592645151,,
ACCT_081606,0.00014034137640086267,,
ACCT_081637,0.0008215978686642944,,
ACCT_081656,0.0006868566934210726,,
ACCT_081672,0.0004942333938402941,,
ACCT_081710,0.0023620634887261556,,
ACCT_081711,0.006995612825370151,,
ACCT_081723,0.009177705587074848,,
ACCT_081725,0.0020711946861227755,,
ACCT_081731,0.0019930805110015292,,
ACCT_081759,0.008651535232592707,,
ACCT_081764,0.0023253621107877714,,
ACCT_081776,0.001854562605457946,,
ACCT_081814,0.02549026908136435,,
ACCT_081833,0.0003104493259925607,,
ACCT_081836,0.0005911206742021159,,
ACCT_081852,0.02323116794565803,,
ACCT_081855,0.00044216024946457864,,
ACCT_081857,0.003060917623006396,,
ACCT_081865,0.2347668766135143,,
ACCT_081871,0.023894740927440244,,
ACCT_081874,0.002058849806062524,,
ACCT_081877,0.010332934817200854,,
ACCT_081879,0.005253340894822105,,
ACCT_081880,0.00016763579624288002,,
ACCT_081881,0.09201928741597565,,
ACCT_081905,0.00031518862939862474,,
ACCT_081909,0.0011760619770494476,,
ACCT_081931,0.0007163858919491565,,
ACCT_081936,0.1394430302915391,,
ACCT_081958,0.09391324310203693,,
ACCT_081970,0.00627226107005142,,
ACCT_081989,0.012947547875440654,,
ACCT_082049,0.0023030115650969824,,
ACCT_082057,0.0015453896428277484,,
ACCT_082075,0.0035000578546807077,,
ACCT_082095,0.02488328302486444,,
ACCT_082098,0.0005597327484789278,,
ACCT_082128,0.0037538083945078396,,
ACCT_082137,0.19441970978698367,,
ACCT_082149,0.013514544913824969,,
ACCT_082152,0.0048036532550833795,,
ACCT_082168,0.003263847367678619,,
ACCT_082170,0.0003038896513578883,,
ACCT_082240,0.004007275078332378,,
ACCT_082256,0.013583816131433224,,
ACCT_082265,0.0002864064308147082,,
ACCT_082269,0.0013781092736823114,,
ACCT_082276,0.012242768043448727,,
ACCT_082278,0.011550151711311227,,
ACCT_082283,0.008345789770532278,,
ACCT_082295,0.001637792863462963,,
ACCT_082296,0.008296484618977171,,
ACCT_082326,0.0024407063517135974,,
ACCT_082339,0.15938479218580445,,
ACCT_082345,0.00881813389217431,,
ACCT_082347,0.004650937050450778,,
ACCT_082384,0.0006339841951500426,,
ACCT_082385,0.0001634738378737077,,
ACCT_082409,0.17097449456799288,,
ACCT_082426,0.001193990390578557,,
ACCT_082434,0.0010568209237293987,,
ACCT_082438,0.0049775814365479905,,
ACCT_082474,0.00083712977389969,,
ACCT_082485,0.0015948531395341505,,
ACCT_082502,0.009694559005633825,,
ACCT_082524,0.015903569900189832,,
ACCT_082531,0.0040531325837068815,,
ACCT_082566,0.0014704819301677714,,
ACCT_082584,0.021934286744348462,,
ACCT_082592,0.000494145338373023,,
ACCT_082608,0.003725088088718918,,
ACCT_082609,0.0009520424919144896,,
ACCT_082617,0.0004825787542418011,,
ACCT_082625,0.0009108996636337438,,
ACCT_082637,0.0007679508573330585,,
ACCT_082641,0.002385278789671999,,
ACCT_082645,0.025367304779620476,,
ACCT_082658,0.002880903934411945,,
ACCT_082691,0.0035604517722194703,,
ACCT_082696,0.039916269011009954,,
ACCT_082709,0.0010140111163610037,,
ACCT_082715,0.000776999401244622,,
ACCT_082716,0.0008505578852790113,,
ACCT_082735,0.0003507570317238175,,
ACCT_082754,0.0009003617504761379,,
ACCT_082767,0.0006386318360079677,,
ACCT_082780,0.062286178388524,,
ACCT_082796,0.0006542208618948471,,
ACCT_082801,0.001043067342228568,,
ACCT_082823,0.000987018560885188,,
ACCT_082834,0.003260337294682616,,
ACCT_082836,0.0232214337651347,,
ACCT_082853,0.0018625885629524597,,
ACCT_082858,0.00685326970093805,,
ACCT_082860,0.012337388911052896,,
ACCT_082863,0.002621039144355678,,
ACCT_082886,0.0109719576084335,,
ACCT_082894,0.013458554889991226,,
ACCT_082897,0.0011109279788492816,,
ACCT_082901,0.0007520762925829866,,
ACCT_082904,0.0012182756810154736,,
ACCT_082908,0.0020734422901338054,,
ACCT_082918,0.06541115583880469,,
ACCT_082932,0.0045531091994938395,,
ACCT_082940,0.00020735964724851575,,
ACCT_082952,0.0004501503519919466,,
ACCT_082955,0.003983346594821906,,
ACCT_082968,0.000488176841815805,,
ACCT_082969,0.0012768615406304523,,
ACCT_082993,0.003570629911427282,,
ACCT_082996,9.873536680379189e-05,,
ACCT_083004,0.008459646845456772,,
ACCT_083021,0.001134158907592723,,
ACCT_083036,0.012645796563740833,,
ACCT_083045,0.009578969352907401,,
ACCT_083046,0.001199291607240121,,
ACCT_083053,0.0012374638070548629,,
ACCT_083056,0.0013285076348524287,,
ACCT_083070,0.0017771650178990423,,
ACCT_083093,0.00057629312213357,,
ACCT_083109,0.014835107533425238,,
ACCT_083119,0.020026268322514723,,
ACCT_083145,0.008468592682867595,,
ACCT_083170,0.0011045035951746808,,
ACCT_083179,0.0029136057412678055,,
ACCT_083190,0.006886332165090712,,
ACCT_083201,0.005612701520842098,,
ACCT_083214,0.0023109686057407363,,
ACCT_083220,0.0007524132634208256,,
ACCT_083242,0.0008949681798327913,,
ACCT_083243,0.009292626578955132,,
ACCT_083264,0.014204884490119382,,
ACCT_083289,0.0007425091740943162,,
ACCT_083291,0.00010553918258471905,,
ACCT_083295,0.00525335194828694,,
ACCT_083301,0.002564331498487498,,
ACCT_083310,0.008871488992204805,,
ACCT_083340,0.006098236506696354,,
ACCT_083346,0.002811361041330348,,
ACCT_083377,0.004234281471374523,,
ACCT_083380,0.0018094272874289996,,
ACCT_083381,0.004974689239669682,,
ACCT_083385,0.001233359140620814,,
ACCT_083410,0.00043507359211837046,,
ACCT_083421,0.016000418464366527,,
ACCT_083423,0.011744726779081015,,
ACCT_083427,0.001839723972821311,,
ACCT_083431,0.3842676664296162,,
ACCT_083435,0.11844803473788139,,
ACCT_083440,0.00931238165837277,,
ACCT_083444,0.003822595295527886,,
ACCT_083447,0.001864131391202247,,
ACCT_083462,0.028885170456793778,,
ACCT_083485,0.00197812455516381,,
ACCT_083498,0.00023767090492786115,,
ACCT_083517,0.029372731289126146,,
ACCT_083518,0.0010784981595213566,,
ACCT_083520,0.006262261212800405,,
ACCT_083559,0.00506543253212766,,
ACCT_083560,0.004163952022654756,,
ACCT_083561,0.001257824794900313,,
ACCT_083563,0.0020615767596694817,,
ACCT_083568,0.005248983258191807,,
ACCT_083569,0.024314292709136414,,
ACCT_083571,0.001394078455119229,,
ACCT_083580,0.0016478746946139802,,
ACCT_083586,0.8789285693253752,2025-03-30T00:00:00,2025-06-27T00:00:00
ACCT_083588,0.0022503246018621293,,
ACCT_083593,0.0006457334567755366,,
ACCT_083595,0.0003353867732321282,,
ACCT_083607,0.010249297053320169,,
ACCT_083614,0.0035721243934691087,,
ACCT_083622,0.0015918209608304658,,
ACCT_083626,0.015593271132903565,,
ACCT_083643,0.021290046580137896,,
ACCT_083656,0.01224696810512611,,
ACCT_083676,0.002174199188888794,,
ACCT_083680,0.05817997729449266,,
ACCT_083691,0.07263434691529815,,
ACCT_083704,0.0008797403762553573,,
ACCT_083710,0.0004478180944242463,,
ACCT_083714,0.00035859953123320437,,
ACCT_083730,0.0018532279555584237,,
ACCT_083734,0.0007300902447906928,,
ACCT_083737,0.02488435888803383,,
ACCT_083739,0.006434065109371728,,
ACCT_083788,0.030424371767129414,,
ACCT_083793,0.04618984537445117,,
ACCT_083795,0.00021691669252424644,,
ACCT_083803,0.020154974757781205,,
ACCT_083819,0.00016457103179993787,,
ACCT_083830,0.0017983759693009614,,
ACCT_083863,0.00369377283041682,,
ACCT_083870,0.001563998479827227,,
ACCT_083871,0.01984003608774808,,
ACCT_083885,0.0037926303720284943,,
ACCT_083917,0.0507648705794745,,
ACCT_083924,0.008968067167568403,,
ACCT_083925,0.006680294841957422,,
ACCT_083934,0.0012547321843080612,,
ACCT_083938,0.30044998979681026,2024-09-11T00:00:00,2024-12-09T00:00:00
ACCT_083947,0.01273252004064967,,
ACCT_083950,0.03357681405822617,,
ACCT_083952,0.0028939966706596405,,
ACCT_083962,0.009711939526116818,,
ACCT_083965,0.055906263535183964,,
ACCT_084005,0.0001991353514699986,,
ACCT_084008,0.0005326315603566255,,
ACCT_084028,0.01080732509621635,,
ACCT_084032,0.003931557363170744,,
ACCT_084043,0.0011753643099625098,,
ACCT_084044,0.0033919748500592763,,
ACCT_084045,0.0008951154280602561,,
ACCT_084047,0.00035320480833774524,,
ACCT_084074,0.0009685929249390356,,
ACCT_084076,0.0005622012072405639,,
ACCT_084077,0.004045625746724748,,
ACCT_084102,0.004663453380816656,,
ACCT_084133,0.005595827718002823,,
ACCT_084134,0.0008218860418181687,,
ACCT_084136,0.00038189960096819757,,
ACCT_084142,0.0029034639952815254,,
ACCT_084160,0.00039593347274457,,
ACCT_084189,0.0007716763896357874,,
ACCT_084198,0.0005518346066060438,,
ACCT_084212,0.0005307500275337608,,
ACCT_084213,0.14916579855322504,,
ACCT_084229,0.0006505303228783227,,
ACCT_084231,0.002782289369818198,,
ACCT_084236,0.002085601630663828,,
ACCT_084265,0.006740315761177888,,
ACCT_084267,0.03909827726509971,,
ACCT_084312,0.0007220251402471989,,
ACCT_084313,0.17510657211292363,,
ACCT_084346,0.011277940100299016,,
ACCT_084347,0.004445496533177746,,
ACCT_084356,0.0027050823385087997,,
ACCT_084362,0.0011525336156496101,,
ACCT_084386,0.0007290210614822309,,
ACCT_084397,0.00794081769942274,,
ACCT_084399,0.004388025239327776,,
ACCT_084411,0.007479915147848527,,
ACCT_084419,0.0006583058172581563,,
ACCT_084424,0.0004968434231744282,,
ACCT_084425,0.0023587406124138286,,
ACCT_084426,0.014367592397616785,,
ACCT_084429,0.0001841764947385164,,
ACCT_084436,0.006343933513572151,,
ACCT_084443,0.03914652170347193,,
ACCT_084506,0.0011786172890057957,,
ACCT_084515,0.0006555233446697233,,
ACCT_084535,0.024904753746417964,,
ACCT_084540,0.000856100536636155,,
ACCT_084559,0.11791957894498244,,
ACCT_084569,0.006708873980905033,,
ACCT_084592,0.04318424735367795,,
ACCT_084599,0.0016709635529874045,,
ACCT_084600,0.8436415224793254,2024-11-24T00:00:00,2025-02-21T00:00:00
ACCT_084613,0.016176357257721246,,
ACCT_084614,0.00012175437091262493,,
ACCT_084626,0.36195668916505747,2023-09-14T00:00:00,2023-12-12T00:00:00
ACCT_084629,0.0008726041940459066,,
ACCT_084634,0.0004987294693079593,,
ACCT_084640,0.002760278895349216,,
ACCT_084646,0.017975207501086405,,
ACCT_084653,0.0031509589701554422,,
ACCT_084656,0.003215608620699607,,
ACCT_084660,0.000981178590744892,,
ACCT_084667,0.0010351122160806706,,
ACCT_084672,0.004175482742632403,,
ACCT_084679,0.02675522619155133,,
ACCT_084680,0.026425257982342115,,
ACCT_084719,0.024208660377871106,,
ACCT_084728,0.004803410859560532,,
ACCT_084733,0.0006658167390963524,,
ACCT_084739,0.008846018292980113,,
ACCT_084743,0.0026965145430767373,,
ACCT_084746,0.0014597528779298756,,
ACCT_084755,0.0014693721755628024,,
ACCT_084766,0.010298218191454583,,
ACCT_084789,0.0009335724194336007,,
ACCT_084790,0.0006382553040701942,,
ACCT_084796,0.0005217736228094378,,
ACCT_084849,0.00035483017219804206,,
ACCT_084853,0.0005598422597378897,,
ACCT_084859,0.008444362998151243,,
ACCT_084868,0.0067136044909115134,,
ACCT_084885,0.0030540326180518917,,
ACCT_084886,0.006352562907400336,,
ACCT_084926,0.0009755801393081728,,
ACCT_084945,0.0040921005065216514,,
ACCT_084950,0.0048419723815191044,,
ACCT_084953,0.0015520506873153788,,
ACCT_084955,0.0026917804277131353,,
ACCT_084972,0.014015584361625543,,
ACCT_084980,0.003631757723868726,,
ACCT_085003,0.007735405481135646,,
ACCT_085016,0.02236764781594448,,
ACCT_085023,0.024590531496529823,,
ACCT_085047,0.008587142599262857,,
ACCT_085048,0.017266879507653307,,
ACCT_085059,0.03980982480578573,,
ACCT_085066,0.00015744982398471338,,
ACCT_085067,0.0005905944330451345,,
ACCT_085124,0.00622899302547154,,
ACCT_085133,0.0011318253552334166,,
ACCT_085136,0.0012084394742448595,,
ACCT_085143,0.0004656911734491545,,
ACCT_085146,0.00018435980748668284,,
ACCT_085173,0.007871347719978248,,
ACCT_085182,0.04850197402160002,,
ACCT_085187,0.0029722544232373476,,
ACCT_085189,0.020420782073665704,,
ACCT_085220,0.0007897846011408744,,
ACCT_085239,0.0008747063190377745,,
ACCT_085244,0.0006581279751696424,,
ACCT_085267,0.03391012098167619,,
ACCT_085273,0.003333549586462074,,
ACCT_085279,0.0062394734115643535,,
ACCT_085291,0.0018832795009232164,,
ACCT_085323,0.0002072189742978054,,
ACCT_085325,0.020657388034604606,,
ACCT_085328,0.011727802894867047,,
ACCT_085359,0.0015068706680685883,,
ACCT_085365,0.0035161770063211633,,
ACCT_085368,0.0025380297118289246,,
ACCT_085372,0.034573148907804815,,
ACCT_085381,0.0006800504375439274,,
ACCT_085400,0.0052881766295530645,,
ACCT_085401,0.0017236145581461457,,
ACCT_085450,0.017199176684627674,,
ACCT_085481,0.003742447549832999,,
ACCT_085484,0.05102662641329029,,
ACCT_085493,0.0009162015651102999,,
ACCT_085499,0.00043929662374542504,,
ACCT_085501,0.0009333878308271822,,
ACCT_085529,0.0023994232458939752,,
ACCT_085536,0.0008906603858863498,,
ACCT_085543,0.008293084868927386,,
ACCT_085544,0.6111256571049044,2021-08-20T00:00:00,2021-11-17T00:00:00
ACCT_085552,0.0005815135357404704,,
ACCT_085569,0.0009680962095110525,,
ACCT_085571,0.000579358628421664,,
ACCT_085581,0.008643284405102845,,
ACCT_085587,0.0019472687451168452,,
ACCT_085591,0.00193405703211299,,
ACCT_085633,0.02525048680155103,,
ACCT_085638,0.00010201519557051714,,
ACCT_085651,0.021171958902930145,,
ACCT_085707,0.006483174592074664,,
ACCT_085709,0.007037152446657971,,
ACCT_085713,0.004247145724775024,,
ACCT_085723,0.0010830313500114893,,
ACCT_085724,0.005316009838268166,,
ACCT_085732,0.0012901515751049942,,
ACCT_085774,0.012918470124005755,,
ACCT_085776,0.0008424378818857941,,
ACCT_085780,0.01611242225514565,,
ACCT_085792,0.0017139481120934399,,
ACCT_085802,0.0004687767787093601,,
ACCT_085823,0.0012704102511391555,,
ACCT_085835,0.00365159140938228,,
ACCT_085851,0.0032164414524550864,,
ACCT_085867,0.0008578018327208758,,
ACCT_085871,0.0168256078956578,,
ACCT_085876,0.010556687178588516,,
ACCT_085896,0.003940827124990595,,
ACCT_085900,0.00033512193238207836,,
ACCT_085905,0.000546766496036477,,
ACCT_085911,0.003062806626918611,,
ACCT_085938,0.004772507462887377,,
ACCT_085940,0.002645700086443101,,
ACCT_085951,0.0047297361922208,,
ACCT_085953,0.2111863924052014,,
ACCT_085972,0.050952781412449535,,
ACCT_085973,0.0065078291582388054,,
ACCT_085984,0.0009582849714279161,,
ACCT_085988,0.00290244314528523,,
ACCT_085992,0.0004301467642312369,,
ACCT_086022,0.0010305610857342675,,
ACCT_086029,0.04177513038247913,,
ACCT_086035,0.009432018064009106,,
ACCT_086039,0.006782796433940992,,
ACCT_086058,0.007163223084622601,,
ACCT_086069,0.0003799052388456366,,
ACCT_086082,0.01399150706654836,,
ACCT_086096,0.003436963949847801,,
ACCT_086113,0.0013975639504386554,,
ACCT_086140,0.0006829064636852241,,
ACCT_086141,0.01582078557584572,,
ACCT_086148,0.009540863185147432,,
ACCT_086170,0.0005506409921873419,,
ACCT_086176,0.0010490683227588463,,
ACCT_086184,0.04529402072561005,,
ACCT_086185,0.0011520780663141033,,
ACCT_086204,0.0013004827537270367,,
ACCT_086208,0.5602471796113037,2022-06-10T00:00:00,2022-09-07T00:00:00
ACCT_086244,0.0004599020035101498,,
ACCT_086298,0.017795555217195648,,
ACCT_086306,0.010580491300459698,,
ACCT_086310,0.007428782063376995,,
ACCT_086321,0.000800999961733818,,
ACCT_086340,0.0057824098138989375,,
ACCT_086345,0.0020889470924271764,,
ACCT_086357,0.0018687811068151278,,
ACCT_086358,0.0010114699186899929,,
ACCT_086377,0.08395689980294477,,
ACCT_086389,0.0003143392126603244,,
ACCT_086422,0.000716905447004094,,
ACCT_086434,0.0013582844893202058,,
ACCT_086444,0.21305586230350024,,
ACCT_086451,0.09055782926889092,,
ACCT_086458,0.00636023692862236,,
ACCT_086471,0.0012843776614456805,,
ACCT_086487,0.0006398213488052635,,
ACCT_086495,0.0010234246404403464,,
ACCT_086516,0.015301438431731765,,
ACCT_086521,0.008440044570641146,,
ACCT_086534,0.0004258935788808863,,
ACCT_086536,0.004881054263380499,,
ACCT_086543,0.0001439566892122071,,
ACCT_086548,0.0041713161508240525,,
ACCT_086560,0.0013188071516455045,,
ACCT_086572,0.0005706299676923541,,
ACCT_086581,0.04538710932323331,,
ACCT_086585,0.0021459475867594995,,
ACCT_086586,0.030235198598352324,,
ACCT_086593,0.00017647307100145587,,
ACCT_086595,0.004419581715541271,,
ACCT_086610,0.0031941980766043514,,
ACCT_086620,0.0006298756873496893,,
ACCT_086644,0.0028445411162445404,,
ACCT_086656,0.004994682340637199,,
ACCT_086664,0.005418817182136291,,
ACCT_086669,0.000955323286837391,,
ACCT_086672,0.0014206137204252386,,
ACCT_086692,0.004381399386541314,,
ACCT_086739,0.12912320852902764,,
ACCT_086742,0.0020996832776855857,,
ACCT_086751,0.05120516117458448,,
ACCT_086753,0.03931622607349121,,
ACCT_086761,0.03931140855295718,,
ACCT_086769,0.001395973604238891,,
ACCT_086799,0.0006983680578321994,,
ACCT_086818,0.004904026096595704,,
ACCT_086820,0.00180789274220926,,
ACCT_086826,0.00045969880174354235,,
ACCT_086831,0.001413550652297547,,
ACCT_086850,0.0005925140048859263,,
ACCT_086859,0.011740520148395621,,
ACCT_086865,0.0047839061817686185,,
ACCT_086876,0.0026968116881852457,,
ACCT_086881,0.019129433125440846,,
ACCT_086889,0.013405135409436313,,
ACCT_086890,0.0016855822421774868,,
ACCT_086910,0.001994516927045481,,
ACCT_086928,0.004437112774537356,,
ACCT_086937,0.002813325578971464,,
ACCT_086941,0.00043991618167261575,,
ACCT_086967,0.026249911097150046,,
ACCT_086974,0.0003191691489523098,,
ACCT_086975,0.005483049560764727,,
ACCT_086985,0.0028754954393252854,,
ACCT_086997,0.0011061700044895568,,
ACCT_087023,0.027015450399396602,,
ACCT_087038,0.0028090312435003696,,
ACCT_087055,0.0002108999107636583,,
ACCT_087061,0.00010696528638709515,,
ACCT_087073,0.0002495691648586151,,
ACCT_087079,0.0028645384681088236,,
ACCT_087090,0.0024481742792858466,,
ACCT_087099,0.09997419279417842,,
ACCT_087103,0.002343238405837016,,
ACCT_087105,0.0007318786543701899,,
ACCT_087112,0.0015269305177518391,,
ACCT_087119,0.003913705936216752,,
ACCT_087129,0.009439170217118157,,
ACCT_087143,0.0020730664095031546,,
ACCT_087156,0.004685151585080393,,
ACCT_087159,0.0008308809202085965,,
ACCT_087162,0.0013561757295925579,,
ACCT_087165,0.004685834852640529,,
ACCT_087170,0.00018416812873848823,,
ACCT_087179,0.03973908073438817,,
ACCT_087194,0.007807914682898218,,
ACCT_087209,0.002774938610876423,,
ACCT_087218,0.017657081962176028,,
ACCT_087219,0.001351352389129539,,
ACCT_087263,0.0014740675307673232,,
ACCT_087269,0.002375124839408359,,
ACCT_087287,0.0017591080119907776,,
ACCT_087293,0.003973499183302262,,
ACCT_087306,0.00018480302521661193,,
ACCT_087312,0.0005944612508394464,,
ACCT_087333,0.002990084393012584,,
ACCT_087339,0.0023622396115498237,,
ACCT_087340,0.008670370007378154,,
ACCT_087341,0.030721392749345017,,
ACCT_087362,0.0032451748823345166,,
ACCT_087375,0.0010675518613765937,,
ACCT_087379,0.0021925929588551456,,
ACCT_087383,0.0012416821248468018,,
ACCT_087386,0.002933611826559529,,
ACCT_087387,0.0031147214163592418,,
ACCT_087399,0.0005421987204566597,,
ACCT_087410,0.0004283974400904274,,
ACCT_087419,0.006911574286233578,,
ACCT_087420,0.014714983989060907,,
ACCT_087424,0.001739578475436721,,
ACCT_087425,0.09932133957708768,,
ACCT_087441,0.15094756704168114,,
ACCT_087444,0.0001681723044300216,,
ACCT_087446,0.004224563876383132,,
ACCT_087462,0.0011457733691404965,,
ACCT_087477,0.0004740832525065344,,
ACCT_087488,0.0007826533761649528,,
ACCT_087489,0.0042661686083339785,,
ACCT_087496,0.00015463594839026484,,
ACCT_087517,0.005529922666733722,,
ACCT_087522,0.007568627706766078,,
ACCT_087530,0.0005665669682377411,,
ACCT_087550,0.010113005283988414,,
ACCT_087582,0.0010191343996710882,,
ACCT_087611,0.012670220874295892,,
ACCT_087630,0.0008517463418403048,,
ACCT_087655,0.015193294142558069,,
ACCT_087682,0.003216408637339116,,
ACCT_087686,0.003587006744294625,,
ACCT_087700,0.006441243760801588,,
ACCT_087701,0.0004715699113233937,,
ACCT_087707,0.00011500989690700871,,
ACCT_087720,0.0004917537029582619,,
ACCT_087738,0.001639284618320181,,
ACCT_087747,0.00023387873642773268,,
ACCT_087772,0.004384978901364482,,
ACCT_087783,0.009722463352948848,,
ACCT_087784,0.012174589285019615,,
ACCT_087796,0.0005108787672661794,,
ACCT_087802,0.007341700137632001,,
ACCT_087804,0.004317727147055555,,
ACCT_087825,0.0017369226834133098,,
ACCT_087826,0.16522829333292866,,
ACCT_087839,0.001115285806315378,,
ACCT_087843,0.17565238243709674,,
ACCT_087865,0.0013786220342389456,,
ACCT_087881,0.02494180635781201,,
ACCT_087891,0.0037617540176655105,,
ACCT_087926,0.0016741854441246363,,
ACCT_087944,0.0028713071824072126,,
ACCT_087946,0.004502044437628178,,
ACCT_087957,0.00017029006691571437,,
ACCT_087972,0.006877759916664204,,
ACCT_087975,0.12187833342898721,,
ACCT_087990,0.02474060385924965,,
ACCT_087994,0.007179011118645444,,
ACCT_088013,0.00181603441919697,,
ACCT_088019,0.006707491236195918,,
ACCT_088036,0.2104080927211876,,
ACCT_088037,0.024307944995777216,,
ACCT_088051,0.016419401134837922,,
ACCT_088052,8.480598767716153e-05,,
ACCT_088057,0.005505189103183234,,
ACCT_088076,0.008365600976862845,,
ACCT_088087,0.017889912029094263,,
ACCT_088094,0.02248341924902604,,
ACCT_088097,0.0015704195305670718,,
ACCT_088099,0.0031019475414917797,,
ACCT_088112,0.000878527612068659,,
ACCT_088126,0.0016656873243458717,,
ACCT_088149,0.00014868334252018375,,
ACCT_088157,0.0007730831666899117,,
ACCT_088180,0.0006803788974287419,,
ACCT_088188,0.0018927421717606849,,
ACCT_088191,0.01023879345599904,,
ACCT_088198,0.0014277970952998162,,
ACCT_088199,0.0007948123935569539,,
ACCT_088217,0.0005969071307665859,,
ACCT_088219,0.0016993048979145092,,
ACCT_088220,0.002808975563642328,,
ACCT_088233,0.00013758364489673322,,
ACCT_088277,0.0018148377689871532,,
ACCT_088292,0.0014043784490646498,,
ACCT_088295,0.0018185443994875722,,
ACCT_088304,0.0039060018617432064,,
ACCT_088305,0.0012985783690933356,,
ACCT_088312,0.00021108150214128475,,
ACCT_088318,0.023562047777174716,,
ACCT_088329,0.02684499212730875,,
ACCT_088341,0.004986387953580263,,
ACCT_088371,0.00017352446630731791,,
ACCT_088372,0.012346212689484127,,
ACCT_088374,0.0010872756374410006,,
ACCT_088376,0.0016126964200443503,,
ACCT_088393,0.004660219606202165,,
ACCT_088412,0.006059507696137212,,
ACCT_088427,0.0004563627578540743,,
ACCT_088438,0.002154806267707663,,
ACCT_088440,0.0003680952416643984,,
ACCT_088454,0.005248097431837563,,
ACCT_088464,0.0005309942796397455,,
ACCT_088467,0.005867086834983123,,
ACCT_088504,0.00014661716669549861,,
ACCT_088536,0.0004341034444332692,,
ACCT_088537,0.0031975341216983985,,
ACCT_088550,0.0038817834137038266,,
ACCT_088558,0.7419460115602291,2023-06-05T00:00:00,2023-09-02T00:00:00
ACCT_088567,0.008120600445933305,,
ACCT_088603,0.0008396955527835084,,
ACCT_088606,0.002519136474579165,,
ACCT_088624,0.0055913280936879415,,
ACCT_088627,0.0005561874644234596,,
ACCT_088654,0.006554513571323431,,
ACCT_088670,0.005181708550324179,,
ACCT_088684,0.4597904769050672,2023-04-07T00:00:00,2023-07-05T00:00:00
ACCT_088696,0.0461383897279412,,
ACCT_088710,0.0007257252878186366,,
ACCT_088711,0.0006879016851664201,,
ACCT_088719,0.0003529234050666849,,
ACCT_088728,0.006549470950116598,,
ACCT_088737,0.0003031111370995552,,
ACCT_088753,0.0019357776776038056,,
ACCT_088777,0.029095044530187474,,
ACCT_088780,0.0006980383645302118,,
ACCT_088790,0.0033546920829592985,,
ACCT_088797,0.004181059546283924,,
ACCT_088809,0.011948412372638061,,
ACCT_088832,0.0006407445596181166,,
ACCT_088838,0.0009590809276040698,,
ACCT_088839,0.016184815008771232,,
ACCT_088841,0.001374811675734782,,
ACCT_088853,0.004091782924809789,,
ACCT_088887,0.0011970007041320297,,
ACCT_088889,0.020208822090584118,,
ACCT_088900,0.0003048649548283579,,
ACCT_088926,0.0008476132170608605,,
ACCT_088931,0.0011069221291247393,,
ACCT_088933,0.0028753160663227183,,
ACCT_088934,0.0011522202499009016,,
ACCT_088936,0.0014131235694843862,,
ACCT_088941,0.0009960528015511012,,
ACCT_088944,0.0005733627085744141,,
ACCT_088945,0.005037872384117062,,
ACCT_088967,0.0008572980438138697,,
ACCT_088986,0.002465379561857201,,
ACCT_088989,0.007866790378878222,,
ACCT_089006,0.004908010018356427,,
ACCT_089008,0.05172425528869388,,
ACCT_089009,0.0629640605555228,,
ACCT_089018,0.0008343955001472147,,
ACCT_089024,0.001455488290392541,,
ACCT_089026,0.0015357006360424631,,
ACCT_089047,0.0025267483051584637,,
ACCT_089048,0.0008338399481902607,,
ACCT_089054,0.03328846655711244,,
ACCT_089070,0.004787106971626255,,
ACCT_089079,0.0008631445566400281,,
ACCT_089088,0.001801861833017626,,
ACCT_089093,0.004434099005367363,,
ACCT_089103,0.0007071280019704297,,
ACCT_089107,0.00047428283637292976,,
ACCT_089123,0.000982616819862128,,
ACCT_089129,0.0014233064774803982,,
ACCT_089176,0.0014538615041150725,,
ACCT_089181,0.0007704872781761323,,
ACCT_089182,0.0001513265410261603,,
ACCT_089202,0.00047317007149673347,,
ACCT_089210,0.001933565950415558,,
ACCT_089213,0.09343530614459676,,
ACCT_089225,0.007986331755382294,,
ACCT_089251,0.0012254092213795048,,
ACCT_089268,0.02283185106453161,,
ACCT_089276,0.0009555906434233187,,
ACCT_089289,0.00020838199660204432,,
ACCT_089291,0.002306969702554429,,
ACCT_089308,0.14521362028435217,,
ACCT_089310,0.026210305604838502,,
ACCT_089325,0.00046395820372217644,,
ACCT_089361,0.021742705714295395,,
ACCT_089382,0.010545782202256118,,
ACCT_089389,0.019196355731026096,,
ACCT_089394,0.0017347746027789642,,
ACCT_089405,0.0022510472250836947,,
ACCT_089419,0.07964528393903754,,
ACCT_089460,0.000706595506275678,,
ACCT_089482,0.002333513552641277,,
ACCT_089484,0.0006971770405974123,,
ACCT_089501,0.005150867617480517,,
ACCT_089556,0.0014871524820243484,,
ACCT_089558,0.03771588706428583,,
ACCT_089564,0.0010798552838216786,,
ACCT_089583,0.0024773226472150564,,
ACCT_089617,0.0009739073103415912,,
ACCT_089620,0.002579825995136637,,
ACCT_089622,0.003133349854257309,,
ACCT_089631,0.00040998953230314317,,
ACCT_089641,0.0014258130153728108,,
ACCT_089645,0.002240888903964757,,
ACCT_089657,0.00028102799698683916,,
ACCT_089682,0.14150325894595722,,
ACCT_089695,0.0026069735403549143,,
ACCT_089721,0.0023864416291354894,,
ACCT_089722,0.01873106628138599,,
ACCT_089752,0.05267319591182716,,
ACCT_089757,0.0020300464803649524,,
ACCT_089770,0.005099173927871854,,
ACCT_089776,0.0010399175724901525,,
ACCT_089793,0.001030581589966936,,
ACCT_089794,0.006398559717185793,,
ACCT_089797,0.00032093734678515667,,
ACCT_089811,0.0007927350942854032,,
ACCT_089815,0.0007267621230051039,,
ACCT_089817,0.17681184052315696,,
ACCT_089818,0.0009825483366809524,,
ACCT_089820,0.0032554709539865446,,
ACCT_089823,0.05342699540177579,,
ACCT_089826,0.302502841747769,2025-01-16T00:00:00,2025-04-15T00:00:00
ACCT_089850,0.09959212918751811,,
ACCT_089852,0.41986941911365044,2024-02-13T00:00:00,2024-05-12T00:00:00
ACCT_089862,0.21325456063938192,,
ACCT_089865,0.0006264559560063847,,
ACCT_089866,0.010734665040390206,,
ACCT_089873,0.0030308119968063094,,
ACCT_089884,0.0003400366740218941,,
ACCT_089897,0.0343300476824174,,
ACCT_089898,0.002412702425034862,,
ACCT_089904,0.0009628103486991203,,
ACCT_089922,0.0025545948503583227,,
ACCT_089923,0.009753615712965357,,
ACCT_089926,0.01783039691482537,,
ACCT_089941,0.005389913453599924,,
ACCT_089978,0.05464176335089817,,
ACCT_089980,0.1635776020308805,,
ACCT_090041,0.010863330031254509,,
ACCT_090046,0.11236571510546367,,
ACCT_090055,0.0004337295080345147,,
ACCT_090056,0.00215763702166284,,
ACCT_090058,0.001212396958127429,,
ACCT_090081,0.004845145906352026,,
ACCT_090086,0.08946191775482332,,
ACCT_090089,0.0016098083266082581,,
ACCT_090110,0.9430548935517645,2025-03-31T00:00:00,2025-06-28T00:00:00
ACCT_090137,0.00025400057993186587,,
ACCT_090153,0.0033127033347251124,,
ACCT_090158,0.010543293383747947,,
ACCT_090164,0.005901404224436428,,
ACCT_090173,0.01196226797075985,,
ACCT_090175,0.04129050909107339,,
ACCT_090183,0.0018349006583794386,,
ACCT_090187,0.010263940482247746,,
ACCT_090191,0.00010372886396394033,,
ACCT_090192,0.0006031274347129014,,
ACCT_090211,0.0010220753476932764,,
ACCT_090212,0.0032803478654078776,,
ACCT_090217,0.0013809824541095293,,
ACCT_090248,0.000938802160472591,,
ACCT_090283,0.002976926394656539,,
ACCT_090302,0.0020986235443787725,,
ACCT_090311,0.005399307843230203,,
ACCT_090315,0.004585261175118801,,
ACCT_090349,0.007834520507445234,,
ACCT_090380,0.4082393730875233,2025-02-04T00:00:00,2025-05-04T00:00:00
ACCT_090396,0.9624506462520642,2025-05-02T00:00:00,2025-05-28T00:00:00
ACCT_090418,0.023774459012761383,,
ACCT_090433,0.0018270012762088305,,
ACCT_090459,0.006671692035985971,,
ACCT_090483,0.005009903861463208,,
ACCT_090484,0.001956031340352913,,
ACCT_090495,0.002931703378475109,,
ACCT_090496,0.013102319707137332,,
ACCT_090513,0.0008607927735947644,,
ACCT_090541,0.0009100267615426098,,
ACCT_090542,0.044424150271113114,,
ACCT_090607,0.0006613546703256619,,
ACCT_090609,0.0006295623895635544,,
ACCT_090614,0.008455997250930849,,
ACCT_090618,0.015222438992304682,,
ACCT_090623,0.005089937658664617,,
ACCT_090624,0.004901447185976341,,
ACCT_090631,0.0008513235963567876,,
ACCT_090638,0.0040101167200345565,,
ACCT_090650,0.00459134252823561,,
ACCT_090668,0.011851263482248237,,
ACCT_090678,0.0014684810769106371,,
ACCT_090693,0.3860180890522912,2024-08-02T00:00:00,2024-10-30T00:00:00
ACCT_090696,0.012071409321673967,,
ACCT_090708,0.0012984081372519204,,
ACCT_090723,0.0003657397259860691,,
ACCT_090737,0.06655333300468999,,
ACCT_090744,0.0016736243457068077,,
ACCT_090746,0.006625359070709246,,
ACCT_090756,0.015094777780283041,,
ACCT_090760,0.0054969016714315165,,
ACCT_090774,0.0006804557087441725,,
ACCT_090777,0.010458564338408995,,
ACCT_090782,0.086557904126979,,
ACCT_090847,0.010787776538922326,,
ACCT_090848,0.006149846920213814,,
ACCT_090857,0.001055964194259398,,
ACCT_090862,0.0006216924225354226,,
ACCT_090873,0.001373685419229204,,
ACCT_090886,0.01608527469863049,,
ACCT_090906,0.002371070503123673,,
ACCT_090920,0.0011787091386393843,,
ACCT_090923,0.01113869527854098,,
ACCT_090953,0.0018202033104955666,,
ACCT_090978,0.001975052825467295,,
ACCT_090979,0.0010478341029300383,,
ACCT_090993,0.0022861454572931034,,
ACCT_091002,0.00016776775687169692,,
ACCT_091011,0.001163342018739742,,
ACCT_091032,0.0003940905810701733,,
ACCT_091033,0.0019298847867821438,,
ACCT_091041,0.0006544102732986569,,
ACCT_091047,0.00912589532954531,,
ACCT_091063,0.04370340751605438,,
ACCT_091074,0.0036167377856790193,,
ACCT_091096,0.0015984834262219368,,
ACCT_091119,0.0017889566542503323,,
ACCT_091128,0.024725080895839267,,
ACCT_091129,0.0005824229165421484,,
ACCT_091153,0.0007628141204757994,,
ACCT_091165,0.0007974145382168253,,
ACCT_091177,0.0006575587088648157,,
ACCT_091213,0.0001548964247071431,,
ACCT_091223,0.019569529288851535,,
ACCT_091234,0.000894102728572953,,
ACCT_091235,0.002938947922954617,,
ACCT_091239,0.0010249023059627287,,
ACCT_091250,0.001139088637136195,,
ACCT_091269,0.0009092462470994343,,
ACCT_091280,0.0003278150418206197,,
ACCT_091285,0.0007466645575427647,,
ACCT_091287,0.11888369219852601,,
ACCT_091292,0.0005125768093641582,,
ACCT_091296,0.006022733756002735,,
ACCT_091308,0.016164523544363534,,
ACCT_091310,0.002105962971681071,,
ACCT_091315,0.015641661008908982,,
ACCT_091323,0.004028355676625775,,
ACCT_091356,0.006811140998733735,,
ACCT_091357,0.0037557520581772722,,
ACCT_091361,0.0047803040686996085,,
ACCT_091363,0.32523367568611433,2023-11-04T00:00:00,2024-02-01T00:00:00
ACCT_091366,0.020560256532711544,,
ACCT_091368,0.004811492132372844,,
ACCT_091378,0.004066063693398553,,
ACCT_091396,0.0012271173154531601,,
ACCT_091405,0.001611708186436619,,
ACCT_091417,0.00039030740886881554,,
ACCT_091419,0.4031978086368063,2025-02-15T00:00:00,2025-05-15T00:00:00
ACCT_091427,0.001839266841602532,,
ACCT_091443,0.0007496760164743958,,
ACCT_091445,0.7573993341331365,2025-04-02T00:00:00,2025-06-30T00:00:00
ACCT_091487,0.008702718144323046,,
ACCT_091488,0.015439627154477826,,
ACCT_091503,0.00873949036932107,,
ACCT_091517,0.0016503761294801155,,
ACCT_091518,0.003095648602165087,,
ACCT_091531,0.000606315298831619,,
ACCT_091556,0.0020046154779327164,,
ACCT_091559,0.0011351091620902633,,
ACCT_091561,0.021958792692755337,,
ACCT_091562,0.0007925249344047484,,
ACCT_091590,0.0009889135713983849,,
ACCT_091595,0.000309258308186363,,
ACCT_091604,0.0006147907705436875,,
ACCT_091611,0.003086722649622416,,
ACCT_091615,0.0016477976085244,,
ACCT_091628,0.0018330324955785609,,
ACCT_091713,0.019756831175012562,,
ACCT_091718,0.0028558720185508256,,
ACCT_091739,0.02548485757102285,,
ACCT_091772,0.003393008369714983,,
ACCT_091780,0.05183283909615338,,
ACCT_091789,0.003625129328597495,,
ACCT_091790,0.007588975687867777,,
ACCT_091798,0.005409940457510088,,
ACCT_091801,0.00022569729026512584,,
ACCT_091809,0.001569190282498366,,
ACCT_091829,0.02428117999750872,,
ACCT_091856,0.0021472745594671165,,
ACCT_091887,0.0011029978557882667,,
ACCT_091927,0.007734020097481508,,
ACCT_091939,0.006011151810160739,,
ACCT_091957,0.0010989832502757686,,
ACCT_091970,0.0007575574400512678,,
ACCT_091976,0.003434315828788419,,
ACCT_091987,0.0020894147641166093,,
ACCT_092011,0.0014658446787532303,,
ACCT_092012,0.014677990846942565,,
ACCT_092015,0.6104309201151704,2023-09-28T00:00:00,2023-12-26T00:00:00
ACCT_092016,0.00027719164142321775,,
ACCT_092026,0.014983134083349165,,
ACCT_092032,0.0008503557813156895,,
ACCT_092038,0.0011383584101059437,,
ACCT_092051,0.0019375146611202653,,
ACCT_092054,0.0006898618224093872,,
ACCT_092068,0.00021873666827264756,,
ACCT_092074,0.00752838342058106,,
ACCT_092077,0.01697920769951971,,
ACCT_092080,0.01043583060583692,,
ACCT_092100,0.0040509475666942515,,
ACCT_092110,0.011258756099083788,,
ACCT_092115,0.015038051978794681,,
ACCT_092127,0.005370387949763786,,
ACCT_092129,0.03344032982434598,,
ACCT_092151,0.05057072278914086,,
ACCT_092152,0.00525768457230646,,
ACCT_092160,0.044495389875288935,,
ACCT_092161,0.00045705913463467494,,
ACCT_092169,0.3457709273722963,2024-07-15T00:00:00,2024-10-12T00:00:00
ACCT_092225,0.012626306015459115,,
ACCT_092228,0.002875284655078375,,
ACCT_092236,0.0007216520244455497,,
ACCT_092246,0.003093879826408726,,
ACCT_092262,0.0003898402482123023,,
ACCT_092266,0.062481282309557906,,
ACCT_092289,0.0015247702557787826,,
ACCT_092311,0.0061532120857399385,,
ACCT_092323,0.0032480823970971193,,
ACCT_092324,0.009754560889422914,,
ACCT_092332,0.011986269165892915,,
ACCT_092346,0.001082497260476654,,
ACCT_092348,0.07831287577764402,,
ACCT_092354,0.0015412712613604267,,
ACCT_092355,0.014371134255967182,,
ACCT_092369,0.0020887906938956767,,
ACCT_092378,0.0034501027056602304,,
ACCT_092390,0.003139924861073614,,
ACCT_092391,0.0028334184818501387,,
ACCT_092401,0.002552368100790508,,
ACCT_092412,0.0064485982557358785,,
ACCT_092435,0.00048723734999163535,,
ACCT_092457,0.010565435465083204,,
ACCT_092458,0.00011666234978249263,,
ACCT_092462,0.029292318686573025,,
ACCT_092498,0.001291754302787147,,
ACCT_092516,0.0013023368042038579,,
ACCT_092526,0.012997814734273156,,
ACCT_092536,0.03526657093004488,,
ACCT_092546,0.000478165856075437,,
ACCT_092551,0.0005046775565662824,,
ACCT_092577,0.00014359679495427402,,
ACCT_092585,0.013656867453642318,,
ACCT_092594,0.012144380998567144,,
ACCT_092607,0.004164184025580076,,
ACCT_092631,0.022787574492135084,,
ACCT_092656,0.003024564843522964,,
ACCT_092678,0.017275286952027534,,
ACCT_092679,0.004241916335003057,,
ACCT_092689,0.0011655838055241638,,
ACCT_092694,0.001670912675951754,,
ACCT_092706,0.0008145136666406642,,
ACCT_092711,0.003716939196507219,,
ACCT_092716,0.002500265143117967,,
ACCT_092724,0.003226329548018147,,
ACCT_092764,0.013885290187425094,,
ACCT_092771,0.0031153236316660547,,
ACCT_092788,0.0032196270835939942,,
ACCT_092815,0.0013297610252734364,,
ACCT_092826,0.0013954911921388474,,
ACCT_092837,0.0003780100912755217,,
ACCT_092841,0.019888186240910048,,
ACCT_092916,0.06219418375662422,,
ACCT_092968,0.21054087653230408,,
ACCT_092977,0.0012165199088255405,,
ACCT_092983,0.002756088023265853,,
ACCT_092984,0.0002999199584407316,,
ACCT_092989,0.0030720054486474387,,
ACCT_092992,0.004555569052840101,,
ACCT_093003,0.0010276917982814946,,
ACCT_093011,0.0018103966394603876,,
ACCT_093019,0.00033491306813856917,,
ACCT_093039,0.0025344457948530035,,
ACCT_093051,0.08674544491881454,,
ACCT_093071,0.09617262178405263,,
ACCT_093092,0.0012412242486080584,,
ACCT_093106,0.01170761148796122,,
ACCT_093128,0.0036435961941081825,,
ACCT_093129,0.006109426074421425,,
ACCT_093131,0.005089022276363165,,
ACCT_093177,0.12747164485647738,,
ACCT_093191,0.04922590083210603,,
ACCT_093220,0.00046808839039187076,,
ACCT_093239,0.00023410033158618968,,
ACCT_093245,0.0013285253617036166,,
ACCT_093249,0.002939003928401717,,
ACCT_093258,0.18444132691326645,,
ACCT_093259,0.008907882001908552,,
ACCT_093283,0.0008242866510552444,,
ACCT_093293,0.010782795270048834,,
ACCT_093303,0.029978811038263175,,
ACCT_093330,0.014759637081604623,,
ACCT_093332,0.038000762823801895,,
ACCT_093337,0.0008830753139389581,,
ACCT_093351,0.0065067048143984466,,
ACCT_093355,0.0005547762319946796,,
ACCT_093364,0.0008469955639456343,,
ACCT_093385,0.10771562979214788,,
ACCT_093389,0.0074623391264212096,,
ACCT_093390,0.009619797628422135,,
ACCT_093391,0.0023982090731757525,,
ACCT_093419,0.001131426072700736,,
ACCT_093444,0.01869387124309668,,
ACCT_093467,0.0028676191370685293,,
ACCT_093469,0.0005640504206612071,,
ACCT_093478,0.0005088402594621995,,
ACCT_093492,0.008091507771980973,,
ACCT_093493,0.0004476059678445122,,
ACCT_093495,0.0010372706898594299,,
ACCT_093500,0.0030652042902898583,,
ACCT_093534,0.001819897747294416,,
ACCT_093568,0.000624912536040263,,
ACCT_093581,0.003932338159857648,,
ACCT_093594,0.0026164771471019854,,
ACCT_093633,0.0005900530556885734,,
ACCT_093638,0.0002769436941894402,,
ACCT_093653,0.015728068619098545,,
ACCT_093661,0.0021386291434034263,,
ACCT_093669,0.0038895825729891864,,
ACCT_093674,0.0033501208399473762,,
ACCT_093675,0.0042907196457949775,,
ACCT_093676,0.001561714252077053,,
ACCT_093677,0.01194889453201304,,
ACCT_093679,0.0009879309047693163,,
ACCT_093684,0.005827172290961764,,
ACCT_093697,0.0025565074538536244,,
ACCT_093699,0.0008142505052060788,,
ACCT_093722,0.1293821006548513,,
ACCT_093725,0.0005521339604525959,,
ACCT_093731,0.3197169776539884,2023-12-20T00:00:00,2024-03-18T00:00:00
ACCT_093759,0.004406356201048104,,
ACCT_093786,0.00025694059700727645,,
ACCT_093791,0.0006905943609590377,,
ACCT_093793,0.0010015945553513866,,
ACCT_093801,0.00038682163675348417,,
ACCT_093818,0.006228884565248491,,
ACCT_093831,0.011620716228614058,,
ACCT_093836,0.0012435324870981664,,
ACCT_093846,0.0035292462011370118,,
ACCT_093863,0.030168248220102417,,
ACCT_093884,0.012835925981571036,,
ACCT_093890,0.0009625140247936514,,
ACCT_093905,0.0016806579038684548,,
ACCT_093931,0.0009171992569725583,,
ACCT_093940,0.0003272509368052065,,
ACCT_093962,0.015432051355255055,,
ACCT_093967,0.10559150917872243,,
ACCT_093984,0.007278698490014554,,
ACCT_093988,0.03483637813571776,,
ACCT_094009,0.0005280054456461519,,
ACCT_094010,0.0010584820098950805,,
ACCT_094011,0.0022356210221397073,,
ACCT_094023,0.0035770439341743293,,
ACCT_094031,0.007474930500229375,,
ACCT_094033,0.003088476517550012,,
ACCT_094046,0.000801053413233448,,
ACCT_094055,0.0015450799997105222,,
ACCT_094071,0.0041064403520915775,,
ACCT_094099,0.004985818239747793,,
ACCT_094100,0.0016200032352081868,,
ACCT_094183,0.07224221531948607,,
ACCT_094188,0.002996277435550628,,
ACCT_094213,0.0006914999457221455,,
ACCT_094216,0.00038589707096324955,,
ACCT_094244,0.13401198695133815,,
ACCT_094249,0.00787897184485054,,
ACCT_094265,0.0012932602658681154,,
ACCT_094285,0.0016855174125030175,,
ACCT_094307,0.004751903864599371,,
ACCT_094309,0.0006295810889774418,,
ACCT_094313,0.004199290078848504,,
ACCT_094336,0.0005838384203839498,,
ACCT_094337,0.001903146733761139,,
ACCT_094349,0.0017911791850704025,,
ACCT_094355,0.004129217061512391,,
ACCT_094357,0.0018576628383405228,,
ACCT_094391,0.11309760384067973,,
ACCT_094394,0.08648164410926515,,
ACCT_094400,0.004477809643780338,,
ACCT_094410,0.023017423211287687,,
ACCT_094453,0.009466777205317209,,
ACCT_094461,0.0005332407964252572,,
ACCT_094465,0.030251427462722913,,
ACCT_094475,0.00012814920243638263,,
ACCT_094489,0.0026800126220482053,,
ACCT_094497,0.2639386998387482,,
ACCT_094500,0.0008559751458820592,,
ACCT_094503,0.0206573856469006,,
ACCT_094507,0.0028562543773872824,,
ACCT_094511,0.00044505975146020914,,
ACCT_094534,0.004462256233225744,,
ACCT_094556,0.020433714072109928,,
ACCT_094557,0.0053833966415112715,,
ACCT_094624,0.04248249787673199,,
ACCT_094634,0.016470821913211177,,
ACCT_094638,0.006906062557136304,,
ACCT_094642,0.009436846593600763,,
ACCT_094646,0.04631964503710854,,
ACCT_094650,0.0035422208009834,,
ACCT_094660,0.2112160226890043,,
ACCT_094674,0.1460421791791375,,
ACCT_094678,0.0015239393349280289,,
ACCT_094683,0.00024933402007043385,,
ACCT_094701,0.010153232318462903,,
ACCT_094734,0.006478916622031134,,
ACCT_094748,0.008650852396441854,,
ACCT_094753,0.0007542475510523593,,
ACCT_094765,0.0004411761530779457,,
ACCT_094768,0.012681389903102113,,
ACCT_094774,0.0023229719719261815,,
ACCT_094779,0.0006673219724670859,,
ACCT_094797,0.0004148253111245739,,
ACCT_094799,0.26298576369716786,,
ACCT_094801,0.0004868641783766733,,
ACCT_094807,0.0032712264004785855,,
ACCT_094831,0.0010585341044230096,,
ACCT_094846,0.007058368814982651,,
ACCT_094857,0.001697422365117867,,
ACCT_094866,0.0029872448774742543,,
ACCT_094873,0.0015341995982939129,,
ACCT_094885,0.0030660816570766136,,
ACCT_094896,0.007213727136283056,,
ACCT_094902,0.0005357628645834429,,
ACCT_094914,0.12621854401045324,,
ACCT_094928,0.01438295685893531,,
ACCT_094933,0.0016262394255842194,,
ACCT_094947,0.00020120736777231693,,
ACCT_094974,0.0003194781910827531,,
ACCT_094979,0.02535007464437409,,
ACCT_095002,0.08495027851773293,,
ACCT_095021,0.0031463851440426543,,
ACCT_095027,0.0006460503965090564,,
ACCT_095028,0.17652145460785174,,
ACCT_095029,0.028233592660193402,,
ACCT_095038,0.08068558570866102,,
ACCT_095044,0.02800973189455152,,
ACCT_095047,0.010213954653947779,,
ACCT_095071,0.000179699975911436,,
ACCT_095115,0.0007745513415329163,,
ACCT_095118,0.00253214934021572,,
ACCT_095123,0.0014488804783104358,,
ACCT_095138,0.000697403319911444,,
ACCT_095155,0.21558205760360835,,
ACCT_095170,0.012872286592055937,,
ACCT_095195,0.0013107106919077879,,
ACCT_095196,0.0018711296896464953,,
ACCT_095198,0.0027177665182168903,,
ACCT_095203,0.007196807819154073,,
ACCT_095205,0.0062215733767081935,,
ACCT_095207,0.0007341951551464243,,
ACCT_095217,0.004444807739144713,,
ACCT_095247,0.0017792467481397328,,
ACCT_095251,0.0022692284838242683,,
ACCT_095253,0.0010093216260773472,,
ACCT_095259,0.0027959013200521184,,
ACCT_095305,0.07863556153892984,,
ACCT_095331,0.12404178962059928,,
ACCT_095344,0.011441502055523281,,
ACCT_095355,0.007622064549513518,,
ACCT_095357,0.015124413180887383,,
ACCT_095384,0.004556095485387945,,
ACCT_095387,0.0008219964628426417,,
ACCT_095409,0.01602450897983008,,
ACCT_095410,0.00036549000286001393,,
ACCT_095454,0.6128532731942291,2023-01-01T00:00:00,2023-03-31T00:00:00
ACCT_095464,0.001601190376461717,,
ACCT_095503,0.3607456683674272,2023-04-19T00:00:00,2023-07-17T00:00:00
ACCT_095513,0.00032376802815997174,,
ACCT_095518,0.0388721669402308,,
ACCT_095548,0.02170676189521601,,
ACCT_095561,0.001704904220125681,,
ACCT_095578,0.0003357102352774041,,
ACCT_095591,0.21249474076852376,,
ACCT_095604,0.024262715674589798,,
ACCT_095607,0.003729408210676386,,
ACCT_095611,0.0005422944563107195,,
ACCT_095615,0.000749104626171785,,
ACCT_095617,0.001442209874998829,,
ACCT_095626,0.004102244394609717,,
ACCT_095663,0.0035531938721800383,,
ACCT_095673,0.0018959875216538389,,
ACCT_095700,0.010586801576103897,,
ACCT_095719,0.0007080064762523721,,
ACCT_095720,0.004048070145889661,,
ACCT_095738,0.026719789034693815,,
ACCT_095755,0.006647587506491946,,
ACCT_095775,0.0004390505421798874,,
ACCT_095799,0.002246942770638997,,
ACCT_095817,0.03259191871244116,,
ACCT_095820,0.002295149844440493,,
ACCT_095827,0.009666765685861719,,
ACCT_095866,0.0005645225042797011,,
ACCT_095869,0.011216221147225737,,
ACCT_095877,0.000995794602332061,,
ACCT_095878,0.022461324669314647,,
ACCT_095887,0.0004475805977567218,,
ACCT_095896,0.011871252747998027,,
ACCT_095899,0.004390329201802981,,
ACCT_095905,0.00023102624348374617,,
ACCT_095909,0.014284103416442564,,
ACCT_095921,0.0025836692169059123,,
ACCT_095925,0.00748789881454454,,
ACCT_095928,0.002260009581685392,,
ACCT_095929,0.10634597056939021,,
ACCT_095958,0.0037462824596405943,,
ACCT_095962,0.008871273148355212,,
ACCT_095968,0.0005862045632493756,,
ACCT_095974,0.0041147434480356525,,
ACCT_095978,0.00024726112124774,,
ACCT_095979,0.001442527726757663,,
ACCT_095983,0.03537754437379191,,
ACCT_095987,0.029399807416838307,,
ACCT_095993,0.0003743915316943212,,
ACCT_096009,0.0016460142458736074,,
ACCT_096020,0.0004370868590502264,,
ACCT_096034,0.003422440996271119,,
ACCT_096040,0.0010766796499875313,,
ACCT_096057,0.007331971553657622,,
ACCT_096061,0.003213941295244411,,
ACCT_096062,0.00837538278202683,,
ACCT_096074,0.051537440730466656,,
ACCT_096081,0.0020006514311398517,,
ACCT_096097,0.0017628188410157765,,
ACCT_096110,0.007516582596618357,,
ACCT_096122,0.0005981351508840622,,
ACCT_096130,0.001800677173200756,,
ACCT_096141,0.0030606316171239017,,
ACCT_096162,0.000897854272921781,,
ACCT_096169,0.00829098869642677,,
ACCT_096173,0.0013277701644146917,,
ACCT_096178,0.001937594463691904,,
ACCT_096180,0.0003571597582374113,,
ACCT_096197,0.00040338566729202836,,
ACCT_096207,0.005890539868207704,,
ACCT_096238,0.015151675958875139,,
ACCT_096252,0.02437710704515165,,
ACCT_096273,0.0035339867393049404,,
ACCT_096297,0.0046288179873701955,,
ACCT_096318,0.0003054912356900701,,
ACCT_096333,0.0009955387175168578,,
ACCT_096334,0.0034534099603788795,,
ACCT_096338,0.01910657534914222,,
ACCT_096340,0.004370217625203589,,
ACCT_096341,0.002287182693548363,,
ACCT_096344,0.018756791525142397,,
ACCT_096362,0.00048407318082892395,,
ACCT_096370,0.0007468878915676432,,
ACCT_096379,0.012090071558372256,,
ACCT_096395,0.006724141852210515,,
ACCT_096404,0.01110427558550751,,
ACCT_096429,0.000129253420640146,,
ACCT_096431,0.0025294181859380617,,
ACCT_096501,0.014122138070031865,,
ACCT_096512,0.09375093559733785,,
ACCT_096525,0.061579542152693366,,
ACCT_096544,0.01829565925932661,,
ACCT_096565,0.00022764952454034276,,
ACCT_096569,0.0030920144220887374,,
ACCT_096575,0.001356300989339228,,
ACCT_096679,0.025432477397033183,,
ACCT_096696,0.0011307284993214194,,
ACCT_096721,0.00016878939009228492,,
ACCT_096741,0.0043613256737404845,,
ACCT_096768,0.013277609787186303,,
ACCT_096784,0.00354319966944475,,
ACCT_096787,0.10403304637406752,,
ACCT_096792,0.02014829607401255,,
ACCT_096796,0.004140620438872853,,
ACCT_096834,0.014414038374277575,,
ACCT_096845,0.09071117877092377,,
ACCT_096878,0.07016832664510993,,
ACCT_096881,0.003574771205360859,,
ACCT_096923,0.004934359373391593,,
ACCT_096933,0.0007442880914171309,,
ACCT_096938,0.01159399123852303,,
ACCT_096942,0.0024344665194304073,,
ACCT_096950,0.0006031418909197432,,
ACCT_096954,0.032823090682802425,,
ACCT_096961,0.0011906023656768879,,
ACCT_096962,0.00643773561932114,,
ACCT_096964,0.028910429082764467,,
ACCT_097001,0.00442007024579926,,
ACCT_097006,0.019744353829669267,,
ACCT_097015,0.0003582592268336537,,
ACCT_097018,0.0011054113017288185,,
ACCT_097022,0.007160843873032216,,
ACCT_097036,0.0030141250939482002,,
ACCT_097071,0.001262623311030391,,
ACCT_097077,0.0010531536954456167,,
ACCT_097083,0.0014144862458429614,,
ACCT_097117,0.001674880069636895,,
ACCT_097129,0.0021426116178895113,,
ACCT_097133,0.0014941786987488228,,
ACCT_097157,0.008014649727611092,,
ACCT_097180,0.031343619219850745,,
ACCT_097195,0.0041244652280005515,,
ACCT_097207,0.0011906532326351057,,
ACCT_097209,0.01341463980817233,,
ACCT_097212,0.007161675083646311,,
ACCT_097222,0.0023476434710285542,,
ACCT_097226,0.001238343475305406,,
ACCT_097232,0.0021063818676710895,,
ACCT_097248,7.071922776207724e-05,,
ACCT_097249,0.012459165335737767,,
ACCT_097266,0.0016184439650525051,,
ACCT_097271,0.03622801510179157,,
ACCT_097272,0.01905640721315537,,
ACCT_097286,0.0009191639661393651,,
ACCT_097287,0.0002535160409932925,,
ACCT_097289,0.013088586546622349,,
ACCT_097311,0.0006150620892514552,,
ACCT_097312,0.03433833610815827,,
ACCT_097321,0.0008761606748780169,,
ACCT_097326,0.0029977080599252214,,
ACCT_097333,0.0014807706551257553,,
ACCT_097347,0.0022359146898943976,,
ACCT_097356,0.004285029957385606,,
ACCT_097368,0.01597531894029417,,
ACCT_097394,0.20492227031146268,,
ACCT_097396,0.003091897421175487,,
ACCT_097442,0.0002471801567648259,,
ACCT_097463,0.005323075638657351,,
ACCT_097474,0.0035350364606014434,,
ACCT_097484,0.0013443079736291965,,
ACCT_097494,0.0021803859629625664,,
ACCT_097511,0.0014998739387066186,,
ACCT_097546,0.012390116273670235,,
ACCT_097562,0.021768709413880368,,
ACCT_097579,0.0009255578305989555,,
ACCT_097585,0.00024136538496465567,,
ACCT_097588,0.0015436413341741804,,
ACCT_097589,0.30197228112065966,2020-08-28T00:00:00,2020-11-25T00:00:00
ACCT_097596,0.002464825147877328,,
ACCT_097600,0.0650140544870665,,
ACCT_097603,0.00038850153551025677,,
ACCT_097634,0.022119945678851408,,
ACCT_097645,0.005950616017100056,,
ACCT_097652,0.0008392143431893999,,
ACCT_097665,0.0004657110727974667,,
ACCT_097668,0.0012961267705210626,,
ACCT_097709,0.0003489642833733659,,
ACCT_097764,0.5695783792774546,2025-05-08T00:00:00,2025-06-29T00:00:00
ACCT_097769,0.03031199333226604,,
ACCT_097771,0.0008627284694087828,,
ACCT_097772,0.0053503926210101025,,
ACCT_097804,0.002184175652033534,,
ACCT_097819,0.003384664808019281,,
ACCT_097821,0.0024047502190633905,,
ACCT_097824,0.04813734461098921,,
ACCT_097837,0.0004692372093331256,,
ACCT_097865,0.000603705164993371,,
ACCT_097870,0.02033308435300956,,
ACCT_097871,0.00478046714409192,,
ACCT_097883,0.0013761892379595886,,
ACCT_097888,0.0013380342355214664,,
ACCT_097891,0.00039690456856184225,,
ACCT_097916,0.01156577822530979,,
ACCT_097937,0.004060767717139477,,
ACCT_097941,0.0005784471177087624,,
ACCT_097953,0.0010704550627202941,,
ACCT_098001,0.012584048914115211,,
ACCT_098007,0.011165976188350892,,
ACCT_098008,0.005676189961894229,,
ACCT_098009,0.13146081493004097,,
ACCT_098015,0.003299335834748776,,
ACCT_098024,0.00023753802761087984,,
ACCT_098033,0.004592668869233688,,
ACCT_098060,0.010198934267954209,,
ACCT_098070,0.006040752355879241,,
ACCT_098103,0.0022467069981278714,,
ACCT_098104,0.003803517014452898,,
ACCT_098113,0.03236888433342992,,
ACCT_098136,0.0012301890335977715,,
ACCT_098164,0.005685507246393311,,
ACCT_098170,0.0013825755910946316,,
ACCT_098179,0.019693457714501785,,
ACCT_098184,0.010867779566526714,,
ACCT_098186,0.0026428970700995784,,
ACCT_098221,0.0011384944461710895,,
ACCT_098227,0.0007788916952384667,,
ACCT_098232,0.0001948991319015883,,
ACCT_098244,0.0005562768745693874,,
ACCT_098254,0.4973645181256516,2025-04-01T00:00:00,2025-06-29T00:00:00
ACCT_098258,0.007622337441505846,,
ACCT_098283,0.0021021895699889458,,
ACCT_098294,0.003791776212297571,,
ACCT_098302,0.0014915624910611053,,
ACCT_098326,0.0005203757847830992,,
ACCT_098330,0.0013885679583067465,,
ACCT_098332,0.012308721676216116,,
ACCT_098345,0.0018775267433014792,,
ACCT_098351,0.0005553120320048588,,
ACCT_098359,0.003170808249154792,,
ACCT_098368,0.0009347883610765155,,
ACCT_098407,0.0032297398105401247,,
ACCT_098410,0.00023208273220231106,,
ACCT_098424,0.015179855745823489,,
ACCT_098426,0.0011996072915603662,,
ACCT_098438,0.03190246545865187,,
ACCT_098460,0.00038345941891423246,,
ACCT_098470,0.004406339707457,,
ACCT_098501,0.008746761240395279,,
ACCT_098543,0.004042216692378528,,
ACCT_098545,0.0051795720479957934,,
ACCT_098559,0.0004236235709195846,,
ACCT_098564,0.00019036667341788615,,
ACCT_098582,0.011211127843018477,,
ACCT_098585,0.0003248638994952141,,
ACCT_098595,5.985424359125008e-05,,
ACCT_098599,0.19842657006259082,,
ACCT_098601,0.003621056424943799,,
ACCT_098623,0.004338865674046733,,
ACCT_098631,0.004513004210193384,,
ACCT_098632,0.0037045348060365684,,
ACCT_098634,0.002135907823676285,,
ACCT_098646,0.006562324414221492,,
ACCT_098655,0.004013572331939917,,
ACCT_098671,0.0015439952013885884,,
ACCT_098675,0.00045427715410442936,,
ACCT_098695,0.0010514092517796443,,
ACCT_098700,0.0020166562664479895,,
ACCT_098710,0.05800566907671019,,
ACCT_098724,0.006699767471882312,,
ACCT_098725,0.00011982435161304543,,
ACCT_098732,0.0035353085740176477,,
ACCT_098744,0.005556657793558488,,
ACCT_098747,0.004882053011738853,,
ACCT_098752,0.00018467990417856843,,
ACCT_098762,0.0005059118888785226,,
ACCT_098779,0.00775134500384939,,
ACCT_098788,0.0003858190774535266,,
ACCT_098793,0.0030996092397199424,,
ACCT_098797,0.022485101102420697,,
ACCT_098823,0.0182957127454936,,
ACCT_098828,0.011067081351714598,,
ACCT_098851,0.002863150943394469,,
ACCT_098853,0.001223768844252585,,
ACCT_098865,0.00014402573694170557,,
ACCT_098901,0.0021786882183844497,,
ACCT_098912,0.002926078084948078,,
ACCT_098940,0.0005439758415773944,,
ACCT_098949,0.0006564974323374584,,
ACCT_098951,0.0002347392752754055,,
ACCT_098955,0.014741475854058581,,
ACCT_098973,0.00042751644029486986,,
ACCT_098975,0.00494075015883569,,
ACCT_098991,0.0029812664057218045,,
ACCT_098999,0.020834373488100744,,
ACCT_099000,0.0008086077332466234,,
ACCT_099008,0.0018656526220734773,,
ACCT_099012,0.0014039744564848388,,
ACCT_099016,0.001914246386658714,,
ACCT_099021,0.001005373388100734,,
ACCT_099026,0.0004304689739000105,,
ACCT_099037,0.004229588512331978,,
ACCT_099045,0.0017813522984133974,,
ACCT_099052,0.03293635253757021,,
ACCT_099075,0.0032937318272547996,,
ACCT_099078,0.001527223415120437,,
ACCT_099087,0.012520939094525974,,
ACCT_099095,0.007902881504980877,,
ACCT_099108,0.029793055203785022,,
ACCT_099114,0.0003752788561921375,,
ACCT_099124,0.00020815704271896543,,
ACCT_099147,0.0037223374109247947,,
ACCT_099158,0.0010278064166487834,,
ACCT_099190,0.003428115408855665,,
ACCT_099219,0.000948948696210139,,
ACCT_099221,0.0035638429082977055,,
ACCT_099231,0.07228642276367298,,
ACCT_099272,0.0008395840245389603,,
ACCT_099277,0.022124146091809023,,
ACCT_099282,0.001146830822643295,,
ACCT_099292,0.001789413381324963,,
ACCT_099305,0.0008164616188477358,,
ACCT_099333,0.0010263593973299776,,
ACCT_099353,0.9479483734422768,2025-05-28T00:00:00,2025-06-25T00:00:00
ACCT_099390,0.0015761005102204102,,
ACCT_099416,0.002351602215076387,,
ACCT_099425,0.0004436067922678457,,
ACCT_099447,0.000544193201009613,,
ACCT_099485,0.13917842168204836,,
ACCT_099505,0.003374229274965683,,
ACCT_099506,0.03899988293186234,,
ACCT_099537,0.0020175647868789287,,
ACCT_099539,0.0005300145201683105,,
ACCT_099584,0.007127360196468362,,
ACCT_099659,0.0005405984304988672,,
ACCT_099671,0.0014988043167026251,,
ACCT_099675,0.0014186608912725115,,
ACCT_099687,0.001745361935413446,,
ACCT_099689,0.0070938109938448275,,
ACCT_099692,0.014502245353290488,,
ACCT_099699,0.04489099072320907,,
ACCT_099715,0.031861270737030586,,
ACCT_099717,0.0012717933156301824,,
ACCT_099724,0.005652211318074416,,
ACCT_099727,0.0013627362514084507,,
ACCT_099742,0.00011086627037744747,,
ACCT_099744,0.003996265907964756,,
ACCT_099769,0.025022858752803807,,
ACCT_099770,0.0031572845414810625,,
ACCT_099773,0.00046939025611426817,,
ACCT_099776,0.01347660434148637,,
ACCT_099779,0.0008362976622167532,,
ACCT_099789,0.006320536564343558,,
ACCT_099800,0.0006461946247745336,,
ACCT_099807,0.001432143168231392,,
ACCT_099829,0.0004932435088086918,,
ACCT_099832,0.005641528908861336,,
ACCT_099839,0.01321359771103682,,
ACCT_099846,0.6553474288640118,2023-05-03T00:00:00,2023-07-31T00:00:00
ACCT_099848,0.0022509858955408273,,
ACCT_099871,0.2664465064773123,,
ACCT_099874,0.0022540754522061652,,
ACCT_099922,0.003003176487902912,,
ACCT_099924,0.005872166093897636,,
ACCT_099934,0.2020729211486414,,
ACCT_099935,0.0024451558470678808,,
ACCT_099953,0.0006728782629389244,,
ACCT_099971,0.0035128117034113177,,
ACCT_099988,0.0018825856923025438,,
ACCT_099990,0.07748361657410494,,
ACCT_100001,0.0030591576280871117,,
ACCT_100009,0.005623838565657335,,
ACCT_100023,0.00024748984672130536,,
ACCT_100025,0.004196347613993852,,
ACCT_100027,0.002456380027933893,,
ACCT_100029,0.0002907225981948164,,
ACCT_100032,0.0037074395226143037,,
ACCT_100065,0.0002926819807874409,,
ACCT_100068,0.0016528917479546317,,
ACCT_100072,0.0011346155237367016,,
ACCT_100084,0.0002578743499713388,,
ACCT_100099,0.04806297788721122,,
ACCT_100123,0.000226981816506655,,
ACCT_100137,0.016047370207721144,,
ACCT_100140,0.00019954318134084427,,
ACCT_100148,0.00036923826594589056,,
ACCT_100179,0.001660715185861884,,
ACCT_100220,0.0003826676684705324,,
ACCT_100237,0.0032846935199515636,,
ACCT_100259,0.0010633327904890368,,
ACCT_100263,0.15327545571149995,,
ACCT_100269,0.3436995964771129,2020-06-07T00:00:00,2020-09-04T00:00:00
ACCT_100272,0.011512660345899858,,
ACCT_100273,0.0005128165219639141,,
ACCT_100280,0.006132424865694111,,
ACCT_100290,0.09232958621330417,,
ACCT_100300,0.005686678337202109,,
ACCT_100326,0.0031451979372839603,,
ACCT_100328,0.0007652570395732662,,
ACCT_100335,0.0005139382793571092,,
ACCT_100338,0.0005544596727426628,,
ACCT_100350,0.0025522077379995537,,
ACCT_100352,0.00043241644220783657,,
ACCT_100366,0.028128777519782284,,
ACCT_100392,0.002038452873096321,,
ACCT_100400,0.0010485025058323385,,
ACCT_100433,0.022640334781546895,,
ACCT_100449,0.0002821799611059376,,
ACCT_100468,0.008462483004198215,,
ACCT_100471,0.0034430748785622264,,
ACCT_100486,0.0008777400906406467,,
ACCT_100504,0.000635917724269775,,
ACCT_100522,0.0050758481222985185,,
ACCT_100534,0.0020805454939125216,,
ACCT_100544,0.0005126714177257824,,
ACCT_100554,0.009043934829268385,,
ACCT_100556,0.0013614797534025349,,
ACCT_100586,0.0014961578230771092,,
ACCT_100588,0.02922431782067995,,
ACCT_100616,0.006675365335900596,,
ACCT_100629,0.008879186079236604,,
ACCT_100654,0.006647067050231004,,
ACCT_100665,0.003418836758380567,,
ACCT_100712,0.0025889802229007134,,
ACCT_100722,0.019942548336162345,,
ACCT_100727,0.006800050109858291,,
ACCT_100746,0.0010994243322519303,,
ACCT_100750,0.004582539920906193,,
ACCT_100751,0.16621442342194065,,
ACCT_100813,0.0003893577621262447,,
ACCT_100821,0.005103831126753474,,
ACCT_100823,0.0008994987171792972,,
ACCT_100828,0.004682549467006372,,
ACCT_100833,0.00016698918188408552,,
ACCT_100835,0.000578962113035257,,
ACCT_100853,0.0012382481250663969,,
ACCT_100854,0.014631126519228054,,
ACCT_100861,0.002885485737467085,,
ACCT_100883,0.0001834241457351715,,
ACCT_100885,0.004343040442436477,,
ACCT_100898,0.0007152733887658394,,
ACCT_100916,0.0008854577326680482,,
ACCT_100928,0.0008361701808739715,,
ACCT_100947,0.0014215912655996077,,
ACCT_100948,0.005086613706116147,,
ACCT_100954,0.0004271606475886539,,
ACCT_100975,0.005689534364818496,,
ACCT_101006,0.009022775018456532,,
ACCT_101013,0.0001376626805676592,,
ACCT_101020,0.008165951516581841,,
ACCT_101021,0.008869463710461227,,
ACCT_101025,0.0009722963937501717,,
ACCT_101028,0.0003764068312655178,,
ACCT_101038,0.00019427208944762894,,
ACCT_101054,0.003966870482706419,,
ACCT_101058,0.003062345745553914,,
ACCT_101068,0.005704434894522926,,
ACCT_101089,0.0046815109310718965,,
ACCT_101097,0.029321669877548612,,
ACCT_101111,0.07932658328587709,,
ACCT_101114,0.003827451032363775,,
ACCT_101141,0.004949363004398133,,
ACCT_101160,0.0011088167743572737,,
ACCT_101190,0.0021137916589068426,,
ACCT_101215,0.01990788993760366,,
ACCT_101244,0.018792368277261544,,
ACCT_101283,0.019351616893756522,,
ACCT_101287,0.0032558647329061366,,
ACCT_101293,0.0009391401359940025,,
ACCT_101318,0.0020112241778842957,,
ACCT_101323,0.0012734084423748236,,
ACCT_101324,0.0030958572658062043,,
ACCT_101355,0.0059295014745411965,,
ACCT_101377,0.002009205218338953,,
ACCT_101380,0.04098025697546998,,
ACCT_101382,0.18076627810945978,,
ACCT_101387,0.0009251533745041325,,
ACCT_101391,0.0002428749501154182,,
ACCT_101421,0.00014693285039523395,,
ACCT_101427,0.0010845351714243597,,
ACCT_101429,0.029726861532177386,,
ACCT_101468,0.0005537353864112096,,
ACCT_101470,0.030624123008496255,,
ACCT_101471,0.05755018516272673,,
ACCT_101475,0.0006642389195596395,,
ACCT_101480,0.001804419460599744,,
ACCT_101483,0.006633809289328506,,
ACCT_101487,0.0011837731244763979,,
ACCT_101494,0.007197320677845624,,
ACCT_101536,0.0010840978238513817,,
ACCT_101543,0.0004092510358587336,,
ACCT_101558,0.006364324208424576,,
ACCT_101562,0.00014795970430440294,,
ACCT_101576,0.004748351773971802,,
ACCT_101577,0.0007901088288424946,,
ACCT_101585,0.0015479071029899589,,
ACCT_101603,0.00025438116147214385,,
ACCT_101612,0.0016015684227951219,,
ACCT_101618,0.0005038911587578016,,
ACCT_101680,0.0033511345678960422,,
ACCT_101693,0.005603995333643004,,
ACCT_101699,0.004324784584234708,,
ACCT_101709,0.005351382290308638,,
ACCT_101729,0.0005328885105922238,,
ACCT_101799,0.0054924120801023765,,
ACCT_101816,0.0006231371597334691,,
ACCT_101828,0.0006559533847129471,,
ACCT_101848,0.00046177412429284726,,
ACCT_101866,0.009402616624320664,,
ACCT_101876,0.0081620225176302,,
ACCT_101887,0.005358200483834333,,
ACCT_101898,0.001258781779739373,,
ACCT_101917,0.003414060739312973,,
ACCT_101924,0.03676654785944225,,
ACCT_101933,0.0009022202468400641,,
ACCT_101951,0.02705180844673079,,
ACCT_101964,0.0003259653003176319,,
ACCT_101968,0.006181703132030838,,
ACCT_101975,0.033139182160162005,,
ACCT_101976,0.014535714510604925,,
ACCT_101984,0.0311642024785349,,
ACCT_101997,0.0011942304439392817,,
ACCT_102000,0.0034940504441169293,,
ACCT_102015,0.002619585475947455,,
ACCT_102022,0.0002947222787598813,,
ACCT_102065,0.006617045761813316,,
ACCT_102072,0.00020127119511540364,,
ACCT_102093,0.00029337342986063655,,
ACCT_102106,0.009378534376982736,,
ACCT_102111,0.029409734782056263,,
ACCT_102121,0.00047788670502348763,,
ACCT_102127,0.010083970389591166,,
ACCT_102137,0.0038891287721685374,,
ACCT_102152,0.0027599570629473573,,
ACCT_102161,0.015145697717532158,,
ACCT_102168,0.005443430028703836,,
ACCT_102170,0.00014500018922648084,,
ACCT_102186,0.0009587365006750689,,
ACCT_102193,0.0011247415079772326,,
ACCT_102204,0.0014858380425713566,,
ACCT_102217,0.0013636470669646731,,
ACCT_102241,0.0004520861014513479,,
ACCT_102242,0.005733359144505014,,
ACCT_102243,0.006316862987734989,,
ACCT_102247,0.006110439157176981,,
ACCT_102252,0.0034402877889854106,,
ACCT_102274,0.015364143050752616,,
ACCT_102280,0.01525573046294058,,
ACCT_102315,0.00046339104316699576,,
ACCT_102317,0.0011035889239301392,,
ACCT_102342,0.022586987521744796,,
ACCT_102346,0.00037733441832672976,,
ACCT_102347,0.0033709301887714094,,
ACCT_102373,0.011783512650034984,,
ACCT_102411,0.015217248045926089,,
ACCT_102414,0.00609218041944324,,
ACCT_102422,0.0013098995124386755,,
ACCT_102428,0.0008982075554790903,,
ACCT_102429,0.0005395460690316366,,
ACCT_102439,0.0013992775654896148,,
ACCT_102458,0.0015970664259908197,,
ACCT_102484,0.0009228755381201284,,
ACCT_102491,0.002672867463170026,,
ACCT_102507,0.0007745682577030906,,
ACCT_102508,0.0011102844760247604,,
ACCT_102515,0.0007528297848929959,,
ACCT_102529,0.0012254417608074043,,
ACCT_102533,0.4549483460073113,2020-09-12T00:00:00,2020-12-10T00:00:00
ACCT_102545,0.014022068301036436,,
ACCT_102560,0.057189511442335327,,
ACCT_102564,0.0018850290139447025,,
ACCT_102574,0.0005038402759956122,,
ACCT_102575,0.002371749851759648,,
ACCT_102579,0.0002255797088698908,,
ACCT_102585,0.0018167700960127215,,
ACCT_102592,0.07529991882291125,,
ACCT_102602,0.06992824313802283,,
ACCT_102623,0.005462441662913767,,
ACCT_102656,0.01664921368631536,,
ACCT_102666,0.0003648472001491324,,
ACCT_102669,0.0028694055336694916,,
ACCT_102679,0.002032635611112984,,
ACCT_102684,0.00033664161149345927,,
ACCT_102701,0.008143111966820656,,
ACCT_102711,0.01719511161052727,,
ACCT_102718,0.0035813315034698505,,
ACCT_102729,0.0051834953990041255,,
ACCT_102731,0.00039898970334629026,,
ACCT_102733,0.0018563456713399005,,
ACCT_102740,0.00509731087647329,,
ACCT_102742,0.0020383149569913974,,
ACCT_102765,0.004272834770435236,,
ACCT_102781,0.0005329488648764718,,
ACCT_102786,0.016511407536994278,,
ACCT_102790,0.0008829482364348388,,
ACCT_102815,0.0029551407083456766,,
ACCT_102819,0.9626812006555288,2025-04-02T00:00:00,2025-06-30T00:00:00
ACCT_102829,0.00037975458877370204,,
ACCT_102842,0.003424604071311976,,
ACCT_102851,0.000524652192003179,,
ACCT_102887,0.0033786139175918405,,
ACCT_102888,0.0018043061036870495,,
ACCT_102895,0.00747352645043777,,
ACCT_102918,0.0022832402746287275,,
ACCT_102922,0.00034190837341488726,,
ACCT_102945,0.0001794954520754432,,
ACCT_102946,0.013842221126820176,,
ACCT_102963,0.22366020308861323,,
ACCT_102964,0.008388258175524086,,
ACCT_103004,0.012437248317939752,,
ACCT_103056,0.0076277304148060195,,
ACCT_103059,0.0005500399073491103,,
ACCT_103086,0.04482998202326734,,
ACCT_103088,0.02042265339063292,,
ACCT_103098,0.00039649821951234787,,
ACCT_103107,0.46856035471262,2023-10-02T00:00:00,2023-12-30T00:00:00
ACCT_103111,0.0018406880975652003,,
ACCT_103129,0.0006867044080729831,,
ACCT_103136,0.0020257647029974708,,
ACCT_103139,0.004395453413117387,,
ACCT_103151,0.002022750674682194,,
ACCT_103161,0.0022622166340437832,,
ACCT_103167,0.0007230566440035834,,
ACCT_103168,0.0006344221677405845,,
ACCT_103187,0.00047904122887749674,,
ACCT_103208,0.011547413481088653,,
ACCT_103212,0.002685207286206633,,
ACCT_103278,0.02158052698042071,,
ACCT_103292,0.0058839605076320255,,
ACCT_103298,0.00023368577680728136,,
ACCT_103299,0.0018580274504681339,,
ACCT_103311,0.004772989630576303,,
ACCT_103315,0.005088561636340987,,
ACCT_103316,0.000860398312280361,,
ACCT_103327,0.0021365538300866186,,
ACCT_103334,0.05991898856355958,,
ACCT_103338,0.0006425528607712783,,
ACCT_103344,0.00016191770020609629,,
ACCT_103387,0.003310861515117276,,
ACCT_103392,0.004708865235431974,,
ACCT_103423,0.0640095053377622,,
ACCT_103424,0.008215147088681632,,
ACCT_103434,0.004946185987763479,,
ACCT_103459,0.00044805165903024643,,
ACCT_103465,0.0047515002309709235,,
ACCT_103466,0.011107810070937824,,
ACCT_103479,0.00016448516750100102,,
ACCT_103494,0.06064554766655313,,
ACCT_103495,0.00153133276873259,,
ACCT_103514,0.016632619146937134,,
ACCT_103521,0.0022486229598042908,,
ACCT_103525,0.3835272040300056,2025-03-22T00:00:00,2025-06-19T00:00:00
ACCT_103562,0.0016169297853384505,,
ACCT_103585,0.06196101178685507,,
ACCT_103604,0.013434643912166724,,
ACCT_103607,0.0012239727500430485,,
ACCT_103620,0.6793613616889246,2025-05-09T00:00:00,2025-06-02T00:00:00
ACCT_103627,0.0028267530368462986,,
ACCT_103684,0.0011430755419679756,,
ACCT_103708,0.0031781433923976517,,
ACCT_103751,0.008002637489154439,,
ACCT_103763,0.0027573930349454245,,
ACCT_103792,0.0016536299571535556,,
ACCT_103795,0.0018012926209389605,,
ACCT_103804,0.002710972179842457,,
ACCT_103815,0.040806709320682824,,
ACCT_103820,0.0005226718470917476,,
ACCT_103826,0.003064868138431529,,
ACCT_103841,0.006699734639244054,,
ACCT_103850,0.0007773272337738142,,
ACCT_103885,0.00041276566435174766,,
ACCT_103888,0.0010085404207319558,,
ACCT_103901,0.0024910075105391873,,
ACCT_103909,0.001706335251112446,,
ACCT_103940,0.001891508775653266,,
ACCT_103947,0.0015472690486159934,,
ACCT_103956,0.0017499809235414286,,
ACCT_103967,0.0007282059308896313,,
ACCT_103987,0.0007645729898670783,,
ACCT_103993,0.0015556906811977076,,
ACCT_103994,0.029012780416603805,,
ACCT_104021,0.03506405512257052,,
ACCT_104026,0.0020588788887364986,,
ACCT_104029,0.003327069628909867,,
ACCT_104037,0.00419179295128705,,
ACCT_104054,0.0014660166301283457,,
ACCT_104064,0.0008849383054587874,,
ACCT_104077,0.041188520493576804,,
ACCT_104081,0.00012110190649084111,,
ACCT_104086,0.027421348218677442,,
ACCT_104090,0.03759645259413184,,
ACCT_104101,0.0897134086098235,,
ACCT_104105,0.04888401728649708,,
ACCT_104111,0.0011710742915257862,,
ACCT_104122,6.853894240132188e-05,,
ACCT_104130,0.0015798914921702329,,
ACCT_104136,0.015493527457155588,,
ACCT_104138,0.0006983107253545274,,
ACCT_104142,0.00041655438183370395,,
ACCT_104149,0.02656837687373163,,
ACCT_104151,0.00011789627341447185,,
ACCT_104175,0.008571305720759589,,
ACCT_104177,0.015470422099841175,,
ACCT_104183,0.0035797308752653274,,
ACCT_104186,0.0032980110244992126,,
ACCT_104187,0.0001427340776450899,,
ACCT_104190,0.003543223076046679,,
ACCT_104199,0.0008097456488362466,,
ACCT_104203,0.0031597203232948726,,
ACCT_104206,0.0017579219739933688,,
ACCT_104214,0.004107418171763521,,
ACCT_104260,0.008777489060088505,,
ACCT_104279,0.009331737732141104,,
ACCT_104287,0.004084465293128331,,
ACCT_104308,0.001869800312801836,,
ACCT_104309,0.04925428275390942,,
ACCT_104323,0.008079308505757467,,
ACCT_104330,0.007232515537440598,,
ACCT_104359,0.0016678948004430149,,
ACCT_104401,0.00036444463232950983,,
ACCT_104408,0.0011732420873723911,,
ACCT_104420,0.010720286840945519,,
ACCT_104448,0.014357608722311097,,
ACCT_104449,0.0035103719814406796,,
ACCT_104456,0.019884450798423974,,
ACCT_104468,0.18634682257635599,,
ACCT_104476,0.0668811714287855,,
ACCT_104480,0.20918373182560795,,
ACCT_104481,0.0005109749945848908,,
ACCT_104488,0.0003880466932208593,,
ACCT_104499,0.033671406596571155,,
ACCT_104511,0.009861298389861977,,
ACCT_104526,0.0016091751684249298,,
ACCT_104536,0.0006954150082357764,,
ACCT_104557,0.003088009018867617,,
ACCT_104576,0.0034926904043316538,,
ACCT_104610,0.004286932717923105,,
ACCT_104620,0.0003672543332244296,,
ACCT_104623,0.0017311489745607238,,
ACCT_104644,0.00018085758342443532,,
ACCT_104654,0.00048285504114850477,,
ACCT_104666,0.025518628834770112,,
ACCT_104683,0.0014868165047012374,,
ACCT_104685,0.0006831792183818438,,
ACCT_104695,0.0016807699226596938,,
ACCT_104707,0.006963533285324015,,
ACCT_104715,0.001328827888270215,,
ACCT_104724,0.0008498911934073658,,
ACCT_104765,0.13553285649817637,,
ACCT_104772,0.00026664907113667293,,
ACCT_104781,0.006229962813271527,,
ACCT_104782,0.0031794840856100895,,
ACCT_104792,0.007319203532354278,,
ACCT_104795,0.009623594688066107,,
ACCT_104796,0.07144572267445767,,
ACCT_104798,0.0014612925708987025,,
ACCT_104803,0.0006057517019554203,,
ACCT_104805,0.0004974476849440217,,
ACCT_104807,0.00031058319380728,,
ACCT_104810,0.03925554411853384,,
ACCT_104822,0.009041505231836517,,
ACCT_104832,0.0014368062704902902,,
ACCT_104843,0.0015317430357352799,,
ACCT_104857,0.0011310606716921968,,
ACCT_104893,0.011059510840931142,,
ACCT_104917,0.0041368595959759315,,
ACCT_104934,0.0010266246013547033,,
ACCT_104941,0.19324769989544707,,
ACCT_104962,0.002239964861305688,,
ACCT_104981,0.009443034720420945,,
ACCT_104991,0.0018631175185844083,,
ACCT_104992,0.006992126046253428,,
ACCT_104998,0.004115568091965347,,
ACCT_105004,0.0018064999079180216,,
ACCT_105026,0.10136356267589657,,
ACCT_105039,0.0013115167133623854,,
ACCT_105044,0.00029326308129389256,,
ACCT_105051,0.026511404783746195,,
ACCT_105064,0.0016597667406851515,,
ACCT_105072,0.0013625502876602079,,
ACCT_105086,0.02446866246961855,,
ACCT_105099,0.009981705624048615,,
ACCT_105102,0.0012999639718665676,,
ACCT_105116,0.01691358832247066,,
ACCT_105117,0.00524093244665854,,
ACCT_105130,0.004171137367011973,,
ACCT_105135,0.002701798420647396,,
ACCT_105149,0.047243386928159076,,
ACCT_105154,0.0006433784526465305,,
ACCT_105156,0.008397774908758846,,
ACCT_105198,0.0017256351697964782,,
ACCT_105212,0.8226765339529551,2024-11-15T00:00:00,2025-02-12T00:00:00
ACCT_105228,0.018723611030604548,,
ACCT_105266,0.000578827578652911,,
ACCT_105268,0.0009868557310109406,,
ACCT_105276,0.16698568328332886,,
ACCT_105277,0.2544963943490973,,
ACCT_105306,0.0041791222508248075,,
ACCT_105310,0.0045536225770794955,,
ACCT_105329,0.0020369342721238146,,
ACCT_105333,0.0008866252493575798,,
ACCT_105347,0.005428337700827657,,
ACCT_105361,0.018867141108548084,,
ACCT_105377,0.0014240137279455376,,
ACCT_105384,0.011704245214304505,,
ACCT_105385,0.0788377285771538,,
ACCT_105398,0.0013531188089880362,,
ACCT_105401,0.0010120929043540652,,
ACCT_105413,0.0051685250229552985,,
ACCT_105416,0.5742383700737974,,
ACCT_105422,0.0045905368547393185,,
ACCT_105426,0.0020989311756370466,,
ACCT_105433,0.008875160121172369,,
ACCT_105449,0.005700367516487114,,
ACCT_105464,0.0010548421903079478,,
ACCT_105498,0.0007363550781852799,,
ACCT_105517,0.004876074607037411,,
ACCT_105518,0.0018843150973828708,,
ACCT_105519,0.0010341562608881182,,
ACCT_105536,0.00042001369636997,,
ACCT_105540,0.0015312422079123162,,
ACCT_105549,0.0003237220156025749,,
ACCT_105584,0.011920348950094303,,
ACCT_105586,0.00448932413260682,,
ACCT_105594,0.0019264326846393075,,
ACCT_105600,0.0005588853244401404,,
ACCT_105610,0.000612914781410958,,
ACCT_105619,0.0013378116431521036,,
ACCT_105620,0.0006851209948090613,,
ACCT_105657,0.01204038770704609,,
ACCT_105666,0.004320016060265375,,
ACCT_105682,0.0008245889849355494,,
ACCT_105690,0.008576878640272956,,
ACCT_105696,0.00012644739988706386,,
ACCT_105700,0.0011457162896406393,,
ACCT_105701,0.00013828024187634294,,
ACCT_105712,0.02092515614234485,,
ACCT_105735,0.00866339463255464,,
ACCT_105755,0.006335712914430289,,
ACCT_105759,0.002410785831261913,,
ACCT_105766,0.0023877024118179467,,
ACCT_105777,0.0014005118165313804,,
ACCT_105802,0.0022151104772379637,,
ACCT_105806,0.001493096489197308,,
ACCT_105852,0.0007248307930267378,,
ACCT_105861,0.000288808241086176,,
ACCT_105871,0.002350175935156534,,
ACCT_105872,0.0031613206902363277,,
ACCT_105896,0.0004654609595107575,,
ACCT_105901,0.0013549499854885742,,
ACCT_105943,0.0004997056802287672,,
ACCT_105950,0.0036185927711467844,,
ACCT_106032,0.016418639645351948,,
ACCT_106050,0.00129458628078016,,
ACCT_106068,0.0032458131987733478,,
ACCT_106080,0.011783510089040671,,
ACCT_106102,0.002824055273885306,,
ACCT_106108,0.0012423474602681764,,
ACCT_106113,0.004220993616099599,,
ACCT_106142,0.0006721165387282443,,
ACCT_106159,0.002209160716754505,,
ACCT_106176,0.020009281606137595,,
ACCT_106181,0.0018884305808645901,,
ACCT_106202,0.0008032200477406666,,
ACCT_106215,0.012859545325147631,,
ACCT_106218,0.02915167984363607,,
ACCT_106225,0.007770787193506222,,
ACCT_106228,0.6073643067381986,2022-09-11T00:00:00,2022-12-09T00:00:00
ACCT_106237,0.0028500686748771384,,
ACCT_106240,0.038178654684388066,,
ACCT_106241,0.0038233169672440177,,
ACCT_106255,0.01157800497065726,,
ACCT_106269,0.000264348059868481,,
ACCT_106271,0.003426020336160984,,
ACCT_106303,0.0014765745541940314,,
ACCT_106319,0.00923139707425393,,
ACCT_106330,0.009501219862115298,,
ACCT_106334,0.0027457313317459896,,
ACCT_106336,0.0036204859097419503,,
ACCT_106344,0.10686742035365035,,
ACCT_106361,0.0012319107240350816,,
ACCT_106365,0.008358015372627814,,
ACCT_106368,0.02378466203304526,,
ACCT_106370,0.0005060043322080425,,
ACCT_106386,0.002172148281111949,,
ACCT_106388,0.0015657309836785247,,
ACCT_106395,0.0018550384056637257,,
ACCT_106398,0.002178123653027686,,
ACCT_106430,0.0017408752241843684,,
ACCT_106431,0.0159135783253554,,
ACCT_106446,0.0009405619204502742,,
ACCT_106456,0.01900552746301183,,
ACCT_106469,0.0006191777241357734,,
ACCT_106484,0.012121059635893229,,
ACCT_106486,0.03218535729446036,,
ACCT_106492,0.148270504117337,,
ACCT_106505,0.004648476855402091,,
ACCT_106542,0.0004380788947209183,,
ACCT_106545,0.0019179787925315312,,
ACCT_106556,0.0036356539299519383,,
ACCT_106574,0.0002663503274868462,,
ACCT_106583,0.005690516627474449,,
ACCT_106602,0.005003346758561019,,
ACCT_106634,0.014623174799733468,,
ACCT_106665,0.0001321095118671232,,
ACCT_106666,0.00030496766038503855,,
ACCT_106710,0.005969689754001645,,
ACCT_106726,0.005576288758888997,,
ACCT_106734,0.007560432293317385,,
ACCT_106744,0.0031117081195564363,,
ACCT_106751,0.02779953640615935,,
ACCT_106761,0.0028022865032541833,,
ACCT_106780,0.0028269059219202812,,
ACCT_106789,0.0056532253429509025,,
ACCT_106790,0.011435256490445658,,
ACCT_106803,0.035293618348892455,,
ACCT_106810,0.0004059580940288908,,
ACCT_106818,0.029851564662502085,,
ACCT_106826,0.000744560610544969,,
ACCT_106827,0.0013021211070396263,,
ACCT_106845,0.000576974040306003,,
ACCT_106854,0.0016159758264987513,,
ACCT_106914,0.0347101787138542,,
ACCT_106921,0.2433704211267687,,
ACCT_106944,0.006380902026806756,,
ACCT_106954,0.001711278391561322,,
ACCT_106973,0.002599365610714858,,
ACCT_107011,0.0007005029507747005,,
ACCT_107013,0.000736383166879354,,
ACCT_107016,0.15441360254742212,,
ACCT_107027,0.004027877906759202,,
ACCT_107047,0.004691508068238719,,
ACCT_107051,0.002630956058135846,,
ACCT_107071,0.019886688100601294,,
ACCT_107079,0.0032730630101007936,,
ACCT_107103,0.08847031089685138,,
ACCT_107117,0.004138326270378847,,
ACCT_107118,0.0323431082415968,,
ACCT_107125,0.0006328797573419771,,
ACCT_107150,0.0006064474253012205,,
ACCT_107153,0.005045688580889128,,
ACCT_107163,0.0017012674485858477,,
ACCT_107176,0.020221398054045495,,
ACCT_107190,0.005878796536364181,,
ACCT_107191,0.002602857777001118,,
ACCT_107213,0.0005761250754483078,,
ACCT_107234,0.001649069502758186,,
ACCT_107237,0.001343116259853473,,
ACCT_107245,0.0027696036560982493,,
ACCT_107273,0.05195406600477338,,
ACCT_107297,0.004309032750575334,,
ACCT_107302,0.046312347641004205,,
ACCT_107312,7.26710598050574e-05,,
ACCT_107315,0.0012884411111247823,,
ACCT_107325,0.005063616666920973,,
ACCT_107329,0.0005593217690406069,,
ACCT_107331,0.06582070886137846,,
ACCT_107332,0.0002943709611794616,,
ACCT_107377,0.001200183213449303,,
ACCT_107407,0.7534095753241824,2025-03-23T00:00:00,2025-06-20T00:00:00
ACCT_107416,0.06908105303132275,,
ACCT_107463,0.0005362511435644046,,
ACCT_107480,0.014604076749120351,,
ACCT_107515,0.0005977439648018041,,
ACCT_107516,0.0005178578748456484,,
ACCT_107524,0.015450846644418866,,
ACCT_107531,0.01079734448163799,,
ACCT_107545,0.0007961098912955992,,
ACCT_107565,0.00019260516297576558,,
ACCT_107571,5.586369198269797e-05,,
ACCT_107590,0.06933574719434465,,
ACCT_107594,0.002451968267983417,,
ACCT_107615,0.000920656398010118,,
ACCT_107634,0.01259922920730285,,
ACCT_107643,0.0006799580396183141,,
ACCT_107660,0.002680790198624532,,
ACCT_107667,0.0028197734488667704,,
ACCT_107668,0.010432755584546292,,
ACCT_107670,0.004275169528134528,,
ACCT_107676,7.996529185395849e-05,,
ACCT_107678,0.0004420321266478936,,
ACCT_107685,0.008151765769653095,,
ACCT_107713,0.003555280739758382,,
ACCT_107719,0.0010658710546139756,,
ACCT_107731,0.044081615635502745,,
ACCT_107739,0.00014887054289330453,,
ACCT_107759,0.0006026590811106798,,
ACCT_107782,0.0016131559252781553,,
ACCT_107786,0.006614916906203855,,
ACCT_107787,0.0016048312100631693,,
ACCT_107803,0.015972456128272132,,
ACCT_107812,0.0004862566695010168,,
ACCT_107825,0.013471519120385331,,
ACCT_107841,0.0034131910046695303,,
ACCT_107848,0.0003409972337444838,,
ACCT_107859,0.00018129943113606324,,
ACCT_107861,0.006105066515585287,,
ACCT_107883,0.0009723742363182446,,
ACCT_107918,0.0002989034212858146,,
ACCT_107921,0.047090260774217976,,
ACCT_107937,0.014073137760934686,,
ACCT_107938,0.01602822083559228,,
ACCT_107947,0.0012305439422628315,,
ACCT_107948,0.00046928245980216234,,
ACCT_107956,0.009221343647937821,,
ACCT_107957,0.22772835560722043,,
ACCT_107971,0.004489594943176227,,
ACCT_107973,0.02137521361747866,,
ACCT_107974,0.00524354419253978,,
ACCT_107984,0.03590417165377926,,
ACCT_107989,0.0010487244980747,,
ACCT_107993,0.0068674665539346525,,
ACCT_108023,0.000883918465833997,,
ACCT_108032,0.3533210056697546,2025-03-10T00:00:00,2025-06-07T00:00:00
ACCT_108035,0.000958257189424764,,
ACCT_108049,0.05615051223214392,,
ACCT_108053,0.0006350155901739382,,
ACCT_108055,0.0031192004386889076,,
ACCT_108056,0.010321946098805896,,
ACCT_108061,0.0024767723492322095,,
ACCT_108076,0.004374858453129009,,
ACCT_108111,0.04117792438089082,,
ACCT_108115,0.00014878518234766875,,
ACCT_108121,0.006318639027659401,,
ACCT_108133,0.00017158305224412415,,
ACCT_108163,0.0027352310217992073,,
ACCT_108164,0.019724436156816055,,
ACCT_108197,0.0018277487628662412,,
ACCT_108206,0.0011878600850281718,,
ACCT_108210,0.0013637417520987558,,
ACCT_108238,0.0011732489841752626,,
ACCT_108239,0.013861641108468803,,
ACCT_108240,0.08797820228206595,,
ACCT_108242,0.044852022431309854,,
ACCT_108249,0.00019927266059402595,,
ACCT_108253,0.00025316203030168973,,
ACCT_108258,0.0013833764497434824,,
ACCT_108263,0.001767937900521092,,
ACCT_108277,0.0012163920358095497,,
ACCT_108281,0.9922924009404136,2024-08-09T00:00:00,2024-11-06T00:00:00
ACCT_108282,0.0060737775554566015,,
ACCT_108283,0.0005754635785542625,,
ACCT_108306,0.001939326214189302,,
ACCT_108309,0.0013887579998924167,,
ACCT_108337,0.0010174642395750317,,
ACCT_108345,0.0013617337359802515,,
ACCT_108371,0.005152445826840444,,
ACCT_108377,0.002832387370425553,,
ACCT_108379,0.001168223665701801,,
ACCT_108392,0.0071915611904339845,,
ACCT_108393,0.0026491052855706866,,
ACCT_108396,0.0037826315641041274,,
ACCT_108400,0.007359281045887,,
ACCT_108413,0.00237700870101697,,
ACCT_108429,0.0020936547489371305,,
ACCT_108443,0.0005354926883629364,,
ACCT_108446,0.002485766371348331,,
ACCT_108467,0.020505907071315353,,
ACCT_108492,0.0005020877589018138,,
ACCT_108515,0.005848541707269874,,
ACCT_108521,0.024350869174469537,,
ACCT_108522,0.001805373199870999,,
ACCT_108529,0.00047663832754945093,,
ACCT_108533,0.009269997161538566,,
ACCT_108572,0.0021959304631800174,,
ACCT_108581,0.0244159549138952,,
ACCT_108588,0.0009606795392341204,,
ACCT_108603,0.005851922121579891,,
ACCT_108619,0.06036324932764028,,
ACCT_108624,0.0011104968036864153,,
ACCT_108638,0.150058455033572,,
ACCT_108645,0.02064573203114211,,
ACCT_108659,0.0015752215639243765,,
ACCT_108693,0.000606494386192304,,
ACCT_108696,0.00021712855570822968,,
ACCT_108704,0.0061558118622685115,,
ACCT_108705,0.00043942982414483123,,
ACCT_108714,0.007117308714961192,,
ACCT_108721,0.003397123962238985,,
ACCT_108737,0.0010711649139609571,,
ACCT_108751,0.010748499303071766,,
ACCT_108754,0.0015239840900184635,,
ACCT_108759,0.019746836530398684,,
ACCT_108765,0.0017391048764704882,,
ACCT_108779,0.00908541010687823,,
ACCT_108785,0.00992335655975549,,
ACCT_108799,0.0008335452581008498,,
ACCT_108820,0.002639244105083834,,
ACCT_108876,0.000493437913331465,,
ACCT_108880,0.004215441481167702,,
ACCT_108891,0.0038719419618159835,,
ACCT_108894,0.004262040571868898,,
ACCT_108901,0.10950340088327229,,
ACCT_108920,0.0004157383360817421,,
ACCT_108921,0.03295416065482367,,
ACCT_108947,0.0025662606680646543,,
ACCT_108953,0.00019502208283529436,,
ACCT_108969,0.04830029472461642,,
ACCT_108971,0.0007173543951208263,,
ACCT_108977,0.0021080836161537285,,
ACCT_108981,0.0004765984219948613,,
ACCT_108985,0.061377412113253524,,
ACCT_108992,0.16719030443981742,,
ACCT_108997,0.09424358530354611,,
ACCT_109022,0.02645820884044182,,
ACCT_109029,0.0011837350514956762,,
ACCT_109034,0.025613266977487847,,
ACCT_109038,0.0002375486187535608,,
ACCT_109051,0.017191101105531226,,
ACCT_109053,0.11069252747012685,,
ACCT_109067,0.0022423991604703223,,
ACCT_109094,0.0004233707609176812,,
ACCT_109110,0.006862049632297933,,
ACCT_109128,0.0002101088091495782,,
ACCT_109145,0.04801877571812518,,
ACCT_109147,0.0069043675042696805,,
ACCT_109174,0.013036218212092202,,
ACCT_109182,0.007973164696464715,,
ACCT_109198,0.02016635262993691,,
ACCT_109219,0.00793463186337397,,
ACCT_109233,0.0013606562333968377,,
ACCT_109244,0.006908274631979361,,
ACCT_109268,0.0004886093079698656,,
ACCT_109278,0.0030628083960769228,,
ACCT_109283,0.000524501545488047,,
ACCT_109290,0.0005204281796323912,,
ACCT_109301,0.04700630942229855,,
ACCT_109334,0.0035072826828861903,,
ACCT_109365,0.0021719309531731444,,
ACCT_109386,0.05200103063799001,,
ACCT_109393,0.0004321078370817156,,
ACCT_109397,0.23547664981140323,,
ACCT_109415,0.0007933056788128072,,
ACCT_109421,0.017234695307488602,,
ACCT_109427,9.472046058233437e-05,,
ACCT_109439,0.011835898959725137,,
ACCT_109446,0.00588341369396487,,
ACCT_109460,0.0010028959703207462,,
ACCT_109482,0.0006371966987777388,,
ACCT_109483,0.0008690432236325164,,
ACCT_109518,0.003331473707723727,,
ACCT_109521,0.023745878855587568,,
ACCT_109552,0.0006935160599248854,,
ACCT_109554,0.004352368820319923,,
ACCT_109556,0.0002559557111038788,,
ACCT_109561,0.0010081808309119601,,
ACCT_109582,0.0011069682977958495,,
ACCT_109596,0.007478177364542973,,
ACCT_109608,0.005559199123688221,,
ACCT_109620,0.0010260397179614133,,
ACCT_109626,0.000928773203012598,,
ACCT_109632,0.0029320349533913715,,
ACCT_109645,0.033016977283451564,,
ACCT_109658,0.0012956100368879445,,
ACCT_109660,0.00013142553695354357,,
ACCT_109667,0.012590618167350099,,
ACCT_109675,0.0003780884344224752,,
ACCT_109677,0.015446948423015283,,
ACCT_109688,0.008833937458770352,,
ACCT_109700,0.0009318082276493136,,
ACCT_109709,0.0003659592582755971,,
ACCT_109744,0.06185542205180974,,
ACCT_109769,0.002519367232068078,,
ACCT_109776,0.0026713213526674442,,
ACCT_109777,0.005187375928668989,,
ACCT_109784,0.0006231441658410713,,
ACCT_109803,0.11612302917391171,,
ACCT_109805,0.0005128740022544143,,
ACCT_109807,0.014430985413171154,,
ACCT_109817,0.008368145782166509,,
ACCT_109826,0.035733340786220084,,
ACCT_109829,0.006518744859618904,,
ACCT_109863,0.0017092657723094171,,
ACCT_109880,0.0008077916724294814,,
ACCT_109885,0.034388728237787526,,
ACCT_109897,0.0011757275868126238,,
ACCT_109914,0.0018133895168692283,,
ACCT_109920,0.014210695225441064,,
ACCT_109937,0.0004482832826861923,,
ACCT_109953,0.0018445192857852951,,
ACCT_109961,0.0005500157388962128,,
ACCT_109963,0.03342612399741791,,
ACCT_109980,0.00115398133127151,,
ACCT_109985,0.0008025664085665781,,
ACCT_110023,0.00014432109312078717,,
ACCT_110034,0.004874482086613287,,
ACCT_110047,0.025692493967929515,,
ACCT_110064,0.0022911426287993567,,
ACCT_110077,0.0017019548929620124,,
ACCT_110098,0.01185446100560054,,
ACCT_110111,0.0018932958945588867,,
ACCT_110113,0.0007928457708541467,,
ACCT_110159,0.00593676768773458,,
ACCT_110160,0.009251236460452002,,
ACCT_110167,0.0004848741560731862,,
ACCT_110191,0.0023749808987081375,,
ACCT_110209,0.00030056479315294785,,
ACCT_110214,0.00021999041960894523,,
ACCT_110242,0.00035950328294529507,,
ACCT_110244,0.002047183419117506,,
ACCT_110248,0.0015233383192756063,,
ACCT_110271,0.003615887441719036,,
ACCT_110305,0.6121250990516814,,
ACCT_110309,0.002838463509181005,,
ACCT_110318,0.019117658227192975,,
ACCT_110334,0.0051622350474641535,,
ACCT_110344,0.0001090796866650399,,
ACCT_110356,0.0004897150446527648,,
ACCT_110360,0.0018192025315395186,,
ACCT_110379,0.19732244300203988,,
ACCT_110391,0.0007101851479361588,,
ACCT_110430,0.054150159160802055,,
ACCT_110432,0.0030149868801024964,,
ACCT_110438,0.0023122934606846133,,
ACCT_110441,0.0005966749977802475,,
ACCT_110446,0.018230154451920944,,
ACCT_110456,0.001137463323099418,,
ACCT_110461,0.0016853178786751534,,
ACCT_110486,0.013331689149875838,,
ACCT_110495,0.00019185615307814262,,
ACCT_110505,0.007006740732402675,,
ACCT_110521,0.016473261262643372,,
ACCT_110549,0.0017372275489651087,,
ACCT_110557,0.00047764044348562993,,
ACCT_110564,0.0004548755867246087,,
ACCT_110566,0.001687455476831364,,
ACCT_110611,0.001325117748739189,,
ACCT_110628,0.0020598106927128025,,
ACCT_110695,0.011640514296822963,,
ACCT_110698,0.04509949901264408,,
ACCT_110713,0.005466961844883402,,
ACCT_110719,0.016437137463206786,,
ACCT_110742,7.93766251571915e-05,,
ACCT_110747,0.0017069463326613572,,
ACCT_110787,0.010842374963462678,,
ACCT_110796,0.00020328266917422167,,
ACCT_110798,0.005382137647676888,,
ACCT_110855,0.0007169334324354453,,
ACCT_110866,0.002712666345551225,,
ACCT_110870,0.010594722474422034,,
ACCT_110914,0.00398781883812281,,
ACCT_110919,0.0014578975389721014,,
ACCT_110957,0.004034440408391504,,
ACCT_110971,0.0005011211930623974,,
ACCT_110977,0.0069307707609848005,,
ACCT_110983,0.014620801155046968,,
ACCT_110990,0.0033104984964964627,,
ACCT_110999,0.029628915251487753,,
ACCT_111000,0.0010136004011731235,,
ACCT_111006,0.0006043893807938343,,
ACCT_111013,0.0023977572252258223,,
ACCT_111021,0.0014617616785178229,,
ACCT_111028,0.005264939430089431,,
ACCT_111043,0.003614866694689805,,
ACCT_111086,0.0076629445007313935,,
ACCT_111088,0.004673835093275609,,
ACCT_111118,0.03102885882592669,,
ACCT_111128,0.008967660130209061,,
ACCT_111142,0.0012170954524179938,,
ACCT_111144,0.00020160048558238145,,
ACCT_111147,0.0072892676130361395,,
ACCT_111212,0.0031943549941352437,,
ACCT_111237,0.0003256111222989096,,
ACCT_111251,0.00019036764075842921,,
ACCT_111256,0.0008503769048566348,,
ACCT_111262,0.000938796104957953,,
ACCT_111263,0.0013318836779601232,,
ACCT_111282,0.0006258207360275767,,
ACCT_111288,0.008329450880196581,,
ACCT_111295,0.000638285107864205,,
ACCT_111297,0.0035970286332259204,,
ACCT_111310,0.0007621927309928425,,
ACCT_111312,0.00034525730127361485,,
ACCT_111317,0.06446579679542752,,
ACCT_111331,0.00010527933479798342,,
ACCT_111337,0.000936650200034564,,
ACCT_111339,0.0006545957770795485,,
ACCT_111360,0.0010324879161552423,,
ACCT_111369,0.11756331637052372,,
ACCT_111388,0.03333639140636864,,
ACCT_111402,0.02151157831136869,,
ACCT_111408,0.0016744820386230322,,
ACCT_111457,0.0006822595818939856,,
ACCT_111474,0.00013086897704888437,,
ACCT_111484,0.0655279237186416,,
ACCT_111510,0.0029185683545852182,,
ACCT_111515,0.002574887822859656,,
ACCT_111521,0.005976712570497543,,
ACCT_111562,0.0018201155843316334,,
ACCT_111573,0.021266404764921122,,
ACCT_111574,0.0024687759200099618,,
ACCT_111585,0.022426836457323667,,
ACCT_111586,0.028993418457457093,,
ACCT_111592,0.002964304669595386,,
ACCT_111594,0.0020814352322233625,,
ACCT_111669,0.0007302496751433051,,
ACCT_111678,0.004579075198865729,,
ACCT_111680,0.021561211011101165,,
ACCT_111684,0.026653494823923447,,
ACCT_111712,0.02041493695408653,,
ACCT_111720,0.0015559746515232955,,
ACCT_111721,0.007282978407693086,,
ACCT_111742,0.0036212645216314025,,
ACCT_111748,5.909946160569767e-05,,
ACCT_111755,0.0032427283865579344,,
ACCT_111783,0.009995116122579296,,
ACCT_111784,0.010777004470393441,,
ACCT_111791,0.0005202878135538131,,
ACCT_111792,0.002058603542879853,,
ACCT_111794,0.00048126669782525157,,
ACCT_111824,0.0016183953718143834,,
ACCT_111829,0.0006268965201115093,,
ACCT_111851,0.002605939007653153,,
ACCT_111852,0.0009034191322216742,,
ACCT_111853,0.001047404767649439,,
ACCT_111856,0.0005006322216828743,,
ACCT_111924,0.0021591417773912107,,
ACCT_111925,0.002038531699101757,,
ACCT_111979,0.004249005902632738,,
ACCT_111984,0.0705182278366698,,
ACCT_111989,0.08510574754327098,,
ACCT_111995,0.10957435941439775,,
ACCT_111999,0.0006680417453835505,,
ACCT_112007,0.000317821288911067,,
ACCT_112012,0.0019070496544565895,,
ACCT_112023,0.0024523783756419983,,
ACCT_112039,0.01175130762591143,,
ACCT_112041,0.018469159145697054,,
ACCT_112044,0.001447402715748196,,
ACCT_112066,0.0001896911244372309,,
ACCT_112094,0.0008167441519762034,,
ACCT_112111,0.005078340338181572,,
ACCT_112126,0.0002680642850224909,,
ACCT_112132,0.0007265958993862303,,
ACCT_112146,0.00021939187174477762,,
ACCT_112159,0.08068721087625388,,
ACCT_112170,0.0017051185968726232,,
ACCT_112172,0.00022576380031679263,,
ACCT_112174,0.001678971572822548,,
ACCT_112187,0.0037862306130585417,,
ACCT_112190,0.014864659608274596,,
ACCT_112198,0.0008964158594115616,,
ACCT_112220,0.00038021831775860614,,
ACCT_112227,0.024093089787242252,,
ACCT_112230,0.005960790319326824,,
ACCT_112271,0.0067442386804258585,,
ACCT_112285,0.0012313623940529224,,
ACCT_112288,0.0008580573460300488,,
ACCT_112292,0.011550468917452993,,
ACCT_112296,0.001307794860336301,,
ACCT_112336,0.002703325456587285,,
ACCT_112337,0.011546317411647359,,
ACCT_112341,0.0006047872935121388,,
ACCT_112363,0.007282064212313759,,
ACCT_112376,0.012556596208507215,,
ACCT_112411,0.0003779862457237801,,
ACCT_112442,0.00022076948999120213,,
ACCT_112459,0.0004395988165737718,,
ACCT_112460,0.002076420470928367,,
ACCT_112462,0.0030409982177493195,,
ACCT_112467,0.0003206148008731634,,
ACCT_112472,0.016297482248291553,,
ACCT_112475,0.011368399350279647,,
ACCT_112485,0.0005510504572209707,,
ACCT_112529,0.002782045528719535,,
ACCT_112536,0.0010716435395071047,,
ACCT_112602,0.0005210788770563572,,
ACCT_112626,0.0035752819462208886,,
ACCT_112638,0.004041679148985962,,
ACCT_112649,0.0006930061308259803,,
ACCT_112655,0.0006917134264473404,,
ACCT_112674,0.0018381713880841646,,
ACCT_112696,0.007831985615722025,,
ACCT_112708,0.010450982571758523,,
ACCT_112720,0.0005263665046421836,,
ACCT_112733,0.00017700316582797035,,
ACCT_112779,0.0064557248374494045,,
ACCT_112786,0.0015343432821026183,,
ACCT_112792,0.0021386050357828775,,
ACCT_112793,0.0001790438892228982,,
ACCT_112821,0.0032483033779158233,,
ACCT_112837,0.002874301669700292,,
ACCT_112872,0.006253216225380743,,
ACCT_112879,0.00018808883538129088,,
ACCT_112883,0.1341216467306252,,
ACCT_112904,0.027683470443771556,,
ACCT_112917,0.0005149800951731351,,
ACCT_112925,0.0017896299249873418,,
ACCT_112938,0.0022949563924504093,,
ACCT_112947,0.0005221415242131882,,
ACCT_112979,0.01194439794135992,,
ACCT_112988,8.081764388457518e-05,,
ACCT_112992,0.0007789893342117053,,
ACCT_113003,0.0014885856924217809,,
ACCT_113046,0.005373789793560452,,
ACCT_113047,0.00040989000455898524,,
ACCT_113054,0.00037703509774996444,,
ACCT_113086,0.011059457332266723,,
ACCT_113087,0.03551140619017682,,
ACCT_113089,0.0017348120166877,,
ACCT_113093,0.00033415241625419766,,
ACCT_113101,0.00033603228663195477,,
ACCT_113102,0.007448575213097897,,
ACCT_113118,0.043693379190201255,,
ACCT_113123,0.0014818279548724322,,
ACCT_113131,0.001004767410071619,,
ACCT_113137,0.00022973079131430644,,
ACCT_113155,0.0006456570857428458,,
ACCT_113168,0.0009573404096205159,,
ACCT_113179,0.002678516156728244,,
ACCT_113197,0.0008603783351829531,,
ACCT_113218,0.047429454382860295,,
ACCT_113225,0.0014499078402360945,,
ACCT_113232,0.0038282263139739724,,
ACCT_113273,0.06296879727505472,,
ACCT_113274,0.002194953000016076,,
ACCT_113275,0.00014164414631845856,,
ACCT_113288,0.5003871931246354,2025-04-07T00:00:00,2025-06-06T00:00:00
ACCT_113298,0.011121778882294712,,
ACCT_113312,0.0003138135220993039,,
ACCT_113324,0.069736826915326,,
ACCT_113325,0.03656632499869293,,
ACCT_113326,0.005924778089109758,,
ACCT_113333,0.0011451396537716268,,
ACCT_113355,0.002084448911537013,,
ACCT_113361,0.0006764481740760968,,
ACCT_113363,0.004374312997285443,,
ACCT_113375,0.0022921575065404385,,
ACCT_113384,0.003908381680882685,,
ACCT_113386,0.016374886445726492,,
ACCT_113408,0.0003152299880703548,,
ACCT_113413,0.00039713295693818843,,
ACCT_113417,0.00029424234577003934,,
ACCT_113427,0.04904488170677454,,
ACCT_113434,0.001904513090754488,,
ACCT_113440,0.04570135494097816,,
ACCT_113442,0.009145576767928872,,
ACCT_113447,0.002936646354535992,,
ACCT_113463,0.002352680545262514,,
ACCT_113466,0.00162615745386279,,
ACCT_113470,0.0004253315675307477,,
ACCT_113474,0.0009412750066056989,,
ACCT_113503,0.0011341898819817032,,
ACCT_113524,0.6112461192674984,2021-07-02T00:00:00,2021-09-29T00:00:00
ACCT_113542,0.004359503331892431,,
ACCT_113587,0.00397901953983351,,
ACCT_113593,0.015473246718704101,,
ACCT_113597,0.001886758955405223,,
ACCT_113599,0.0029136295898052203,,
ACCT_113659,0.0011526432372210198,,
ACCT_113660,0.007951915951357351,,
ACCT_113671,0.004042642594703501,,
ACCT_113698,0.0006740748572726236,,
ACCT_113709,0.0017563705628302635,,
ACCT_113730,0.0023160755342584915,,
ACCT_113733,0.0022993200469656294,,
ACCT_113743,0.02111232764343121,,
ACCT_113745,0.00019713881977526308,,
ACCT_113767,0.0035377484826327765,,
ACCT_113768,0.0005615863049015811,,
ACCT_113770,0.0017437192205066888,,
ACCT_113783,0.15322549067912503,,
ACCT_113797,0.0019501967887360961,,
ACCT_113836,0.001026870234133426,,
ACCT_113839,0.0011210224091825892,,
ACCT_113861,0.011173575429794158,,
ACCT_113869,0.003658268530985905,,
ACCT_113876,0.0024667959185613432,,
ACCT_113886,0.0016334446309694192,,
ACCT_113891,0.0007936437711450976,,
ACCT_113898,0.004162365358307884,,
ACCT_113933,0.007499541909568271,,
ACCT_113967,0.12950482942047628,,
ACCT_113973,0.0002370036332887827,,
ACCT_113976,0.008266883190399175,,
ACCT_113977,0.001060477931829076,,
ACCT_113981,0.0022469328547672024,,
ACCT_113982,0.00027840192781796136,,
ACCT_114003,0.0010795679460206945,,
ACCT_114004,0.0005995930273823447,,
ACCT_114009,0.0002470562812717671,,
ACCT_114014,0.000967070790226717,,
ACCT_114015,0.04842371503521096,,
ACCT_114056,0.004910555186647655,,
ACCT_114059,0.005070974588881028,,
ACCT_114061,0.0036816796339072485,,
ACCT_114095,0.0009689565575492137,,
ACCT_114097,0.027749318387790118,,
ACCT_114110,0.06764793603620238,,
ACCT_114134,0.03526454746750782,,
ACCT_114139,0.005695883311310629,,
ACCT_114140,0.0501674831767563,,
ACCT_114141,0.0019422247104054539,,
ACCT_114161,0.0005331254616874532,,
ACCT_114163,0.10150440842334951,,
ACCT_114166,0.049209898130375705,,
ACCT_114193,0.0006464350198794796,,
ACCT_114195,0.08284540397765133,,
ACCT_114201,0.009230802877042314,,
ACCT_114213,0.0010142765805256982,,
ACCT_114248,0.008987166155182812,,
ACCT_114250,0.00027384243439265504,,
ACCT_114272,9.325886427158879e-05,,
ACCT_114287,0.0010872345904598137,,
ACCT_114290,0.0009372611907916336,,
ACCT_114296,0.01618709463725783,,
ACCT_114337,0.032412634425763906,,
ACCT_114359,0.025630047619879935,,
ACCT_114360,0.1487923278054964,,
ACCT_114389,0.0022659265436436116,,
ACCT_114392,0.006748277657035383,,
ACCT_114405,0.0017740289567641017,,
ACCT_114412,0.004253662781496097,,
ACCT_114420,0.0018702243777379997,,
ACCT_114435,0.011506068843949877,,
ACCT_114454,0.0003707741375940901,,
ACCT_114508,0.024131186813647176,,
ACCT_114526,0.005661953223493935,,
ACCT_114535,0.006596608614949871,,
ACCT_114536,0.0013842578945965159,,
ACCT_114539,0.07082555758523754,,
ACCT_114541,0.03459730023650011,,
ACCT_114546,0.028257818417852243,,
ACCT_114560,0.0025662924303641427,,
ACCT_114582,0.0002947101728490783,,
ACCT_114594,0.0006975437727915985,,
ACCT_114601,0.00649678646926235,,
ACCT_114603,0.0018248613406451647,,
ACCT_114610,0.003370609406786372,,
ACCT_114621,0.00012927358924894275,,
ACCT_114630,0.9641248410833965,2023-06-27T00:00:00,2023-09-24T00:00:00
ACCT_114672,0.001283504919991454,,
ACCT_114673,0.0006958241299898978,,
ACCT_114682,0.006035551045330684,,
ACCT_114711,0.028514127764330998,,
ACCT_114712,0.006526200131001189,,
ACCT_114713,0.0028464297938115384,,
ACCT_114717,0.021954234007325792,,
ACCT_114718,0.0002739112650770188,,
ACCT_114727,0.0010990275722495518,,
ACCT_114729,0.004376382488065054,,
ACCT_114742,0.0018799216459031575,,
ACCT_114753,0.004495844943585805,,
ACCT_114755,0.0011840728582065605,,
ACCT_114780,0.16588561298917132,,
ACCT_114785,0.00032357584406079423,,
ACCT_114795,0.003805925798980603,,
ACCT_114812,0.0017439675457596785,,
ACCT_114816,0.0005353787504971796,,
ACCT_114832,0.0052214117206204145,,
ACCT_114877,0.003086026264543542,,
ACCT_114890,0.0007644952095491571,,
ACCT_114891,0.0018038837647142707,,
ACCT_114919,0.017994295336941683,,
ACCT_114920,0.005000488306713368,,
ACCT_114923,0.0006937771735513826,,
ACCT_114925,0.0005006594617081939,,
ACCT_114941,0.003024219013874066,,
ACCT_114947,0.5029870037523085,2021-10-11T00:00:00,2022-01-08T00:00:00
ACCT_114950,0.0003961174150773724,,
ACCT_114964,0.004391851905458641,,
ACCT_114971,0.011672995966695214,,
ACCT_114996,0.023460756430830988,,
ACCT_115005,0.11483037483602225,,
ACCT_115007,0.0002725702434107299,,
ACCT_115008,0.00023793593217139538,,
ACCT_115018,0.01605599292939733,,
ACCT_115029,0.0019942226857545416,,
ACCT_115040,0.0005481948806662259,,
ACCT_115073,0.0010361705270439943,,
ACCT_115100,0.0031401440205322205,,
ACCT_115106,0.0037895034956006908,,
ACCT_115115,0.0011977611832605245,,
ACCT_115142,0.013628092885927456,,
ACCT_115143,0.0003276948647208558,,
ACCT_115144,0.044471878345423974,,
ACCT_115146,0.00018012005299089748,,
ACCT_115148,0.0006754566680019396,,
ACCT_115151,0.0022882982006588175,,
ACCT_115155,0.0006712481216677137,,
ACCT_115173,0.0006737725730528779,,
ACCT_115203,0.0004844253196127246,,
ACCT_115251,0.001637428825038569,,
ACCT_115260,0.0024332257411419558,,
ACCT_115264,0.001355690738471397,,
ACCT_115279,0.013318341984367457,,
ACCT_115318,0.003929077872218812,,
ACCT_115383,0.005652393480376535,,
ACCT_115394,0.002686819756455616,,
ACCT_115412,0.00505586649365271,,
ACCT_115416,0.00412652948518522,,
ACCT_115420,0.007560535244603121,,
ACCT_115422,0.0016348795916920115,,
ACCT_115425,0.0013710406390889205,,
ACCT_115460,0.00019541073746236564,,
ACCT_115478,0.002858806795136017,,
ACCT_115488,0.007515454056179928,,
ACCT_115496,0.0034951778498301953,,
ACCT_115500,0.0004537032042257285,,
ACCT_115514,0.005169386152921624,,
ACCT_115518,0.014325851445104319,,
ACCT_115523,0.0006070960062108519,,
ACCT_115562,0.0017142501733235823,,
ACCT_115584,0.002815082339931043,,
ACCT_115616,0.00027745800451959256,,
ACCT_115622,0.0007860667767688531,,
ACCT_115634,0.015571800111687129,,
ACCT_115647,0.025377241306489433,,
ACCT_115662,0.0001677939005061589,,
ACCT_115664,0.00021608359143118218,,
ACCT_115684,0.00020235049158285684,,
ACCT_115708,0.001676417534718372,,
ACCT_115722,0.016932877354625776,,
ACCT_115732,0.0012861374486398953,,
ACCT_115735,0.17578851438871887,,
ACCT_115741,0.0004117943787916642,,
ACCT_115744,0.029573282566770963,,
ACCT_115748,0.004253558006520417,,
ACCT_115753,0.0033969422325186753,,
ACCT_115763,0.013343625205693757,,
ACCT_115779,0.015146256282624357,,
ACCT_115788,0.03284076350212499,,
ACCT_115803,0.0005643610826894459,,
ACCT_115822,0.020729509717135587,,
ACCT_115832,0.0019487437652997313,,
ACCT_115839,0.00020558094461553276,,
ACCT_115847,0.2003161225396149,,
ACCT_115861,0.013764173808956245,,
ACCT_115875,0.0019375837432669602,,
ACCT_115905,0.0007169603242868453,,
ACCT_115912,0.002025522185668806,,
ACCT_115953,0.0008437022177313598,,
ACCT_115987,0.012397878754235713,,
ACCT_115996,0.014881679599910241,,
ACCT_116016,0.0003565110946823159,,
ACCT_116054,0.01032113817359509,,
ACCT_116055,0.026301685239881044,,
ACCT_116062,0.00039296520149700073,,
ACCT_116065,0.0006438070329714519,,
ACCT_116089,0.13423083014555243,,
ACCT_116106,0.0027434178158288413,,
ACCT_116107,0.042191036281226835,,
ACCT_116150,0.014501269610413356,,
ACCT_116164,0.0034202778747204595,,
ACCT_116194,0.022155819841814917,,
ACCT_116217,9.571353850220117e-05,,
ACCT_116219,0.001634861599038456,,
ACCT_116230,0.001223038651379685,,
ACCT_116236,0.00029169762293755494,,
ACCT_116245,0.007435718998317453,,
ACCT_116267,0.0004285709296838524,,
ACCT_116287,0.003144321152733544,,
ACCT_116298,0.1680964729799294,,
ACCT_116324,0.0016572465333852884,,
ACCT_116340,0.0015461190755511956,,
ACCT_116351,0.0014476313150997672,,
ACCT_116373,0.0005876362780487733,,
ACCT_116406,0.0019408987840898052,,
ACCT_116450,0.011116541065370506,,
ACCT_116468,0.05029543755661914,,
ACCT_116480,0.016430694257783776,,
ACCT_116502,0.0002814411236253702,,
ACCT_116507,0.00664931599766839,,
ACCT_116521,0.02010359779569231,,
ACCT_116525,0.008990832141435551,,
ACCT_116538,0.001195446413042439,,
ACCT_116560,0.0030502165708267757,,
ACCT_116563,0.01734364529442179,,
ACCT_116604,0.5252899176228186,2025-04-02T00:00:00,2025-06-30T00:00:00
ACCT_116612,0.0069150659688086095,,
ACCT_116620,0.04988754337897586,,
ACCT_116638,0.0010405696113690596,,
ACCT_116641,0.007246323624818958,,
ACCT_116658,0.001303732420434841,,
ACCT_116665,0.08282957025683618,,
ACCT_116670,0.032550416080670844,,
ACCT_116676,0.0021979477029370345,,
ACCT_116685,0.0004998398294244094,,
ACCT_116705,0.003552091966864474,,
ACCT_116722,0.003081333267855234,,
ACCT_116735,0.004965901224531642,,
ACCT_116740,0.000431381702737845,,
ACCT_116748,0.00475756320016028,,
ACCT_116750,0.00021963357080374583,,
ACCT_116752,0.0005526254445838054,,
ACCT_116775,5.539426923538242e-05,,
ACCT_116782,0.0004550967442205777,,
ACCT_116802,0.0005819230345442413,,
ACCT_116811,0.024437061827448096,,
ACCT_116831,0.01868492655187421,,
ACCT_116853,0.0373289677539914,,
ACCT_116859,0.00035048575638446514,,
ACCT_116879,0.006649286818503131,,
ACCT_116887,0.009710525028922234,,
ACCT_116890,0.008475481895226632,,
ACCT_116894,0.02362518631550075,,
ACCT_116903,0.006934588123700389,,
ACCT_116904,0.009017656059454801,,
ACCT_116928,0.07018035062597676,,
ACCT_116942,0.0014992005588724449,,
ACCT_116947,0.0039014762427036177,,
ACCT_116964,0.0012382553453567447,,
ACCT_116987,0.011677887556782344,,
ACCT_117065,0.002092143711401805,,
ACCT_117066,0.00038462708479939094,,
ACCT_117069,0.02596773510226123,,
ACCT_117118,0.04026775428479781,,
ACCT_117141,0.03711339995656151,,
ACCT_117156,0.00017013130997371568,,
ACCT_117170,0.0016688293701484162,,
ACCT_117173,0.0041796181113042345,,
ACCT_117177,0.0018835521676732509,,
ACCT_117185,0.028959560861349147,,
ACCT_117251,0.0020505983030542256,,
ACCT_117255,0.00394604970032972,,
ACCT_117266,0.009572603245909321,,
ACCT_117270,0.00019498603057138152,,
ACCT_117276,0.000718417774725928,,
ACCT_117296,0.00039310229768083017,,
ACCT_117309,0.02974731981775468,,
ACCT_117310,0.0040251120004147515,,
ACCT_117341,0.0038319284706359175,,
ACCT_117354,0.003371928642450552,,
ACCT_117394,0.44930068462954303,2020-10-15T00:00:00,2021-01-12T00:00:00
ACCT_117396,0.0003214152401686605,,
ACCT_117410,0.0009961908087434,,
ACCT_117411,0.05483084886067211,,
ACCT_117416,0.00023244443220033287,,
ACCT_117419,0.009999336883931694,,
ACCT_117427,0.0006703332470703506,,
ACCT_117429,0.0006970234102695743,,
ACCT_117444,0.01007708389760868,,
ACCT_117460,0.15411287189778392,,
ACCT_117464,0.0003635810683763947,,
ACCT_117478,0.0007080956847824548,,
ACCT_117496,0.0007839372876396638,,
ACCT_117497,0.008447924391888007,,
ACCT_117511,0.03660868842050088,,
ACCT_117528,0.0003606321084020256,,
ACCT_117530,0.0028566966088147926,,
ACCT_117531,0.031744786701102166,,
ACCT_117536,0.0001873211080437854,,
ACCT_117550,0.004523819248021421,,
ACCT_117564,0.015113414179819656,,
ACCT_117565,0.0008318643232513682,,
ACCT_117585,0.004569186149676488,,
ACCT_117612,0.0063911410991070216,,
ACCT_117617,0.001810897830799838,,
ACCT_117634,0.00062800354972194,,
ACCT_117643,0.00215779691617866,,
ACCT_117648,0.012580600753314356,,
ACCT_117661,0.0003841628909221122,,
ACCT_117668,0.0092907417004935,,
ACCT_117680,0.02184196485180422,,
ACCT_117709,0.020660227211536382,,
ACCT_117737,0.017421766481261956,,
ACCT_117740,0.0029920190758901876,,
ACCT_117746,0.0009782502610620886,,
ACCT_117774,0.0772360832824327,,
ACCT_117780,0.0013605422901175486,,
ACCT_117802,0.00013203709558274424,,
ACCT_117832,9.088858384061094e-05,,
ACCT_117850,0.004755320295978043,,
ACCT_117854,0.09960545732091548,,
ACCT_117861,0.04371109062100296,,
ACCT_117873,0.006822446972056163,,
ACCT_117887,0.02322816741670889,,
ACCT_117893,0.06723799425375054,,
ACCT_117910,0.0050351006997071774,,
ACCT_117915,0.0011405845975505436,,
ACCT_117935,0.0019255435666447219,,
ACCT_117942,0.00031373264652988816,,
ACCT_117947,0.007807939187792996,,
ACCT_117949,0.04638491386720477,,
ACCT_117952,0.0011116505374121005,,
ACCT_117954,0.01377420963157743,,
ACCT_117960,0.005649182918129913,,
ACCT_117961,0.0029152926005805765,,
ACCT_117980,0.02384361480184225,,
ACCT_117987,0.0018406831222979112,,
ACCT_117998,0.0036181090369288987,,
ACCT_118015,0.001690018474804626,,
ACCT_118031,0.0020149952912524656,,
ACCT_118036,0.00013479330297837876,,
ACCT_118043,0.0005792370442795922,,
ACCT_118060,0.00382364309152946,,
ACCT_118079,0.0022341555559427864,,
ACCT_118081,0.009530964855824652,,
ACCT_118083,0.00039977273877212513,,
ACCT_118084,0.011914188307546794,,
ACCT_118086,0.003083881999224002,,
ACCT_118092,0.224413896596065,,
ACCT_118118,0.28088733274699973,,
ACCT_118126,0.0009836270031593462,,
ACCT_118128,0.011721095015445082,,
ACCT_118135,0.001450280713196498,,
ACCT_118171,0.00036840081694158584,,
ACCT_118185,0.00029492712282426606,,
ACCT_118208,0.015743561397668398,,
ACCT_118224,0.0005669411369626811,,
ACCT_118246,0.0012127674146105484,,
ACCT_118248,0.042008457064832666,,
ACCT_118288,0.012620832721786306,,
ACCT_118301,0.48059200209752834,2024-05-27T00:00:00,2024-05-28T00:00:00
ACCT_118325,0.0009985694413549133,,
ACCT_118341,0.022330614752341625,,
ACCT_118355,0.00041889272638284274,,
ACCT_118368,0.02627083443792914,,
ACCT_118372,0.009071677242572171,,
ACCT_118381,0.0007824465311053956,,
ACCT_118384,0.0070407602162408075,,
ACCT_118419,0.0010963223932195978,,
ACCT_118445,0.0012467758599071712,,
ACCT_118458,0.0020403424802027254,,
ACCT_118462,0.04108247700975547,,
ACCT_118473,0.0002011530381594415,,
ACCT_118485,0.0015536884302425609,,
ACCT_118499,0.005282754293918996,,
ACCT_118510,0.0018578445435975684,,
ACCT_118512,0.0003598109998894432,,
ACCT_118525,0.1693961675034139,,
ACCT_118554,0.001359207276412215,,
ACCT_118560,0.006783188563023644,,
ACCT_118561,0.003720938146888749,,
ACCT_118565,0.0009455352584968272,,
ACCT_118566,0.011001447396720359,,
ACCT_118572,0.0004203985676439443,,
ACCT_118574,0.003206397793451503,,
ACCT_118577,0.008548092656845693,,
ACCT_118583,0.006506097606254817,,
ACCT_118585,0.004423138027967097,,
ACCT_118590,0.0007555718776504948,,
ACCT_118591,0.0010938791316996246,,
ACCT_118601,0.013790614030258493,,
ACCT_118605,0.001613985678513441,,
ACCT_118612,0.0025302078743317472,,
ACCT_118618,0.010431631123086562,,
ACCT_118649,0.0018349240481501695,,
ACCT_118650,0.0010826474540001994,,
ACCT_118651,0.0009282999255664299,,
ACCT_118668,0.0021084021715184922,,
ACCT_118684,0.0839559518724439,,
ACCT_118694,0.0019046840164359073,,
ACCT_118705,0.004091320754550354,,
ACCT_118714,0.024495301810280916,,
ACCT_118734,0.0004707737498110564,,
ACCT_118737,0.012926118509223187,,
ACCT_118745,0.10031520386377206,,
ACCT_118754,0.007468686211550379,,
ACCT_118770,0.008500077706849853,,
ACCT_118777,0.002310799832903535,,
ACCT_118779,0.008004607457930146,,
ACCT_118801,0.0003368774535842297,,
ACCT_118827,0.0033310989592731425,,
ACCT_118832,0.004597956037762537,,
ACCT_118854,0.010129585614935394,,
ACCT_118856,0.010743610717715558,,
ACCT_118867,0.10661113037555973,,
ACCT_118898,0.018261552158008943,,
ACCT_118899,0.0009238889043227882,,
ACCT_118912,0.001147794984414602,,
ACCT_118945,0.00036764830063450794,,
ACCT_118984,0.00024915537021587866,,
ACCT_119007,0.05631001224527719,,
ACCT_119014,0.0007675355003539295,,
ACCT_119042,0.0032933353675259113,,
ACCT_119049,0.011051713488577461,,
ACCT_119060,0.03660973811394771,,
ACCT_119111,0.0009036765223630894,,
ACCT_119114,0.0025682358979357296,,
ACCT_119122,0.001140750639575963,,
ACCT_119125,0.0035164840960714475,,
ACCT_119144,0.0011304723152614252,,
ACCT_119151,0.0010398465481801155,,
ACCT_119167,0.02126714280944847,,
ACCT_119211,0.05652995128144568,,
ACCT_119226,0.0028281504601145656,,
ACCT_119241,0.00034971581232029974,,
ACCT_119242,0.012609669575581517,,
ACCT_119259,0.003961313582779993,,
ACCT_119304,0.02054313914750673,,
ACCT_119308,0.0014753285965611288,,
ACCT_119329,0.08192305904193564,,
ACCT_119336,0.19184777072222403,,
ACCT_119366,0.02411399886301257,,
ACCT_119372,0.0009557142040873096,,
ACCT_119381,0.6038637692970268,2024-03-02T00:00:00,2024-05-30T00:00:00
ACCT_119442,0.0012357296281672316,,
ACCT_119451,0.1427245676426318,,
ACCT_119463,0.004895709744265156,,
ACCT_119468,0.0010990764403675962,,
ACCT_119481,0.004200732138214553,,
ACCT_119489,0.0006865453068760324,,
ACCT_119502,0.002542630520588631,,
ACCT_119516,0.0005558533247860384,,
ACCT_119517,0.0004579306340424541,,
ACCT_119534,0.0003963449054623285,,
ACCT_119554,0.0004757747328403625,,
ACCT_119558,0.0035358843724607467,,
ACCT_119564,0.0012745840362251436,,
ACCT_119565,0.005489757605804242,,
ACCT_119570,0.013180683147668756,,
ACCT_119606,0.008645717304282886,,
ACCT_119616,0.0390367975644606,,
ACCT_119627,0.00022266947254838662,,
ACCT_119629,0.2039922949608115,,
ACCT_119660,0.005821463271284412,,
ACCT_119663,0.004247558870942074,,
ACCT_119664,0.00022296865379971932,,
ACCT_119686,0.0014213116207335503,,
ACCT_119694,0.0007729163650147291,,
ACCT_119706,0.043803924232413874,,
ACCT_119707,0.052370520909368945,,
ACCT_119709,0.0007323443473825301,,
ACCT_119714,0.0010117781564402159,,
ACCT_119721,0.0008845389799078393,,
ACCT_119724,0.00044059638173300834,,
ACCT_119727,0.001799231881543117,,
ACCT_119728,0.0020553577604994567,,
ACCT_119745,0.0033558570982798715,,
ACCT_119746,0.007706587435885237,,
ACCT_119761,0.005701391466233099,,
ACCT_119774,0.001010476754333378,,
ACCT_119787,0.0046023165718764,,
ACCT_119800,0.0008747800719324844,,
ACCT_119805,0.0006063971475261194,,
ACCT_119812,0.0006106542024443402,,
ACCT_119825,0.006689783880596471,,
ACCT_119839,0.813532772903055,2023-09-17T00:00:00,2023-12-15T00:00:00
ACCT_119845,0.004241810679746454,,
ACCT_119846,0.0032012524234386547,,
ACCT_119850,0.0001277817305803979,,
ACCT_119857,0.0004885069626201007,,
ACCT_119860,0.3860654571814193,,
ACCT_119880,0.0004602923844811161,,
ACCT_119883,0.0014962307361775016,,
ACCT_119888,0.00047657159833365477,,
ACCT_119889,0.0006127465127558851,,
ACCT_119907,0.01533415943958911,,
ACCT_119933,0.00020587478792893294,,
ACCT_119934,0.006432235329170611,,
ACCT_119958,0.02943808225368912,,
ACCT_119975,0.0005773549870776713,,
ACCT_119979,0.00028667792961323133,,
ACCT_119993,0.02607669220262132,,
ACCT_119995,0.021057093923022702,,
ACCT_120018,0.039423055908300544,,
ACCT_120021,0.00172242697236698,,
ACCT_120048,0.008091538969683534,,
ACCT_120061,0.002766495706423144,,
ACCT_120084,0.0008540940353945753,,
ACCT_120087,0.15097114931320457,,
ACCT_120096,0.0010203754243610296,,
ACCT_120099,0.026564905960009814,,
ACCT_120105,0.0032910427329975165,,
ACCT_120107,0.0013350202713464452,,
ACCT_120108,0.0007171357461649005,,
ACCT_120111,0.0012362331698376403,,
ACCT_120135,0.004656861090259987,,
ACCT_120139,0.0032083190196773408,,
ACCT_120144,0.004703344584039471,,
ACCT_120154,0.020681602549616006,,
ACCT_120161,0.004029323480281087,,
ACCT_120166,0.0013786698248974502,,
ACCT_120176,0.0023126537594924464,,
ACCT_120183,0.004067855911369172,,
ACCT_120191,0.00800000894833314,,
ACCT_120198,0.0010298831465667025,,
ACCT_120218,0.0012536350911957722,,
ACCT_120228,0.0490773094926613,,
ACCT_120237,0.0013988613046307045,,
ACCT_120258,0.009372718701315539,,
ACCT_120261,0.006720662453413366,,
ACCT_120267,0.0007195490690343656,,
ACCT_120319,0.014093620216263295,,
ACCT_120322,0.0005538435844278102,,
ACCT_120328,0.0024767579522120874,,
ACCT_120363,0.004302021322731315,,
ACCT_120370,0.00125168039758014,,
ACCT_120396,0.0002835734071074048,,
ACCT_120417,0.0015305959204874391,,
ACCT_120418,0.015353698709162691,,
ACCT_120435,0.0010268202187951035,,
ACCT_120443,0.11113020618737249,,
ACCT_120458,0.0035665121210030236,,
ACCT_120485,0.22359411796697998,,
ACCT_120515,0.10302130926563477,,
ACCT_120517,0.003367992819494668,,
ACCT_120537,0.002481913023044605,,
ACCT_120541,0.0014495428153775002,,
ACCT_120545,0.01571278984570886,,
ACCT_120549,0.04469529610065066,,
ACCT_120553,0.004485008534318296,,
ACCT_120577,0.00033031826541755297,,
ACCT_120587,0.008655662119897056,,
ACCT_120675,0.021448390795090193,,
ACCT_120680,0.002614784246748559,,
ACCT_120688,0.028011801940635905,,
ACCT_120708,0.0067109080950256165,,
ACCT_120719,0.03221739578848,,
ACCT_120723,0.00044991572224870117,,
ACCT_120739,0.0016404322732472103,,
ACCT_120741,0.008171536332271656,,
ACCT_120754,0.19372667789058248,,
ACCT_120755,0.001804936529581418,,
ACCT_120761,0.10700531468381573,,
ACCT_120763,0.0010128339990989111,,
ACCT_120765,0.2513607948227815,,
ACCT_120768,0.0016487372341794106,,
ACCT_120777,0.023307507856716904,,
ACCT_120800,0.0010729006328455747,,
ACCT_120806,0.005574993576868799,,
ACCT_120814,0.0015250164865021417,,
ACCT_120835,0.006977846218986947,,
ACCT_120889,0.006876987990621734,,
ACCT_120893,0.0003371200490445179,,
ACCT_120905,0.0021768782169610578,,
ACCT_120915,0.005731822063947163,,
ACCT_120917,0.0003645330776641322,,
ACCT_120946,0.029922000291261113,,
ACCT_120963,0.0009882426565975182,,
ACCT_120968,0.0859276869446961,,
ACCT_120977,0.10525293256133131,,
ACCT_120979,0.0006610430535273544,,
ACCT_120982,0.0017566523333883387,,
ACCT_120986,0.0018629937044773112,,
ACCT_120991,0.0021307116895210474,,
ACCT_121003,0.005399303920862066,,
ACCT_121017,0.013853987815093824,,
ACCT_121052,0.00025356286060099426,,
ACCT_121055,0.006175243480535475,,
ACCT_121102,0.007572502778212959,,
ACCT_121111,0.2685126731485081,,
ACCT_121147,0.003547698872180125,,
ACCT_121163,0.012790100894640624,,
ACCT_121182,0.0010663698861081504,,
ACCT_121189,0.012248017204830952,,
ACCT_121193,0.011238108997697177,,
ACCT_121204,0.0032591526350861785,,
ACCT_121215,0.005388091848801664,,
ACCT_121236,0.0006541882499280988,,
ACCT_121237,0.001799597327393799,,
ACCT_121249,0.0213242222448789,,
ACCT_121252,0.006701657069549304,,
ACCT_121270,0.00768452486790396,,
ACCT_121278,0.0031434471131938932,,
ACCT_121287,0.004572126816475175,,
ACCT_121288,0.0004880266720719842,,
ACCT_121295,0.002829632512246879,,
ACCT_121309,0.0001230894097828333,,
ACCT_121328,0.000529470934797066,,
ACCT_121343,0.0004071784568026451,,
ACCT_121385,0.035994539751790774,,
ACCT_121396,0.01142578074960727,,
ACCT_121400,0.00022621150381199568,,
ACCT_121412,0.0975863793166721,,
ACCT_121419,0.0028130256691052667,,
ACCT_121422,0.0008270174870370912,,
ACCT_121423,0.0038498403655840806,,
ACCT_121466,0.11536359378759124,,
ACCT_121491,0.00492225754507491,,
ACCT_121495,0.009965053653041069,,
ACCT_121499,0.0025788223637647325,,
ACCT_121501,0.0011020330050153632,,
ACCT_121507,0.0004825349905454552,,
ACCT_121539,0.0037760316275294976,,
ACCT_121550,0.0018287675361584568,,
ACCT_121557,0.005485160494604874,,
ACCT_121564,0.04257377848208187,,
ACCT_121566,0.10171281330714921,,
ACCT_121576,0.0036573585526759357,,
ACCT_121578,9.713233844523282e-05,,
ACCT_121580,0.010136847299789921,,
ACCT_121587,0.0005529027146213095,,
ACCT_121589,0.16500753163279594,,
ACCT_121593,8.0080880177595e-05,,
ACCT_121638,0.0012630792504410321,,
ACCT_121683,0.02259713815145321,,
ACCT_121691,0.005848717758689247,,
ACCT_121697,0.014510328375465387,,
ACCT_121706,0.00021485800740629022,,
ACCT_121717,0.0008273505812446643,,
ACCT_121718,0.0006167214251136928,,
ACCT_121747,0.09858834782910314,,
ACCT_121760,0.0034287692201227884,,
ACCT_121784,0.0020336334834918273,,
ACCT_121788,0.05168662380254001,,
ACCT_121805,0.037829359640582996,,
ACCT_121806,0.00046668840557267873,,
ACCT_121814,0.002091347816967256,,
ACCT_121817,0.0012278261190320067,,
ACCT_121825,0.005167289638566162,,
ACCT_121846,0.7685701537883018,2025-02-22T00:00:00,2025-05-22T00:00:00
ACCT_121849,0.7444505804514604,2024-06-03T00:00:00,2024-08-31T00:00:00
ACCT_121865,0.0860108967957233,,
ACCT_121869,0.07805775490439744,,
ACCT_121884,0.0021809084964805273,,
ACCT_121887,0.29255284396482045,,
ACCT_121906,0.0008571494051374792,,
ACCT_121914,0.006782133199600584,,
ACCT_121920,0.0003920523240957759,,
ACCT_121940,0.0037076991149860685,,
ACCT_121947,0.005440961007217306,,
ACCT_121965,0.0016636968441629402,,
ACCT_121979,0.04822594474229627,,
ACCT_121992,0.0012158095368833236,,
ACCT_122001,0.0011825368847864638,,
ACCT_122010,0.0019801053070559902,,
ACCT_122027,0.017042509467875208,,
ACCT_122029,0.0013730417987984308,,
ACCT_122054,0.005669289272096794,,
ACCT_122068,0.004593382884484387,,
ACCT_122090,0.0008160378248585518,,
ACCT_122106,0.007660047185282247,,
ACCT_122124,0.002820666258929484,,
ACCT_122127,0.1917488159384557,,
ACCT_122145,0.000924624346390681,,
ACCT_122154,0.0029239145156742283,,
ACCT_122155,0.09587241664259738,,
ACCT_122187,0.013233635188113449,,
ACCT_122189,0.04053927354707111,,
ACCT_122198,0.0015533482523707128,,
ACCT_122234,0.0013512297136121592,,
ACCT_122238,0.0014774217098866328,,
ACCT_122276,0.0021422100283270172,,
ACCT_122299,0.00293709373338234,,
ACCT_122300,0.014677108085730538,,
ACCT_122316,0.005715200310450573,,
ACCT_122349,0.005292235885478825,,
ACCT_122378,0.005799915360942737,,
ACCT_122381,0.03691516858495873,,
ACCT_122385,0.003255123853469805,,
ACCT_122387,0.007764922564785464,,
ACCT_122399,0.00033477613968863464,,
ACCT_122409,0.0025838768850151113,,
ACCT_122413,0.0005620113160329874,,
ACCT_122438,0.0004137796290390786,,
ACCT_122450,0.000545547853907054,,
ACCT_122455,0.0004187116652227299,,
ACCT_122458,0.002874036327581482,,
ACCT_122463,0.005196813652247607,,
ACCT_122471,0.02025479478760204,,
ACCT_122480,0.002319224897590576,,
ACCT_122500,0.0030619384347341455,,
ACCT_122504,0.04317878587655032,,
ACCT_122514,0.0002832931402249909,,
ACCT_122517,0.0026598136253497334,,
ACCT_122548,0.002757848035522702,,
ACCT_122602,0.0917024982173325,,
ACCT_122619,0.0005012727231164978,,
ACCT_122637,0.004990814646945357,,
ACCT_122650,0.000794741646025166,,
ACCT_122670,0.040266220097421146,,
ACCT_122675,0.008316171353647732,,
ACCT_122687,0.0056819330361671735,,
ACCT_122726,0.01656677172084798,,
ACCT_122730,0.025453689581544214,,
ACCT_122756,0.03986724196532856,,
ACCT_122763,0.0009630370276629016,,
ACCT_122790,8.801065287031558e-05,,
ACCT_122816,0.0011785674130660726,,
ACCT_122819,0.006097333586106398,,
ACCT_122847,0.26455036927517644,,
ACCT_122857,0.0019008107305075622,,
ACCT_122860,0.00133258929449927,,
ACCT_122863,0.011895663304810383,,
ACCT_122876,0.006237722568340911,,
ACCT_122895,0.0008640320971378748,,
ACCT_122908,0.00333446754526565,,
ACCT_122929,0.0017464746056608412,,
ACCT_122937,0.0009977106549453817,,
ACCT_122941,0.019716532710818295,,
ACCT_122950,0.0027083639294898415,,
ACCT_122954,0.0023026421891958505,,
ACCT_122962,0.8929398587149702,2025-04-02T00:00:00,2025-06-30T00:00:00
ACCT_122982,0.01675235501665512,,
ACCT_122987,0.0026365310251279294,,
ACCT_122999,0.16806898564725123,,
ACCT_123000,0.004159983607050654,,
ACCT_123003,0.02347554989582414,,
ACCT_123022,0.0006049744801623238,,
ACCT_123041,0.02656704729714158,,
ACCT_123047,0.0008717718702181647,,
ACCT_123065,0.00021178357227116606,,
ACCT_123113,0.0024815617984442475,,
ACCT_123130,0.0032479710123675815,,
ACCT_123140,0.0011393159336858158,,
ACCT_123151,0.0018613045138473176,,
ACCT_123156,0.003959756474417159,,
ACCT_123162,0.004486951553385533,,
ACCT_123166,0.00016795803040406,,
ACCT_123172,0.003588578820389344,,
ACCT_123198,0.007088933603403308,,
ACCT_123203,0.00014490129419276072,,
ACCT_123218,0.007605981573104328,,
ACCT_123231,0.005486948022161713,,
ACCT_123241,0.01734505317201896,,
ACCT_123245,0.10996535419979236,,
ACCT_123275,0.0008069903409472917,,
ACCT_123286,0.0018133892823563133,,
ACCT_123304,0.004524994806367031,,
ACCT_123328,0.0019249342422513241,,
ACCT_123344,0.0014155656977884045,,
ACCT_123347,0.00023991850353910472,,
ACCT_123358,0.001526981178613667,,
ACCT_123366,0.012150871723377811,,
ACCT_123373,0.0016720043932222587,,
ACCT_123386,0.005691729677635194,,
ACCT_123401,0.00202166525713996,,
ACCT_123413,0.0006295392667303246,,
ACCT_123420,0.024988089963753006,,
ACCT_123432,0.00015599471599342266,,
ACCT_123433,0.0012884567738151594,,
ACCT_123434,0.0036308713257308884,,
ACCT_123453,0.00033249472092090817,,
ACCT_123471,0.00048669394435956403,,
ACCT_123473,0.002236904493344193,,
ACCT_123483,0.0008328464426072329,,
ACCT_123488,0.03006070780591442,,
ACCT_123490,0.009050169866311302,,
ACCT_123509,0.0011631542823777223,,
ACCT_123531,0.002477487323430285,,
ACCT_123598,0.009463723085219675,,
ACCT_123599,0.00021298918508850118,,
ACCT_123606,0.0009243953481005831,,
ACCT_123619,0.0009848388532624195,,
ACCT_123625,0.00046780773399425116,,
ACCT_123629,0.03154086976003624,,
ACCT_123634,0.000345651935291583,,
ACCT_123660,0.0010966233049518079,,
ACCT_123664,0.0022351960593216093,,
ACCT_123686,0.04567298781196202,,
ACCT_123687,0.0037856337210177005,,
ACCT_123693,0.017920219398121284,,
ACCT_123694,0.04542571931004009,,
ACCT_123719,0.0025548365343126284,,
ACCT_123726,0.3907516326058403,2024-10-10T00:00:00,2025-01-07T00:00:00
ACCT_123753,0.003428076443861852,,
ACCT_123778,0.004645984306634394,,
ACCT_123781,0.0018241458649630841,,
ACCT_123800,0.0012311618480945956,,
ACCT_123803,0.006683585260043141,,
ACCT_123835,0.02434216050736984,,
ACCT_123837,0.00038704615788397255,,
ACCT_123852,0.0003583399398121995,,
ACCT_123860,0.001315445722009655,,
ACCT_123871,0.02565256906057805,,
ACCT_123881,0.0023069966505210706,,
ACCT_123913,0.0002311952476041192,,
ACCT_123950,0.0007984390864524314,,
ACCT_123993,0.0015589594836425212,,
ACCT_123996,0.01865524035192868,,
ACCT_124024,0.01405384223361018,,
ACCT_124026,0.0009223228326249819,,
ACCT_124031,0.008411668976459934,,
ACCT_124034,0.0012668656506425624,,
ACCT_124050,0.0021777923439332014,,
ACCT_124065,0.007610370770876865,,
ACCT_124066,0.0004646334379826252,,
ACCT_124078,0.06651361424653572,,
ACCT_124079,0.0017298548318317702,,
ACCT_124109,0.0024117138759031215,,
ACCT_124115,0.002214545767761929,,
ACCT_124116,0.0017651089593071687,,
ACCT_124130,0.0004005651963006106,,
ACCT_124141,0.0999576798809875,,
ACCT_124187,0.09965833842712032,,
ACCT_124190,0.0009034953379160055,,
ACCT_124200,0.0053444489231564,,
ACCT_124217,0.001479190407967007,,
ACCT_124218,0.02276430591849329,,
ACCT_124220,0.007925283024389222,,
ACCT_124232,0.0009169263975239884,,
ACCT_124238,0.015438188225969068,,
ACCT_124252,0.003045820597662758,,
ACCT_124263,0.0036907073507842212,,
ACCT_124284,0.004136588174334018,,
ACCT_124286,0.006035931359258501,,
ACCT_124287,0.0009214240589981689,,
ACCT_124305,0.0016176870892870014,,
ACCT_124325,0.001553850625688176,,
ACCT_124350,0.002732205115938343,,
ACCT_124377,0.20285812447496682,,
ACCT_124381,0.00011304677489827344,,
ACCT_124395,0.011511447377064095,,
ACCT_124406,0.004982581809958394,,
ACCT_124421,0.005848483207117361,,
ACCT_124432,0.0035432708917568154,,
ACCT_124466,0.0010033497403753784,,
ACCT_124468,0.002212310486258866,,
ACCT_124472,0.003861197638027557,,
ACCT_124480,0.00039678289712716437,,
ACCT_124502,0.0005669486182010255,,
ACCT_124524,0.0027578664990817185,,
ACCT_124577,0.0010377651826893755,,
ACCT_124589,5.2281898630645404e-05,,
ACCT_124594,0.5006849059762816,2024-10-15T00:00:00,2025-01-12T00:00:00
ACCT_124617,0.0029780754463894455,,
ACCT_124647,0.0004441353106322659,,
ACCT_124654,0.009637944721539447,,
ACCT_124658,0.0004463327781257896,,
ACCT_124662,0.039682626203195195,,
ACCT_124674,0.001091532906103212,,
ACCT_124697,0.003290111330492991,,
ACCT_124722,0.02913331059740044,,
ACCT_124732,0.0019417972760293737,,
ACCT_124741,0.0024814944316467642,,
ACCT_124783,0.28707330589714836,,
ACCT_124796,0.00452826704094167,,
ACCT_124799,0.001943945179740793,,
ACCT_124808,0.01505530451542951,,
ACCT_124817,0.0013401920144216044,,
ACCT_124824,0.12207632811809654,,
ACCT_124827,0.0013963495073184516,,
ACCT_124831,0.005958482598409449,,
ACCT_124834,0.0007176112420005083,,
ACCT_124842,0.003278260610881258,,
ACCT_124843,0.9205827541714722,2022-02-05T00:00:00,2022-05-05T00:00:00
ACCT_124915,0.301906886609443,2023-09-27T00:00:00,2023-12-25T00:00:00
ACCT_124917,0.019242970883707654,,
ACCT_124924,0.0017713232280373425,,
ACCT_124925,0.0007780033927493367,,
ACCT_124931,0.0029931416374586652,,
ACCT_124934,0.0009635320997001135,,
ACCT_124979,0.003399727329725354,,
ACCT_124999,0.00024129410068110844,,
ACCT_125008,0.0011227559863246708,,
ACCT_125010,0.146968947910394,,
ACCT_125025,0.000845011891172409,,
ACCT_125047,0.011312626519497996,,
ACCT_125061,0.000564252958562626,,
ACCT_125078,0.0028962787063420833,,
ACCT_125099,0.0007691487165109549,,
ACCT_125101,0.02135371275900981,,
ACCT_125102,0.0002790636399215284,,
ACCT_125115,0.0031231971239710416,,
ACCT_125120,0.0012064377096360334,,
ACCT_125127,0.011253902383253644,,
ACCT_125128,0.0027728289012026327,,
ACCT_125144,0.08704046820954323,,
ACCT_125150,0.0017614422510809802,,
ACCT_125186,0.006174129576880691,,
ACCT_125193,0.000550453005881779,,
ACCT_125196,0.0176664337536258,,
ACCT_125201,0.0006372052739873026,,
ACCT_125224,0.0027835548657904703,,
ACCT_125225,0.0012595678982768666,,
ACCT_125232,0.0005261190883565899,,
ACCT_125237,0.022804270872792496,,
ACCT_125238,0.002635906162837462,,
ACCT_125261,0.00010122690185677792,,
ACCT_125268,0.0011270088678452287,,
ACCT_125269,0.01727031290873395,,
ACCT_125284,0.0016611838071284937,,
ACCT_125293,0.0007634392941306853,,
ACCT_125297,0.00642985859378518,,
ACCT_125302,0.0009640639147465291,,
ACCT_125306,0.0021091656577113664,,
ACCT_125307,0.01647777444383488,,
ACCT_125323,0.00046933345518266576,,
ACCT_125324,0.0029259632965910986,,
ACCT_125326,0.022696886767112366,,
ACCT_125345,0.001504767776674542,,
ACCT_125369,0.1408538463893785,,
ACCT_125386,0.004384663372137911,,
ACCT_125396,0.0005333828936788641,,
ACCT_125404,0.0007701528521590165,,
ACCT_125424,0.002394598555872245,,
ACCT_125446,0.0014480805591802481,,
ACCT_125457,0.000202569399695169,,
ACCT_125563,0.06105391052913763,,
ACCT_125573,0.0006397311878703075,,
ACCT_125574,0.013688391533139065,,
ACCT_125575,0.004407071464574478,,
ACCT_125582,0.0012485470021360123,,
ACCT_125597,0.00034344732597606367,,
ACCT_125623,0.005814609970916841,,
ACCT_125633,0.0004034686538155161,,
ACCT_125637,0.00013371866904062865,,
ACCT_125643,0.0094756305887479,,
ACCT_125650,0.0005876868970437778,,
ACCT_125671,0.0055467717065145,,
ACCT_125672,0.0007725569624617369,,
ACCT_125694,0.011867974932845719,,
ACCT_125696,0.004568195927704124,,
ACCT_125699,0.0006620213716625274,,
ACCT_125713,0.0009300192164661602,,
ACCT_125720,0.0014068612253990693,,
ACCT_125755,0.001318978906571658,,
ACCT_125767,0.0004737445065713584,,
ACCT_125770,0.011941782546263206,,
ACCT_125772,0.013523187846558324,,
ACCT_125773,0.0002753602908477008,,
ACCT_125805,0.0012053054555809903,,
ACCT_125808,0.0012413185896864947,,
ACCT_125809,0.0076690321390203335,,
ACCT_125810,0.0018090814031275337,,
ACCT_125821,0.0005984097403720655,,
ACCT_125824,7.526139661490723e-05,,
ACCT_125831,0.0008431059347158395,,
ACCT_125838,0.08665849235387355,,
ACCT_125839,0.00835199562865828,,
ACCT_125869,0.0008231441919918763,,
ACCT_125900,0.0004482239298182742,,
ACCT_125906,0.0022348186480557705,,
ACCT_125927,0.002235071326493073,,
ACCT_125929,0.004423436032119889,,
ACCT_125930,0.0009963467685589116,,
ACCT_125937,0.00039913321469527965,,
ACCT_125941,0.00284028364035341,,
ACCT_125944,0.022568625154197518,,
ACCT_125956,0.0006358746033405087,,
ACCT_125962,0.136096471821254,,
ACCT_125966,0.004760967617021086,,
ACCT_125975,0.02277180316726848,,
ACCT_125979,0.006870593826706862,,
ACCT_126003,0.00016389715235494033,,
ACCT_126027,0.30329551708514946,,
ACCT_126043,0.0015027283603646793,,
ACCT_126072,0.0010799205903277815,,
ACCT_126073,0.0007284900514700182,,
ACCT_126079,0.0026298551855659493,,
ACCT_126096,0.0038331220306336835,,
ACCT_126102,0.0009493784222499666,,
ACCT_126152,0.518684640324878,2024-08-17T00:00:00,2024-11-14T00:00:00
ACCT_126157,0.016702616024335405,,
ACCT_126172,0.039833222384134705,,
ACCT_126187,0.009948065258154884,,
ACCT_126221,0.0058848215488395686,,
ACCT_126222,0.0006486429549896788,,
ACCT_126235,0.07040039949513235,,
ACCT_126237,0.049091686981773866,,
ACCT_126239,0.0018072238168154158,,
ACCT_126255,0.0035873481553765885,,
ACCT_126257,0.0012469744409549669,,
ACCT_126258,0.002164471481908902,,
ACCT_126279,0.0008971947993086005,,
ACCT_126287,7.286468020162835e-05,,
ACCT_126308,0.0027682518963173227,,
ACCT_126321,0.0009534896289190214,,
ACCT_126322,0.03224301914098009,,
ACCT_126327,0.03026814373344216,,
ACCT_126344,0.001732223523749742,,
ACCT_126367,0.05185945844592769,,
ACCT_126412,0.0008248894462053628,,
ACCT_126424,0.14812115306262288,,
ACCT_126489,0.0017541706033685242,,
ACCT_126515,0.0013335252848375285,,
ACCT_126522,0.001027446235500298,,
ACCT_126531,0.002440689602950705,,
ACCT_126553,0.00032218724931595545,,
ACCT_126568,0.1779198937380992,,
ACCT_126590,0.0034445365137296324,,
ACCT_126600,0.0347657843026865,,
ACCT_126624,0.0010511162698856509,,
ACCT_126653,0.0002367226502790959,,
ACCT_126662,0.0019374156639884379,,
ACCT_126667,0.016272027040572283,,
ACCT_126699,0.002361059995254363,,
ACCT_126710,0.0010637063056602556,,
ACCT_126714,0.007653357650582261,,
ACCT_126737,0.0779340900510678,,
ACCT_126743,0.1974212198117301,,
ACCT_126749,0.0014784144196015492,,
ACCT_126763,0.04281702223444275,,
ACCT_126765,0.0008759589943524868,,
ACCT_126783,0.00029086291232529725,,
ACCT_126791,0.00024586880482446,,
ACCT_126820,0.0023760089253136835,,
ACCT_126844,0.11039579060531027,,
ACCT_126846,0.004921005099761632,,
ACCT_126850,0.0002673989288574663,,
ACCT_126868,0.002184825449252409,,
ACCT_126881,0.0002598722142655183,,
ACCT_126885,0.08127855026849497,,
ACCT_126886,0.0009181861962694899,,
ACCT_126888,0.0002729452180598366,,
ACCT_126909,0.0076290291849974365,,
ACCT_126911,0.0002908935667727469,,
ACCT_126913,0.0050215656778709065,,
ACCT_126929,0.15431423808467437,,
ACCT_126931,0.00021451400218781372,,
ACCT_126932,0.00032964614656091483,,
ACCT_126935,0.003608005056963893,,
ACCT_126944,0.8715743618251939,2024-08-09T00:00:00,2024-11-06T00:00:00
ACCT_126962,0.002881173374659789,,
ACCT_126966,0.013983402142091358,,
ACCT_126997,0.0015370196303045554,,
ACCT_127012,0.0005585270141720914,,
ACCT_127017,0.0035126601977108368,,
ACCT_127022,0.001996386802469983,,
ACCT_127031,0.0010200982738919925,,
ACCT_127032,0.005358695295043102,,
ACCT_127041,0.003370749369175547,,
ACCT_127046,0.0028676848499407308,,
ACCT_127048,0.0041624185297225915,,
ACCT_127049,0.0004903446889971319,,
ACCT_127052,0.0007626687924729214,,
ACCT_127060,0.022551962593704455,,
ACCT_127101,0.0035083330607032968,,
ACCT_127113,0.00034110897924078613,,
ACCT_127119,0.012022392170053752,,
ACCT_127124,0.0003021081933041452,,
ACCT_127154,0.0018570776252708344,,
ACCT_127164,0.00414486877792045,,
ACCT_127169,0.001827077887436776,,
ACCT_127199,0.009061882407368303,,
ACCT_127210,0.02567622884505913,,
ACCT_127211,0.0004839013332246445,,
ACCT_127217,0.006430557438762441,,
ACCT_127268,0.0003278412107428482,,
ACCT_127270,0.002591769934955606,,
ACCT_127301,0.001681941358617326,,
ACCT_127318,0.0004072629887182447,,
ACCT_127341,0.018140107977091376,,
ACCT_127356,0.0018685931948757353,,
ACCT_127357,0.01639020728287536,,
ACCT_127430,0.002668120737507964,,
ACCT_127431,0.0010649198604059476,,
ACCT_127437,0.0561611445895024,,
ACCT_127454,0.009920059923554424,,
ACCT_127460,0.0016785218287624,,
ACCT_127470,6.386561608055425e-05,,
ACCT_127475,0.0006141448914920996,,
ACCT_127478,0.0012532563093129129,,
ACCT_127484,0.004782619773130065,,
ACCT_127505,0.039157157350977176,,
ACCT_127521,0.03226733571880784,,
ACCT_127524,0.014830785557885978,,
ACCT_127525,0.09958298370299909,,
ACCT_127528,0.0003680014048644927,,
ACCT_127550,8.41167578698194e-05,,
ACCT_127551,0.0005426947630735919,,
ACCT_127567,0.007063694316264182,,
ACCT_127575,0.00039708265596884146,,
ACCT_127599,0.01406084299892083,,
ACCT_127607,0.06440679631837493,,
ACCT_127622,0.00015678550557736716,,
ACCT_127628,0.02544443711671277,,
ACCT_127635,0.00020196993027086387,,
ACCT_127696,0.00722153021972753,,
ACCT_127705,0.0004981806599720711,,
ACCT_127711,0.0001687630692663149,,
ACCT_127712,0.0009218158101432338,,
ACCT_127725,0.005240349914596468,,
ACCT_127734,0.0005789239593754262,,
ACCT_127736,0.0015556234649718632,,
ACCT_127742,0.0003991750011241098,,
ACCT_127747,0.002810128620750988,,
ACCT_127778,0.012122701195797319,,
ACCT_127782,0.0015046193920629,,
ACCT_127785,0.0006609729460104934,,
ACCT_127791,0.00025706156257830593,,
ACCT_127798,0.0016015952584709306,,
ACCT_127810,0.0005191798553114788,,
ACCT_127823,0.004935570862412281,,
ACCT_127829,0.00046993664509244974,,
ACCT_127837,0.036791259630051074,,
ACCT_127840,0.005433457677680222,,
ACCT_127844,0.00028432075137536125,,
ACCT_127845,0.008388295014858271,,
ACCT_127854,0.008790415646344751,,
ACCT_127909,0.017145055796964525,,
ACCT_127913,0.0005030455943808387,,
ACCT_127923,0.0020673741737417995,,
ACCT_127924,0.0021202988106756296,,
ACCT_127928,0.004271137184156305,,
ACCT_127930,0.010842616236792913,,
ACCT_127939,0.005110954598550292,,
ACCT_127941,0.012092327597949249,,
ACCT_127953,0.01310616474896629,,
ACCT_127966,0.0019872740170736487,,
ACCT_127969,0.03519128133781257,,
ACCT_127975,0.04054517083437661,,
ACCT_127980,0.002742801211444856,,
ACCT_127995,0.0023674605571039854,,
ACCT_128007,0.03742390598153291,,
ACCT_128028,0.000137804029713274,,
ACCT_128048,0.007837073303347139,,
ACCT_128051,0.012966509070697898,,
ACCT_128063,0.0005734551937528167,,
ACCT_128071,0.002953596661398941,,
ACCT_128079,0.0024432650184173198,,
ACCT_128100,0.00039067829769423546,,
ACCT_128103,0.0005125013417578042,,
ACCT_128109,0.04973255358903,,
ACCT_128110,0.009010452729381727,,
ACCT_128111,0.0037765005329557537,,
ACCT_128116,0.004230959199072099,,
ACCT_128130,0.0008901814131608291,,
ACCT_128190,0.00042124295017146153,,
ACCT_128204,0.000622923139476788,,
ACCT_128258,0.003484816727801275,,
ACCT_128283,0.002089415599283196,,
ACCT_128290,0.01156491186492488,,
ACCT_128299,0.0019161610885022272,,
ACCT_128310,0.0002046488689958542,,
ACCT_128314,0.004594656819432967,,
ACCT_128332,0.0010958808163655798,,
ACCT_128339,0.0009537783849121456,,
ACCT_128345,0.008402603362547579,,
ACCT_128347,0.0004530904563103106,,
ACCT_128352,0.0007141093382699393,,
ACCT_128357,0.0005822864789286478,,
ACCT_128364,0.010103044486791397,,
ACCT_128368,0.004023041708004108,,
ACCT_128378,0.004179810032127556,,
ACCT_128385,0.016977758508532725,,
ACCT_128397,0.001897406284309335,,
ACCT_128410,0.004678787690172862,,
ACCT_128418,0.003309964929198249,,
ACCT_128437,0.008938128809935381,,
ACCT_128449,0.13708767528622007,,
ACCT_128461,0.00014355196844610985,,
ACCT_128463,0.010919243885942672,,
ACCT_128511,0.01275275279402847,,
ACCT_128513,0.0003558533024804032,,
ACCT_128521,0.0006094552242152827,,
ACCT_128528,0.09180896992799459,,
ACCT_128534,0.007006262263839233,,
ACCT_128546,0.03315017697880534,,
ACCT_128549,0.00039657971221667326,,
ACCT_128559,0.007859306390607753,,
ACCT_128568,0.012828174770020611,,
ACCT_128580,0.012975087084152112,,
ACCT_128600,0.02048580903256298,,
ACCT_128603,0.00799314803140511,,
ACCT_128612,0.0016177022480126078,,
ACCT_128613,0.007391271661693849,,
ACCT_128639,0.0012015407762752547,,
ACCT_128666,0.0003060410695897238,,
ACCT_128673,0.0009141526634781783,,
ACCT_128688,0.000707709981528674,,
ACCT_128705,0.02268062978731266,,
ACCT_128717,0.0020883523350911323,,
ACCT_128736,0.004052887088190094,,
ACCT_128752,0.0002471499552392957,,
ACCT_128755,0.0006931455823785876,,
ACCT_128763,0.004391510292521607,,
ACCT_128778,0.03039810896490459,,
ACCT_128780,0.009377399312619888,,
ACCT_128783,0.0045389843838349805,,
ACCT_128785,0.06214399521970075,,
ACCT_128792,0.004251370033276507,,
ACCT_128796,0.0010355039786864642,,
ACCT_128797,0.0009735022939395009,,
ACCT_128801,0.03146479959146487,,
ACCT_128857,0.014049133366275479,,
ACCT_128875,0.000953008437365528,,
ACCT_128881,0.002419680366157999,,
ACCT_128898,0.00018890480521389192,,
ACCT_128920,0.0008980934824673681,,
ACCT_128934,0.000601124183106587,,
ACCT_128957,0.0049438535558220705,,
ACCT_128963,0.0017895704233697035,,
ACCT_128971,0.002992544142495501,,
ACCT_128981,0.3004755046760275,2020-12-07T00:00:00,2021-03-06T00:00:00
ACCT_128996,0.0007159622287137008,,
ACCT_129029,0.0013173718421316508,,
ACCT_129041,0.017089806410773758,,
ACCT_129047,0.6944294411965235,2022-12-23T00:00:00,2023-03-22T00:00:00
ACCT_129054,0.8504197035155252,2025-03-29T00:00:00,2025-06-26T00:00:00
ACCT_129056,0.01023565268371445,,
ACCT_129071,0.006510540358982166,,
ACCT_129080,0.0013333771034206468,,
ACCT_129083,0.0005990972507999013,,
ACCT_129103,0.0006830090568149093,,
ACCT_129151,0.0005768964103416355,,
ACCT_129161,0.0019718194319532953,,
ACCT_129185,0.002768213233598971,,
ACCT_129186,0.010108259587614311,,
ACCT_129198,0.0016053324108703088,,
ACCT_129199,0.0012486631263624985,,
ACCT_129206,0.0033435864717111336,,
ACCT_129210,0.0930085770788024,,
ACCT_129214,0.00017309133474552343,,
ACCT_129216,0.022569573912890044,,
ACCT_129226,0.00017365172282262294,,
ACCT_129236,0.2910899767731049,,
ACCT_129238,0.0009413162572212079,,
ACCT_129244,0.0011359408956730798,,
ACCT_129257,0.04697416682203597,,
ACCT_129279,0.004817585141641952,,
ACCT_129283,0.0025569520104688943,,
ACCT_129284,0.0012049596946371176,,
ACCT_129295,0.002649592161246038,,
ACCT_129297,0.0016066627244057691,,
ACCT_129308,0.001761868822148673,,
ACCT_129338,0.0021103972137008027,,
ACCT_129341,0.002000462097897076,,
ACCT_129354,0.006079164022870902,,
ACCT_129357,0.016174724075593488,,
ACCT_129362,0.0018623815994206244,,
ACCT_129366,0.007547188881545638,,
ACCT_129400,0.0018002712666695593,,
ACCT_129415,0.007466005321628845,,
ACCT_129417,7.593988495969939e-05,,
ACCT_129421,0.0007666565441328592,,
ACCT_129429,0.0010959545098359052,,
ACCT_129442,0.000173513271549481,,
ACCT_129456,0.004374573895163473,,
ACCT_129494,0.8379105387507625,2025-02-02T00:00:00,2025-05-02T00:00:00
ACCT_129525,0.00264086883320509,,
ACCT_129539,0.009015025843665514,,
ACCT_129567,0.00042453972227020673,,
ACCT_129604,0.0013966399270465809,,
ACCT_129623,0.040317015304215,,
ACCT_129627,0.15856421868322856,,
ACCT_129660,0.0173132786613371,,
ACCT_129667,0.0010441956493230167,,
ACCT_129673,0.00046453567824111537,,
ACCT_129691,0.001276354873528914,,
ACCT_129693,0.0018871834353890848,,
ACCT_129697,0.0263759075248004,,
ACCT_129707,0.0058457019425285466,,
ACCT_129708,0.008575842307224349,,
ACCT_129712,0.002004327729149407,,
ACCT_129717,0.008866612596512639,,
ACCT_129769,0.0003446026337921732,,
ACCT_129782,0.3006871513950303,2025-01-18T00:00:00,2025-01-19T00:00:00
ACCT_129788,0.0005667506582841053,,
ACCT_129797,0.0003466927634946004,,
ACCT_129803,0.04257366213665906,,
ACCT_129807,0.2925717401495612,,
ACCT_129864,0.0028220261413768226,,
ACCT_129868,0.0033237798060571865,,
ACCT_129871,0.013672819556806867,,
ACCT_129907,0.002372421676396517,,
ACCT_129927,0.012686122539562339,,
ACCT_129931,0.011040254336386524,,
ACCT_129936,0.013550500063955726,,
ACCT_129953,0.00784274543341788,,
ACCT_129959,0.002527055639508267,,
ACCT_129965,0.0007941686166016645,,
ACCT_129983,0.00074264128250197,,
ACCT_129995,0.0035650917019895458,,
ACCT_129997,0.0009992437596384796,,
ACCT_130024,0.0005325403783784817,,
ACCT_130039,0.004284734243411917,,
ACCT_130050,0.0007398298188928875,,
ACCT_130078,0.005714657108037555,,
ACCT_130090,0.0026768375627802283,,
ACCT_130102,0.0006578876566747162,,
ACCT_130116,0.001808488659850692,,
ACCT_130119,0.18905804575404944,,
ACCT_130148,0.0019991783552612613,,
ACCT_130160,0.0014964627794273018,,
ACCT_130161,0.00297300520784599,,
ACCT_130175,0.023065948186941562,,
ACCT_130212,0.0480825863677246,,
ACCT_130243,0.0013837172684903478,,
ACCT_130261,0.001165290343532108,,
ACCT_130268,0.0037941555716823235,,
ACCT_130290,0.5660696529822812,2023-01-26T00:00:00,2023-04-25T00:00:00
ACCT_130298,0.0024050504300995946,,
ACCT_130299,0.00030339494199129656,,
ACCT_130302,0.002155370599782205,,
ACCT_130307,0.0002799605987421136,,
ACCT_130312,0.22882406093940738,,
ACCT_130333,0.0003926450548575488,,
ACCT_130351,0.02668286187624914,,
ACCT_130360,0.0055649895159124016,,
ACCT_130404,0.0046696915943808875,,
ACCT_130412,0.003710862788735934,,
ACCT_130442,0.10452183186488262,,
ACCT_130450,0.0013329278113608104,,
ACCT_130453,0.0037489613052274725,,
ACCT_130506,0.0011466953080224937,,
ACCT_130510,0.0001389078043980604,,
ACCT_130546,0.001539913342739419,,
ACCT_130559,0.00015224687791053277,,
ACCT_130567,0.00012019340345114285,,
ACCT_130575,0.033907794228262636,,
ACCT_130580,0.0005085281465212527,,
ACCT_130585,0.005939797168480663,,
ACCT_130589,0.001210273941012006,,
ACCT_130597,0.17965371903878588,,
ACCT_130603,0.00831850845242597,,
ACCT_130611,0.009673199513511388,,
ACCT_130624,0.0019075945842731048,,
ACCT_130631,0.0007820592233925441,,
ACCT_130633,0.006478238104111328,,
ACCT_130655,0.07782018529816626,,
ACCT_130665,0.011261254474540183,,
ACCT_130708,0.001599026304824311,,
ACCT_130710,0.0007291428071612084,,
ACCT_130715,0.0022853388378875046,,
ACCT_130718,0.024798826336013068,,
ACCT_130756,0.003448931270016731,,
ACCT_130762,0.000352004445985705,,
ACCT_130764,0.0027876578960365143,,
ACCT_130765,0.004023316385404629,,
ACCT_130770,0.002987446575730615,,
ACCT_130779,0.0003471911106880928,,
ACCT_130786,0.0025070317144341644,,
ACCT_130793,0.03628984198594459,,
ACCT_130809,0.0038609297329125374,,
ACCT_130821,0.0021426411775661586,,
ACCT_130825,0.0001747786780163123,,
ACCT_130847,0.012181229235505252,,
ACCT_130863,0.0012979217572097255,,
ACCT_130870,0.002956035227922288,,
ACCT_130884,0.012566971851592912,,
ACCT_130895,0.024390552546262302,,
ACCT_130898,0.0019782690360395845,,
ACCT_130901,0.003888013999592157,,
ACCT_130904,0.03874341440130112,,
ACCT_130913,0.02548779642807253,,
ACCT_130945,0.0025930715767721927,,
ACCT_130946,0.0003775619046168059,,
ACCT_130949,0.00144180201560628,,
ACCT_130951,0.004184649616588755,,
ACCT_130994,0.0015934631426957383,,
ACCT_131011,0.0237294515743701,,
ACCT_131051,0.004968716023269102,,
ACCT_131059,0.001686200564465672,,
ACCT_131064,0.0028531679441745963,,
ACCT_131101,7.511477161857375e-05,,
ACCT_131114,0.0017145838493687455,,
ACCT_131126,0.0005313716774259777,,
ACCT_131146,0.0005134052462648341,,
ACCT_131149,0.012096664651973624,,
ACCT_131156,0.027386613184079738,,
ACCT_131160,0.0014855378308553323,,
ACCT_131163,0.001670697274602465,,
ACCT_131200,0.018506687042454843,,
ACCT_131218,0.000429838335556762,,
ACCT_131226,0.0010534525554357986,,
ACCT_131237,0.001724702758648158,,
ACCT_131246,0.0002656923371064439,,
ACCT_131264,0.0007035062075116189,,
ACCT_131265,0.0827494569939903,,
ACCT_131293,0.003954666375306505,,
ACCT_131303,0.0009045558118369899,,
ACCT_131305,5.7621512492769864e-05,,
ACCT_131331,0.12747815479072264,,
ACCT_131351,0.0006114128136770548,,
ACCT_131381,0.0038923222237927197,,
ACCT_131399,0.0007816010430767963,,
ACCT_131400,0.0008463723684394213,,
ACCT_131411,0.0006512049453936042,,
ACCT_131453,0.004082670989649353,,
ACCT_131459,0.0011561562039580499,,
ACCT_131471,0.00020355225578170129,,
ACCT_131514,0.00011569291559390296,,
ACCT_131521,0.03280678110356487,,
ACCT_131539,0.40360815838949976,,
ACCT_131553,0.0008798169833770481,,
ACCT_131555,0.020279007011506384,,
ACCT_131556,0.0006776205833964395,,
ACCT_131563,0.009349810320428507,,
ACCT_131582,0.06820622146898646,,
ACCT_131583,0.0005383364390162344,,
ACCT_131621,0.0165374400828834,,
ACCT_131637,0.029867722605966422,,
ACCT_131649,0.026578498025734094,,
ACCT_131672,0.00010834078898064285,,
ACCT_131673,0.0027637988356761568,,
ACCT_131681,0.003652523498540978,,
ACCT_131700,0.11002698278468918,,
ACCT_131717,0.08191327728198149,,
ACCT_131721,0.00012103481235123247,,
ACCT_131741,0.002273834828636719,,
ACCT_131742,0.00019700271197905264,,
ACCT_131778,0.20775093472406944,,
ACCT_131794,0.0016756929384339485,,
ACCT_131795,0.004500871043665011,,
ACCT_131802,0.0014609516054686206,,
ACCT_131854,0.16031776389530406,,
ACCT_131872,0.0023054628192095785,,
ACCT_131885,0.0004970059355451001,,
ACCT_131926,0.0014756830923434603,,
ACCT_131931,0.000351670297421569,,
ACCT_131937,0.0004569175989876589,,
ACCT_131942,0.5352737506805558,2024-03-07T00:00:00,2024-06-04T00:00:00
ACCT_131949,0.008649211150898214,,
ACCT_131965,0.008052304893688198,,
ACCT_131970,0.0002541255416691632,,
ACCT_131972,0.0012646793613004855,,
ACCT_131977,0.027390815273756846,,
ACCT_131978,0.000950024969471245,,
ACCT_131998,0.0012031781536387953,,
ACCT_132004,0.00020335053460057012,,
ACCT_132034,0.0006384485953432161,,
ACCT_132040,0.04264956432209295,,
ACCT_132047,0.0013062257201707068,,
ACCT_132069,0.0001929234943170247,,
ACCT_132070,0.0017671115419679035,,
ACCT_132149,0.006163085998914161,,
ACCT_132166,7.941877884285866e-05,,
ACCT_132176,0.0009108270767794561,,
ACCT_132190,0.07722699754096862,,
ACCT_132241,0.005699998484119293,,
ACCT_132257,0.0024611455911292025,,
ACCT_132275,0.0009466898299339821,,
ACCT_132303,0.06841078950551371,,
ACCT_132304,0.0009047736115004401,,
ACCT_132306,0.6846114481874526,2025-05-27T00:00:00,2025-06-28T00:00:00
ACCT_132318,0.0008532309217446864,,
ACCT_132321,0.0016033803502377303,,
ACCT_132356,0.0014560162574025512,,
ACCT_132376,0.00015944730473875133,,
ACCT_132392,0.01615244118790259,,
ACCT_132415,0.0009179632291869848,,
ACCT_132419,0.0014912437034682049,,
ACCT_132472,0.020395049755600237,,
ACCT_132475,0.018634977313043418,,
ACCT_132479,0.0012820198610870267,,
ACCT_132487,0.000255073187955301,,
ACCT_132528,0.0016604825175971928,,
ACCT_132545,0.012741869245449386,,
ACCT_132551,0.030263508913037446,,
ACCT_132577,0.009776822933475596,,
ACCT_132588,0.008280132973383526,,
ACCT_132594,0.0005832441510747829,,
ACCT_132602,0.0017492810536079092,,
ACCT_132610,0.001695076119335599,,
ACCT_132616,0.0003661691684347964,,
ACCT_132640,0.0016915157944788674,,
ACCT_132648,0.008226441661818372,,
ACCT_132742,0.01751675722573594,,
ACCT_132749,0.009123744142034936,,
ACCT_132750,0.23510490661921848,,
ACCT_132759,0.00653738475479587,,
ACCT_132763,0.00034302210283057534,,
ACCT_132796,0.004746193909790498,,
ACCT_132809,0.0006944514295415626,,
ACCT_132819,0.0004629004678859524,,
ACCT_132831,0.006176010403075017,,
ACCT_132834,0.3114606814261308,2024-12-19T00:00:00,2025-03-18T00:00:00
ACCT_132842,0.34924783546315175,2021-12-25T00:00:00,2022-03-24T00:00:00
ACCT_132847,0.0011019885940031378,,
ACCT_132852,0.0005575838119227058,,
ACCT_132866,0.002091864974379578,,
ACCT_132867,0.0014875000509128355,,
ACCT_132871,0.022617083699977922,,
ACCT_132881,0.00017699005742395727,,
ACCT_132883,0.0026595842305299367,,
ACCT_132909,0.0005168276859271602,,
ACCT_132950,0.0005470634398664019,,
ACCT_132971,0.006900503120715282,,
ACCT_132973,0.18809754576282034,,
ACCT_132974,0.0032639652642357,,
ACCT_132980,5.1524225331359545e-05,,
ACCT_132996,0.004282993560787957,,
ACCT_133001,0.011831444018439791,,
ACCT_133006,0.0024176005200971223,,
ACCT_133010,0.01446167525033556,,
ACCT_133021,0.00020448073294774462,,
ACCT_133027,0.028162874610410654,,
ACCT_133034,0.0012796629445381515,,
ACCT_133035,0.0007148550525554082,,
ACCT_133054,0.003532446821687885,,
ACCT_133081,0.1267693675510835,,
ACCT_133086,0.01286916444313434,,
ACCT_133092,0.09931563124212467,,
ACCT_133098,0.0012608762680221227,,
ACCT_133105,0.00025225572993755783,,
ACCT_133137,0.0005785017018817409,,
ACCT_133148,0.014605023673380346,,
ACCT_133150,0.14710307277877388,,
ACCT_133173,0.006896754007979925,,
ACCT_133187,0.0009369901931611252,,
ACCT_133197,0.002643215397045529,,
ACCT_133239,0.0076808003590380074,,
ACCT_133245,0.3128289330737841,2024-02-05T00:00:00,2024-05-04T00:00:00
ACCT_133252,0.004078360093805217,,
ACCT_133270,0.000828315039487614,,
ACCT_133273,0.6797477558269415,2024-11-19T00:00:00,2025-02-16T00:00:00
ACCT_133296,0.001945459205202713,,
ACCT_133310,0.008639123817900381,,
ACCT_133316,0.004883212237987665,,
ACCT_133323,0.001112202769401958,,
ACCT_133326,0.0003198150269879318,,
ACCT_133331,0.004155703316889824,,
ACCT_133337,0.025382365654458568,,
ACCT_133346,0.001149585560210564,,
ACCT_133391,0.0065411274546061295,,
ACCT_133393,0.0705194091648503,,
ACCT_133394,0.041376766552456555,,
ACCT_133439,0.020587696898825288,,
ACCT_133457,0.2674202070172064,,
ACCT_133461,0.003585573471758121,,
ACCT_133463,0.07993351338636077,,
ACCT_133464,0.011108466055357081,,
ACCT_133493,0.0005873527441489794,,
ACCT_133510,2.5804312831515377e-05,,
ACCT_133516,0.011601254552320873,,
ACCT_133556,0.03598954823594687,,
ACCT_133557,0.04087478637133132,,
ACCT_133580,0.0005453945089490182,,
ACCT_133585,0.0010189982579108855,,
ACCT_133587,0.0038320973653566716,,
ACCT_133592,0.00041718943753228324,,
ACCT_133593,0.0020573944687364487,,
ACCT_133603,0.010644934933589348,,
ACCT_133617,0.28002511141215836,,
ACCT_133649,0.0013232429744925605,,
ACCT_133675,0.010596842113989053,,
ACCT_133680,0.001483999697532741,,
ACCT_133705,0.0017222925120101398,,
ACCT_133761,0.03919739115741051,,
ACCT_133774,0.0001949187588103024,,
ACCT_133776,0.0030303461855723884,,
ACCT_133792,0.01200186061236181,,
ACCT_133796,0.000462929523721418,,
ACCT_133803,0.000975525419220825,,
ACCT_133827,0.0028890585927437394,,
ACCT_133840,0.0019947251307558707,,
ACCT_133848,0.0016014491209201346,,
ACCT_133850,0.0027117878306410314,,
ACCT_133851,0.005864378596919994,,
ACCT_133859,0.005561796365358362,,
ACCT_133861,0.0025039196786991644,,
ACCT_133881,0.001766905272341003,,
ACCT_133916,0.0005101482913026837,,
ACCT_133964,0.00011193477245980263,,
ACCT_133975,0.0003389418629062081,,
ACCT_133985,0.0007417342570129722,,
ACCT_133990,0.000386909248533792,,
ACCT_133999,0.003035848840832858,,
ACCT_134003,0.03835139238364785,,
ACCT_134012,0.012591279835625292,,
ACCT_134014,0.00035656138725317975,,
ACCT_134023,0.06944775304594554,,
ACCT_134028,0.00046246365373608716,,
ACCT_134031,0.0006377520745300972,,
ACCT_134033,0.005135931912679111,,
ACCT_134040,0.0032119320592402883,,
ACCT_134045,0.01191700496636256,,
ACCT_134063,0.0016178900404698684,,
ACCT_134064,0.00808136408792737,,
ACCT_134066,0.000795989874319688,,
ACCT_134069,0.000285546174184716,,
ACCT_134073,0.00914881489690593,,
ACCT_134093,0.001184466996587049,,
ACCT_134102,0.0007633522106040507,,
ACCT_134121,0.0010913436728806707,,
ACCT_134126,0.0019374932008089812,,
ACCT_134135,0.07307166667232398,,
ACCT_134148,0.007934910891395787,,
ACCT_134166,0.005017002862011369,,
ACCT_134170,0.012563243913764182,,
ACCT_134171,0.0005313682220497447,,
ACCT_134185,0.000589347502114938,,
ACCT_134190,0.0008268245241871335,,
ACCT_134213,0.04096805049338783,,
ACCT_134216,0.011784327244025944,,
ACCT_134221,0.0002276205990372815,,
ACCT_134227,0.0019356505097102117,,
ACCT_134234,0.06654221832614308,,
ACCT_134255,0.0032247617066181325,,
ACCT_134267,0.0011674930023199983,,
ACCT_134268,0.0019977350441451333,,
ACCT_134274,0.00026314860646638714,,
ACCT_134286,0.005115052825395709,,
ACCT_134289,0.006365834303997361,,
ACCT_134295,0.003652754424943513,,
ACCT_134307,0.0058955342525120955,,
ACCT_134312,0.0008253083965554161,,
ACCT_134324,0.0001291813546306953,,
ACCT_134330,0.016619455228500613,,
ACCT_134332,0.004573073666721335,,
ACCT_134347,0.000508963091433318,,
ACCT_134355,0.001991435336757091,,
ACCT_134357,0.01058174565562106,,
ACCT_134375,0.0013491431188743205,,
ACCT_134385,0.004031676103819578,,
ACCT_134436,0.005795927966610674,,
ACCT_134453,0.000409343155620726,,
ACCT_134460,0.004344119606727895,,
ACCT_134466,0.0398871486196253,,
ACCT_134469,0.013627416606400993,,
ACCT_134473,0.0010562505303847746,,
ACCT_134480,0.01211789608576213,,
ACCT_134495,0.003448668164485166,,
ACCT_134497,0.00044156588336618965,,
ACCT_134518,0.21271754412418406,,
ACCT_134522,0.027271036309501128,,
ACCT_134535,0.0008629519828984933,,
ACCT_134554,0.0297696920931702,,
ACCT_134568,0.03748563866201467,,
ACCT_134570,0.0005437257755642221,,
ACCT_134593,0.04995615747272794,,
ACCT_134601,0.002818896121510774,,
ACCT_134611,0.002013685733107516,,
ACCT_134612,0.002359263433699377,,
ACCT_134638,0.10712496008030573,,
ACCT_134644,0.005452104710607831,,
ACCT_134674,0.004490277001221419,,
ACCT_134701,0.0004943863678762986,,
ACCT_134718,0.006194053535162913,,
ACCT_134732,0.017293902775945568,,
ACCT_134735,0.00029093642373915254,,
ACCT_134738,0.006292146510627083,,
ACCT_134745,0.014769281719255335,,
ACCT_134746,0.0018349801695164956,,
ACCT_134755,0.015019388730050445,,
ACCT_134758,0.001795047819531981,,
ACCT_134763,0.023977468178737367,,
ACCT_134768,0.40357378295064583,2025-03-24T00:00:00,2025-06-21T00:00:00
ACCT_134799,0.0009647831708039063,,
ACCT_134809,0.0007040616934077711,,
ACCT_134813,0.0013942241680724942,,
ACCT_134826,0.01227724736239731,,
ACCT_134830,0.0974754037316277,,
ACCT_134842,0.0003599186945915074,,
ACCT_134848,0.9525873572906887,2023-03-30T00:00:00,2023-06-27T00:00:00
ACCT_134865,0.00652225780372355,,
ACCT_134868,0.055147558116267606,,
ACCT_134890,0.0020915431901657342,,
ACCT_134921,0.5275090928945425,2023-10-23T00:00:00,2024-01-20T00:00:00
ACCT_134922,0.00784694390083206,,
ACCT_134925,0.0011857117424853298,,
ACCT_134932,0.0003773863747340176,,
ACCT_134942,0.0006798849335462643,,
ACCT_134943,0.00018487166823254867,,
ACCT_134957,0.0024385170796256904,,
ACCT_134970,0.008500921902196538,,
ACCT_134979,0.0007314989971865489,,
ACCT_134984,0.04582843520653516,,
ACCT_134990,0.0024995801300879794,,
ACCT_134991,0.0013144899444219747,,
ACCT_135010,0.054817083376041055,,
ACCT_135013,0.00037529934336313914,,
ACCT_135016,0.002968847336825154,,
ACCT_135019,0.0010800720917959494,,
ACCT_135020,0.010126388233609819,,
ACCT_135032,0.004226492235660398,,
ACCT_135053,0.0007612805110372679,,
ACCT_135066,0.0029115299651231996,,
ACCT_135081,0.015250484941549214,,
ACCT_135086,0.0026804760458268703,,
ACCT_135107,0.0006599324031315928,,
ACCT_135109,0.00029449716470795155,,
ACCT_135115,0.0011196554015718433,,
ACCT_135118,0.0007452858429432473,,
ACCT_135125,0.002026098146717383,,
ACCT_135170,0.0006714662520827267,,
ACCT_135176,0.001939143133963529,,
ACCT_135207,0.0026499621693095447,,
ACCT_135208,0.023240385418993172,,
ACCT_135234,0.0011036142229261996,,
ACCT_135269,0.007281362164639366,,
ACCT_135285,0.0008078970923467241,,
ACCT_135292,0.0006606850174722045,,
ACCT_135302,0.022350368294086598,,
ACCT_135322,0.0006660615650752559,,
ACCT_135334,0.007786280301942452,,
ACCT_135355,0.0019711102819559108,,
ACCT_135358,0.0025377969493452146,,
ACCT_135360,0.0002844784570491835,,
ACCT_135402,0.00021703892759587583,,
ACCT_135413,0.02099134785475671,,
ACCT_135430,0.021060509028300086,,
ACCT_135436,0.00017033218772904087,,
ACCT_135445,0.0024747121209927354,,
ACCT_135471,0.0025592186173133283,,
ACCT_135479,0.0007986021153871617,,
ACCT_135486,0.008028139147011993,,
ACCT_135498,0.0013373201695591622,,
ACCT_135509,0.004616766439888284,,
ACCT_135510,0.0009358440528613049,,
ACCT_135522,0.00033908252264738895,,
ACCT_135533,0.0001153602843164201,,
ACCT_135537,0.0004917882906458968,,
ACCT_135539,0.0004616251509579391,,
ACCT_135542,0.00411259830642899,,
ACCT_135547,0.48031546206910763,2020-10-08T00:00:00,2021-01-05T00:00:00
ACCT_135554,0.0010537749934437868,,
ACCT_135572,0.0011658768735112643,,
ACCT_135574,0.0030917200199035355,,
ACCT_135585,7.716777579894936e-05,,
ACCT_135590,0.0006554370922643896,,
ACCT_135599,0.009294950846336568,,
ACCT_135602,0.0006838710024623755,,
ACCT_135610,0.008637756260269682,,
ACCT_135617,0.00045762766307029626,,
ACCT_135621,0.0010281076679113008,,
ACCT_135622,0.009438719430301782,,
ACCT_135624,0.0024288692184274456,,
ACCT_135627,0.0022519722931718784,,
ACCT_135646,0.0001820483195760088,,
ACCT_135661,0.0022662373791808217,,
ACCT_135663,0.0017700118176247135,,
ACCT_135679,0.003300176229389966,,
ACCT_135694,0.0004673598149816209,,
ACCT_135695,0.011989462969806144,,
ACCT_135698,0.013834927946903084,,
ACCT_135714,0.01659895792445045,,
ACCT_135724,0.0015735772508778723,,
ACCT_135729,0.00014101809726580717,,
ACCT_135732,0.001662265906058517,,
ACCT_135735,0.05488636359400947,,
ACCT_135736,0.005744149774802365,,
ACCT_135745,0.039247956219970445,,
ACCT_135747,0.003954993196029886,,
ACCT_135760,0.0029238674889281394,,
ACCT_135761,0.013119210514540075,,
ACCT_135778,0.007538956141732082,,
ACCT_135784,0.9870122507725488,2025-01-15T00:00:00,2025-04-14T00:00:00
ACCT_135821,0.008656501107788653,,
ACCT_135832,0.008156884918992975,,
ACCT_135844,0.0005263947703145922,,
ACCT_135846,0.006633201408756996,,
ACCT_135851,0.0008450373838344233,,
ACCT_135852,0.06258819293976622,,
ACCT_135872,0.009292262055574738,,
ACCT_135896,0.0007741704568926832,,
ACCT_135917,0.00042358364931416965,,
ACCT_135926,0.0031811822358865636,,
ACCT_135934,0.0037624543596556244,,
ACCT_135942,0.003903130799495883,,
ACCT_135944,0.0068453717779701955,,
ACCT_135948,0.00042014662342582576,,
ACCT_135964,0.0011757078024935712,,
ACCT_135977,0.0007373959518906712,,
ACCT_135982,0.0013175212186803964,,
ACCT_136000,0.00045094223533641476,,
ACCT_136004,0.005230975368996174,,
ACCT_136020,0.0012774394033652002,,
ACCT_136032,0.0016387244493510193,,
ACCT_136035,0.09320128483929613,,
ACCT_136042,0.0009016177837944579,,
ACCT_136048,0.009107675652705628,,
ACCT_136054,0.0011465906074909966,,
ACCT_136069,0.0014595577559757345,,
ACCT_136111,0.003306861220865859,,
ACCT_136118,0.0008417762661228894,,
ACCT_136119,0.009385669020614081,,
ACCT_136129,0.014417816211287904,,
ACCT_136135,0.0018025988674039053,,
ACCT_136139,0.013613600183039481,,
ACCT_136167,0.0017720661527007154,,
ACCT_136168,0.007303119252684845,,
ACCT_136170,0.0004095031777782865,,
ACCT_136176,0.003541310798575969,,
ACCT_136183,0.009396675396924055,,
ACCT_136185,0.0032338604964437926,,
ACCT_136225,0.0006092371644909763,,
ACCT_136229,0.01687764692276828,,
ACCT_136230,0.000874850166930768,,
ACCT_136235,0.8465641867004656,2024-09-26T00:00:00,2024-12-24T00:00:00
ACCT_136242,0.0007521724765770413,,
ACCT_136243,0.0011599093699503258,,
ACCT_136277,0.23659401354093879,,
ACCT_136280,0.0006267491776100276,,
ACCT_136315,0.000666894815154425,,
ACCT_136356,0.0011109965232095269,,
ACCT_136415,0.06418875525995416,,
ACCT_136417,0.01010217963370417,,
ACCT_136418,0.011344663774809914,,
ACCT_136432,0.00015656342944467323,,
ACCT_136446,0.021118872100373547,,
ACCT_136474,0.00034935778818240466,,
ACCT_136475,0.0006743197919195348,,
ACCT_136481,0.0012640247030875971,,
ACCT_136487,0.02673345336424801,,
ACCT_136494,0.0035770843362999257,,
ACCT_136504,0.00030909263062058783,,
ACCT_136534,0.019579462875057442,,
ACCT_136545,0.04916515489668814,,
ACCT_136561,0.0009361887291497733,,
ACCT_136563,0.0009083220475670343,,
ACCT_136576,0.0006615892784333818,,
ACCT_136588,0.0006978362115343343,,
ACCT_136612,0.00566281223525893,,
ACCT_136654,0.00024609128662108736,,
ACCT_136671,0.00020820819153502022,,
ACCT_136675,0.0015560108631938246,,
ACCT_136707,0.0004052208930585793,,
ACCT_136715,0.06637396303533208,,
ACCT_136718,0.0008261502611998409,,
ACCT_136722,0.0028139503255071576,,
ACCT_136725,0.001468083098188976,,
ACCT_136733,0.036372050864348075,,
ACCT_136734,0.0014498495676333809,,
ACCT_136751,0.00018628153139267617,,
ACCT_136759,0.0033579481260478834,,
ACCT_136767,8.223066484837357e-05,,
ACCT_136770,0.000679294602508512,,
ACCT_136777,0.0013829827993011468,,
ACCT_136783,0.0017594224482729436,,
ACCT_136796,0.0021533388017076355,,
ACCT_136804,0.033595127394263916,,
ACCT_136805,0.0003273396622614529,,
ACCT_136813,0.001893736971121069,,
ACCT_136814,0.0010383631012650578,,
ACCT_136816,0.0011519987597181304,,
ACCT_136823,0.0032046020628092647,,
ACCT_136840,0.002879385203437522,,
ACCT_136844,0.0009531471614820502,,
ACCT_136859,0.0006320843799078565,,
ACCT_136862,0.0001723710448727651,,
ACCT_136870,0.00017355530410975944,,
ACCT_136888,0.001758697930145078,,
ACCT_136892,0.0038689359283191225,,
ACCT_136894,0.0010757314478076446,,
ACCT_136896,0.009053386952129584,,
ACCT_136906,0.010617118537043157,,
ACCT_136937,0.0013138527902175296,,
ACCT_136941,0.010078933424699685,,
ACCT_136943,0.0025422795372952865,,
ACCT_136979,0.011027866643050322,,
ACCT_137005,0.00028139102439825444,,
ACCT_137019,0.0008573086671019674,,
ACCT_137028,0.0563269222579032,,
ACCT_137030,0.013337396649537194,,
ACCT_137038,0.2997011457717717,,
ACCT_137058,0.0008263332142759864,,
ACCT_137059,0.0353638565327437,,
ACCT_137083,0.001050976969004433,,
ACCT_137085,0.0014237614960621284,,
ACCT_137101,0.001981080454562294,,
ACCT_137110,0.0005510294520120601,,
ACCT_137119,0.23384988315835412,,
ACCT_137126,0.006397119742350929,,
ACCT_137127,0.0025750281488121163,,
ACCT_137128,0.008529686922296128,,
ACCT_137129,0.004656724073389688,,
ACCT_137135,0.0011637537098318283,,
ACCT_137153,0.0027557118087539957,,
ACCT_137173,0.00036234836437612077,,
ACCT_137175,0.010131379253350248,,
ACCT_137178,0.042131692396713855,,
ACCT_137179,0.0024879920183199034,,
ACCT_137187,0.0786389800104031,,
ACCT_137197,0.01975751749205972,,
ACCT_137206,0.018141085816801517,,
ACCT_137219,0.003849326420205565,,
ACCT_137246,0.0007030096037531435,,
ACCT_137250,0.0002946012971945782,,
ACCT_137267,0.007472982213992421,,
ACCT_137288,5.105841921034626e-05,,
ACCT_137310,0.0020901590987235717,,
ACCT_137318,0.0005778064190525083,,
ACCT_137325,0.0016467809975144205,,
ACCT_137355,0.0008790985577834968,,
ACCT_137359,0.008641947070121411,,
ACCT_137368,0.49708528085371595,2024-12-07T00:00:00,2025-03-06T00:00:00
ACCT_137416,0.0017964906648857653,,
ACCT_137430,0.00022135070746300028,,
ACCT_137431,0.00013613275719109305,,
ACCT_137432,0.0012047836396851573,,
ACCT_137438,0.012502928546455978,,
ACCT_137441,0.025223468782713133,,
ACCT_137477,0.0007697824277557018,,
ACCT_137501,0.02710115333733553,,
ACCT_137516,0.00030501583244684546,,
ACCT_137529,0.01286740167231252,,
ACCT_137565,0.0033951142084377864,,
ACCT_137582,0.0003947704421665638,,
ACCT_137587,0.0018315374877613728,,
ACCT_137599,0.0006411709015343331,,
ACCT_137612,0.0035870872574144197,,
ACCT_137613,0.0006853191803321318,,
ACCT_137619,0.002013978295413754,,
ACCT_137627,0.03388132480906213,,
ACCT_137649,0.2511129245030099,,
ACCT_137663,0.005257496537450288,,
ACCT_137679,0.020663464788651626,,
ACCT_137703,0.03515755394066554,,
ACCT_137710,0.0006936449017551656,,
ACCT_137714,0.0019711999563182597,,
ACCT_137721,0.0004367575459251322,,
ACCT_137735,0.1395534398405422,,
ACCT_137744,0.016694707139474886,,
ACCT_137791,0.021425585131072736,,
ACCT_137816,0.0008026695977851375,,
ACCT_137820,0.00019984583510763488,,
ACCT_137829,0.038848372738833306,,
ACCT_137835,0.0025316155194075934,,
ACCT_137840,7.356626590067362e-05,,
ACCT_137842,0.0006967096795179414,,
ACCT_137865,0.0059282550724823035,,
ACCT_137871,0.0021981189607723902,,
ACCT_137874,0.002715510170056677,,
ACCT_137883,0.0004929435988297343,,
ACCT_137886,0.006276204561004176,,
ACCT_137896,0.0023170279729801836,,
ACCT_137924,0.015221367426137352,,
ACCT_137942,0.012942418978517129,,
ACCT_137969,0.0028181690143938907,,
ACCT_137985,0.001966774003532657,,
ACCT_137988,0.005413947903914177,,
ACCT_137994,0.005381587921540228,,
ACCT_138013,0.001876047594549893,,
ACCT_138027,0.008924709312225809,,
ACCT_138043,0.007834121113891725,,
ACCT_138044,0.0057131919314597004,,
ACCT_138049,0.02131687816007586,,
ACCT_138053,0.00033475931804158126,,
ACCT_138058,0.00845949480805884,,
ACCT_138063,0.004993285349757507,,
ACCT_138074,0.004371986363603797,,
ACCT_138081,0.0004936885686797893,,
ACCT_138092,9.907767610129767e-05,,
ACCT_138108,0.004540816023940789,,
ACCT_138110,0.0028461847923838724,,
ACCT_138161,0.0003412942437996065,,
ACCT_138165,0.00011050960442391178,,
ACCT_138170,0.04640687023221387,,
ACCT_138182,0.04391982170084182,,
ACCT_138192,0.001596035052462438,,
ACCT_138196,0.06103498557013354,,
ACCT_138205,0.0590207124652819,,
ACCT_138217,0.0028647717351796952,,
ACCT_138228,0.0018902530589126373,,
ACCT_138237,0.0004988915391580509,,
ACCT_138238,0.002905007759191627,,
ACCT_138248,0.0008893840555272561,,
ACCT_138249,0.11534776731918014,,
ACCT_138261,0.00760637919969884,,
ACCT_138266,0.02633848580823551,,
ACCT_138277,0.0004725945724427355,,
ACCT_138281,0.0024676755491901954,,
ACCT_138288,0.001187812121371654,,
ACCT_138293,0.00035734303512764665,,
ACCT_138307,0.0013024349233676006,,
ACCT_138308,0.00025313908103710014,,
ACCT_138369,0.0013863861904594272,,
ACCT_138385,0.001524546756261844,,
ACCT_138394,0.010728588836898395,,
ACCT_138396,0.000725228610278846,,
ACCT_138404,0.0033849704991140033,,
ACCT_138422,0.0007041711481892945,,
ACCT_138423,0.003572823754300728,,
ACCT_138426,0.00020797816567290047,,
ACCT_138432,0.004601201478609704,,
ACCT_138433,0.0022872938980605393,,
ACCT_138440,0.005674503097175372,,
ACCT_138444,0.020417691613769027,,
ACCT_138477,0.020990207073282637,,
ACCT_138481,0.008529222308775298,,
ACCT_138489,0.0006179713133301174,,
ACCT_138515,0.003957766451901372,,
ACCT_138517,0.0016288804680540717,,
ACCT_138518,0.0009935694518757468,,
ACCT_138519,0.039190603124751436,,
ACCT_138525,0.00037284037502128517,,
ACCT_138532,0.008600219616156009,,
ACCT_138537,0.0008154144955074447,,
ACCT_138548,0.0003656980121211582,,
ACCT_138606,0.007381585530358716,,
ACCT_138612,0.0042147925527239085,,
ACCT_138627,0.006094923584823771,,
ACCT_138631,0.0009975563773135187,,
ACCT_138675,0.001709996804861128,,
ACCT_138687,0.002230553375837499,,
ACCT_138705,0.0037962788111548127,,
ACCT_138723,0.001032753076781172,,
ACCT_138730,0.005157204512975487,,
ACCT_138741,0.002848023216073324,,
ACCT_138750,0.001358845744403578,,
ACCT_138768,0.011945842833867694,,
ACCT_138773,0.0009751186233971863,,
ACCT_138774,0.007606729672313699,,
ACCT_138797,0.0011488208680985287,,
ACCT_138798,0.022805836430875786,,
ACCT_138806,0.0006543613458944896,,
ACCT_138820,0.0001405299208918369,,
ACCT_138846,0.0011454790346552752,,
ACCT_138866,0.023388126636535504,,
ACCT_138872,0.000209007043018605,,
ACCT_138880,0.0067509762416072166,,
ACCT_138896,0.0153726767699742,,
ACCT_138897,0.019302414775412717,,
ACCT_138906,0.0017881199000746952,,
ACCT_138913,0.0009533676234366068,,
ACCT_138916,0.012643355773564218,,
ACCT_138921,0.15268328499612824,,
ACCT_138940,0.0029163652015948395,,
ACCT_138951,0.0018046594554939406,,
ACCT_138953,0.0013315086588889,,
ACCT_138995,0.017758257163522834,,
ACCT_139006,0.002123083267053078,,
ACCT_139023,0.011027803646048748,,
ACCT_139060,0.0032458250747689986,,
ACCT_139071,0.0019830101195706896,,
ACCT_139091,0.00510584481376602,,
ACCT_139143,0.0009312054778560159,,
ACCT_139146,0.11309789930624174,,
ACCT_139183,0.06100786806035572,,
ACCT_139203,0.0037884272306177116,,
ACCT_139207,0.004718175371205052,,
ACCT_139217,0.14069089564460974,,
ACCT_139222,0.12267958028093633,,
ACCT_139234,0.010409003927454304,,
ACCT_139240,0.0016415376101460988,,
ACCT_139260,0.003973297901974556,,
ACCT_139268,0.00018017784928603696,,
ACCT_139284,8.40303786008472e-05,,
ACCT_139299,0.00826032415301286,,
ACCT_139301,0.007571241847540042,,
ACCT_139315,0.019330786160585565,,
ACCT_139334,0.0023121589182407273,,
ACCT_139362,0.009131860114447363,,
ACCT_139368,0.00947139606000392,,
ACCT_139383,0.08241250276044648,,
ACCT_139442,0.0056467079411395725,,
ACCT_139469,0.001743061871858524,,
ACCT_139482,0.0008703799357730916,,
ACCT_139489,0.0021722027355248036,,
ACCT_139495,0.0019693975182589075,,
ACCT_139511,0.0002973863390093382,,
ACCT_139521,0.023691923920634593,,
ACCT_139525,0.003437066891129298,,
ACCT_139535,0.0014617570962393652,,
ACCT_139540,0.006546696641583931,,
ACCT_139570,0.0010694804607776008,,
ACCT_139580,0.0008908921928150931,,
ACCT_139581,0.0005376869118799975,,
ACCT_139620,0.011612894708392904,,
ACCT_139635,0.002203778901704774,,
ACCT_139657,0.00615583234062337,,
ACCT_139670,0.00044483614473160094,,
ACCT_139671,0.0010248833918315558,,
ACCT_139672,0.005398836429189481,,
ACCT_139689,0.002758355767348032,,
ACCT_139702,0.029360527098891566,,
ACCT_139723,0.03026254611645144,,
ACCT_139779,0.0025603403911452446,,
ACCT_139789,0.05266784507381067,,
ACCT_139808,0.002139840963011499,,
ACCT_139815,0.0016445810737982399,,
ACCT_139830,0.001537663427349659,,
ACCT_139851,0.0003903724218773397,,
ACCT_139861,0.5751072688487988,2023-10-11T00:00:00,2024-01-08T00:00:00
ACCT_139877,0.0008647813367416301,,
ACCT_139884,0.0028939314074296414,,
ACCT_139892,0.16426692305876847,,
ACCT_139893,0.0721670147376693,,
ACCT_139903,0.000528045659053488,,
ACCT_139905,0.014555802866578118,,
ACCT_139914,0.03642243924508805,,
ACCT_139916,0.0012127237974215478,,
ACCT_139955,0.014401203515848851,,
ACCT_139970,0.169861847107392,,
ACCT_139984,0.00022076160605297965,,
ACCT_139996,0.06550172256771795,,
ACCT_140002,0.0005801890298996581,,
ACCT_140013,0.0020581653365428056,,
ACCT_140031,0.002817842515073805,,
ACCT_140065,0.00947404951318206,,
ACCT_140092,0.0012003877762716804,,
ACCT_140115,0.0008644863851729866,,
ACCT_140116,0.0005741732965188638,,
ACCT_140117,0.0019307272823211648,,
ACCT_140121,0.0007594098742746415,,
ACCT_140136,0.0024585066544091537,,
ACCT_140159,0.00667383923623852,,
ACCT_140169,0.06292960618639534,,
ACCT_140211,0.00023334351052851525,,
ACCT_140235,0.0025947754072643534,,
ACCT_140257,0.0003803860980982446,,
ACCT_140263,0.0008042728916583418,,
ACCT_140279,0.00015446268858651337,,
ACCT_140296,0.0006541796030422179,,
ACCT_140318,0.00022176400690947129,,
ACCT_140319,0.12199634635222482,,
ACCT_140322,0.0001407804907830652,,
ACCT_140361,0.042137710010244266,,
ACCT_140363,0.0035990259125952503,,
ACCT_140367,8.919281330321546e-05,,
ACCT_140397,0.004551961579518806,,
ACCT_140399,0.002403007223867374,,
ACCT_140443,0.003301844888277591,,
ACCT_140446,0.0009312000320983386,,
ACCT_140461,0.003197424418661654,,
ACCT_140464,0.005046802604436026,,
ACCT_140472,0.050752862980987835,,
ACCT_140480,0.0005536412946800899,,
ACCT_140493,0.00790896537137953,,
ACCT_140498,0.00012081600245660715,,
ACCT_140518,0.00014061884673932564,,
ACCT_140531,0.1733526950756567,,
ACCT_140562,0.008488195116682093,,
ACCT_140564,0.001595704091374168,,
ACCT_140569,0.0006906343614423764,,
ACCT_140584,0.0014425438386183164,,
ACCT_140588,0.3113447272790925,,
ACCT_140596,0.00275061139386503,,
ACCT_140616,0.0015542150937460694,,
ACCT_140626,0.09877623409024713,,
ACCT_140671,0.0027332023897550864,,
ACCT_140682,0.005379837771594797,,
ACCT_140685,0.009098299919675697,,
ACCT_140701,0.020511693648511128,,
ACCT_140706,0.016076555604764127,,
ACCT_140754,0.003148965037648238,,
ACCT_140768,0.0006268386143490667,,
ACCT_140772,0.0019821455379661393,,
ACCT_140774,0.001057318888530073,,
ACCT_140784,0.0040386921220951,,
ACCT_140804,0.0032099086776995467,,
ACCT_140806,0.005118307310624666,,
ACCT_140852,0.0010695981229332844,,
ACCT_140856,0.001972433039480549,,
ACCT_140859,0.004017891137862128,,
ACCT_140885,0.0006549025713325277,,
ACCT_140887,0.16941344375303338,,
ACCT_140904,0.008837109929658322,,
ACCT_140915,0.0022797011506973048,,
ACCT_140916,0.0005406305716563354,,
ACCT_140917,0.009219608292255134,,
ACCT_140923,0.039052959524567284,,
ACCT_140957,0.014770129868568727,,
ACCT_140962,0.0023449751982014887,,
ACCT_140963,0.0014940198472592672,,
ACCT_140968,0.004962821317868276,,
ACCT_140974,0.0007746702013494451,,
ACCT_140976,0.007953679093344372,,
ACCT_140992,0.05419705832900072,,
ACCT_140993,0.010768551078696753,,
ACCT_141021,0.00047138349523814186,,
ACCT_141025,0.0018118340769957976,,
ACCT_141030,0.0009255153006710893,,
ACCT_141034,0.002647819805325254,,
ACCT_141044,0.018051525520105697,,
ACCT_141065,0.1447068275492094,,
ACCT_141085,0.0024176365025874507,,
ACCT_141094,0.000277638214572659,,
ACCT_141108,0.10300323394276616,,
ACCT_141111,0.05875567152204007,,
ACCT_141112,0.0011687176191184092,,
ACCT_141115,0.00011698025451179195,,
ACCT_141147,0.001893188889506073,,
ACCT_141169,0.005983974936162862,,
ACCT_141170,0.003780400223137817,,
ACCT_141174,0.022513657268880317,,
ACCT_141179,0.002611950583281207,,
ACCT_141184,0.0033530664158957827,,
ACCT_141191,0.0005188687889421814,,
ACCT_141216,0.00047805885699439283,,
ACCT_141220,0.4589967516420831,,
ACCT_141231,0.005063889697511197,,
ACCT_141241,0.05955806701795491,,
ACCT_141246,0.0009187847819675674,,
ACCT_141265,0.0037070038366695756,,
ACCT_141290,0.01741459093133208,,
ACCT_141321,0.001774396324357649,,
ACCT_141322,0.005263774145575163,,
ACCT_141344,0.0004590546757799583,,
ACCT_141352,0.0006910813132721993,,
ACCT_141357,0.1691585384141816,,
ACCT_141368,0.0006031483214845839,,
ACCT_141374,0.0005503939333775736,,
ACCT_141382,0.013872857387901606,,
ACCT_141417,0.07680394712433644,,
ACCT_141421,0.0018484481932201867,,
ACCT_141423,0.0020452151641647686,,
ACCT_141426,0.001972559476909678,,
ACCT_141431,0.06781543608373078,,
ACCT_141444,0.001806930154605361,,
ACCT_141445,0.009638133074818185,,
ACCT_141446,0.012027299174237808,,
ACCT_141467,0.07437277986071539,,
ACCT_141471,0.003761223395549307,,
ACCT_141486,0.011406598600665762,,
ACCT_141496,0.00016359081829003485,,
ACCT_141511,0.006337734751546467,,
ACCT_141542,0.003369762137082647,,
ACCT_141562,0.0003546663928484856,,
ACCT_141567,0.00032477195282096504,,
ACCT_141594,0.0010776203518345225,,
ACCT_141608,0.0006433894826300619,,
ACCT_141636,0.01362463664672849,,
ACCT_141640,0.00046952613259331513,,
ACCT_141657,0.0009724842449387947,,
ACCT_141666,0.0038202006549790573,,
ACCT_141671,0.013536407984295862,,
ACCT_141679,0.0034385308076881156,,
ACCT_141683,0.0003069702241312944,,
ACCT_141687,0.0013029350838129916,,
ACCT_141692,0.0002591943828562672,,
ACCT_141704,0.00027699376685311314,,
ACCT_141706,0.0008928093337995187,,
ACCT_141711,0.0809955180008847,,
ACCT_141713,0.025239547946287088,,
ACCT_141721,0.0014010912770674702,,
ACCT_141725,0.003355219327741536,,
ACCT_141738,0.0006091816529034409,,
ACCT_141739,0.5153301946097804,2023-12-02T00:00:00,2024-02-29T00:00:00
ACCT_141760,0.016772187885712223,,
ACCT_141790,0.0007804340419854881,,
ACCT_141808,0.0004951736054924691,,
ACCT_141819,0.031981943622692334,,
ACCT_141822,0.017342288461986523,,
ACCT_141848,0.0017437640904921752,,
ACCT_141865,0.014506288128753759,,
ACCT_141872,0.001829799598390661,,
ACCT_141880,0.0024032213214802717,,
ACCT_141890,0.0016227147405209897,,
ACCT_141891,0.25674477064534396,,
ACCT_141893,0.07230258685810917,,
ACCT_141909,0.00025949348524677686,,
ACCT_141925,0.0013223029588205829,,
ACCT_141935,0.002976929890565449,,
ACCT_141943,0.0022693524465119156,,
ACCT_141952,0.001752975126010747,,
ACCT_141953,0.010588700071944889,,
ACCT_141958,0.0023874837608488606,,
ACCT_141962,0.0006565930345851286,,
ACCT_141969,0.03364376493456182,,
ACCT_141985,0.0017338617442434906,,
ACCT_141990,0.0018939175205524446,,
ACCT_141992,0.002655266963341531,,
ACCT_142023,0.00022710094548535311,,
ACCT_142031,0.001219225396974823,,
ACCT_142033,0.029978559290304657,,
ACCT_142039,0.005644618426060071,,
ACCT_142045,0.00102847375204092,,
ACCT_142055,0.05868659575281526,,
ACCT_142078,0.006072193210213383,,
ACCT_142125,0.009889761539887456,,
ACCT_142126,0.0006671635586668529,,
ACCT_142128,0.0007608215369367897,,
ACCT_142139,0.12081055027600893,,
ACCT_142144,0.0011206240203298094,,
ACCT_142157,0.0003291250763256553,,
ACCT_142164,0.00112371550749486,,
ACCT_142196,0.003714576944396887,,
ACCT_142255,0.00020038297695204317,,
ACCT_142277,0.004018807957312889,,
ACCT_142283,0.00029865294144698087,,
ACCT_142292,0.0006047572434479803,,
ACCT_142307,0.0058532378570508616,,
ACCT_142311,0.0006377297098031625,,
ACCT_142312,0.0025479777838094556,,
ACCT_142327,0.00035160548804550067,,
ACCT_142332,0.2596345658564737,,
ACCT_142343,0.0026628113806304228,,
ACCT_142379,0.009620211787861441,,
ACCT_142381,0.0013989386902336857,,
ACCT_142420,0.003966629097533934,,
ACCT_142459,0.000614885173029152,,
ACCT_142460,0.021850014110100284,,
ACCT_142491,0.0125073368503603,,
ACCT_142498,0.03892241373790839,,
ACCT_142507,0.0009674747000108846,,
ACCT_142517,0.0012635710753538267,,
ACCT_142529,0.0007585654482772604,,
ACCT_142545,0.00672558363394086,,
ACCT_142550,0.001395689271677493,,
ACCT_142552,0.005989649297502337,,
ACCT_142554,0.03501302864126453,,
ACCT_142566,0.004460479765001438,,
ACCT_142593,0.02566381182577903,,
ACCT_142597,0.006703565849999603,,
ACCT_142623,0.00037029104825765825,,
ACCT_142632,0.0015244793672652532,,
ACCT_142642,0.0006341305365970076,,
ACCT_142655,0.0007102825468215013,,
ACCT_142674,0.010093666388948298,,
ACCT_142681,0.0020825380656656176,,
ACCT_142707,0.002666528334534818,,
ACCT_142716,0.00042049937393066764,,
ACCT_142719,0.019009840780113443,,
ACCT_142722,0.0002827808691658918,,
ACCT_142729,0.0009938840374009148,,
ACCT_142730,0.1709978496145616,,
ACCT_142741,0.0032412693357624775,,
ACCT_142760,0.0020461203021141404,,
ACCT_142761,0.0039173637070738865,,
ACCT_142825,0.000436633499399525,,
ACCT_142842,0.024262328441192055,,
ACCT_142888,0.00038023486666266515,,
ACCT_142907,0.0011990552374693902,,
ACCT_142917,0.003535907009847434,,
ACCT_142920,0.0019477668440620786,,
ACCT_142924,0.008114309147073178,,
ACCT_142945,0.00019140573835874975,,
ACCT_142965,0.006723540247819267,,
ACCT_142979,0.0005733621484732066,,
ACCT_142989,0.001051785510422717,,
ACCT_142997,0.001276790064742453,,
ACCT_143033,0.007766829697864036,,
ACCT_143034,0.0002103503498437017,,
ACCT_143038,0.005155571935890688,,
ACCT_143043,0.0024100896398594517,,
ACCT_143051,0.00236788995298741,,
ACCT_143054,0.004366715982059067,,
ACCT_143073,0.0001703240981776654,,
ACCT_143112,0.0005627328513700151,,
ACCT_143124,0.0035224706717857856,,
ACCT_143130,0.008990151453393044,,
ACCT_143147,0.0020449115440924343,,
ACCT_143148,0.002504182041612021,,
ACCT_143155,0.0008287080825619327,,
ACCT_143170,0.0007388778186175419,,
ACCT_143184,0.0033566706300426873,,
ACCT_143185,0.0002589721002891673,,
ACCT_143189,8.580499363550597e-05,,
ACCT_143215,0.011120770705480518,,
ACCT_143218,0.009907426507078421,,
ACCT_143229,0.006061404790969705,,
ACCT_143254,0.0017538318712757958,,
ACCT_143270,0.00040478240091630153,,
ACCT_143291,0.013082323553319753,,
ACCT_143294,0.00018511059108552603,,
ACCT_143296,0.0036692078937763774,,
ACCT_143300,0.004741693941738582,,
ACCT_143306,0.0008468092515901733,,
ACCT_143312,0.0005918518487230882,,
ACCT_143323,0.001225966048612989,,
ACCT_143325,0.002189534793970151,,
ACCT_143338,0.003559968547041409,,
ACCT_143353,0.0017165226199438502,,
ACCT_143362,0.0002767675480363868,,
ACCT_143375,0.005720651081583553,,
ACCT_143379,0.00047652564229489977,,
ACCT_143382,0.0019783987862036943,,
ACCT_143397,0.00048276677169335134,,
ACCT_143424,0.001990617608285568,,
ACCT_143429,0.0023663010972528897,,
ACCT_143451,0.0036843370410747844,,
ACCT_143464,0.002483941244352992,,
ACCT_143466,0.0017047509946733295,,
ACCT_143474,0.00010587997385874548,,
ACCT_143486,0.020030664919837328,,
ACCT_143492,0.0045427189333079555,,
ACCT_143512,0.0026712201943965156,,
ACCT_143524,0.009167331609622156,,
ACCT_143525,0.00784341045602691,,
ACCT_143526,0.0006580538915368511,,
ACCT_143539,0.22748861337717496,,
ACCT_143546,0.002181277154351537,,
ACCT_143566,0.04218783646600224,,
ACCT_143587,0.020861614221611494,,
ACCT_143595,0.0021968012158639708,,
ACCT_143596,0.005958640042894884,,
ACCT_143600,0.0530927874420738,,
ACCT_143609,0.014175553811532304,,
ACCT_143634,0.002203295465826778,,
ACCT_143677,0.0012360062509171941,,
ACCT_143727,0.01056765200632859,,
ACCT_143732,0.0008107719057603212,,
ACCT_143743,0.1138459614594874,,
ACCT_143749,0.0011487938040778112,,
ACCT_143756,0.020090219988776453,,
ACCT_143778,0.0612404794335102,,
ACCT_143793,0.49890320033713237,,
ACCT_143850,0.0007622734455741554,,
ACCT_143855,8.564588437780558e-05,,
ACCT_143862,0.0011430731452443904,,
ACCT_143868,0.005112637179306104,,
ACCT_143895,0.006560644340344606,,
ACCT_143902,0.1355721569235227,,
ACCT_143909,0.012748111258998624,,
ACCT_143919,0.007733544289550247,,
ACCT_143923,0.0016059489118777192,,
ACCT_143926,0.004280117080513884,,
ACCT_143928,0.03862110705272525,,
ACCT_143943,0.0007231825209698833,,
ACCT_143949,0.00024062599604775568,,
ACCT_143968,0.003647191267307322,,
ACCT_143981,0.01181329658023006,,
ACCT_143987,0.004649147998778402,,
ACCT_143997,0.00010100977545627453,,
ACCT_143998,0.0005433870921131938,,
ACCT_144002,0.016721908451149497,,
ACCT_144016,0.003039886832676338,,
ACCT_144040,0.009119636782489188,,
ACCT_144050,0.0012319008113827576,,
ACCT_144062,0.001433121465860027,,
ACCT_144064,0.0008885561153406536,,
ACCT_144079,0.0003387960927223073,,
ACCT_144101,0.0001650075479167521,,
ACCT_144105,0.00022497622627114055,,
ACCT_144120,0.0006271277736287921,,
ACCT_144121,0.17795624318443942,,
ACCT_144164,0.0003634985356892207,,
ACCT_144171,0.0008586775581395986,,
ACCT_144180,0.0008188062211353812,,
ACCT_144248,0.011427120232327826,,
ACCT_144255,0.0012555877156896027,,
ACCT_144257,0.0012179255437809382,,
ACCT_144264,0.006174122882427425,,
ACCT_144266,0.0007078242850081032,,
ACCT_144271,0.0547640038580073,,
ACCT_144286,0.000553977753700297,,
ACCT_144302,0.0010889140470769626,,
ACCT_144311,0.17927734477008092,,
ACCT_144335,0.009473381971830997,,
ACCT_144345,0.0023773181139800027,,
ACCT_144348,0.004101995959501004,,
ACCT_144360,0.00217354490134353,,
ACCT_144364,0.0007820245463614646,,
ACCT_144374,0.001758009721500879,,
ACCT_144378,0.001513980793958509,,
ACCT_144401,0.14092992895985768,,
ACCT_144414,0.00022731676854399678,,
ACCT_144416,0.13152791987031584,,
ACCT_144438,0.0008744537333430866,,
ACCT_144449,0.01506371895685813,,
ACCT_144466,0.0023708587689759775,,
ACCT_144472,0.8029547149609065,2025-04-02T00:00:00,2025-06-30T00:00:00
ACCT_144477,0.00023858205574113977,,
ACCT_144479,0.0007597255275718868,,
ACCT_144488,0.0054662511742988,,
ACCT_144497,0.005895573546948011,,
ACCT_144514,5.189131396336332e-05,,
ACCT_144528,0.022641544557770767,,
ACCT_144539,0.023712672421642426,,
ACCT_144578,0.05202426647969673,,
ACCT_144585,0.0017787464378879556,,
ACCT_144616,0.0398770470769661,,
ACCT_144644,0.01880267572692358,,
ACCT_144672,0.0015310973795853605,,
ACCT_144681,0.3701285906508962,2023-09-28T00:00:00,2023-12-26T00:00:00
ACCT_144702,0.00033410497159984577,,
ACCT_144737,0.0002469680460054593,,
ACCT_144755,0.0012713135812371604,,
ACCT_144760,0.0016413361075890455,,
ACCT_144830,0.0018297538499869848,,
ACCT_144832,0.00957665469568134,,
ACCT_144839,0.0012628817429570906,,
ACCT_144848,0.0001686623817093116,,
ACCT_144852,0.0009591938241568052,,
ACCT_144863,0.0008807628553265041,,
ACCT_144872,0.0014436263149312824,,
ACCT_144878,0.006543337428730927,,
ACCT_144879,0.0015775628872481229,,
ACCT_144899,0.0544211756758358,,
ACCT_144904,0.00813884409509863,,
ACCT_144911,0.009710036165680003,,
ACCT_144944,0.0024489779859156046,,
ACCT_144955,0.0019369776687303375,,
ACCT_144965,0.1683787729575052,,
ACCT_144983,0.0006400416485579262,,
ACCT_144987,9.963907309794566e-05,,
ACCT_144988,0.002246270204825135,,
ACCT_145007,0.02746512807813171,,
ACCT_145017,0.00014129629052284388,,
ACCT_145023,0.0009787185858702115,,
ACCT_145025,0.003237572118652138,,
ACCT_145027,0.0005455168619720066,,
ACCT_145041,0.02411740324108333,,
ACCT_145045,0.0001691141964959814,,
ACCT_145061,0.0010157949982122526,,
ACCT_145065,0.0011595986898132707,,
ACCT_145098,0.05770849049457845,,
ACCT_145128,0.0020435523991974226,,
ACCT_145130,0.0006253706918452859,,
ACCT_145137,0.00042537228543702556,,
ACCT_145142,0.017953925629982985,,
ACCT_145143,0.005438085719581862,,
ACCT_145156,0.0006434598596397226,,
ACCT_145161,0.0021195445564534273,,
ACCT_145173,0.00045909648183381415,,
ACCT_145187,0.0013595795401649307,,
ACCT_145209,0.003206883635964721,,
ACCT_145224,0.09906524708760786,,
ACCT_145258,0.0016669054568646403,,
ACCT_145270,0.009065617383574132,,
ACCT_145294,0.0007239744993121344,,
ACCT_145295,0.0010772976369813846,,
ACCT_145311,0.27339040821561233,,
ACCT_145314,0.0004684481259306274,,
ACCT_145340,0.0016716223010894316,,
ACCT_145344,0.006828528565599011,,
ACCT_145348,0.0010880686235158882,,
ACCT_145359,0.0003086901189818162,,
ACCT_145374,0.4934533366448689,2025-05-16T00:00:00,2025-07-07T00:00:00
ACCT_145391,0.2791328645301581,,
ACCT_145405,0.0024664424177603325,,
ACCT_145425,0.0014945111944643602,,
ACCT_145442,0.001558435546015601,,
ACCT_145447,0.1586006619149726,,
ACCT_145454,0.007202599934270792,,
ACCT_145465,0.0011850459626168795,,
ACCT_145466,0.00163019535468047,,
ACCT_145487,0.0021718988008917464,,
ACCT_145527,0.0017914963742894016,,
ACCT_145530,0.042849221118763936,,
ACCT_145531,0.0013364483806950814,,
ACCT_145535,0.0013026847357914453,,
ACCT_145537,0.006715622224757809,,
ACCT_145559,0.01227621389314846,,
ACCT_145565,0.004090201575591953,,
ACCT_145586,0.00014550694495123044,,
ACCT_145591,0.010889501034971612,,
ACCT_145603,0.003941707657194463,,
ACCT_145608,0.004253243975313674,,
ACCT_145617,0.030396136480238832,,
ACCT_145622,0.0005213352001016194,,
ACCT_145625,0.020202045079235294,,
ACCT_145640,0.0016448455934883102,,
ACCT_145650,5.4598614430726656e-05,,
ACCT_145655,0.004299354378258813,,
ACCT_145679,0.0027285484925710047,,
ACCT_145697,0.0003324239813211237,,
ACCT_145714,0.00534144355745791,,
ACCT_145739,0.02768028177578689,,
ACCT_145752,0.0015183154237799123,,
ACCT_145768,0.0028556551111539883,,
ACCT_145773,0.0004118403961702676,,
ACCT_145815,0.0059096829484080685,,
ACCT_145818,0.00011659961509260504,,
ACCT_145825,0.0022394290364497315,,
ACCT_145827,0.5192460492579403,2024-10-05T00:00:00,2025-01-02T00:00:00
ACCT_145833,0.008780020339953785,,
ACCT_145835,0.004518384712321622,,
ACCT_145836,0.050956850152782104,,
ACCT_145838,0.00017907254563551974,,
ACCT_145857,0.0003838194675567528,,
ACCT_145892,0.010027601877087643,,
ACCT_145898,0.033914305327055236,,
ACCT_145911,0.001340431695581004,,
ACCT_145980,0.01792966521872574,,
ACCT_145982,0.005524509727885191,,
ACCT_145992,0.00046235470420075245,,
ACCT_145996,0.0051892905887089506,,
ACCT_146000,0.001690748919219959,,
ACCT_146016,0.003997668395159197,,
ACCT_146017,0.00027319803924734907,,
ACCT_146037,0.03219719871508527,,
ACCT_146043,0.05025911854376362,,
ACCT_146049,0.0005802047097678324,,
ACCT_146062,0.0012699057430562068,,
ACCT_146072,0.022364475412573775,,
ACCT_146087,0.0800759135721523,,
ACCT_146105,0.0024067555001476316,,
ACCT_146122,0.0015640422876227699,,
ACCT_146143,0.0039646381825716535,,
ACCT_146207,0.00030861441336870756,,
ACCT_146216,0.3009141273637267,2025-03-23T00:00:00,2025-06-20T00:00:00
ACCT_146235,0.0004220569010458906,,
ACCT_146278,0.8696670751409472,2025-03-21T00:00:00,2025-06-18T00:00:00
ACCT_146280,0.00633667322499961,,
ACCT_146291,0.007133718129161949,,
ACCT_146305,0.0045458448483627085,,
ACCT_146339,0.003516811120914603,,
ACCT_146341,0.0009224976826535426,,
ACCT_146343,0.21736303225106957,,
ACCT_146353,0.010544505522087919,,
ACCT_146374,0.0018626974675536704,,
ACCT_146379,0.027623354234001574,,
ACCT_146382,0.0010872518644200056,,
ACCT_146393,0.0005270967246342312,,
ACCT_146404,0.04439565671578791,,
ACCT_146405,0.0008256493534284546,,
ACCT_146409,0.0022914504172989346,,
ACCT_146426,0.03129323721755698,,
ACCT_146430,0.014480326841824234,,
ACCT_146434,0.0005042413107053495,,
ACCT_146444,0.01779034849255822,,
ACCT_146455,0.002526326048754825,,
ACCT_146463,0.08384932593424281,,
ACCT_146464,0.0009160527476079433,,
ACCT_146469,0.01578318434371478,,
ACCT_146471,0.33166867984896764,2025-02-21T00:00:00,2025-05-21T00:00:00
ACCT_146497,0.025674595367238446,,
ACCT_146498,0.0015566324285163737,,
ACCT_146518,0.04848622124615009,,
ACCT_146522,0.0031937310793280437,,
ACCT_146552,0.07357961674667081,,
ACCT_146554,0.008886422326940136,,
ACCT_146559,0.003329761343309843,,
ACCT_146573,0.008239507338491417,,
ACCT_146582,0.0005782230696830964,,
ACCT_146624,0.0007174671642724552,,
ACCT_146632,0.003509693325104339,,
ACCT_146660,0.008019400219058549,,
ACCT_146676,0.2683873491291712,,
ACCT_146700,0.0006439653039711206,,
ACCT_146709,0.015445432223419717,,
ACCT_146714,0.0009870938937607053,,
ACCT_146718,0.0033797865570584463,,
ACCT_146720,0.015468479933972054,,
ACCT_146721,0.00423033235902172,,
ACCT_146726,0.07078704691236241,,
ACCT_146755,0.0025377444727574783,,
ACCT_146761,0.0009245971109755485,,
ACCT_146773,0.001000784087445555,,
ACCT_146791,0.0055161119403327056,,
ACCT_146801,0.00018970694028628835,,
ACCT_146805,0.001116811900852359,,
ACCT_146850,0.01330498906802112,,
ACCT_146858,0.0019435970304796646,,
ACCT_146867,0.013256203586618609,,
ACCT_146871,0.008192524035577964,,
ACCT_146872,0.0004630487570174804,,
ACCT_146878,0.006965004253784907,,
ACCT_146902,0.001139251403795285,,
ACCT_146922,0.0037774159384857237,,
ACCT_146923,0.3879242054781801,2024-03-17T00:00:00,2024-06-14T00:00:00
ACCT_146927,0.01801473128836236,,
ACCT_146930,0.6008252064790617,2024-10-09T00:00:00,2025-01-06T00:00:00
ACCT_146938,0.0018736200866693964,,
ACCT_146949,0.00019140731076965263,,
ACCT_146951,0.003943168393659701,,
ACCT_146955,0.004127930984759199,,
ACCT_146969,0.0019455051571474077,,
ACCT_147002,0.0006360676753885369,,
ACCT_147012,0.002642575073435445,,
ACCT_147018,0.005290176474489485,,
ACCT_147033,0.0027313115084615165,,
ACCT_147034,0.00047673378566088115,,
ACCT_147040,0.004355220054412069,,
ACCT_147044,0.17708599615267206,,
ACCT_147049,0.0013491559482953525,,
ACCT_147062,0.026005510583412605,,
ACCT_147070,0.002217709094655316,,
ACCT_147079,0.00027521023711022275,,
ACCT_147085,0.0014356445169101972,,
ACCT_147131,0.0023122035422966244,,
ACCT_147136,0.07780094592263473,,
ACCT_147138,0.028368276644687957,,
ACCT_147139,0.004402009360793306,,
ACCT_147143,0.00832029862727086,,
ACCT_147152,0.00807142019592794,,
ACCT_147163,0.014760127705202861,,
ACCT_147167,0.0014968682307462352,,
ACCT_147171,3.434252475490583e-05,,
ACCT_147173,0.0023979479954749734,,
ACCT_147194,0.0013612533770390165,,
ACCT_147195,0.0014642532105146172,,
ACCT_147220,0.0029491734261191315,,
ACCT_147224,0.005539042484809768,,
ACCT_147230,0.0006611307551094827,,
ACCT_147235,0.015396374491159548,,
ACCT_147236,0.00017151834950777462,,
ACCT_147241,0.0041616163807834065,,
ACCT_147243,0.00019519107399771233,,
ACCT_147244,0.5006214562088375,2023-06-29T00:00:00,2023-09-26T00:00:00
ACCT_147262,0.011701425868465338,,
ACCT_147272,0.00034304569246735217,,
ACCT_147285,0.0024262230697342873,,
ACCT_147308,0.0014522466240122003,,
ACCT_147318,0.035874514111628716,,
ACCT_147328,0.00018921700755961124,,
ACCT_147336,0.004568111364253935,,
ACCT_147347,0.01285840522333739,,
ACCT_147375,0.0032459881233130026,,
ACCT_147377,0.0001446294274437805,,
ACCT_147378,0.003104797226611943,,
ACCT_147393,0.012956995673599023,,
ACCT_147398,0.007023636842554344,,
ACCT_147404,0.0008873396130414839,,
ACCT_147425,0.0016623067439454655,,
ACCT_147429,0.0019770129612558364,,
ACCT_147431,0.003654489402760101,,
ACCT_147433,0.0044439787096320375,,
ACCT_147441,0.00019346946728896684,,
ACCT_147447,0.004022818788781997,,
ACCT_147464,0.013876039348667954,,
ACCT_147465,0.004091698236585587,,
ACCT_147474,0.00851640876955562,,
ACCT_147487,0.7821181920464294,2024-02-05T00:00:00,2024-05-04T00:00:00
ACCT_147509,0.0003819397353920418,,
ACCT_147516,0.00020571262919330064,,
ACCT_147536,0.006341552101440234,,
ACCT_147541,0.0037445007000234294,,
ACCT_147565,0.010543171249800035,,
ACCT_147571,0.0004457200073384883,,
ACCT_147582,0.0196148083838795,,
ACCT_147591,0.004275756420478514,,
ACCT_147597,0.017756263697143438,,
ACCT_147622,0.0008841108561311736,,
ACCT_147624,0.0003158785717495456,,
ACCT_147631,0.0008107845307555329,,
ACCT_147638,0.0031480301780386606,,
ACCT_147676,0.007337382598512514,,
ACCT_147677,0.00018382282291728855,,
ACCT_147690,0.0003540050556319522,,
ACCT_147699,0.07038609445650919,,
ACCT_147712,0.0016691102049180555,,
ACCT_147725,0.0007153345249238995,,
ACCT_147731,0.00401579239477493,,
ACCT_147740,0.00012497449477039346,,
ACCT_147747,0.0011995467307656668,,
ACCT_147765,0.04423448705024917,,
ACCT_147801,0.00022979978338250794,,
ACCT_147806,0.001319587554307976,,
ACCT_147807,0.0056458593090604955,,
ACCT_147834,0.0519027014532772,,
ACCT_147837,0.0025428669317578063,,
ACCT_147840,0.004804065347932075,,
ACCT_147863,0.06474528006625804,,
ACCT_147868,0.000641105235431142,,
ACCT_147874,0.015351892885727848,,
ACCT_147875,0.021408942335304174,,
ACCT_147883,0.0014354275974601998,,
ACCT_147891,0.02377761610917247,,
ACCT_147893,0.0025235396680038835,,
ACCT_147910,0.002942261390277115,,
ACCT_147915,0.001461320069466943,,
ACCT_147918,0.0011484795531030865,,
ACCT_147954,0.002149782184732445,,
ACCT_147968,0.004015594217918948,,
ACCT_147970,0.002044188540945888,,
ACCT_148006,0.001362259966212651,,
ACCT_148021,0.032446946550453604,,
ACCT_148027,0.040236232875949296,,
ACCT_148039,0.0016159794878866627,,
ACCT_148041,0.15606471959062734,,
ACCT_148069,0.04568176916750554,,
ACCT_148074,0.0010284412253650946,,
ACCT_148085,0.08941778894748126,,
ACCT_148086,0.0009626974439200153,,
ACCT_148091,0.0008707625820087422,,
ACCT_148103,0.0005332745830783296,,
ACCT_148110,0.006908663980292294,,
ACCT_148116,9.647613753881426e-05,,
ACCT_148118,0.000607244719297909,,
ACCT_148119,0.00027405815059542663,,
ACCT_148142,0.0017613436440946759,,
ACCT_148143,0.0010703636721357036,,
ACCT_148150,0.03217376408535787,,
ACCT_148167,0.0008364070137585799,,
ACCT_148171,0.0002934781149159042,,
ACCT_148175,0.003768962672937421,,
ACCT_148176,0.005240063052183479,,
ACCT_148183,0.017621310501941233,,
ACCT_148204,0.00012086785537737159,,
ACCT_148210,0.04814502892670648,,
ACCT_148236,0.00499581811286954,,
ACCT_148241,0.11892133913186353,,
ACCT_148261,0.002256573435773375,,
ACCT_148268,0.009835038226584424,,
ACCT_148273,0.019749448646132185,,
ACCT_148278,0.0060135860150204255,,
ACCT_148299,0.00046835070821641875,,
ACCT_148308,0.1478382594033748,,
ACCT_148316,0.010214489881147207,,
ACCT_148318,0.014282971996929721,,
ACCT_148323,0.0016400950598359793,,
ACCT_148328,0.0019510752225101163,,
ACCT_148341,0.00040044466699092074,,
ACCT_148363,0.001284532429786702,,
ACCT_148366,0.03660695771233556,,
ACCT_148378,0.00010436974018977296,,
ACCT_148383,0.00042255958430522376,,
ACCT_148387,0.005625862176225819,,
ACCT_148388,0.0026642541068628276,,
ACCT_148392,0.0013177628078829252,,
ACCT_148394,0.0039358205735668984,,
ACCT_148395,0.001082839520412062,,
ACCT_148401,0.0004537761670411307,,
ACCT_148458,0.0014811167538436427,,
ACCT_148465,0.00022116768597765134,,
ACCT_148470,0.0007741822170564078,,
ACCT_148471,0.0011475472681712225,,
ACCT_148482,0.0019375969929177315,,
ACCT_148500,0.00015866435124710487,,
ACCT_148514,0.0007157494909452101,,
ACCT_148519,0.0366190002038685,,
ACCT_148537,0.002466637003956358,,
ACCT_148539,0.00036937597095243946,,
ACCT_148544,0.0006247549458281022,,
ACCT_148546,0.01215613677575416,,
ACCT_148571,0.0008651648915834322,,
ACCT_148581,0.003196189267474496,,
ACCT_148598,0.0012921538308320049,,
ACCT_148606,0.00040433505859393946,,
ACCT_148611,0.007537196196526251,,
ACCT_148619,0.035495257436296127,,
ACCT_148627,0.0012625008476218687,,
ACCT_148630,0.0004597794771645453,,
ACCT_148633,0.00036339652818305815,,
ACCT_148641,0.0017066849987145273,,
ACCT_148690,0.0007281498972428652,,
ACCT_148691,0.012115995048571315,,
ACCT_148698,0.03059918116858032,,
ACCT_148704,0.001733304423524817,,
ACCT_148726,0.0009769432248255534,,
ACCT_148743,0.0004221600625823609,,
ACCT_148761,0.00045335356418745325,,
ACCT_148768,0.0008374585615192508,,
ACCT_148772,0.03309083926363153,,
ACCT_148782,0.003562654428726252,,
ACCT_148808,0.0008579107277854976,,
ACCT_148811,0.0022997131277680597,,
ACCT_148849,0.003867046160857005,,
ACCT_148855,0.0018441685995490725,,
ACCT_148863,0.0012663123827929559,,
ACCT_148875,0.004377184139376678,,
ACCT_148881,0.02702088709925607,,
ACCT_148882,0.0005838505212950576,,
ACCT_148890,0.0010047891549691853,,
ACCT_148896,0.0007249624980869712,,
ACCT_148902,0.04778894317257364,,
ACCT_148908,0.00011397450989629526,,
ACCT_148916,0.002244003626837003,,
ACCT_148921,0.02957833818514749,,
ACCT_148922,0.007877291783839706,,
ACCT_148927,0.0035711559068670497,,
ACCT_148936,0.024275964369815328,,
ACCT_148948,0.030200260678975133,,
ACCT_148957,0.0012749087929284095,,
ACCT_148960,0.0010663808536468436,,
ACCT_148967,0.003721788658767134,,
ACCT_148975,0.0012387266206099908,,
ACCT_148988,0.0001662312920654555,,
ACCT_148991,0.0010041077512043888,,
ACCT_148994,0.029559170132913554,,
ACCT_149004,0.002819938247468808,,
ACCT_149008,0.0008183504514562287,,
ACCT_149010,0.44440231438015954,2025-04-02T00:00:00,2025-06-30T00:00:00
ACCT_149036,0.07457370984190208,,
ACCT_149051,0.04806342613200344,,
ACCT_149064,0.010773191445861394,,
ACCT_149096,0.0007128593433980291,,
ACCT_149121,0.5651778109952372,2024-12-21T00:00:00,2025-03-20T00:00:00
ACCT_149124,0.0027886283506716207,,
ACCT_149135,0.00252012883306945,,
ACCT_149140,0.007588313637341022,,
ACCT_149144,0.002677804113915982,,
ACCT_149147,0.007972824718419546,,
ACCT_149152,0.0056404413901355675,,
ACCT_149174,0.005510494244812053,,
ACCT_149190,0.02801666868443175,,
ACCT_149200,0.02903964297721224,,
ACCT_149207,0.010340717808441193,,
ACCT_149244,0.0012375319351922507,,
ACCT_149248,0.0500902211539123,,
ACCT_149256,0.0007580840512440513,,
ACCT_149262,0.010558108063540687,,
ACCT_149268,0.003938018729934734,,
ACCT_149284,0.007716031624097066,,
ACCT_149318,0.004125674685115285,,
ACCT_149335,0.005005312288906807,,
ACCT_149337,0.004773726875777038,,
ACCT_149341,0.00264108449373142,,
ACCT_149363,0.007869382867968022,,
ACCT_149379,0.0004572329165054679,,
ACCT_149382,0.0012775326312074579,,
ACCT_149397,0.0006029315774213883,,
ACCT_149416,0.0005242105328296047,,
ACCT_149425,0.003703155697005505,,
ACCT_149433,0.0014663029922536593,,
ACCT_149439,0.29510820908315655,,
ACCT_149456,0.044161480674374406,,
ACCT_149480,0.0005346508243702618,,
ACCT_149491,0.0010588749387727841,,
ACCT_149496,0.002207304341547751,,
ACCT_149507,0.44744703822097887,2023-05-24T00:00:00,2023-08-21T00:00:00
ACCT_149530,0.02046882107733637,,
ACCT_149538,0.0023231767439028206,,
ACCT_149541,0.0009903527992121029,,
ACCT_149556,0.0006192876059758631,,
ACCT_149560,0.03347966170540351,,
ACCT_149566,0.004951390629374122,,
ACCT_149579,0.002363392332010561,,
ACCT_149585,0.003541771680384676,,
ACCT_149588,0.0012188236158648016,,
ACCT_149594,0.6563059301246487,2023-03-04T00:00:00,2023-06-01T00:00:00
ACCT_149621,0.0016538410184282083,,
ACCT_149628,0.0019612085895199,,
ACCT_149648,0.0024747114868573445,,
ACCT_149661,0.014470128056376364,,
ACCT_149678,0.004026421617205024,,
ACCT_149709,0.00044713520175907357,,
ACCT_149712,0.001743391795046222,,
ACCT_149727,0.0028604435134164724,,
ACCT_149735,0.0018454663875855822,,
ACCT_149760,0.0020365128691357225,,
ACCT_149766,0.02400253693866105,,
ACCT_149781,0.0018688675588844465,,
ACCT_149788,0.036618049929191154,,
ACCT_149790,0.0009816651837119758,,
ACCT_149794,0.014419885867473808,,
ACCT_149798,0.0073728455723691706,,
ACCT_149801,0.0007523349614813468,,
ACCT_149806,0.010462281886327581,,
ACCT_149830,0.0013457912823350464,,
ACCT_149836,0.009386256733459991,,
ACCT_149840,0.01010835002392841,,
ACCT_149848,0.0038556846681555546,,
ACCT_149873,0.04167923230123258,,
ACCT_149920,0.012759109004659808,,
ACCT_149961,0.0004379416784065212,,
ACCT_149982,0.0016358322536693943,,
ACCT_150019,0.0003006318976764715,,
ACCT_150021,0.008933363009009371,,
ACCT_150049,0.012194005555485103,,
ACCT_150066,0.005042293315286084,,
ACCT_150068,0.027454422225746917,,
ACCT_150075,0.00088024133558671,,
ACCT_150097,0.0007307455562846305,,
ACCT_150109,0.004871285075612906,,
ACCT_150151,0.005138379189687572,,
ACCT_150152,0.0016062583703083185,,
ACCT_150153,0.003882773641926883,,
ACCT_150154,0.046270827816161215,,
ACCT_150170,0.0013739230578062537,,
ACCT_150185,0.0008109779173858757,,
ACCT_150216,0.034507301398847945,,
ACCT_150220,0.001421908925333438,,
ACCT_150231,0.0010419726051383142,,
ACCT_150232,0.0015889672623098697,,
ACCT_150237,0.00419392035807408,,
ACCT_150247,0.0017016916119131343,,
ACCT_150256,0.002757862029802453,,
ACCT_150270,0.015777630295578694,,
ACCT_150300,0.04107236894737501,,
ACCT_150327,0.08204353765802111,,
ACCT_150329,0.01154317443174254,,
ACCT_150358,0.006458190557070004,,
ACCT_150369,0.0004667723339966209,,
ACCT_150371,0.00044812637147560963,,
ACCT_150385,0.004685152495987282,,
ACCT_150427,0.00659883352940905,,
ACCT_150432,0.0009946123091087167,,
ACCT_150433,0.002644633233085869,,
ACCT_150439,0.1023788710480168,,
ACCT_150446,0.008243044363759281,,
ACCT_150483,0.002192591540020915,,
ACCT_150501,8.398670639858065e-05,,
ACCT_150507,0.00034824931084498334,,
ACCT_150524,0.013276182249857984,,
ACCT_150547,0.0033196353304082056,,
ACCT_150559,8.138637571395392e-05,,
ACCT_150614,0.0003406149716114793,,
ACCT_150633,0.05572386340265467,,
ACCT_150640,0.0003033115395845455,,
ACCT_150644,0.0010589299247569435,,
ACCT_150649,0.0013190977458563797,,
ACCT_150654,0.00012317098993780607,,
ACCT_150675,0.003881474523921905,,
ACCT_150688,0.0015915624563794628,,
ACCT_150738,0.024381163571654436,,
ACCT_150762,0.0002750844642433887,,
ACCT_150763,0.007934060119748088,,
ACCT_150774,0.027895617237538056,,
ACCT_150776,0.0472064696632775,,
ACCT_150786,0.0018278689608529914,,
ACCT_150795,0.0016703136392033978,,
ACCT_150801,0.007903566807349086,,
ACCT_150804,0.0024336420108751777,,
ACCT_150805,0.06712123552555745,,
ACCT_150807,0.0014068314802418128,,
ACCT_150822,0.00253720006837401,,
ACCT_150826,0.002839089147991799,,
ACCT_150829,0.0070659198586259285,,
ACCT_150841,0.004359055909246387,,
ACCT_150858,0.0017792786338033562,,
ACCT_150877,0.000495403990361667,,
ACCT_150892,0.06480157582048642,,
ACCT_150905,0.0020042334509413513,,
ACCT_150911,0.050737341349905894,,
ACCT_150925,0.0044193785721193665,,
ACCT_150927,0.003111755815340652,,
ACCT_150934,0.0011637272982519924,,
ACCT_150939,0.00015651764691056004,,
ACCT_150943,0.0007939266801298402,,
ACCT_151006,0.04970831932997971,,
ACCT_151034,0.00020422749295016573,,
ACCT_151037,0.0827781891879663,,
ACCT_151078,0.004483688553289093,,
ACCT_151084,0.0026381958093832474,,
ACCT_151119,0.0025129522318731285,,
ACCT_151136,0.0021217724194945915,,
ACCT_151161,0.0106508679905959,,
ACCT_151174,0.0012630360492904276,,
ACCT_151191,0.0003558354545263636,,
ACCT_151203,0.000667403631189784,,
ACCT_151217,0.00048144143077788264,,
ACCT_151235,0.013082877168959752,,
ACCT_151245,0.020877006948652653,,
ACCT_151251,0.00732375198241976,,
ACCT_151311,0.0036131508792534863,,
ACCT_151326,0.13625114919459852,,
ACCT_151335,0.0011787429575041749,,
ACCT_151342,0.004344901356724732,,
ACCT_151354,0.00044860962785746577,,
ACCT_151356,0.005023905266925376,,
ACCT_151371,0.007293141585927703,,
ACCT_151374,0.0014175758316149554,,
ACCT_151378,0.07483943345174118,,
ACCT_151396,0.0024308509666966715,,
ACCT_151398,0.0007860587539680639,,
ACCT_151423,0.004072824265217162,,
ACCT_151429,0.0005749221020453324,,
ACCT_151469,0.29799532616492713,,
ACCT_151504,0.000337918234333746,,
ACCT_151516,0.13760995617637534,,
ACCT_151517,0.004421371524146932,,
ACCT_151522,0.012851059774798057,,
ACCT_151576,0.006360812285357164,,
ACCT_151591,0.0007242949262813855,,
ACCT_151605,0.009108314441579626,,
ACCT_151612,0.006754455494740729,,
ACCT_151628,0.9851531482761325,2025-03-04T00:00:00,2025-06-01T00:00:00
ACCT_151650,0.00618997035563165,,
ACCT_151657,0.0021836283380592333,,
ACCT_151663,0.03553171372027687,,
ACCT_151664,0.0005242420805714718,,
ACCT_151666,0.0030118829176772367,,
ACCT_151683,0.0008852129119757447,,
ACCT_151687,0.005878401341810767,,
ACCT_151714,0.0002770204828153268,,
ACCT_151732,0.09021908402494214,,
ACCT_151757,0.0004751978677971703,,
ACCT_151763,0.005094288220186071,,
ACCT_151769,0.002914969950504993,,
ACCT_151770,0.001012100385911563,,
ACCT_151814,0.0009419762208812599,,
ACCT_151831,0.002540325945013504,,
ACCT_151836,0.0012683637487215318,,
ACCT_151839,0.0018980725519941975,,
ACCT_151851,0.0023696619615197053,,
ACCT_151872,0.0017594725763316805,,
ACCT_151889,0.005436557709610463,,
ACCT_151896,0.013101232456314515,,
ACCT_151909,0.028576774692783236,,
ACCT_151931,0.0043016360450623976,,
ACCT_151935,0.00022618013795318862,,
ACCT_151949,0.0038161318736735367,,
ACCT_151961,0.0025346898173324106,,
ACCT_151973,0.003373373795418273,,
ACCT_151980,0.017216453082825805,,
ACCT_151991,0.0002936615854425645,,
ACCT_152000,0.0003752866602418129,,
ACCT_152002,0.006923006118378129,,
ACCT_152017,0.0019866650336360955,,
ACCT_152031,0.00023966308413818425,,
ACCT_152055,0.023359247033067652,,
ACCT_152057,0.0015411970171562944,,
ACCT_152083,0.0002967522304727468,,
ACCT_152087,0.0011963875357585572,,
ACCT_152092,0.0016291572241432823,,
ACCT_152108,0.004249109021508269,,
ACCT_152112,0.0031570492767947446,,
ACCT_152118,0.0002243655622233982,,
ACCT_152126,0.0004958896431788848,,
ACCT_152129,0.010229183769413477,,
ACCT_152137,0.042650717280986,,
ACCT_152146,0.0012006216908180627,,
ACCT_152152,0.0032926765769027847,,
ACCT_152153,0.0010765846397676729,,
ACCT_152165,0.04533264647697496,,
ACCT_152167,0.0003822554017839573,,
ACCT_152170,0.0076050345868837995,,
ACCT_152175,0.004448832580128077,,
ACCT_152179,0.01114492940659703,,
ACCT_152193,0.00046487283484364925,,
ACCT_152206,0.020894391357295962,,
ACCT_152218,0.04253596266663195,,
ACCT_152221,0.012198139050323369,,
ACCT_152239,0.012443548153771604,,
ACCT_152241,0.0031890940118755665,,
ACCT_152245,0.021333595611896787,,
ACCT_152278,0.03636051448418591,,
ACCT_152280,0.0006850340254445945,,
ACCT_152295,0.00036484508573326823,,
ACCT_152300,0.008754258518275913,,
ACCT_152304,0.017595070335266673,,
ACCT_152309,0.00038080363868474656,,
ACCT_152313,0.004506589457399092,,
ACCT_152340,0.006377034969807692,,
ACCT_152349,0.010432976029408774,,
ACCT_152352,0.00028587007960444134,,
ACCT_152360,0.000867055867448067,,
ACCT_152387,0.0005627871004600936,,
ACCT_152388,0.0028569571317155675,,
ACCT_152390,0.00314592593503253,,
ACCT_152407,0.0021358191423204273,,
ACCT_152421,0.00082393463361886,,
ACCT_152445,0.07055800680219429,,
ACCT_152452,0.182041091702881,,
ACCT_152523,0.14544642113975875,,
ACCT_152524,0.0005003501341110017,,
ACCT_152530,0.03695341985647262,,
ACCT_152532,0.014224244411265935,,
ACCT_152535,0.0022661232152258745,,
ACCT_152592,0.020958371957958195,,
ACCT_152604,0.0008841564960527327,,
ACCT_152623,0.002876923794446872,,
ACCT_152626,0.0072623524996979615,,
ACCT_152632,0.002126338004516119,,
ACCT_152650,0.003240144632502817,,
ACCT_152651,0.011514682094201192,,
ACCT_152654,0.009065792811995802,,
ACCT_152679,0.002124282984124137,,
ACCT_152682,0.0031136936698585036,,
ACCT_152699,0.002370844113392825,,
ACCT_152701,0.0041448999571947216,,
ACCT_152704,0.0018037007108441135,,
ACCT_152720,0.013103217526204807,,
ACCT_152723,0.0014748904062098346,,
ACCT_152752,0.011707216361018319,,
ACCT_152763,0.0028865491688880975,,
ACCT_152772,0.05380610936668153,,
ACCT_152789,0.006334794296009358,,
ACCT_152807,0.000915569973392342,,
ACCT_152820,0.008454096633154374,,
ACCT_152840,0.022451038486973145,,
ACCT_152845,0.08673411219237702,,
ACCT_152869,0.0007465237237099819,,
ACCT_152877,0.013629420963802041,,
ACCT_152900,0.005611324035113512,,
ACCT_152907,0.0007444497039808405,,
ACCT_152908,0.0071158876136672685,,
ACCT_152926,0.0034609674821302156,,
ACCT_152929,0.0018008075911492203,,
ACCT_152939,0.007276826536666572,,
ACCT_152967,0.060069472754708676,,
ACCT_152971,0.0007247820631138908,,
ACCT_152975,8.068667727403372e-05,,
ACCT_152989,0.043052556126596815,,
ACCT_152993,0.007914011113364525,,
ACCT_152996,0.0064902257634527755,,
ACCT_153001,0.00484971257056179,,
ACCT_153038,0.0026335342922255882,,
ACCT_153049,0.04434425667001871,,
ACCT_153052,0.00042804167000089715,,
ACCT_153062,0.00505700517920351,,
ACCT_153065,0.03588805911680617,,
ACCT_153103,0.0031515782140555037,,
ACCT_153112,0.0072006018909864635,,
ACCT_153117,0.002958313238760535,,
ACCT_153120,0.0038084775315153684,,
ACCT_153122,0.008526052500397185,,
ACCT_153125,0.00245508434771845,,
ACCT_153145,0.0007958341970347154,,
ACCT_153172,0.011212038271387267,,
ACCT_153179,0.0018197198991361176,,
ACCT_153188,0.0008161124091172805,,
ACCT_153196,0.1369565036013445,,
ACCT_153225,0.0017060956489165975,,
ACCT_153233,0.05103999152365572,,
ACCT_153239,0.009888719822901921,,
ACCT_153242,0.005876771878818682,,
ACCT_153247,0.018243639062525543,,
ACCT_153257,0.00016130354686451503,,
ACCT_153260,0.00411210307583137,,
ACCT_153277,0.00149189781552096,,
ACCT_153282,0.004028735611529082,,
ACCT_153305,0.0007966614228412735,,
ACCT_153322,0.001080482943493996,,
ACCT_153324,0.0015299538353716782,,
ACCT_153334,0.0003515028448919892,,
ACCT_153338,0.00047448536837271733,,
ACCT_153345,0.012790268524419737,,
ACCT_153351,0.004502108675458756,,
ACCT_153354,0.0011620503464045268,,
ACCT_153356,0.0019202101596746996,,
ACCT_153366,0.0038830474317459807,,
ACCT_153371,0.00043110968250978317,,
ACCT_153380,0.00834400181183582,,
ACCT_153383,0.0006919392000430169,,
ACCT_153385,0.005321910021581391,,
ACCT_153424,0.0017291111578205827,,
ACCT_153425,0.0003119331479647778,,
ACCT_153428,0.0022642614919209793,,
ACCT_153440,0.001291411113565764,,
ACCT_153454,0.08144233539787572,,
ACCT_153456,0.0037593953306812276,,
ACCT_153471,0.0005671141853355844,,
ACCT_153483,0.0005779064053318746,,
ACCT_153500,0.03252452305440172,,
ACCT_153505,0.000786476880412232,,
ACCT_153506,0.0034678177511282132,,
ACCT_153517,0.0013372207474093103,,
ACCT_153556,0.0018987995276835382,,
ACCT_153582,0.0003688588579504169,,
ACCT_153585,0.5575212131952765,2024-03-14T00:00:00,2024-06-11T00:00:00
ACCT_153624,0.01339134915535048,,
ACCT_153625,0.03747499122262611,,
ACCT_153642,0.000752207094835763,,
ACCT_153673,0.001212685700375437,,
ACCT_153687,0.0002503945162947995,,
ACCT_153695,0.00010089231813333426,,
ACCT_153744,0.0007094694989300298,,
ACCT_153755,0.0028353259207436797,,
ACCT_153760,0.0005244394916556273,,
ACCT_153767,0.015884896209417666,,
ACCT_153774,0.0021633639242597596,,
ACCT_153796,0.0029587617254756586,,
ACCT_153801,0.0006678500802161309,,
ACCT_153804,0.0009793333828702607,,
ACCT_153813,0.00918508182681008,,
ACCT_153820,8.252721219626789e-05,,
ACCT_153833,0.00018901976866598946,,
ACCT_153860,0.010742789018551241,,
ACCT_153864,0.010758800248451574,,
ACCT_153867,0.03126794246577636,,
ACCT_153892,0.0004908648679334941,,
ACCT_153893,0.005225207092241411,,
ACCT_153904,0.004165360621748214,,
ACCT_153907,0.0024300635892108716,,
ACCT_153922,0.011661349813772858,,
ACCT_153948,0.0006146816659599292,,
ACCT_153954,0.0004505744634803424,,
ACCT_153969,0.00464483360995657,,
ACCT_153984,0.007348339446810891,,
ACCT_153993,0.002891342603627735,,
ACCT_153994,0.004170885958720415,,
ACCT_154032,0.019303137473417088,,
ACCT_154054,0.03053904798098219,,
ACCT_154067,0.00845281002828595,,
ACCT_154071,0.002155915133519782,,
ACCT_154078,0.0011908253754678104,,
ACCT_154085,0.005707738925574047,,
ACCT_154097,0.001480025977712927,,
ACCT_154112,0.000814521708051389,,
ACCT_154130,0.08134104016006538,,
ACCT_154131,0.0005641154787402044,,
ACCT_154133,0.0009546288981169715,,
ACCT_154140,0.19167706317748653,,
ACCT_154142,0.0026579452211993398,,
ACCT_154151,0.0025469935266201516,,
ACCT_154164,0.0018547678164831257,,
ACCT_154165,0.0002116923801871341,,
ACCT_154171,0.12245297259533502,,
ACCT_154202,0.00022778070185618875,,
ACCT_154203,0.020582881868389902,,
ACCT_154208,0.0014198250172865264,,
ACCT_154211,0.0012110173706060602,,
ACCT_154224,0.0022971178395731584,,
ACCT_154256,0.04642774317190028,,
ACCT_154284,0.005203114287627908,,
ACCT_154315,0.002197803636699382,,
ACCT_154318,0.0020738766714979073,,
ACCT_154340,0.0017522034734152897,,
ACCT_154356,0.0014131623009548376,,
ACCT_154375,0.0029929200447248614,,
ACCT_154390,0.0002637751996507608,,
ACCT_154423,0.0023332712165314547,,
ACCT_154432,0.002996523174375734,,
ACCT_154434,0.04576890212755465,,
ACCT_154464,0.0001160830691943456,,
ACCT_154473,0.004143898492032403,,
ACCT_154474,0.00018879522383872068,,
ACCT_154488,0.010715167837692144,,
ACCT_154510,0.00025135068601785283,,
ACCT_154519,0.001551410560981194,,
ACCT_154525,0.0009941730608468088,,
ACCT_154526,0.0035809692331701484,,
ACCT_154537,0.22556924597111827,,
ACCT_154542,0.00050471867614741,,
ACCT_154547,0.005121559578585659,,
ACCT_154553,0.005904107776674857,,
ACCT_154557,0.10375589080820988,,
ACCT_154559,0.03364404533384229,,
ACCT_154567,0.004591164570794998,,
ACCT_154570,0.0007126926993352873,,
ACCT_154578,0.11317068060151896,,
ACCT_154583,0.005462485010540927,,
ACCT_154596,0.00017204408367447942,,
ACCT_154605,0.25608102107353303,,
ACCT_154610,0.0009732195104213496,,
ACCT_154612,0.00044127382570441093,,
ACCT_154639,0.0009556534083537355,,
ACCT_154641,0.01830056124879714,,
ACCT_154645,0.0010108325318457059,,
ACCT_154658,0.0016141741683382547,,
ACCT_154690,0.0024842079936243187,,
ACCT_154692,0.008030444401785065,,
ACCT_154701,0.0023376204154541636,,
ACCT_154704,0.002465967111026527,,
ACCT_154734,0.004100516435732936,,
ACCT_154744,0.00037364308871769167,,
ACCT_154747,0.1168699610048894,,
ACCT_154754,0.016367684783396556,,
ACCT_154757,0.011622719737810535,,
ACCT_154770,0.015346626301957631,,
ACCT_154788,0.003967917794026658,,
ACCT_154805,0.00020646265384459856,,
ACCT_154816,0.0015533621389278076,,
ACCT_154827,0.02625659621257203,,
ACCT_154835,0.01494765148042582,,
ACCT_154855,0.205287584026384,,
ACCT_154876,0.005561273590448382,,
ACCT_154901,0.0016376812800528045,,
ACCT_154923,0.07475112510766677,,
ACCT_154937,0.007601811304162933,,
ACCT_154948,0.09965872688280555,,
ACCT_154958,0.19914707845533175,,
ACCT_154961,0.0003319942423636531,,
ACCT_154979,0.006450076658093847,,
ACCT_154984,0.2488424293469024,,
ACCT_154986,0.21302543078817152,,
ACCT_154998,0.01027578333753711,,
ACCT_155013,0.02434562692009396,,
ACCT_155021,0.0024320751766864672,,
ACCT_155022,0.00043315879455728325,,
ACCT_155041,0.03185106039543625,,
ACCT_155057,0.015005924735045088,,
ACCT_155059,0.00017387036718039274,,
ACCT_155072,0.016782923683070806,,
ACCT_155077,0.004877392182706173,,
ACCT_155079,0.0008602118762170488,,
ACCT_155102,0.04041118415512114,,
ACCT_155116,0.008847373315711058,,
ACCT_155117,0.028886119360323547,,
ACCT_155122,0.001240336795000794,,
ACCT_155127,0.00235879726150502,,
ACCT_155141,0.004121246978772688,,
ACCT_155149,0.0016106887485981727,,
ACCT_155151,0.00024174149129429037,,
ACCT_155159,0.0006380744424052444,,
ACCT_155224,0.19345601151854747,,
ACCT_155242,0.0074533828480799185,,
ACCT_155260,7.427806680481204e-05,,
ACCT_155280,0.000455824726742231,,
ACCT_155288,0.00045351632276790214,,
ACCT_155299,0.0006303701952506928,,
ACCT_155318,0.0027522319297893483,,
ACCT_155322,0.000901869373993263,,
ACCT_155327,0.010861040346565405,,
ACCT_155375,0.0011033544320257235,,
ACCT_155386,0.0012785812494396473,,
ACCT_155393,0.06592074172376707,,
ACCT_155396,0.0008789712843258659,,
ACCT_155407,0.004970267331634692,,
ACCT_155417,0.03201217899433041,,
ACCT_155431,0.0031157924920558492,,
ACCT_155437,0.0005839337604552442,,
ACCT_155440,0.002008021822731348,,
ACCT_155446,0.020037469803032726,,
ACCT_155448,0.00013343530408036668,,
ACCT_155458,0.008634605962849318,,
ACCT_155469,0.003280025605306923,,
ACCT_155474,0.006921436272633226,,
ACCT_155496,0.028050785208080454,,
ACCT_155525,0.0018666315383518053,,
ACCT_155534,0.00013042067603063107,,
ACCT_155537,0.0025704093130387326,,
ACCT_155542,0.008424644188152152,,
ACCT_155545,0.007090684573918824,,
ACCT_155549,0.009824788844870714,,
ACCT_155588,0.0002903544691862828,,
ACCT_155594,0.0006415124168484958,,
ACCT_155605,0.2784691312788356,,
ACCT_155612,0.004165810721949737,,
ACCT_155636,0.0018981087768971654,,
ACCT_155637,0.0020508968775975354,,
ACCT_155647,0.0008098514153262006,,
ACCT_155652,0.017749395998902396,,
ACCT_155654,0.007088264483175513,,
ACCT_155657,0.004951769207746896,,
ACCT_155676,0.0023808268932263834,,
ACCT_155690,0.01807832805107746,,
ACCT_155692,0.0010966228929510423,,
ACCT_155701,0.0025867002751508174,,
ACCT_155714,0.0005516711142829299,,
ACCT_155723,0.00027502123065668485,,
ACCT_155734,0.0012607943663360682,,
ACCT_155739,0.004102612607049752,,
ACCT_155742,0.02226940190015182,,
ACCT_155753,0.001544748976742973,,
ACCT_155770,0.03382146828281794,,
ACCT_155789,0.0002323665601623118,,
ACCT_155790,0.00878303778192219,,
ACCT_155798,0.00029456572252028486,,
ACCT_155802,0.026687577924161383,,
ACCT_155810,0.028921979215559706,,
ACCT_155814,0.005861636477778547,,
ACCT_155821,0.0022104772466536885,,
ACCT_155833,0.008585653745848527,,
ACCT_155834,0.0005081566936992165,,
ACCT_155867,0.0009548989125865053,,
ACCT_155888,0.04020537285868943,,
ACCT_155889,0.0011253384313728264,,
ACCT_155902,0.00032229643989925756,,
ACCT_155903,0.08157469593594374,,
ACCT_155920,0.00038650866126548647,,
ACCT_155942,0.0077308597009557705,,
ACCT_155945,4.0077432631951385e-05,,
ACCT_155949,0.00041618569760850196,,
ACCT_155970,0.0007872739285163171,,
ACCT_155974,0.0005750391296247541,,
ACCT_156007,0.007583163138359127,,
ACCT_156033,0.023550966858096226,,
ACCT_156044,0.10685805589920923,,
ACCT_156045,0.0006206333462399741,,
ACCT_156048,0.011025886863211936,,
ACCT_156059,0.0002468499243161926,,
ACCT_156064,0.0004748935876518398,,
ACCT_156078,0.001625155635850448,,
ACCT_156090,0.004817562042649807,,
ACCT_156097,0.0229692715483437,,
ACCT_156111,0.09423748320515407,,
ACCT_156112,0.15394901467764682,,
ACCT_156115,0.05151581946291047,,
ACCT_156120,0.002445249047576983,,
ACCT_156121,0.03663201628846551,,
ACCT_156132,0.31996138016760906,,
ACCT_156146,0.00015401190308541243,,
ACCT_156166,0.00047880032026335895,,
ACCT_156204,0.002892735042441392,,
ACCT_156240,0.0033476235718018083,,
ACCT_156265,0.013135344512642744,,
ACCT_156272,0.0012879894340161375,,
ACCT_156278,0.002228864666292809,,
ACCT_156297,0.18613431568912436,,
ACCT_156329,0.005123325336020833,,
ACCT_156332,0.0012621795393567199,,
ACCT_156334,0.0018548150357083856,,
ACCT_156369,0.0008483013250905164,,
ACCT_156377,0.0025048386633404335,,
ACCT_156387,0.00030960879208479457,,
ACCT_156397,0.00016025105042233643,,
ACCT_156407,0.004339139791035532,,
ACCT_156414,0.0067162998477022185,,
ACCT_156422,0.0007013323440459545,,
ACCT_156431,0.00026108835950165656,,
ACCT_156442,0.00021544443715306857,,
ACCT_156476,0.0318880970688364,,
ACCT_156493,0.004255446481799345,,
ACCT_156504,0.011894961580711112,,
ACCT_156530,0.0008227842344744679,,
ACCT_156548,0.01933616784876519,,
ACCT_156549,0.005432172891216892,,
ACCT_156555,0.0003101667198919569,,
ACCT_156623,0.0009901804814861066,,
ACCT_156627,0.0007519702529371834,,
ACCT_156635,0.004241784607002473,,
ACCT_156656,0.13800563088251017,,
ACCT_156702,0.0008759215393058092,,
ACCT_156708,0.07027716923940953,,
ACCT_156723,0.00038340469029773315,,
ACCT_156748,0.0015836251351178745,,
ACCT_156756,0.004039745407805744,,
ACCT_156818,0.00025874306815465317,,
ACCT_156844,0.004699742424999982,,
ACCT_156852,0.0008946046744282251,,
ACCT_156866,0.0007346914063777787,,
ACCT_156867,0.0010234340450111388,,
ACCT_156875,0.0020388081241956577,,
ACCT_156904,0.005072808781062666,,
ACCT_156908,0.002108574677833796,,
ACCT_156923,0.0331925335459376,,
ACCT_156928,0.00048575754512239283,,
ACCT_156940,0.0018161134972983456,,
ACCT_156966,0.0015683000436826522,,
ACCT_156974,0.0024867643547575985,,
ACCT_156995,0.16139350309174438,,
ACCT_157001,0.002924495974512361,,
ACCT_157002,0.011403647819724968,,
ACCT_157009,0.06624113587142354,,
ACCT_157047,0.00037629543592717865,,
ACCT_157048,0.00015045435514682819,,
ACCT_157070,0.01029231501848829,,
ACCT_157071,0.0030702205940895382,,
ACCT_157075,0.02464113553634157,,
ACCT_157077,0.061369000109425455,,
ACCT_157108,0.0007022606193842608,,
ACCT_157115,0.010891718272066506,,
ACCT_157119,0.0013289938751254332,,
ACCT_157121,0.0012351076721168735,,
ACCT_157137,5.848072622498076e-05,,
ACCT_157148,0.0005203997798926787,,
ACCT_157167,0.0011932852528058753,,
ACCT_157173,0.0034368172970257876,,
ACCT_157199,0.025740036646695025,,
ACCT_157209,0.0025200351804781323,,
ACCT_157213,0.005453991385241133,,
ACCT_157214,0.0015313146041928815,,
ACCT_157219,0.0009457065290283771,,
ACCT_157223,0.0004520529376244844,,
ACCT_157232,0.07761006513203594,,
ACCT_157235,0.0005386704008209759,,
ACCT_157281,0.0007845864151042867,,
ACCT_157282,0.0023924886448587995,,
ACCT_157286,0.03248775607209757,,
ACCT_157288,0.00023536028621864405,,
ACCT_157293,0.0012396934315420326,,
ACCT_157308,0.013789225898665224,,
ACCT_157368,0.0005162010921141353,,
ACCT_157386,0.008981912000695874,,
ACCT_157394,0.0032073912446401996,,
ACCT_157398,0.031546016059999474,,
ACCT_157411,0.037892351075918373,,
ACCT_157416,0.000759997830168682,,
ACCT_157430,0.5889971651386101,2023-05-18T00:00:00,2023-08-15T00:00:00
ACCT_157436,0.024520980251423484,,
ACCT_157440,0.470690633525369,2024-04-27T00:00:00,2024-07-25T00:00:00
ACCT_157445,0.00012496830378917403,,
ACCT_157473,0.0009671402793313333,,
ACCT_157474,0.008622695185067173,,
ACCT_157499,0.007215198838333023,,
ACCT_157512,0.007369597536886411,,
ACCT_157529,0.003685428345261155,,
ACCT_157536,0.0007324475844679263,,
ACCT_157537,0.0005653434632305807,,
ACCT_157551,0.0015236378911146558,,
ACCT_157559,0.0017618107779241842,,
ACCT_157569,0.0026343362565624095,,
ACCT_157595,0.014844738616633744,,
ACCT_157613,0.09155782274857371,,
ACCT_157650,0.000832193020024883,,
ACCT_157652,0.0019968618424031108,,
ACCT_157663,0.00537654061453287,,
ACCT_157667,0.0015092146541878728,,
ACCT_157669,0.002435101963257722,,
ACCT_157684,0.021411384238873447,,
ACCT_157713,0.0005099702073422021,,
ACCT_157721,0.00033913830100093853,,
ACCT_157723,9.043482163446022e-05,,
ACCT_157724,0.0006162134954065286,,
ACCT_157733,0.013401962696380113,,
ACCT_157754,0.006168039249716073,,
ACCT_157782,0.029407820686458853,,
ACCT_157811,0.0007399838260305383,,
ACCT_157837,0.0011702807914106546,,
ACCT_157841,0.004716295443892127,,
ACCT_157854,0.0005402558431431765,,
ACCT_157867,0.004810756689457587,,
ACCT_157871,0.0013228580091243125,,
ACCT_157948,0.0009081069343310521,,
ACCT_157955,0.008594280892543221,,
ACCT_157957,0.0012281254173136294,,
ACCT_157966,0.7938307382937604,2024-08-25T00:00:00,2024-11-22T00:00:00
ACCT_157997,0.003057667991856785,,
ACCT_158016,0.0930577699064238,,
ACCT_158047,0.0001802068428699273,,
ACCT_158052,0.01512186155701738,,
ACCT_158053,0.00016757642683450135,,
ACCT_158065,0.0077705508496803185,,
ACCT_158074,0.002793145664675598,,
ACCT_158088,0.00018178081182151765,,
ACCT_158089,0.000712689233319857,,
ACCT_158115,0.01214623546317087,,
ACCT_158121,0.0020614353233498013,,
ACCT_158133,0.10277685584534654,,
ACCT_158141,0.025378139146677785,,
ACCT_158143,0.013381897617085897,,
ACCT_158163,0.001153702047931911,,
ACCT_158168,0.014281195732373918,,
ACCT_158172,0.0002079257857573378,,
ACCT_158186,0.0017580234972189314,,
ACCT_158191,0.013091874966621805,,
ACCT_158194,0.033646502367333284,,
ACCT_158202,0.000268245736049235,,
ACCT_158209,0.0029369104002256066,,
ACCT_158217,0.0005561266343999032,,
ACCT_158220,0.012166734288604712,,
ACCT_158229,0.007772098936857159,,
ACCT_158230,0.0023525146938321246,,
ACCT_158244,0.0014194628802619087,,
ACCT_158258,0.002021128950198784,,
ACCT_158293,0.00010463272034554871,,
ACCT_158299,0.002809208378500022,,
ACCT_158311,0.0004213542691028694,,
ACCT_158341,0.0004874204060816862,,
ACCT_158366,0.002686657728843237,,
ACCT_158385,0.0008161803364642268,,
ACCT_158399,0.009785906942049134,,
ACCT_158409,0.00171689555079286,,
ACCT_158412,0.0009123524446999735,,
ACCT_158417,0.00846198953760963,,
ACCT_158418,0.00036077186966091654,,
ACCT_158426,0.00014271857429641214,,
ACCT_158430,0.007341683238136121,,
ACCT_158439,0.0008071488866185538,,
ACCT_158459,0.00572109042233786,,
ACCT_158463,0.0016983248396049348,,
ACCT_158464,0.00016468937301919218,,
ACCT_158471,0.0002564761878752915,,
ACCT_158479,0.014220860119217619,,
ACCT_158490,0.0027245413678559766,,
ACCT_158516,0.005447249086837439,,
ACCT_158521,0.022475077076665916,,
ACCT_158539,0.0014113656706880127,,
ACCT_158543,0.0008128578979237523,,
ACCT_158561,0.0020242697812100975,,
ACCT_158562,0.06840094523574405,,
ACCT_158570,0.040158630472924464,,
ACCT_158581,0.023511819016994773,,
ACCT_158598,6.092818092218367e-05,,
ACCT_158603,0.1789418353448096,,
ACCT_158605,0.003370857678083222,,
ACCT_158606,0.004522132357395425,,
ACCT_158610,0.016799314073962728,,
ACCT_158617,0.028822600932406593,,
ACCT_158657,0.0011948895821812596,,
ACCT_158658,0.003348684505866404,,
ACCT_158659,0.001076662956511436,,
ACCT_158666,0.03546311747297007,,
ACCT_158682,0.002097968350646428,,
ACCT_158772,0.0027172044074515655,,
ACCT_158777,0.0003325443293549053,,
ACCT_158780,0.0008269579585546078,,
ACCT_158782,0.015114827960516008,,
ACCT_158799,0.0031381134542143698,,
ACCT_158826,0.0015398496706529666,,
ACCT_158833,0.09060289562047923,,
ACCT_158892,0.015058457131709405,,
ACCT_158893,0.003746365005577201,,
ACCT_158907,0.1975027499879133,,
ACCT_158908,0.005449254999632156,,
ACCT_158912,0.00014751495286711544,,
ACCT_158914,0.0016216849229083543,,
ACCT_158936,0.0020728251424471855,,
ACCT_158971,0.0025189026100682814,,
ACCT_158999,0.0007864029423244655,,
ACCT_159011,0.001019204799996872,,
ACCT_159016,0.04976189948995911,,
ACCT_159033,0.0007574702803201057,,
ACCT_159049,0.0008595439517394228,,
ACCT_159059,0.0011592943907549212,,
ACCT_159062,0.0372363042755646,,
ACCT_159069,0.15357716979297212,,
ACCT_159077,0.0048855822930266475,,
ACCT_159082,0.010689909625398819,,
ACCT_159085,0.004632643774097031,,
ACCT_159101,0.0011087222325232586,,
ACCT_159105,0.027595937241524378,,
ACCT_159125,0.006301647111644239,,
ACCT_159133,0.000492230796637785,,
ACCT_159142,0.002145131583707288,,
ACCT_159144,0.0038344614022381,,
ACCT_159154,0.00016365817551741458,,
ACCT_159164,0.0010478592570732264,,
ACCT_159177,0.004425151076166299,,
ACCT_159206,0.0012768290155249144,,
ACCT_159217,0.0009454698722388815,,
ACCT_159228,0.0005809710163817312,,
ACCT_159229,0.04622102344426561,,
ACCT_159241,0.0007631886740097995,,
ACCT_159253,0.006090382884412574,,
ACCT_159271,0.172551378870017,,
ACCT_159277,0.0025325630610334125,,
ACCT_159284,0.02609390525945135,,
ACCT_159293,0.0034068821504317066,,
ACCT_159303,0.001458048616420305,,
ACCT_159320,0.0018807143128748778,,
ACCT_159334,0.09211175524146913,,
ACCT_159351,0.003914306352364092,,
ACCT_159371,0.003819777047427444,,
ACCT_159383,0.0015823813767727561,,
ACCT_159388,0.0011937122951547626,,
ACCT_159392,0.00046719755158739634,,
ACCT_159399,0.00196083372246405,,
ACCT_159453,0.4910671584355132,,
ACCT_159456,0.0006542607018982644,,
ACCT_159461,0.000247284165943381,,
ACCT_159497,0.00395870039914214,,
ACCT_159504,0.0002050755848000669,,
ACCT_159543,0.00023409615130782281,,
ACCT_159559,0.00028080668944498085,,
ACCT_159563,0.08384630665811862,,
ACCT_159570,0.006217959104005733,,
ACCT_159588,0.05068724416019902,,
ACCT_159594,0.00040122093655807587,,
ACCT_159612,0.0001574017954999287,,
ACCT_159614,0.0013274001672113809,,
ACCT_159626,0.0033080442371878167,,
ACCT_159628,0.0005209802482691113,,
ACCT_159635,0.0022398103888449793,,
ACCT_159660,0.009398309408707207,,
ACCT_159666,0.0011773600196575498,,
ACCT_159669,0.005884354815115572,,
ACCT_159690,0.0027843119877121758,,
ACCT_159694,0.3326698064906091,,
ACCT_159703,0.001952039347378973,,
ACCT_159711,0.0031543668582336426,,
ACCT_159718,0.0014128200804402803,,
ACCT_159722,0.0004388643107231128,,
ACCT_159736,0.0017879178307573774,,
ACCT_159758,0.005133228766601089,,
ACCT_159765,0.02279654199492785,,
ACCT_159773,0.0029760205863976186,,
ACCT_159777,0.0013011167142060783,,
ACCT_159801,0.047544325458906925,,
ACCT_159825,0.0017900703672191487,,
ACCT_159834,0.0004343862113098124,,
ACCT_159841,0.0026264537347928897,,
ACCT_159851,0.0014929047777257902,,
ACCT_159855,0.00021560934559989572,,
ACCT_159864,0.002012764602563042,,
ACCT_159873,0.006188315457159769,,
ACCT_159885,0.00044177317337910454,,
ACCT_159911,0.00016521432856527845,,
ACCT_159916,0.0008702044589193849,,
ACCT_159924,0.0007725768590300345,,
ACCT_159927,0.0002890113750534656,,
ACCT_159930,0.0005967892523177876,,
ACCT_159931,0.011700517856389866,,
ACCT_159932,0.004007271875750708,,
ACCT_159940,0.019548992181994664,,
ACCT_159943,0.003689470390916015,,
ACCT_159944,0.0044809673192540145,,
ACCT_159953,0.001291651744492033,,
ACCT_159957,0.0013246967462954792,,
ACCT_159959,0.001550445508171835,,
ACCT_159971,0.013828680349314846,,
ACCT_159979,0.0007033210117665227,,
ACCT_160010,0.00023395306464306397,,
ACCT_160014,0.09217093576568819,,
ACCT_160024,0.000244648370089029,,
ACCT_160047,0.007459180507348369,,
ACCT_160048,0.002287976896737224,,
ACCT_160050,0.0007833623386818101,,
ACCT_160057,0.0021892288066005846,,
ACCT_160058,0.1888845243395484,,
ACCT_160076,0.0008605747569434757,,
ACCT_160078,0.02778187659342308,,
ACCT_160079,0.002227004302627543,,
ACCT_160086,0.008737160582539455,,
ACCT_160092,0.0006640067610966204,,
ACCT_160143,0.00030176475385466103,,
ACCT_160144,0.0794350089802329,,
ACCT_160154,0.08124482228258438,,
ACCT_160186,0.009208519260403041,,
ACCT_160195,0.0004853990409779161,,
ACCT_160212,0.0030334357358555854,,
ACCT_160221,0.0004885681321898764,,
ACCT_160249,0.0055755026560361815,,
ACCT_160291,0.009714277972003114,,
ACCT_160314,0.00297919550292916,,
ACCT_160334,0.001208544291435852,,
ACCT_160337,0.006561742387516278,,
ACCT_160341,0.0016250896285007568,,
ACCT_160352,0.00547917950397546,,
ACCT_160355,0.004221112458747993,,
ACCT_160361,0.029767716658583444,,
ACCT_160366,0.0028750604824408126,,
ACCT_160371,0.15565256697554714,,
ACCT_160372,0.0058043580918669254,,
ACCT_160373,7.546625685397048e-05,,
ACCT_160404,0.00011385749104025817,,
ACCT_160405,0.03691776215733155,,
ACCT_160417,0.0007632199627472074,,
ACCT_160422,0.6209960109838076,2025-03-31T00:00:00,2025-06-28T00:00:00
ACCT_160436,0.0001452794285815311,,
ACCT_160440,0.004145630490171059,,
ACCT_160445,0.008973629618879715,,
ACCT_160456,0.0004289362954776049,,
ACCT_160461,0.0009344078490147116,,
ACCT_160511,0.07685893387233186,,
ACCT_160512,0.04115658540285978,,
ACCT_160517,0.0004452506367373579,,
ACCT_160518,0.003317813824809273,,
ACCT_160521,0.006139688711875828,,
ACCT_160559,0.006181148528517959,,
ACCT_160567,0.0010757847957693228,,
ACCT_160580,0.0258431989858063,,
ACCT_160604,0.0007670183816109709,,
ACCT_160612,0.004948596398810097,,
ACCT_160623,0.007356082642060097,,
ACCT_160632,0.005590526615853636,,
ACCT_160645,0.04392394940166819,,
ACCT_160647,0.00011911579768925012,,
ACCT_160659,0.0016218267891491527,,
ACCT_160663,0.0007197411413940507,,
ACCT_160673,0.015108988230692174,,
ACCT_160701,0.0009871355568470716,,
ACCT_160711,0.0014220895705484525,,
ACCT_160725,0.0027552259112175047,,
ACCT_160730,0.005475401384071659,,
ACCT_160741,0.00039631197430356566,,
ACCT_160757,0.052364033288964364,,
ACCT_160764,0.0008996246371066436,,
ACCT_160781,0.0008958190721910002,,
ACCT_160800,0.0006682992737919811,,
ACCT_160806,0.0005551273988303515,,
ACCT_160811,0.4082131074160899,,
ACCT_160813,0.013391283147684271,,
ACCT_160816,0.007712657101125906,,
ACCT_160836,0.010841705118880395,,
ACCT_160853,0.00048783709839788047,,
ACCT_160893,0.002449878262893673,,
ACCT_160900,0.0019223236994711022,,
ACCT_160918,0.0003564736782464224,,
ACCT_160935,0.000939562308479502,,
ACCT_160942,0.002140907369408145,,
ACCT_160956,0.008830778628861235,,
ACCT_160968,0.002777558625727191,,
ACCT_160975,0.006854301068187274,,
ACCT_160978,0.03742691198594815,,
ACCT_160981,0.22302502763327287,,
ACCT_160989,0.0017711502218479367,,
ACCT_161009,0.08748798280307951,,
ACCT_161047,0.0006981457769458772,,
ACCT_161065,0.042191024409625424,,
ACCT_161066,0.004186635583901885,,
ACCT_161106,0.00044077336514269087,,
ACCT_161117,0.004617558055596093,,
ACCT_161125,0.003486711450694801,,
ACCT_161126,0.02840228533038828,,
ACCT_161132,0.002833672439356248,,
ACCT_161141,0.0012733455856225857,,
ACCT_161183,0.054746483361997576,,
ACCT_161249,0.0015387384788718623,,
ACCT_161293,0.008713348801897353,,
ACCT_161303,0.0017475508678898941,,
ACCT_161327,0.02757237151995053,,
ACCT_161329,0.00722831202469725,,
ACCT_161340,0.0151071536376511,,
ACCT_161341,0.007884425110177446,,
ACCT_161349,0.07732794590573325,,
ACCT_161353,0.011010013511114766,,
ACCT_161357,0.008761616888038875,,
ACCT_161365,0.010111721666352543,,
ACCT_161374,0.0010182382863077044,,
ACCT_161376,0.0003614160503997502,,
ACCT_161379,0.0049723282748796475,,
ACCT_161390,0.0006766132202375827,,
ACCT_161394,0.007877489021497553,,
ACCT_161400,0.0068442716579880224,,
ACCT_161408,0.00023249191968222356,,
ACCT_161417,0.004317990650305076,,
ACCT_161420,0.005755293517924822,,
ACCT_161421,0.00559433873798737,,
ACCT_161430,0.035767250200923695,,
ACCT_161441,0.00043135814350690066,,
ACCT_161443,0.0037490527917647077,,
ACCT_161464,0.0008337883384533975,,
ACCT_161472,0.34722211139738884,2025-04-05T00:00:00,2025-06-26T00:00:00
ACCT_161495,0.04615969043459546,,
ACCT_161507,0.004943876873213178,,
ACCT_161508,0.007712298559785282,,
ACCT_161529,0.007629436413145582,,
ACCT_161547,0.006867308194406292,,
ACCT_161552,0.002368093912796076,,
ACCT_161553,0.000677296006032482,,
ACCT_161558,0.019273223806706725,,
ACCT_161565,0.03402749718343875,,
ACCT_161571,0.0009750646366433245,,
ACCT_161592,0.00014548095097604137,,
ACCT_161593,0.0007614570742931981,,
ACCT_161597,0.00041167203331486885,,
ACCT_161606,0.00552559625131616,,
ACCT_161621,0.0009544324039558497,,
ACCT_161632,0.007918721280313876,,
ACCT_161663,0.003456781284948086,,
ACCT_161695,0.0012039536913444873,,
ACCT_161704,0.6004916666171958,2022-12-13T00:00:00,2023-03-12T00:00:00
ACCT_161710,0.0012150655167866007,,
ACCT_161713,0.0015280403350360111,,
ACCT_161763,0.0005699586184141589,,
ACCT_161773,0.00783045895510609,,
ACCT_161788,0.010230287826388525,,
ACCT_161792,0.00012656750087072663,,
ACCT_161802,0.024542169032286554,,
ACCT_161803,0.0014894427157243365,,
ACCT_161821,0.000197651472527769,,
ACCT_161834,0.0029810995040852736,,
ACCT_161839,0.0002807963792461871,,
ACCT_161842,0.0003375855252217702,,
ACCT_161850,0.059742355062000305,,
ACCT_161853,0.00021258838126126992,,
ACCT_161894,0.43758119021262115,2024-05-05T00:00:00,2024-08-02T00:00:00
ACCT_161928,0.0074110050334461035,,
ACCT_161965,0.0033450678203269545,,
ACCT_161969,0.0009509328691815781,,
ACCT_161995,0.003125090719476856,,
ACCT_161998,0.00877384587590216,,
ACCT_162001,0.00013865488586760504,,
ACCT_162006,0.00042327083599155176,,
ACCT_162008,0.002523240191522059,,
ACCT_162033,0.01568964360776787,,
ACCT_162037,0.0016745935276888501,,
ACCT_162043,0.0005259329439096981,,
ACCT_162055,0.0005562442435214953,,
ACCT_162057,0.010259077762300565,,
ACCT_162058,0.04296416184593309,,
ACCT_162062,0.0009565221448058811,,
ACCT_162063,0.0036429707737658363,,
ACCT_162083,0.00011420453110291738,,
ACCT_162090,8.684236012450919e-05,,
ACCT_162101,0.011246073497241434,,
ACCT_162119,0.0009543382643701845,,
ACCT_162129,0.00997443656811792,,
ACCT_162130,0.001903090845512516,,
ACCT_162142,0.0014502854898962943,,
ACCT_162145,0.0017198723515663857,,
ACCT_162151,0.0010227591713538496,,
ACCT_162159,0.00015005578412393688,,
ACCT_162173,0.004037039196801523,,
ACCT_162177,0.01107347434581565,,
ACCT_162189,0.06764144522678756,,
ACCT_162191,0.02600397937850397,,
ACCT_162200,8.383908740530559e-05,,
ACCT_162216,0.012048165029184151,,
ACCT_162228,0.0005836512360181555,,
ACCT_162246,0.002192949115256465,,
ACCT_162247,0.02565878222041281,,
ACCT_162251,0.004752808612520415,,
ACCT_162311,0.06073526251976262,,
ACCT_162372,0.010803874462747368,,
ACCT_162375,0.01001480541197906,,
ACCT_162377,0.0021451747261282393,,
ACCT_162382,0.001306702628177432,,
ACCT_162397,0.0008773280041886103,,
ACCT_162403,0.002814801221499131,,
ACCT_162406,0.000912862138061525,,
ACCT_162411,0.018695159508108287,,
ACCT_162413,0.0007517787191489303,,
ACCT_162446,0.6945500713277681,2025-03-21T00:00:00,2025-06-18T00:00:00
ACCT_162449,0.00047237676392834175,,
ACCT_162462,0.001218475203905085,,
ACCT_162463,0.0010729934512464744,,
ACCT_162476,0.0026632529622353804,,
ACCT_162478,0.0005524370375087291,,
ACCT_162483,0.008920433706785875,,
ACCT_162492,0.0006197040669830033,,
ACCT_162525,0.002145954160993623,,
ACCT_162530,0.14476425663633974,,
ACCT_162536,0.0007457277661749837,,
ACCT_162547,0.007724337721110745,,
ACCT_162550,0.011613348829702492,,
ACCT_162554,0.005666429090372229,,
ACCT_162559,0.007406375213585127,,
ACCT_162565,0.0032436765751854774,,
ACCT_162573,0.004343379690632197,,
ACCT_162584,0.0029250934952677575,,
ACCT_162590,0.005249433802299042,,
ACCT_162596,0.02952805475094526,,
ACCT_162611,0.00048513108978009083,,
ACCT_162613,0.011420416303408152,,
ACCT_162655,0.013422472696303627,,
ACCT_162663,0.0052459349882206146,,
ACCT_162665,0.1370942869366062,,
ACCT_162705,0.005282465267878883,,
ACCT_162738,0.005244562370372966,,
ACCT_162755,0.031018070624559073,,
ACCT_162819,0.00030476738593695964,,
ACCT_162833,0.0018012832753151842,,
ACCT_162843,0.0002248172975648902,,
ACCT_162848,0.00023669204163643236,,
ACCT_162865,0.0013378136811910502,,
ACCT_162873,0.017019116417292552,,
ACCT_162892,0.0011886504797380176,,
ACCT_162894,0.03530279481009313,,
ACCT_162909,0.16902445717871287,,
ACCT_162920,0.002217841506347159,,
ACCT_162925,0.003945005483749991,,
ACCT_162942,0.005796408839775077,,
ACCT_162945,0.00046859377457088796,,
ACCT_162946,0.000508181816042747,,
ACCT_162950,0.00315798677045962,,
ACCT_162971,0.001980226423937299,,
ACCT_162980,0.0013848872808528243,,
ACCT_162997,0.011030664856195046,,
ACCT_163025,0.0002536967115297151,,
ACCT_163055,0.060717139451224186,,
ACCT_163057,0.0031333965744868774,,
ACCT_163059,0.0018730986372421346,,
ACCT_163065,0.007027653979204911,,
ACCT_163071,0.08278440663144246,,
ACCT_163106,0.029204910670290435,,
ACCT_163119,0.0011839140145104346,,
ACCT_163122,0.0002569929345515809,,
ACCT_163158,0.0006026178567685909,,
ACCT_163161,0.01754416129720194,,
ACCT_163168,0.0020273299497939154,,
ACCT_163171,0.0060300071172987475,,
ACCT_163175,0.005059086465011679,,
ACCT_163207,0.004920380384176955,,
ACCT_163225,0.0011661248115873782,,
ACCT_163228,0.004960277371957869,,
ACCT_163236,0.0023064843741306745,,
ACCT_163245,0.0009193162883191705,,
ACCT_163270,0.011402085575196421,,
ACCT_163315,0.038388112468022165,,
ACCT_163329,0.005292779584847558,,
ACCT_163350,0.007266993040286188,,
ACCT_163373,0.038830758686799215,,
ACCT_163377,0.0009803990545621153,,
ACCT_163403,0.0010343539945672946,,
ACCT_163425,0.0009944025762402865,,
ACCT_163437,0.007645170675331113,,
ACCT_163449,0.0022960073409477254,,
ACCT_163452,0.006345558854415657,,
ACCT_163483,0.0009768457151666232,,
ACCT_163486,0.00023200891926006238,,
ACCT_163500,0.0004344532630669334,,
ACCT_163525,0.0031750717389178854,,
ACCT_163544,0.0005782749922955101,,
ACCT_163559,0.001698978480135293,,
ACCT_163577,0.000340675612514229,,
ACCT_163586,0.00041130594062331014,,
ACCT_163588,0.0013341216647611133,,
ACCT_163592,0.0008072471517502974,,
ACCT_163618,0.004840453417774998,,
ACCT_163619,0.00032844433286776406,,
ACCT_163636,0.002877783790180268,,
ACCT_163647,0.001804367216675766,,
ACCT_163657,0.0030257765596453435,,
ACCT_163665,0.001934718297631388,,
ACCT_163671,0.0008830947917400923,,
ACCT_163679,0.0010232962360466208,,
ACCT_163683,0.010263589314101448,,
ACCT_163715,0.002516714990769912,,
ACCT_163720,0.011090281313583965,,
ACCT_163743,0.000241719242919645,,
ACCT_163744,0.008696461394357027,,
ACCT_163766,6.184018839123767e-05,,
ACCT_163777,0.0004149592013892735,,
ACCT_163788,0.00033893452073246024,,
ACCT_163790,0.0009289789115158426,,
ACCT_163791,0.007948087095520414,,
ACCT_163798,0.0030601985052495463,,
ACCT_163800,0.0013996896148235683,,
ACCT_163805,0.0029579011080355,,
ACCT_163839,0.01701671943247498,,
ACCT_163857,0.0004876218764461364,,
ACCT_163866,0.02732415795604151,,
ACCT_163881,0.009412602574783404,,
ACCT_163888,0.022927643677632187,,
ACCT_163892,0.012751574750580216,,
ACCT_163899,0.014168638797085659,,
ACCT_163910,0.0013171452149647012,,
ACCT_163915,0.0017858713739290649,,
ACCT_163921,0.019551342703482175,,
ACCT_163924,0.001639325717292015,,
ACCT_163925,0.0029155005763209186,,
ACCT_163935,0.00030316352867360756,,
ACCT_163941,0.0028983266106858657,,
ACCT_163948,0.014438167977710187,,
ACCT_163953,0.000392662781390268,,
ACCT_163958,0.002578879888684886,,
ACCT_163999,0.0006130801030164801,,
ACCT_164019,0.007541470343188114,,
ACCT_164053,0.0005198860230190384,,
ACCT_164054,0.0024775423352005263,,
ACCT_164064,0.015347327984016442,,
ACCT_164080,0.00921806530009724,,
ACCT_164085,0.028111935937670564,,
ACCT_164087,0.0008152611123903135,,
ACCT_164094,0.002252647921629275,,
ACCT_164099,0.02170348070638916,,
ACCT_164109,0.0009048267825203061,,
ACCT_164123,0.002358415646009328,,
ACCT_164128,0.1707604720631662,,
ACCT_164148,0.037187404835518675,,
ACCT_164160,0.004666367197595173,,
ACCT_164175,0.10117797215237294,,
ACCT_164187,0.002348574720114625,,
ACCT_164231,0.00820409108289617,,
ACCT_164242,0.030776144308622015,,
ACCT_164250,0.0035699425253829277,,
ACCT_164260,5.989025524645924e-05,,
ACCT_164266,0.000399291267762114,,
ACCT_164271,0.005271171623597213,,
ACCT_164345,0.15557839593088268,,
ACCT_164352,0.0005346424633387201,,
ACCT_164368,0.0017032438137533975,,
ACCT_164374,0.011339034486726001,,
ACCT_164402,0.0010915904449654503,,
ACCT_164425,0.0012952359864823238,,
ACCT_164435,0.0007750348198446131,,
ACCT_164453,0.000924781306396125,,
ACCT_164475,0.0002835464341199789,,
ACCT_164481,0.0005394995991383196,,
ACCT_164492,0.0045733353377228276,,
ACCT_164494,0.017668968475825397,,
ACCT_164516,0.00013137709030651906,,
ACCT_164526,0.026110032519271346,,
ACCT_164543,0.0008167100438357663,,
ACCT_164548,0.10069402366544482,,
ACCT_164633,0.0006738273072042738,,
ACCT_164637,0.006873071225746133,,
ACCT_164652,0.0011189847045247952,,
ACCT_164665,0.0037768582271352656,,
ACCT_164679,0.0013081793506275943,,
ACCT_164686,0.006470509854863489,,
ACCT_164687,0.0008610833727990775,,
ACCT_164732,0.00041313117561332516,,
ACCT_164735,0.015088832877586384,,
ACCT_164743,0.0001702199700698175,,
ACCT_164753,0.0025624059794782227,,
ACCT_164769,0.0015738997014872029,,
ACCT_164808,0.00030018648747536723,,
ACCT_164819,0.002491761559752553,,
ACCT_164828,0.03264854269893187,,
ACCT_164832,0.0013335573635019724,,
ACCT_164836,0.03047603587108485,,
ACCT_164845,0.003716005482080959,,
ACCT_164901,0.0020214198011138727,,
ACCT_164902,8.217698109824574e-05,,
ACCT_164903,0.16995678781936321,,
ACCT_164915,0.008260325859229986,,
ACCT_164917,0.004177541774556644,,
ACCT_164932,0.0017155731735245526,,
ACCT_164937,0.004942930498464083,,
ACCT_164941,0.0002146935482565917,,
ACCT_164955,0.11443163968237302,,
ACCT_164973,0.00037842813021619594,,
ACCT_164979,0.045597323132642795,,
ACCT_164989,0.012405073397523874,,
ACCT_165002,0.003873561319626693,,
ACCT_165020,0.0005979377908695172,,
ACCT_165028,0.022342545782300643,,
ACCT_165071,0.0018956218640061822,,
ACCT_165105,0.0012905615804014706,,
ACCT_165115,0.04400867273425607,,
ACCT_165121,0.0011334907387952305,,
ACCT_165134,0.016371334676073976,,
ACCT_165136,0.0008727881708501343,,
ACCT_165195,0.002199007524018732,,
ACCT_165210,0.0012827476894426931,,
ACCT_165251,0.0007576905218160206,,
ACCT_165271,0.004565386767940692,,
ACCT_165293,0.0008263643551290195,,
ACCT_165297,0.06003205878820089,,
ACCT_165309,0.0018874998394712342,,
ACCT_165322,0.00440181475095432,,
ACCT_165359,0.010055631531164708,,
ACCT_165371,0.0031915663650292055,,
ACCT_165377,0.0009570854454087222,,
ACCT_165381,6.424149146049227e-05,,
ACCT_165388,0.022454744908897324,,
ACCT_165395,0.00027434685724198797,,
ACCT_165408,0.0007659299522249357,,
ACCT_165413,0.007838969256164762,,
ACCT_165424,0.046172794273482844,,
ACCT_165436,0.00021359382711530023,,
ACCT_165438,0.0009169011909071166,,
ACCT_165465,0.03197531815360305,,
ACCT_165485,0.004341576020718825,,
ACCT_165507,0.0011540732264594515,,
ACCT_165510,0.0007903031665161151,,
ACCT_165515,0.0008738293667185813,,
ACCT_165526,0.0009223851104539467,,
ACCT_165531,0.0008063150007064866,,
ACCT_165536,0.0003580169556680012,,
ACCT_165545,0.004260601495250765,,
ACCT_165550,0.01152943857604297,,
ACCT_165568,0.0014170489068263676,,
ACCT_165569,0.020356223605140555,,
ACCT_165576,9.188919284526711e-05,,
ACCT_165606,0.005137459768348386,,
ACCT_165690,0.00499788014133568,,
ACCT_165691,0.000970692948361024,,
ACCT_165692,0.01626846207102372,,
ACCT_165707,0.0069247377822057215,,
ACCT_165735,0.06328113217313612,,
ACCT_165741,0.01609932342926505,,
ACCT_165745,0.00041904748202708613,,
ACCT_165746,0.0002656552630840079,,
ACCT_165747,0.0013891919592206904,,
ACCT_165754,0.005696585759886712,,
ACCT_165759,0.010676272202081838,,
ACCT_165777,0.0009277597972825669,,
ACCT_165781,0.00010346299738246075,,
ACCT_165807,0.0002725459096452542,,
ACCT_165811,0.0072315284144027995,,
ACCT_165814,0.005004811722405039,,
ACCT_165830,0.0017512511410908496,,
ACCT_165843,0.11528595294658897,,
ACCT_165844,0.0022046996646755304,,
ACCT_165845,0.002482236438308082,,
ACCT_165855,0.4537252554300423,2024-10-05T00:00:00,2025-01-02T00:00:00
ACCT_165885,0.0009057430261110413,,
ACCT_165899,0.016688585511910867,,
ACCT_165931,0.0004841816791217664,,
ACCT_165935,0.8268724550989713,2024-12-15T00:00:00,2025-03-14T00:00:00
ACCT_165938,0.0014988343445099138,,
ACCT_165972,0.0036149649879369354,,
ACCT_165978,0.004638867734450103,,
ACCT_165980,0.07075431334708739,,
ACCT_165988,0.0011162017221452716,,
ACCT_166008,0.03278758101966861,,
ACCT_166028,0.0014538227800699678,,
ACCT_166032,0.0020101685235678164,,
ACCT_166046,0.003055945307855572,,
ACCT_166054,0.0025680907628216764,,
ACCT_166059,0.015738205984084618,,
ACCT_166062,0.0006120662292983121,,
ACCT_166065,8.592760994844976e-05,,
ACCT_166077,0.0005058995825444283,,
ACCT_166079,0.07853969413468231,,
ACCT_166098,0.0012904122144544157,,
ACCT_166100,0.06409260510346217,,
ACCT_166115,0.002167764183949254,,
ACCT_166130,0.015342011121188246,,
ACCT_166135,0.0009402645361205742,,
ACCT_166140,0.0024275900722547364,,
ACCT_166143,0.005048646657246593,,
ACCT_166148,0.00017821360160700427,,
ACCT_166152,0.0013268156316098435,,
ACCT_166156,0.004975872133240327,,
ACCT_166176,0.0013224251719644174,,
ACCT_166183,0.0010935691600575238,,
ACCT_166193,0.0020175979514589475,,
ACCT_166210,0.025043578143847795,,
ACCT_166221,0.00453619587976118,,
ACCT_166228,0.022160283739474804,,
ACCT_166231,0.007273968388569375,,
ACCT_166235,0.00021744091808710775,,
ACCT_166254,0.0024666002961219813,,
ACCT_166271,0.0031395016348617897,,
ACCT_166274,0.013677122840385896,,
ACCT_166292,0.0035341393865390017,,
ACCT_166297,0.0010546025763406748,,
ACCT_166302,0.012270958752649695,,
ACCT_166330,0.011900879758290609,,
ACCT_166338,0.003074132175362195,,
ACCT_166342,0.027138620936513442,,
ACCT_166345,0.020143982889111296,,
ACCT_166354,0.0009096924707705535,,
ACCT_166355,0.008520571938243732,,
ACCT_166358,0.05185025480796581,,
ACCT_166382,0.007227141853847714,,
ACCT_166385,0.045223682139226305,,
ACCT_166413,0.0020752743723920592,,
ACCT_166460,0.0002662259132369735,,
ACCT_166466,0.0008068529965793948,,
ACCT_166468,0.0005986069825271083,,
ACCT_166474,0.07337778948018767,,
ACCT_166480,0.0011613866284827913,,
ACCT_166494,0.09561152475042714,,
ACCT_166523,0.038583274281064464,,
ACCT_166532,0.0004762185872539031,,
ACCT_166557,0.0034757560476909506,,
ACCT_166567,0.003765090082689538,,
ACCT_166568,0.012992254244452123,,
ACCT_166573,0.0036011687310986648,,
ACCT_166586,0.00766543421387586,,
ACCT_166602,0.028448048008541865,,
ACCT_166604,0.008852420166957012,,
ACCT_166605,0.007635702265300996,,
ACCT_166629,0.28757257741010195,,
ACCT_166654,0.016499753308117246,,
ACCT_166663,0.002073613222345883,,
ACCT_166675,0.03309532457711586,,
ACCT_166679,0.07525464186410695,,
ACCT_166690,0.004858901455467203,,
ACCT_166714,0.0001326462015065843,,
ACCT_166728,0.01250953889562612,,
ACCT_166733,0.00026517790870912413,,
ACCT_166751,0.2578879643555085,,
ACCT_166760,0.0019174993246776656,,
ACCT_166772,0.00038568329441063,,
ACCT_166773,0.0050335281919666195,,
ACCT_166778,0.00035134933653251354,,
ACCT_166781,0.03174436360943194,,
ACCT_166783,0.04467313695747026,,
ACCT_166784,0.0003324263745739678,,
ACCT_166792,0.004072484996584297,,
ACCT_166801,0.02379985720082079,,
ACCT_166872,0.0018839997738118648,,
ACCT_166876,0.0008074543945311363,,
ACCT_166881,0.0018592425760199983,,
ACCT_166897,0.0006610909022294467,,
ACCT_166901,0.18679234317842675,,
ACCT_166903,0.008000233211363766,,
ACCT_166905,0.004342860106995709,,
ACCT_166907,0.00041583704688809704,,
ACCT_166914,0.12600440470937774,,
ACCT_166919,0.001793054188633958,,
ACCT_166920,0.000393221971766486,,
ACCT_166931,0.003078675011947258,,
ACCT_166936,0.5629198120499288,2023-05-05T00:00:00,2023-08-02T00:00:00
ACCT_166959,0.04108684799757738,,
ACCT_166968,0.0003706978191685268,,
ACCT_166978,0.001861416905464464,,
ACCT_166983,0.009904156603781376,,
ACCT_166984,0.001079874300538708,,
ACCT_166987,0.0004415641628865652,,
ACCT_166989,0.004243288825994266,,
ACCT_166996,0.0022754320815632956,,
ACCT_167000,0.0009058423614983078,,
ACCT_167001,0.0004775082519403658,,
ACCT_167003,0.016088189271027734,,
ACCT_167016,0.0024577511742856152,,
ACCT_167017,0.001654974753496252,,
ACCT_167034,0.0005275050883300769,,
ACCT_167036,0.0009911964208627953,,
ACCT_167037,0.0026145122602525732,,
ACCT_167053,0.04020986744176008,,
ACCT_167055,0.0012420587956463401,,
ACCT_167061,0.0024353403093879166,,
ACCT_167083,0.09978506684724556,,
ACCT_167084,0.0002633998595124548,,
ACCT_167085,0.00045221430549390024,,
ACCT_167086,0.013973892293726739,,
ACCT_167087,0.0008724748520635902,,
ACCT_167097,0.01675948416494737,,
ACCT_167119,0.00011087991513125496,,
ACCT_167124,0.008248286285723565,,
ACCT_167134,0.00284071908250894,,
ACCT_167138,0.0008827624614300789,,
ACCT_167140,0.001967652396866567,,
ACCT_167144,0.0006351332814188079,,
ACCT_167152,0.0004555390539637188,,
ACCT_167161,0.015021271340408555,,
ACCT_167177,0.001314217910736241,,
ACCT_167193,0.056547791021461305,,
ACCT_167214,0.000417774466682534,,
ACCT_167217,0.0003973911793004398,,
ACCT_167228,0.0014767041633882583,,
ACCT_167238,0.02479160518662203,,
ACCT_167244,0.010286374632810392,,
ACCT_167265,0.0285883090959013,,
ACCT_167284,0.020958084041227135,,
ACCT_167288,0.007716477913876531,,
ACCT_167290,0.0002507283696404743,,
ACCT_167310,0.007954205486845875,,
ACCT_167318,0.0015467683156590866,,
ACCT_167346,0.003888808371485146,,
ACCT_167353,0.0010328403778556454,,
ACCT_167357,0.0036758154333187193,,
ACCT_167378,0.00384770418159775,,
ACCT_167380,0.0033063476142601808,,
ACCT_167383,0.0013358029306692097,,
ACCT_167394,0.001542939603281022,,
ACCT_167419,0.009726009805851006,,
ACCT_167426,0.05008144030967682,,
ACCT_167464,0.0008550592247459317,,
ACCT_167515,0.06760974452456713,,
ACCT_167523,0.0008134330776300257,,
ACCT_167538,0.12030539806026126,,
ACCT_167584,0.007912039951095072,,
ACCT_167586,0.010944239848650589,,
ACCT_167587,0.0011536038371411492,,
ACCT_167592,0.0013102003943350018,,
ACCT_167594,0.005462312842258592,,
ACCT_167600,0.0638255087945753,,
ACCT_167603,0.0027279661203238395,,
ACCT_167610,0.018369737580395683,,
ACCT_167616,0.020676863123422484,,
ACCT_167620,0.0001060507763195357,,
ACCT_167625,0.005511076405910699,,
ACCT_167631,0.010249056707751848,,
ACCT_167633,0.00039781436468103474,,
ACCT_167705,0.00039303323296465445,,
ACCT_167706,0.6007665468111493,,
ACCT_167710,0.006298147193873493,,
ACCT_167713,0.0002658194418126938,,
ACCT_167744,0.023309759422045623,,
ACCT_167759,0.0037904536228652924,,
ACCT_167813,0.00409715989129794,,
ACCT_167816,0.001930308426058085,,
ACCT_167845,0.0006120444010989127,,
ACCT_167861,7.503027597419616e-05,,
ACCT_167874,0.0034938302836226183,,
ACCT_167908,0.0006968549408457896,,
ACCT_167910,0.0015964664507964587,,
ACCT_167919,0.0024245819166642726,,
ACCT_167921,0.968617567662492,2020-07-23T00:00:00,2020-10-20T00:00:00
ACCT_167960,0.0014840803980770815,,
ACCT_167972,0.002785481248599752,,
ACCT_167984,0.01000035784624396,,
ACCT_168027,0.0008411188661886137,,
ACCT_168043,0.0017198999023613475,,
ACCT_168056,0.012102510190438029,,
ACCT_168064,0.11896620054509732,,
ACCT_168066,0.4024070265144669,2025-02-25T00:00:00,2025-05-25T00:00:00
ACCT_168088,0.3343366796225593,2024-03-16T00:00:00,2024-06-13T00:00:00
ACCT_168091,0.0019466371586408945,,
ACCT_168106,0.00021476855544960125,,
ACCT_168142,0.0004781452049711014,,
ACCT_168149,0.18451598182181117,,
ACCT_168161,0.01150123118915825,,
ACCT_168166,0.008206212731730046,,
ACCT_168169,0.0003724651498760347,,
ACCT_168173,0.0003344147588624501,,
ACCT_168179,0.014641346314996109,,
ACCT_168195,0.001559811424287011,,
ACCT_168211,0.016979627695376125,,
ACCT_168233,0.0009315589422708612,,
ACCT_168242,0.005375486546627237,,
ACCT_168245,0.02194635374870869,,
ACCT_168269,0.025427693401505285,,
ACCT_168270,0.10301039079924679,,
ACCT_168291,0.00015869874952979772,,
ACCT_168317,0.00038997749646894686,,
ACCT_168336,0.004554806214340425,,
ACCT_168338,0.0007574739162534119,,
ACCT_168342,0.0001699147642130993,,
ACCT_168347,0.0005101957980797239,,
ACCT_168351,0.00228939269771023,,
ACCT_168365,0.0028110658885478154,,
ACCT_168390,0.12361149393736728,,
ACCT_168395,0.0014246861522491036,,
ACCT_168409,0.0009283922484061462,,
ACCT_168414,0.007460300142892807,,
ACCT_168451,0.026615736396656618,,
ACCT_168487,0.35170932447082864,2023-12-02T00:00:00,2024-02-29T00:00:00
ACCT_168527,0.0006239700365450715,,
ACCT_168544,0.0024441270118167662,,
ACCT_168558,0.0002933975866543636,,
ACCT_168574,0.011798047145706406,,
ACCT_168589,0.0007977140277411908,,
ACCT_168616,0.0027706082576329353,,
ACCT_168620,0.002211680793893276,,
ACCT_168625,0.005852494059399996,,
ACCT_168632,0.019781643083400975,,
ACCT_168672,0.001702428004848392,,
ACCT_168694,0.4217243632756203,2025-04-13T00:00:00,2025-07-11T00:00:00
ACCT_168708,0.0009101163901909919,,
ACCT_168722,0.0008431625496208639,,
ACCT_168726,0.012567832611869495,,
ACCT_168739,0.00018701942355121487,,
ACCT_168745,0.0024702331781352254,,
ACCT_168765,0.01487715624626294,,
ACCT_168768,0.03619752118591496,,
ACCT_168824,0.00010103993225050924,,
ACCT_168828,0.0011132911735979947,,
ACCT_168852,0.022420943704796577,,
ACCT_168866,0.015148451988781925,,
ACCT_168891,0.0009301761392221236,,
ACCT_168892,0.0015831265073752506,,
ACCT_168908,0.0001623975544345452,,
ACCT_168909,0.0002646670364045838,,
ACCT_168980,0.0020187186956630463,,
ACCT_168982,0.005087339803699072,,
ACCT_169003,0.0045802412980636255,,
ACCT_169014,0.0011577001163541037,,
ACCT_169025,0.0009224174783784361,,
ACCT_169035,0.002653114357635283,,
ACCT_169045,0.007583896337172125,,
ACCT_169048,0.004568942840444463,,
ACCT_169056,0.08330181183860147,,
ACCT_169067,0.000911356761723849,,
ACCT_169093,0.0006508012446432888,,
ACCT_169096,0.0003323809090940872,,
ACCT_169113,0.0003073703472193414,,
ACCT_169123,0.001727680345874916,,
ACCT_169139,0.000864126068434496,,
ACCT_169143,0.013482040170848803,,
ACCT_169144,0.00023172563420262014,,
ACCT_169147,0.005792392070343289,,
ACCT_169178,0.010211800718821702,,
ACCT_169214,0.012098385754448621,,
ACCT_169223,0.0019396943086666518,,
ACCT_169226,0.00022018402222891178,,
ACCT_169237,0.056176648553157627,,
ACCT_169239,0.0006287288990661172,,
ACCT_169262,0.00018157016924592677,,
ACCT_169268,0.0030176525997051068,,
ACCT_169277,0.004735255852382,,
ACCT_169291,0.00032696775578597775,,
ACCT_169303,0.00030043077482715466,,
ACCT_169345,0.0036064921951614306,,
ACCT_169359,0.007093253984854127,,
ACCT_169388,0.0017738941130387275,,
ACCT_169401,0.016697093675666873,,
ACCT_169404,0.00046949082978407384,,
ACCT_169405,0.011204889358661383,,
ACCT_169434,0.0030447184802663285,,
ACCT_169442,0.0006675307743141975,,
ACCT_169448,0.0002267605912969331,,
ACCT_169454,0.009033772559062559,,
ACCT_169463,0.001243098628194048,,
ACCT_169481,0.0021331418586585174,,
ACCT_169483,0.36666484580401526,2022-08-01T00:00:00,2022-10-29T00:00:00
ACCT_169485,0.012395772982790366,,
ACCT_169487,0.0028956450797632816,,
ACCT_169497,0.010512389611196988,,
ACCT_169501,0.003099023710332063,,
ACCT_169508,0.010907221156601315,,
ACCT_169510,0.0006037979357741538,,
ACCT_169575,0.04139902569258373,,
ACCT_169590,0.008351898654326962,,
ACCT_169598,0.060652245252587354,,
ACCT_169610,0.00015646869683628534,,
ACCT_169621,0.1184837264714312,,
ACCT_169639,0.003474965366791265,,
ACCT_169643,0.0003383370654652251,,
ACCT_169674,0.007030351495465372,,
ACCT_169687,0.03883588459358947,,
ACCT_169693,0.029147237676919596,,
ACCT_169707,0.0005848187218116397,,
ACCT_169738,0.0003170256522212397,,
ACCT_169758,0.002638438102530713,,
ACCT_169764,0.0030203358132830445,,
ACCT_169774,0.004200863496283859,,
ACCT_169776,0.0002569681655599029,,
ACCT_169795,0.030856904282483066,,
ACCT_169803,0.0030004476027590855,,
ACCT_169804,0.034458624923340245,,
ACCT_169808,0.0011906181106144055,,
ACCT_169812,0.13544354314569335,,
ACCT_169819,0.005916887800618916,,
ACCT_169828,0.0018364044642282997,,
ACCT_169830,3.371061489922254e-05,,
ACCT_169842,0.04084638666187143,,
ACCT_169845,0.0003317117967200511,,
ACCT_169864,0.0010182550278689203,,
ACCT_169872,0.000345177832854755,,
ACCT_169903,0.0022808482391425892,,
ACCT_169921,0.0002658723416409152,,
ACCT_169930,0.0003693964497963075,,
ACCT_169942,0.0011937057099853329,,
ACCT_169946,0.000192604400650773,,
ACCT_169950,0.004601083635693576,,
ACCT_169958,0.0016286243864139314,,
ACCT_169964,0.00018587259817590682,,
ACCT_170001,0.002720143031827893,,
ACCT_170002,0.02954085565702142,,
ACCT_170012,0.01589806826644759,,
ACCT_170016,0.005148350485880816,,
ACCT_170031,0.02272133187212095,,
ACCT_170049,0.0015096879257409323,,
ACCT_170077,0.001128734400254744,,
ACCT_170102,0.02474218237895855,,
ACCT_170110,0.0033079409101111046,,
ACCT_170121,0.010072995341826525,,
ACCT_170127,0.0015981730372134188,,
ACCT_170131,0.004739335451470967,,
ACCT_170142,0.0005338938511943227,,
ACCT_170166,0.0008264418273397356,,
ACCT_170190,0.001762148849467169,,
ACCT_170195,0.019633838389618512,,
ACCT_170204,0.0066681796966081746,,
ACCT_170214,0.017191476593487718,,
ACCT_170218,0.00429966448759002,,
ACCT_170244,0.18847918891721976,,
ACCT_170250,0.005579532625299466,,
ACCT_170252,0.001495964843427499,,
ACCT_170258,0.0066871609988941715,,
ACCT_170284,0.002266419182986074,,
ACCT_170285,0.0008171579398012034,,
ACCT_170313,0.013941043906597733,,
ACCT_170329,0.0063606223448542595,,
ACCT_170333,0.03608174885442072,,
ACCT_170360,0.009556929250960024,,
ACCT_170363,0.0001036014322753132,,
ACCT_170366,0.0007142679357958179,,
ACCT_170367,0.0014827332050903986,,
ACCT_170368,0.0024419173904317642,,
ACCT_170372,0.04904621206671806,,
ACCT_170382,0.00459050525231529,,
ACCT_170393,0.0015164481740388754,,
ACCT_170395,0.03574192061933218,,
ACCT_170413,0.023954502017278577,,
ACCT_170439,0.9680042600973771,2023-05-21T00:00:00,2023-08-18T00:00:00
ACCT_170443,0.0029204633572414923,,
ACCT_170446,0.0023474223916160994,,
ACCT_170495,0.04598009336055988,,
ACCT_170504,0.00019818823833892812,,
ACCT_170509,0.015427117940508439,,
ACCT_170517,0.0004320858572324101,,
ACCT_170521,0.07321171320818362,,
ACCT_170531,0.0005516244828480101,,
ACCT_170539,0.0012822913586527293,,
ACCT_170543,0.023527879075038304,,
ACCT_170546,0.0042912429020846455,,
ACCT_170556,0.0007317918488027613,,
ACCT_170561,0.0019281965782161022,,
ACCT_170563,0.002873161637785519,,
ACCT_170590,0.0186572892354651,,
ACCT_170595,0.0004841725811780541,,
ACCT_170617,0.0038501640999177556,,
ACCT_170622,0.00045206153054721556,,
ACCT_170635,0.0002687141279670023,,
ACCT_170649,0.0004209736271158861,,
ACCT_170656,0.0007349175383375053,,
ACCT_170672,0.004930396095918928,,
ACCT_170684,0.002337265434390564,,
ACCT_170699,0.0002488733438806858,,
ACCT_170712,0.0010123437078884494,,
ACCT_170723,0.0035172752244804054,,
ACCT_170743,0.0027949564052217454,,
ACCT_170754,0.0016264342677118908,,
ACCT_170758,0.011516795640473084,,
ACCT_170782,0.0009279161920028023,,
ACCT_170798,0.0006166672393252534,,
ACCT_170816,0.004998714114977312,,
ACCT_170826,0.014366230468208004,,
ACCT_170836,0.0036135971156666933,,
ACCT_170847,0.00012230048714071036,,
ACCT_170879,0.008183557317279069,,
ACCT_170910,0.019200324789775687,,
ACCT_170938,0.003894070843490617,,
ACCT_170941,0.00037409750540207543,,
ACCT_170970,0.000936004842558016,,
ACCT_170991,0.03182915306367704,,
ACCT_171000,0.0051207812819458335,,
ACCT_171003,0.0004346860329218196,,
ACCT_171006,0.026953721663548307,,
ACCT_171035,0.006381649353354758,,
ACCT_171042,0.002463974766607551,,
ACCT_171050,0.0009004587528984653,,
ACCT_171055,0.021101902433331786,,
ACCT_171069,0.009359349659005924,,
ACCT_171072,0.001661408907817321,,
ACCT_171077,0.0005648298074683201,,
ACCT_171112,0.019074833604473984,,
ACCT_171118,0.003450588821217299,,
ACCT_171124,0.000276250800487503,,
ACCT_171139,0.017247461364866223,,
ACCT_171159,0.004621710593900133,,
ACCT_171174,0.015263787757689416,,
ACCT_171186,0.0024406053664138235,,
ACCT_171207,0.0036014027297397743,,
ACCT_171208,0.000442461735280924,,
ACCT_171212,0.000385923823850314,,
ACCT_171215,0.23839597501414472,,
ACCT_171216,0.0006035190960137016,,
ACCT_171226,0.01296139364906444,,
ACCT_171231,0.07846374740985103,,
ACCT_171239,0.01791750935874354,,
ACCT_171266,0.0005850598972309931,,
ACCT_171269,0.0009445557018679974,,
ACCT_171283,0.0014160379325797302,,
ACCT_171296,0.0027831982184807905,,
ACCT_171301,0.001208614339267874,,
ACCT_171308,0.00022275236001922824,,
ACCT_171400,0.02623755268371722,,
ACCT_171412,0.009044729100876382,,
ACCT_171456,0.002618789379731051,,
ACCT_171470,0.0049971552664809515,,
ACCT_171480,0.03976396063520492,,
ACCT_171497,0.49833077160705647,2025-04-02T00:00:00,2025-06-30T00:00:00
ACCT_171521,0.012356684774296144,,
ACCT_171536,0.000600093240601621,,
ACCT_171543,0.0011501108594387957,,
ACCT_171544,0.008345039930306124,,
ACCT_171590,0.0005556968815664252,,
ACCT_171604,0.0003480821073243199,,
ACCT_171615,0.003909733930141776,,
ACCT_171619,0.0013956689091654284,,
ACCT_171640,0.0030710746756244696,,
ACCT_171676,0.000529479756230478,,
ACCT_171679,0.015165799665166147,,
ACCT_171687,0.002303277837602955,,
ACCT_171688,0.008347231794064394,,
ACCT_171716,0.0012577464593319923,,
ACCT_171723,0.020421591610613334,,
ACCT_171735,0.006282437133085969,,
ACCT_171750,0.002181268054170264,,
ACCT_171751,0.0010905036993237695,,
ACCT_171769,0.002204350216374949,,
ACCT_171783,0.0005231342086442088,,
ACCT_171797,0.0006865603055244647,,
ACCT_171804,0.07102623116307158,,
ACCT_171805,0.008964087133095332,,
ACCT_171826,0.00586232433479556,,
ACCT_171828,0.032382508515589756,,
ACCT_171837,0.0010185580296708208,,
ACCT_171849,0.0005029231588064645,,
ACCT_171862,0.012235439756674026,,
ACCT_171930,0.07246498518450578,,
ACCT_171936,0.014173520330984388,,
ACCT_171946,0.007078953153429661,,
ACCT_171952,0.042927344960194,,
ACCT_171974,0.0013764985510579713,,
ACCT_171993,0.0031240215480407224,,
ACCT_171996,0.007485584828343679,,
ACCT_172019,0.003444864599359116,,
ACCT_172059,0.002043408423653451,,
ACCT_172064,0.002684197935303997,,
ACCT_172067,0.008076087867188785,,
ACCT_172073,0.0007078673048118786,,
ACCT_172092,0.007053857654480569,,
ACCT_172110,0.015090249252959704,,
ACCT_172121,0.0015404714639794803,,
ACCT_172123,0.004140672108157805,,
ACCT_172126,0.00046190398631289746,,
ACCT_172133,0.0008428276440809394,,
ACCT_172142,0.0006395444820317056,,
ACCT_172156,0.008423162864584418,,
ACCT_172157,0.00013531028032574827,,
ACCT_172202,0.00026570732262628214,,
ACCT_172245,0.005618290615668973,,
ACCT_172253,0.0013066555562017152,,
ACCT_172256,0.006034256995397956,,
ACCT_172258,0.0005843501758672671,,
ACCT_172293,0.0009493938783258638,,
ACCT_172297,0.017761685574515237,,
ACCT_172348,0.006375229469955297,,
ACCT_172374,0.06284832926542852,,
ACCT_172383,0.009269751739355323,,
ACCT_172398,0.0003613025225552621,,
ACCT_172404,0.04474219705299007,,
ACCT_172405,0.04216011057340283,,
ACCT_172409,0.013922337787699168,,
ACCT_172410,0.0020737269426682847,,
ACCT_172412,0.014800558941050798,,
ACCT_172429,0.0008832811213451957,,
ACCT_172430,0.00019012886658530595,,
ACCT_172470,0.0013268554184233327,,
ACCT_172474,0.004138047331206377,,
ACCT_172478,0.009139106355287922,,
ACCT_172480,0.05834448306577582,,
ACCT_172485,0.8696256180396837,2023-05-21T00:00:00,2023-08-18T00:00:00
ACCT_172502,8.366398669509928e-05,,
ACCT_172525,0.0006308082724678537,,
ACCT_172539,0.006038763638247142,,
ACCT_172540,0.023207999026506037,,
ACCT_172542,0.0008224665758973231,,
ACCT_172552,0.001001067175964583,,
ACCT_172562,0.00036396359431702503,,
ACCT_172563,0.00040681704575443265,,
ACCT_172582,0.002116208578063729,,
ACCT_172598,0.00403134652502656,,
ACCT_172605,0.000576713648672722,,
ACCT_172613,0.0015008871411842108,,
ACCT_172622,0.005214786805839147,,
ACCT_172635,0.0031443969011162587,,
ACCT_172642,0.10840246939126055,,
ACCT_172648,0.0006615054350086636,,
ACCT_172650,0.08745242368254977,,
ACCT_172674,0.03207250684100359,,
ACCT_172687,0.0005035162872035467,,
ACCT_172690,0.0013267161752461675,,
ACCT_172718,0.0017474002343250954,,
ACCT_172740,0.012794991474128294,,
ACCT_172768,0.001980012926903341,,
ACCT_172787,0.003959912760347859,,
ACCT_172793,0.001224944570747098,,
ACCT_172844,0.002412532417429175,,
ACCT_172856,0.045744028397620005,,
ACCT_172869,0.04505557009385663,,
ACCT_172875,0.0030293037790803832,,
ACCT_172876,0.014403759354272358,,
ACCT_172881,0.005338643662193462,,
ACCT_172926,0.012491720960863728,,
ACCT_172944,0.014815514815708497,,
ACCT_172955,0.0040551647211936655,,
ACCT_172956,0.985574925370311,2025-02-13T00:00:00,2025-05-13T00:00:00
ACCT_172970,0.057890973748125185,,
ACCT_172974,0.000466105022185122,,
ACCT_172977,0.034654400048907553,,
ACCT_172994,0.002076282701727859,,
ACCT_173012,0.0007655173671845079,,
ACCT_173069,0.008745646112222968,,
ACCT_173077,0.0028922836281772574,,
ACCT_173091,0.0016984592889257213,,
ACCT_173111,0.001298228592875164,,
ACCT_173134,0.0010937829875319986,,
ACCT_173166,0.0020638530167504856,,
ACCT_173178,0.001813521730644093,,
ACCT_173205,0.012636272405202462,,
ACCT_173224,0.02185174197707817,,
ACCT_173230,0.2565612048862544,,
ACCT_173251,0.003652676152290461,,
ACCT_173256,0.0005141468309645236,,
ACCT_173265,0.002125589571816033,,
ACCT_173277,0.034809270081475524,,
ACCT_173293,0.00239216688323834,,
ACCT_173303,0.0011999156693476127,,
ACCT_173316,0.005192563026309682,,
ACCT_173324,0.25574748588761065,,
ACCT_173336,0.0001978832692667628,,
ACCT_173346,0.0016632190756595941,,
ACCT_173359,0.023702296164281357,,
ACCT_173360,7.57762761976422e-05,,
ACCT_173361,0.001488685018682974,,
ACCT_173365,0.008293102238104918,,
ACCT_173379,0.11532937570665636,,
ACCT_173389,0.002009615854172032,,
ACCT_173390,0.49936756868227583,2024-04-25T00:00:00,2024-07-23T00:00:00
ACCT_173397,0.0005923505651247366,,
ACCT_173429,0.0016383039975990798,,
ACCT_173438,0.00908090083374196,,
ACCT_173442,0.0013672821568543575,,
ACCT_173444,0.28441241097157216,,
ACCT_173448,0.16957886392153934,,
ACCT_173478,0.0004678936776411037,,
ACCT_173490,0.006287078102554966,,
ACCT_173505,0.6186451704432121,2024-06-20T00:00:00,2024-09-17T00:00:00
ACCT_173560,0.06672388435354348,,
ACCT_173584,0.004175800493806004,,
ACCT_173599,0.006857015850704961,,
ACCT_173656,0.0009513937622342081,,
ACCT_173672,0.004138864884681023,,
ACCT_173708,0.007133028599024931,,
ACCT_173717,0.4817969637722421,,
ACCT_173746,0.013355044989092929,,
ACCT_173749,0.0014540772394633398,,
ACCT_173777,0.019866175788578334,,
ACCT_173824,0.0037989433746059087,,
ACCT_173842,0.016266877160099173,,
ACCT_173845,0.0011886375552373806,,
ACCT_173879,0.04739976902018735,,
ACCT_173880,0.0009881953053062368,,
ACCT_173909,0.019253270812965607,,
ACCT_173923,0.0020105297220272037,,
ACCT_173934,0.009277107314350842,,
ACCT_173936,0.012105945083917605,,
ACCT_173960,0.0011229214117686513,,
ACCT_173961,0.42150979813351885,2024-02-06T00:00:00,2024-05-05T00:00:00
ACCT_173964,0.007303595721002007,,
ACCT_173970,0.002697138385620248,,
ACCT_173982,0.013305718807136657,,
ACCT_173986,0.008821916322300156,,
ACCT_173989,0.05228978357684718,,
ACCT_174007,0.02437198090501648,,
ACCT_174040,0.0007900095054662858,,
ACCT_174042,0.0003170394155487737,,
ACCT_174081,0.0002947849318144778,,
ACCT_174103,0.0008078978099260979,,
ACCT_174113,0.0015918026050279813,,
ACCT_174124,0.20174118732097468,,
ACCT_174144,0.0019857644242030703,,
ACCT_174168,0.0011168742340633138,,
ACCT_174173,0.08415787883265383,,
ACCT_174184,0.0014303898975034286,,
ACCT_174189,0.0005005237935262409,,
ACCT_174205,0.008782021550882566,,
ACCT_174214,0.00028269110371394667,,
ACCT_174223,0.06978365738185191,,
ACCT_174226,0.07415229324811703,,
ACCT_174234,0.1368561777291918,,
ACCT_174241,0.000436802594264125,,
ACCT_174247,0.01437261615838931,,
ACCT_174254,0.09555581598301577,,
ACCT_174256,0.15327929739065058,,
ACCT_174264,0.006246134654708589,,
ACCT_174276,0.00027250764135805224,,
ACCT_174283,0.0017520437481117427,,
ACCT_174285,0.000749763711729834,,
ACCT_174307,0.003085707464438277,,
ACCT_174330,0.0025751344124817837,,
ACCT_174335,0.006224278352712777,,
ACCT_174367,0.00026051660013996477,,
ACCT_174384,0.12563705469920192,,
ACCT_174385,0.0009377627894472936,,
ACCT_174402,0.039320851588856454,,
ACCT_174412,0.014712637694780872,,
ACCT_174458,0.00023357599821884246,,
ACCT_174464,0.3042397528832247,2025-03-01T00:00:00,2025-05-29T00:00:00
ACCT_174469,0.04196130824048076,,
ACCT_174478,0.0020705020006023056,,
ACCT_174489,0.002399617352710932,,
ACCT_174502,0.0009364525579391315,,
ACCT_174504,0.0004193079148304887,,
ACCT_174508,0.00018376073962021895,,
ACCT_174516,0.00044701431003862344,,
ACCT_174520,0.00014699439821003535,,
ACCT_174524,0.0007328375342837286,,
ACCT_174531,0.0027132061930234706,,
ACCT_174537,0.0005791986658239346,,
ACCT_174543,0.01776923252811405,,
ACCT_174552,0.0011091574873708433,,
ACCT_174565,0.005371816048140734,,
ACCT_174581,0.0020315690129928564,,
ACCT_174593,3.848984142071969e-05,,
ACCT_174599,0.03316845461333139,,
ACCT_174608,0.047018423980881,,
ACCT_174630,0.0009918396015674302,,
ACCT_174645,0.26259016256123874,,
ACCT_174656,0.001718684885959297,,
ACCT_174674,0.00044141094930685273,,
ACCT_174676,0.0041127622769534375,,
ACCT_174680,0.0005040520485458352,,
ACCT_174683,0.0014233637423130884,,
ACCT_174702,0.003989236865099497,,
ACCT_174709,0.0962155806996101,,
ACCT_174713,0.0058248655309302315,,
ACCT_174745,0.0019352100484558807,,
ACCT_174770,0.0031418177410934356,,
ACCT_174807,0.0009114543138074376,,
ACCT_174825,0.0004581564220182555,,
ACCT_174849,0.00458928013473439,,
ACCT_174871,0.006433134198954968,,
ACCT_174875,0.0017612442206763536,,
ACCT_174921,0.001957073585953079,,
ACCT_174923,0.006242209185413314,,
ACCT_174939,0.004245342986722149,,
ACCT_174946,0.0003979686191442359,,
ACCT_174949,0.0016486869528974015,,
ACCT_174965,0.0006520355994378875,,
ACCT_174992,0.0027650407052894994,,
ACCT_174996,0.005915019673245999,,
ACCT_174997,0.06671299709313423,,
ACCT_175001,0.001776849289056081,,
ACCT_175021,0.002970033975654829,,
ACCT_175024,0.007268045287211642,,
ACCT_175043,0.001966773801292449,,
ACCT_175066,0.007009389361163338,,
ACCT_175079,0.00189898382112044,,
ACCT_175086,0.006366652989477621,,
ACCT_175087,0.06566977019020741,,
ACCT_175097,0.002714783515464799,,
ACCT_175141,0.011430582891363658,,
ACCT_175162,0.028495223781074407,,
ACCT_175170,0.11684450500971774,,
ACCT_175197,0.0007560731237692793,,
ACCT_175253,0.0012476157768640695,,
ACCT_175265,0.001056408911002408,,
ACCT_175269,0.004335725092793963,,
ACCT_175288,0.00017483479583730782,,
ACCT_175298,0.00836509206128609,,
ACCT_175302,0.016403501994212647,,
ACCT_175316,0.0022195770881165994,,
ACCT_175322,0.02647826564712812,,
ACCT_175328,0.0009508478179755312,,
ACCT_175350,0.0005214570300142431,,
ACCT_175359,0.019701275469074533,,
ACCT_175365,0.00022460747230977485,,
ACCT_175394,0.0021216860128136983,,
ACCT_175401,0.001562919527699793,,
ACCT_175422,0.0026700037411881605,,
ACCT_175475,9.426766939313979e-05,,
ACCT_175478,0.0008336187288962525,,
ACCT_175481,0.005704533895169999,,
ACCT_175549,0.002051281751038209,,
ACCT_175550,0.02116521988323871,,
ACCT_175586,0.010136368816345163,,
ACCT_175640,0.0005566436258970374,,
ACCT_175651,0.002248043511261997,,
ACCT_175654,0.000516233108961853,,
ACCT_175675,0.054520966562610206,,
ACCT_175677,0.002780533014831902,,
ACCT_175688,0.001106969199429349,,
ACCT_175695,0.014860481394019829,,
ACCT_175704,0.004856408465794421,,
ACCT_175745,0.0011099663720757177,,
ACCT_175751,0.0020898057363621745,,
ACCT_175775,0.04015945864764802,,
ACCT_175780,0.0002474085879710551,,
ACCT_175783,0.0015214722015058683,,
ACCT_175802,0.00028157044460071077,,
ACCT_175816,0.0039941314074550035,,
ACCT_175855,0.0023476461248708664,,
ACCT_175858,0.27432448407190335,,
ACCT_175873,0.005761368525652932,,
ACCT_175879,0.003718846204598453,,
ACCT_175887,0.0032855172938520477,,
ACCT_175889,0.005145804408964395,,
ACCT_175895,0.0011460064343452553,,
ACCT_175905,0.00038502019742631355,,
ACCT_175907,0.0001607533234884902,,
ACCT_175977,0.0011893807783920618,,
ACCT_176003,0.00435829146588163,,
ACCT_176004,0.001109067197208126,,
ACCT_176010,0.0012823885112373055,,
ACCT_176022,0.0010818103953009154,,
ACCT_176042,0.0013403853399959105,,
ACCT_176043,0.008149573270800157,,
ACCT_176046,0.0009796930857849107,,
ACCT_176058,0.00010072370301866202,,
ACCT_176070,0.0038579907455405563,,
ACCT_176073,0.04831760375233337,,
ACCT_176074,0.03282584765939458,,
ACCT_176076,0.10262508983958592,,
ACCT_176084,0.0039568115655269085,,
ACCT_176086,0.0518585060765531,,
ACCT_176123,0.0011551531797116784,,
ACCT_176144,0.0011266571231632087,,
ACCT_176145,0.002434628383427832,,
ACCT_176169,0.005940164288137608,,
ACCT_176172,0.0006040161040268359,,
ACCT_176180,0.0009443398388718236,,
ACCT_176206,0.005631882739864754,,
ACCT_176209,0.0036874791871037644,,
ACCT_176250,0.0030098203210613046,,
ACCT_176266,0.0015232604373055733,,
ACCT_176289,0.002222973680471161,,
ACCT_176300,0.0019899878786312124,,
ACCT_176325,0.0008981703415616037,,
ACCT_176350,0.002311715362088338,,
ACCT_176351,0.009899548809859243,,
ACCT_176352,0.46694666579567035,2023-01-14T00:00:00,2023-04-13T00:00:00
ACCT_176361,0.0009883770925761877,,
ACCT_176380,0.003441990917916434,,
ACCT_176385,0.052905787614881475,,
ACCT_176393,0.005902376175327189,,
ACCT_176401,0.007611536671413156,,
ACCT_176409,0.001391697710347186,,
ACCT_176419,0.0015163065212331019,,
ACCT_176433,0.004201186202014173,,
ACCT_176449,0.003048342489432727,,
ACCT_176452,0.007689548773948359,,
ACCT_176461,0.01902212663319209,,
ACCT_176470,0.0014362575049150371,,
ACCT_176476,0.0005320336405149628,,
ACCT_176478,0.04552886833522986,,
ACCT_176481,0.013515025319751831,,
ACCT_176482,0.011124415518420142,,
ACCT_176495,0.0048866826836313475,,
ACCT_176496,0.004000674568689113,,
ACCT_176504,0.001998751270633144,,
ACCT_176507,0.00575425498548318,,
ACCT_176514,0.000978503063958957,,
ACCT_176521,0.014894819458237018,,
ACCT_176529,0.0015942268852401687,,
ACCT_176554,0.0024186474543048788,,
ACCT_176579,0.04251536325702973,,
ACCT_176580,0.00966214325738136,,
ACCT_176621,0.00918224215111282,,
ACCT_176623,0.02558660271515048,,
ACCT_176628,0.0020677050606654358,,
ACCT_176647,0.014170285161569715,,
ACCT_176651,0.002739177960221469,,
ACCT_176664,0.0103768709285364,,
ACCT_176708,0.0006837957070158598,,
ACCT_176732,0.002118520300126286,,
ACCT_176733,0.014440000818142859,,
ACCT_176740,0.0049655518312962926,,
ACCT_176753,0.02515644371274567,,
ACCT_176774,0.0002578789135728128,,
ACCT_176777,0.000986751701948279,,
ACCT_176789,0.001771855993808748,,
ACCT_176799,0.0034206288504084795,,
ACCT_176809,0.00038200917968940235,,
ACCT_176823,0.8902690357661884,2020-06-29T00:00:00,2020-09-26T00:00:00
ACCT_176836,0.15463957494440134,,
ACCT_176870,0.0006436544549440104,,
ACCT_176873,0.0027195279730232343,,
ACCT_176881,0.009764558721644086,,
ACCT_176901,0.000623259004191749,,
ACCT_176903,0.01606469331540034,,
ACCT_176904,0.011543173062399489,,
ACCT_176908,0.002212784634516946,,
ACCT_176914,0.0008789364600327771,,
ACCT_176940,0.002086150546063022,,
ACCT_176946,0.0009124338992761033,,
ACCT_176958,0.0010327191150872345,,
ACCT_176962,0.017027999229955983,,
ACCT_177008,0.0026626144630921183,,
ACCT_177020,0.0021027219386172804,,
ACCT_177036,0.0018357679967734009,,
ACCT_177060,0.0010440280162160411,,
ACCT_177073,0.0009507165649881199,,
ACCT_177079,0.02576895302158027,,
ACCT_177087,0.016194827663102367,,
ACCT_177096,0.002161046662956193,,
ACCT_177105,0.0012938004870824617,,
ACCT_177135,0.001602859934261158,,
ACCT_177206,0.0010648969294752837,,
ACCT_177217,0.061994373205660605,,
ACCT_177237,0.0017419251461516713,,
ACCT_177250,0.041239316759336606,,
ACCT_177268,0.00022105275229781702,,
ACCT_177283,0.0006287754276634868,,
ACCT_177286,0.0072293648422193215,,
ACCT_177288,0.009609671186972197,,
ACCT_177301,0.00016434682863343742,,
ACCT_177332,7.100839792386688e-05,,
ACCT_177338,0.0012946721214710728,,
ACCT_177365,0.0018069961967255503,,
ACCT_177366,0.0023103226569964877,,
ACCT_177368,0.0008464940609901568,,
ACCT_177385,0.005579509719365469,,
ACCT_177394,0.0005821078058705633,,
ACCT_177423,0.014032936773944241,,
ACCT_177448,0.0004857308548268459,,
ACCT_177465,0.000643097334256761,,
ACCT_177468,0.017823186196207912,,
ACCT_177540,0.0021321868521224792,,
ACCT_177548,0.012574479382893178,,
ACCT_177549,0.1408084919025526,,
ACCT_177562,0.0028680997577237824,,
ACCT_177570,0.033764396429154256,,
ACCT_177592,0.009803034466371267,,
ACCT_177600,0.000706615844556939,,
ACCT_177622,0.0005265518203184747,,
ACCT_177633,0.0010620849108763301,,
ACCT_177640,0.002001276729527133,,
ACCT_177646,0.02942779745479877,,
ACCT_177647,0.030506483455162086,,
ACCT_177654,0.00031244362703988635,,
ACCT_177677,0.003361697466910676,,
ACCT_177683,0.010777678869463103,,
ACCT_177706,0.00015158501643367683,,
ACCT_177715,0.00253334970960491,,
ACCT_177721,0.0011157695094474876,,
ACCT_177724,0.02364010210921997,,
ACCT_177725,0.0403794562764161,,
ACCT_177736,0.00812851662030475,,
ACCT_177753,0.1946986998329046,,
ACCT_177758,0.0029250604723159534,,
ACCT_177762,0.0030710151011583307,,
ACCT_177766,0.014526406905058468,,
ACCT_177787,0.015510077240461356,,
ACCT_177845,0.003892244915700465,,
ACCT_177866,0.0010990983717362203,,
ACCT_177885,0.003651878174883863,,
ACCT_177906,0.002548367746512972,,
ACCT_177918,0.018601843468524115,,
ACCT_177930,0.0006939555740810021,,
ACCT_177932,0.007696281471808715,,
ACCT_177933,0.0006542515071343646,,
ACCT_177943,0.0006907693862721943,,
ACCT_177972,0.006291638759073351,,
ACCT_177988,0.012934520823101944,,
ACCT_178041,0.04024472618331817,,
ACCT_178044,0.047087099669544094,,
ACCT_178054,0.017557735821215368,,
ACCT_178068,0.01871973206936131,,
ACCT_178069,0.008796951496610078,,
ACCT_178070,0.008243382192813823,,
ACCT_178085,0.00047422386140807255,,
ACCT_178096,0.0017889062699141662,,
ACCT_178100,0.0023250011498748844,,
ACCT_178105,0.004231647452171682,,
ACCT_178106,0.006161649158364241,,
ACCT_178113,0.0041342931993827445,,
ACCT_178119,0.01102497155737822,,
ACCT_178138,0.0032713598966736105,,
ACCT_178159,0.00032359634754051703,,
ACCT_178162,0.0023966092456976806,,
ACCT_178166,0.0018098160569799677,,
ACCT_178167,0.000575944178139729,,
ACCT_178174,0.005455450750907269,,
ACCT_178175,0.002894408133931664,,
ACCT_178190,0.0010328816645892504,,
ACCT_178192,0.004838787035783726,,
ACCT_178199,0.0026058196887378264,,
ACCT_178215,0.014883498116590935,,
ACCT_178220,0.002107872442158064,,
ACCT_178241,0.005786567056496878,,
ACCT_178259,0.026211307408654034,,
ACCT_178264,0.0036119537480908868,,
ACCT_178287,0.0708479535830949,,
ACCT_178319,0.0017877000541571667,,
ACCT_178335,0.005217317130018421,,
ACCT_178345,0.000707713546846818,,
ACCT_178363,0.0001398441004614997,,
ACCT_178366,0.00862378672919947,,
ACCT_178374,0.00035063874533909064,,
ACCT_178396,0.001300398014550725,,
ACCT_178429,0.0008382535799144645,,
ACCT_178438,0.020377131972217705,,
ACCT_178459,0.0031481450707112656,,
ACCT_178460,0.00035371804382037847,,
ACCT_178467,0.0005483711956286338,,
ACCT_178474,0.00035309152558871387,,
ACCT_178492,0.17728443043880834,,
ACCT_178493,0.041520121200421735,,
ACCT_178498,0.000916247933817303,,
ACCT_178515,0.000790416891951371,,
ACCT_178565,0.0003907232954470827,,
ACCT_178574,0.0012160089724654777,,
ACCT_178582,0.0004032962663071517,,
ACCT_178584,0.000993474491048623,,
ACCT_178606,0.0006966806351171349,,
ACCT_178618,0.05960655237354132,,
ACCT_178647,0.016800777561150122,,
ACCT_178662,0.008286438871999712,,
ACCT_178699,0.0004539944252553436,,
ACCT_178755,0.2238137185595618,,
ACCT_178760,0.001292736786888995,,
ACCT_178761,0.017306904236936836,,
ACCT_178763,0.16232509163218525,,
ACCT_178768,0.0024599916221774423,,
ACCT_178777,0.00529614431808115,,
ACCT_178785,0.0017292735039015675,,
ACCT_178806,0.0010445784891779288,,
ACCT_178819,0.00010844603552065467,,
ACCT_178826,0.005011923169909845,,
ACCT_178829,0.0340565171921357,,
ACCT_178850,0.0018014314004602158,,
ACCT_178859,0.010828793888843233,,
ACCT_178866,0.017805130317596223,,
ACCT_178934,0.0017812870739090131,,
ACCT_178944,0.004091415047387287,,
ACCT_178945,0.0015134734097182999,,
ACCT_178946,0.004060204251557381,,
ACCT_178953,0.00428431656734091,,
ACCT_178981,0.00785674583970324,,
ACCT_179022,0.018378074332054538,,
ACCT_179047,0.0040479363940327615,,
ACCT_179051,0.0019360506219120693,,
ACCT_179055,0.00043584153319310714,,
ACCT_179060,0.009793931156833713,,
ACCT_179073,0.0012600036146233366,,
ACCT_179078,0.0004700441752893006,,
ACCT_179090,0.003155178892490309,,
ACCT_179130,0.001062545684603893,,
ACCT_179136,0.08060830149880485,,
ACCT_179148,0.0023630143413739153,,
ACCT_179154,0.05766525566035109,,
ACCT_179168,0.0008667294740506385,,
ACCT_179176,0.0020036589558809392,,
ACCT_179178,0.001965923377789674,,
ACCT_179191,0.03719902632506372,,
ACCT_179199,0.0029972476641910426,,
ACCT_179205,0.056805004203420904,,
ACCT_179207,0.00011286466796889117,,
ACCT_179241,0.00025785657487318523,,
ACCT_179246,0.0006713085950634652,,
ACCT_179255,0.00039859392766534725,,
ACCT_179272,0.00010261353173858905,,
ACCT_179275,0.002334021460441468,,
ACCT_179283,0.0017138946604262112,,
ACCT_179304,0.0008328173546171718,,
ACCT_179317,0.0009278678168852472,,
ACCT_179318,0.000123953950714307,,
ACCT_179321,0.7245676019200827,2024-05-04T00:00:00,2024-08-01T00:00:00
ACCT_179342,0.000719838956699669,,
ACCT_179346,0.0396856324855894,,
ACCT_179366,0.05055614055764814,,
ACCT_179391,0.011734813234254515,,
ACCT_179400,0.10451020761209466,,
ACCT_179401,0.002173483315742574,,
ACCT_179415,0.003949313631703612,,
ACCT_179417,0.020183968920693313,,
ACCT_179443,0.0011300589424127427,,
ACCT_179461,0.029132327981559063,,
ACCT_179462,0.00712517701739748,,
ACCT_179478,0.006869305257449765,,
ACCT_179485,0.06335452663966445,,
ACCT_179487,0.006560182952680081,,
ACCT_179541,0.0014803249858754736,,
ACCT_179561,0.01750337190848577,,
ACCT_179563,0.0010298654992993103,,
ACCT_179567,0.015508165995930195,,
ACCT_179570,0.0012130496707462167,,
ACCT_179580,0.003805364602621508,,
ACCT_179597,0.08126262537849473,,
ACCT_179602,0.004308272641727161,,
ACCT_179618,0.00201497853296776,,
ACCT_179622,0.0015808099140805492,,
ACCT_179657,0.0001952132327013835,,
ACCT_179677,0.005082485349592778,,
ACCT_179683,0.0013406996312020658,,
ACCT_179702,0.009880767238011979,,
ACCT_179703,0.05780387895354642,,
ACCT_179713,0.018340777479568676,,
ACCT_179719,0.013540629841258237,,
ACCT_179724,0.0028944639027199356,,
ACCT_179751,0.004290520386107632,,
ACCT_179753,0.04999711515498431,,
ACCT_179756,0.018729998062221125,,
ACCT_179762,0.07238381850227298,,
ACCT_179774,0.0018897054298014915,,
ACCT_179812,0.006654352759788484,,
ACCT_179819,0.045713397320363315,,
ACCT_179829,0.0008833240617501226,,
ACCT_179847,0.00037038681874821576,,
ACCT_179849,0.014821848328595056,,
ACCT_179859,0.02765618679076558,,
ACCT_179860,0.002314254844656491,,
ACCT_179879,0.00017968409891742216,,
ACCT_179889,6.488094962983609e-05,,
ACCT_179901,0.003439253498778027,,
ACCT_179961,0.00015569681088600508,,
ACCT_179977,0.006071915524430267,,
ACCT_179992,0.01111733535141025,,
ACCT_179996,0.29117211433003015,,
ACCT_180008,0.0015817038645766922,,
ACCT_180019,0.0032380656906425727,,
ACCT_180027,0.00538670265630003,,
ACCT_180033,0.0013077318477102441,,
ACCT_180047,0.024160342820951152,,
ACCT_180052,0.0002198238157381304,,
ACCT_180055,0.0022557158269345882,,
ACCT_180068,0.013581367500104344,,
ACCT_180072,0.03524600619632397,,
ACCT_180087,0.0009771040112061013,,
ACCT_180111,0.0006608536824471041,,
ACCT_180134,0.0005246356592656458,,
ACCT_180152,0.000497624168702379,,
ACCT_180156,0.0013770115761372727,,
ACCT_180165,0.007192307916174538,,
ACCT_180177,0.001774584342984048,,
ACCT_180179,0.0499505264187596,,
ACCT_180188,0.0010327776750696615,,
ACCT_180201,0.00751098353673887,,
ACCT_180205,0.018495991727641846,,
ACCT_180220,9.341768295677996e-05,,
ACCT_180240,0.03202700805082977,,
ACCT_180241,0.03259502332114222,,
ACCT_180246,0.02158061178491563,,
ACCT_180285,0.0004730934999017713,,
ACCT_180315,0.0016935414335657374,,
ACCT_180330,0.3497890746264729,,
ACCT_180331,0.03406088080004504,,
ACCT_180332,0.002086541799291026,,
ACCT_180350,0.0174390445958282,,
ACCT_180430,0.0006589140725580422,,
ACCT_180431,0.002324297474655398,,
ACCT_180432,0.6903865515353852,2024-06-30T00:00:00,2024-09-27T00:00:00
ACCT_180434,0.0008589822005153215,,
ACCT_180455,0.0007607695752532295,,
ACCT_180460,0.0001515519495879544,,
ACCT_180480,0.001681558639938319,,
ACCT_180519,0.24728792411527642,,
ACCT_180522,0.000827415051113524,,
ACCT_180529,0.00028759504901800236,,
ACCT_180546,0.0008207673156875676,,
ACCT_180549,0.0003089050726508157,,
ACCT_180560,0.0002171186726113307,,
ACCT_180564,0.004038078788219466,,
ACCT_180583,0.0017592870150792272,,
ACCT_180654,0.007421820613153961,,
ACCT_180657,0.004892775671059345,,
ACCT_180659,0.002544032019012161,,
ACCT_180663,0.007838063701300132,,
ACCT_180680,0.00230298294808537,,
ACCT_180686,0.003334921233411273,,
ACCT_180705,0.004240876560207066,,
ACCT_180710,0.0004064648607156352,,
ACCT_180722,0.0015069317383243689,,
ACCT_180727,0.003294866377253533,,
ACCT_180738,0.00022421176851948832,,
ACCT_180743,0.0018412690822012649,,
ACCT_180746,0.0001969818266727534,,
ACCT_180750,0.0004680082870312951,,
ACCT_180753,0.20371790456304834,,
ACCT_180764,0.00253483078269086,,
ACCT_180767,0.020745249622577577,,
ACCT_180781,0.0002580272773152889,,
ACCT_180783,0.27910229921403956,,
ACCT_180789,0.04273122527489554,,
ACCT_180803,0.0003404429300887028,,
ACCT_180846,0.00039949338225667944,,
ACCT_180854,9.892594268434114e-05,,
ACCT_180871,0.003996618295752546,,
ACCT_180876,0.011785224405313915,,
ACCT_180878,0.06235396190905399,,
ACCT_180883,0.007119215046594679,,
ACCT_180889,0.036835775038104694,,
ACCT_180901,0.002108000570516446,,
ACCT_180918,0.0008539078709431647,,
ACCT_180921,0.001641295385454048,,
ACCT_180923,0.0007832761682194397,,
ACCT_180928,0.00014579068061084367,,
ACCT_180933,0.001027035332048522,,
ACCT_180934,0.0005026727766172862,,
ACCT_180945,0.3467726313122458,2024-11-22T00:00:00,2025-02-19T00:00:00
ACCT_180959,0.0027586099392704834,,
ACCT_180963,0.03580893596854398,,
ACCT_180964,0.01764100805277669,,
ACCT_180986,0.00015338501281902841,,
ACCT_180998,0.012028906483163033,,
ACCT_181003,0.0009320504669184949,,
ACCT_181023,0.00015726649554464604,,
ACCT_181027,0.0012379958815266147,,
ACCT_181047,0.0003665058268985617,,
ACCT_181053,0.00027623723698716864,,
ACCT_181092,0.011809427333361754,,
ACCT_181113,0.0025943193321919314,,
ACCT_181115,0.0014851896237913355,,
ACCT_181119,0.23102093737286591,,
ACCT_181129,0.01392921733878472,,
ACCT_181145,0.0030646460761057956,,
ACCT_181149,0.04972682862855709,,
ACCT_181164,0.03426312932791602,,
ACCT_181165,0.0009821844306157272,,
ACCT_181169,0.031175228359383043,,
ACCT_181184,0.0017898972131770892,,
ACCT_181191,0.06694285063415024,,
ACCT_181201,0.00014881853130757644,,
ACCT_181233,0.0029486521963822997,,
ACCT_181249,0.05526617326169081,,
ACCT_181250,0.0039531050444796285,,
ACCT_181258,0.0008102066146962012,,
ACCT_181259,0.0014030363718144977,,
ACCT_181266,7.477545476589019e-05,,
ACCT_181293,0.009787686438868525,,
ACCT_181334,0.00959141329595904,,
ACCT_181365,0.0011598906746042692,,
ACCT_181414,0.013747254023289603,,
ACCT_181432,0.0007429709193123897,,
ACCT_181440,0.001612969191533147,,
ACCT_181445,0.00035762959044227866,,
ACCT_181477,0.0035818727098000705,,
ACCT_181486,0.049404428136550625,,
ACCT_181493,0.0027208089150442985,,
ACCT_181494,0.023847457842777676,,
ACCT_181498,0.018123402641092218,,
ACCT_181512,0.00039159941686494026,,
ACCT_181517,0.0031569766526586343,,
ACCT_181518,0.0009049078518297043,,
ACCT_181534,0.00021654519019534104,,
ACCT_181554,0.010636580541481136,,
ACCT_181564,0.02822234854287105,,
ACCT_181565,0.0006579606608702736,,
ACCT_181574,0.006847470081385235,,
ACCT_181585,0.000494750675163679,,
ACCT_181592,0.0006626442136301733,,
ACCT_181613,0.00043008414229382604,,
ACCT_181643,0.0017461583596127769,,
ACCT_181649,0.06543315619007858,,
ACCT_181677,0.08134964938288772,,
ACCT_181679,0.021833516134897698,,
ACCT_181688,0.0010229093009072325,,
ACCT_181691,0.006293241666244539,,
ACCT_181693,0.0038643217965048564,,
ACCT_181707,0.009754967725844327,,
ACCT_181708,0.0009369647229019255,,
ACCT_181713,0.0018576517145125783,,
ACCT_181715,0.0014893551650025582,,
ACCT_181726,0.0006565394749259391,,
ACCT_181728,0.00448488250077003,,
ACCT_181729,0.00777813386735207,,
ACCT_181760,6.677136580533368e-05,,
ACCT_181820,0.2510517515678832,,
ACCT_181862,0.0014989571426453606,,
ACCT_181910,0.008018459271528092,,
ACCT_181923,0.0005700832063802127,,
ACCT_181950,0.012471122477783586,,
ACCT_181952,0.007559781515499665,,
ACCT_181963,0.0018157126048424985,,
ACCT_181968,0.0007551807351917708,,
ACCT_181975,0.0033223124018962893,,
ACCT_181980,0.0005744264734961889,,
ACCT_181998,0.00518571592191859,,
ACCT_181999,0.0038377681178742773,,
ACCT_182005,0.0009990333197904457,,
ACCT_182018,0.00014682294244703544,,
ACCT_182023,0.01049048715752616,,
ACCT_182031,0.005739789861850702,,
ACCT_182049,0.002221638607753918,,
ACCT_182065,0.0272459670955811,,
ACCT_182081,0.0014326563538627876,,
ACCT_182083,0.002590214797737843,,
ACCT_182088,0.0017630626623911052,,
ACCT_182094,0.003950366967474242,,
ACCT_182126,0.0007732729350374826,,
ACCT_182130,0.00020659674228589039,,
ACCT_182134,0.002330800783366114,,
ACCT_182146,0.00023443893069932735,,
ACCT_182147,0.010026345611508385,,
ACCT_182157,0.0069125634547008334,,
ACCT_182158,0.13587744503260793,,
ACCT_182160,0.010081519069806049,,
ACCT_182164,0.007583231030892684,,
ACCT_182180,0.03089780600642215,,
ACCT_182183,0.010809962259002003,,
ACCT_182194,0.0007264014080971478,,
ACCT_182201,0.03173695358523474,,
ACCT_182216,0.001639177990669631,,
ACCT_182219,0.003718070521736254,,
ACCT_182236,0.001098500050146543,,
ACCT_182255,0.007360253274412974,,
ACCT_182280,0.006559335141526376,,
ACCT_182314,0.00016433927040722745,,
ACCT_182321,0.003022980161210584,,
ACCT_182338,0.0006984031433150277,,
ACCT_182343,0.001501105133098304,,
ACCT_182358,0.0006030719217015704,,
ACCT_182394,0.0024101948901313823,,
ACCT_182395,0.0003676272210066163,,
ACCT_182398,0.002839423370659791,,
ACCT_182414,0.017039828717110954,,
ACCT_182422,0.0020664561263690007,,
ACCT_182424,0.00023383503310662172,,
ACCT_182432,0.01428121478966638,,
ACCT_182457,0.013664123232091666,,
ACCT_182475,0.0005452886891650837,,
ACCT_182495,0.0045354384670953695,,
ACCT_182526,0.021080175857223687,,
ACCT_182530,0.011165746540941596,,
ACCT_182549,0.00036629747453164094,,
ACCT_182550,0.011731926449644232,,
ACCT_182551,0.07336101631171665,,
ACCT_182552,0.001299876447153861,,
ACCT_182553,0.08124431757171881,,
ACCT_182556,0.00010830711833593207,,
ACCT_182579,0.010449448859379328,,
ACCT_182589,0.0011208708741997407,,
ACCT_182602,0.007475479261065461,,
ACCT_182625,0.003241428504214454,,
ACCT_182635,0.00296189646467989,,
ACCT_182664,0.0016547643098063464,,
ACCT_182669,0.00018416735155041335,,
ACCT_182676,0.003783771585952064,,
ACCT_182723,0.0028425078568069294,,
ACCT_182726,0.00033871022253188456,,
ACCT_182728,0.016592814748434458,,
ACCT_182744,0.0026527783572489988,,
ACCT_182751,0.0010744248807052202,,
ACCT_182758,0.002952880456741809,,
ACCT_182770,0.02399932349285293,,
ACCT_182783,0.017393118682643337,,
ACCT_182786,0.0026505191733611332,,
ACCT_182789,0.000402011572310951,,
ACCT_182802,0.003939122597847464,,
ACCT_182809,0.0008806782751642784,,
ACCT_182810,0.025535056688886136,,
ACCT_182811,0.032642306629146495,,
ACCT_182818,0.006918113370354166,,
ACCT_182820,0.00352443900861612,,
ACCT_182838,0.012359129784319682,,
ACCT_182844,0.020233643819656706,,
ACCT_182850,0.0026212859702832983,,
ACCT_182875,0.08398878999063977,,
ACCT_182905,0.0011445329801410562,,
ACCT_182911,0.0032746977451264723,,
ACCT_182914,0.004485600659263711,,
ACCT_182930,0.01227421199407664,,
ACCT_182940,0.00857260400039688,,
ACCT_182942,0.00031670498313860775,,
ACCT_182960,0.002383913106774188,,
ACCT_182969,0.014735775234286133,,
ACCT_182986,0.0010462777748375817,,
ACCT_183002,0.010827876091177467,,
ACCT_183003,0.0010582155784847286,,
ACCT_183026,0.008209073753119763,,
ACCT_183029,0.004098952277473226,,
ACCT_183034,0.013036082504976221,,
ACCT_183045,0.005796798620634077,,
ACCT_183083,0.037347257824442336,,
ACCT_183089,0.001183483411465239,,
ACCT_183127,9.675508638503417e-05,,
ACCT_183139,0.006144692469032702,,
ACCT_183178,0.0016113634422096975,,
ACCT_183179,0.0011703403838777646,,
ACCT_183187,0.04726278500014759,,
ACCT_183198,0.0004992289606617348,,
ACCT_183203,0.0008860488772601749,,
ACCT_183205,0.016873065110203575,,
ACCT_183232,0.002417503609566176,,
ACCT_183239,0.0009835428260304975,,
ACCT_183240,0.0002480041402541475,,
ACCT_183241,0.0007431022487184607,,
ACCT_183258,0.0003542197713505478,,
ACCT_183288,0.005579976826396426,,
ACCT_183299,0.02619338361661342,,
ACCT_183321,0.0017447907138819704,,
ACCT_183324,0.000882913292537046,,
ACCT_183325,0.0002973091532839213,,
ACCT_183333,0.07811822080643924,,
ACCT_183340,0.0013983597732637545,,
ACCT_183347,0.00033234012472241646,,
ACCT_183364,0.0014891376711183902,,
ACCT_183394,0.03060167697849635,,
ACCT_183395,0.048919474806195636,,
ACCT_183405,0.001176304414202699,,
ACCT_183419,0.002186132458173313,,
ACCT_183435,0.021773909408374238,,
ACCT_183482,0.07159186557194633,,
ACCT_183487,0.00038212709006500787,,
ACCT_183494,0.0019359155724318008,,
ACCT_183526,0.0018931880691804032,,
ACCT_183528,0.001801402564978724,,
ACCT_183530,0.008445932350421468,,
ACCT_183538,0.011738899826259273,,
ACCT_183555,0.04654761836484681,,
ACCT_183570,0.0029936719088757987,,
ACCT_183577,0.00016661367459311897,,
ACCT_183585,0.008039791159833212,,
ACCT_183596,0.9663405409531732,2025-03-17T00:00:00,2025-06-14T00:00:00
ACCT_183600,0.04776628988190486,,
ACCT_183604,0.000751950527682067,,
ACCT_183614,0.0023618340190917327,,
ACCT_183636,0.01886865803926005,,
ACCT_183637,0.006892281739338431,,
ACCT_183638,0.0007130795127680856,,
ACCT_183654,0.008505565556326228,,
ACCT_183668,0.0017269571307547958,,
ACCT_183692,0.001234763268656436,,
ACCT_183707,0.00032230298387217194,,
ACCT_183715,0.0055712140601567855,,
ACCT_183728,0.002993015614586171,,
ACCT_183753,0.00896187520031234,,
ACCT_183782,0.0008912166259629928,,
ACCT_183794,0.0005606404867551462,,
ACCT_183821,0.0008811033826939029,,
ACCT_183842,0.0009533709042897921,,
ACCT_183856,0.0006126831561698214,,
ACCT_183866,0.00471827778120515,,
ACCT_183884,0.019965516141953854,,
ACCT_183894,0.007774926701396244,,
ACCT_183898,0.0003548159426111716,,
ACCT_183913,0.0008998928446356174,,
ACCT_183939,0.004180804571076804,,
ACCT_183941,0.0001521751674823199,,
ACCT_183958,0.00958074764000428,,
ACCT_183966,0.0005171335742755915,,
ACCT_183989,0.0009304918053604057,,
ACCT_183993,0.005642217316532797,,
ACCT_184009,0.0052279188889168115,,
ACCT_184016,0.001825279913416049,,
ACCT_184026,0.0024511008432908307,,
ACCT_184077,0.0015243514342556219,,
ACCT_184079,0.015389128014251996,,
ACCT_184085,0.003948177711209851,,
ACCT_184097,0.05855199790948096,,
ACCT_184108,0.0817906332784467,,
ACCT_184113,0.0031425790275421755,,
ACCT_184115,0.008346609518875267,,
ACCT_184175,0.0005340620432065707,,
ACCT_184193,0.00047498564155009905,,
ACCT_184200,0.0004398228254747365,,
ACCT_184208,0.008310879483994173,,
ACCT_184216,0.0023604935514232777,,
ACCT_184233,0.00023390245545001966,,
ACCT_184239,0.007359632242794729,,
ACCT_184245,0.0041574815230771296,,
ACCT_184258,0.009026052952060108,,
ACCT_184267,0.0002943327071770063,,
ACCT_184268,0.0020093683021169912,,
ACCT_184270,0.0003504471888090562,,
ACCT_184284,0.0015243492809030878,,
ACCT_184285,0.00045607016766861504,,
ACCT_184286,0.00532913559066339,,
ACCT_184290,0.0160026985470546,,
ACCT_184292,0.0523496610724193,,
ACCT_184313,0.0020164109680627365,,
ACCT_184343,0.03079346821800359,,
ACCT_184354,0.000621084605390121,,
ACCT_184360,0.002104872174618052,,
ACCT_184369,0.000251492110689626,,
ACCT_184377,0.0006305967488400051,,
ACCT_184421,0.11143477227810425,,
ACCT_184445,0.007765397599634141,,
ACCT_184460,0.0006047551241038414,,
ACCT_184478,0.0013673236638667883,,
ACCT_184491,0.03265582223482755,,
ACCT_184509,0.0030686340773569297,,
ACCT_184537,0.0012038250596948588,,
ACCT_184538,0.03938952262406539,,
ACCT_184545,0.0005580938126997021,,
ACCT_184550,0.013724194742384118,,
ACCT_184597,0.0357461807508382,,
ACCT_184604,0.0002838510771552893,,
ACCT_184610,0.011148430471766375,,
ACCT_184614,0.0005302059966016929,,
ACCT_184631,0.02017236245714613,,
ACCT_184640,0.12621605174248424,,
ACCT_184646,0.027696496913873703,,
ACCT_184649,0.0007616323219571869,,
ACCT_184652,0.0008749954398266036,,
ACCT_184653,0.0022674351618194436,,
ACCT_184670,0.0009708183257391322,,
ACCT_184679,0.0002626391741522142,,
ACCT_184696,0.022199208281827375,,
ACCT_184710,0.001460427393182182,,
ACCT_184732,0.0008360984739981961,,
ACCT_184740,0.0015034008459300762,,
ACCT_184773,0.0006562696733992655,,
ACCT_184774,0.027859410363516558,,
ACCT_184803,0.0025835555761962365,,
ACCT_184813,0.0020543070862810335,,
ACCT_184828,0.0016416657786994643,,
ACCT_184838,0.00048273216634509773,,
ACCT_184864,0.0005708728028654034,,
ACCT_184875,0.079270388142927,,
ACCT_184883,0.002716277712580966,,
ACCT_184899,0.0007154871196225314,,
ACCT_184903,0.5561103248325109,2025-02-04T00:00:00,2025-05-04T00:00:00
ACCT_184927,0.0013900158174051758,,
ACCT_184941,0.01141267855489415,,
ACCT_184972,0.0004970848314445207,,
ACCT_184980,0.0012551068477599883,,
ACCT_184986,0.0013977031000609067,,
ACCT_184991,0.008925099738802834,,
ACCT_184992,0.0007385650391558019,,
ACCT_185003,0.000280328141408764,,
ACCT_185004,0.0053240030954943025,,
ACCT_185030,0.012459792169973994,,
ACCT_185033,0.007980431410346388,,
ACCT_185048,0.0009544945936198959,,
ACCT_185063,0.0001724082169460275,,
ACCT_185090,0.0055086563203140025,,
ACCT_185114,0.0028616780173871237,,
ACCT_185138,0.0015403112890510096,,
ACCT_185148,0.007720459837908161,,
ACCT_185155,0.0002735554829926945,,
ACCT_185160,0.001007300437408366,,
ACCT_185164,0.34163979358495833,2023-08-21T00:00:00,2023-11-18T00:00:00
ACCT_185190,0.011319030710901845,,
ACCT_185199,0.028379089397618594,,
ACCT_185206,0.0009804054972970266,,
ACCT_185209,0.0026037715302020333,,
ACCT_185216,0.07187663683788968,,
ACCT_185226,0.043934714490504054,,
ACCT_185294,0.26816328527980005,,
ACCT_185302,0.00106450784189086,,
ACCT_185305,0.007024036459788914,,
ACCT_185311,0.003913372646816715,,
ACCT_185313,0.028366291178425963,,
ACCT_185317,0.0008396716527468868,,
ACCT_185324,0.0010219519787372734,,
ACCT_185328,0.0006917006956981537,,
ACCT_185363,0.002732092910224392,,
ACCT_185379,0.0030057816812077524,,
ACCT_185382,0.00015811872773771181,,
ACCT_185394,0.0011919011726212385,,
ACCT_185404,0.004862040042846634,,
ACCT_185419,0.0002707581146593358,,
ACCT_185423,0.00019063338665563102,,
ACCT_185438,0.0017266280020069625,,
ACCT_185447,0.09165336756150902,,
ACCT_185451,0.0011369594678619361,,
ACCT_185452,0.0005463892640875966,,
ACCT_185453,0.0003445326126533113,,
ACCT_185464,0.0024457488642708335,,
ACCT_185478,0.03800159932334762,,
ACCT_185492,0.3636258709190993,2023-03-19T00:00:00,2023-06-16T00:00:00
ACCT_185502,0.901206384300416,2023-07-22T00:00:00,2023-10-19T00:00:00
ACCT_185534,0.006331128642206944,,
ACCT_185545,0.00010217180559137491,,
ACCT_185549,0.0016757690675548702,,
ACCT_185552,0.003800873341063183,,
ACCT_185564,0.0005548360478306509,,
ACCT_185579,0.00018147686213469612,,
ACCT_185584,0.0021951767479552577,,
ACCT_185590,0.0010900876541964197,,
ACCT_185593,0.0030083815269796492,,
ACCT_185605,0.00659648522878427,,
ACCT_185614,0.035624192888271435,,
ACCT_185639,0.010540195978229364,,
ACCT_185651,0.00275738324033402,,
ACCT_185657,0.0003149094764762524,,
ACCT_185673,0.001134015354608171,,
ACCT_185677,0.0015709293463487678,,
ACCT_185701,0.09663091635829366,,
ACCT_185743,0.004864798740932727,,
ACCT_185768,0.005795457728651568,,
ACCT_185780,0.0052774911463894835,,
ACCT_185792,0.0005021932347477084,,
ACCT_185802,0.009076195249009905,,
ACCT_185838,0.009425810229939892,,
ACCT_185869,0.00033467685176695667,,
ACCT_185878,0.009218328994932194,,
ACCT_185885,0.035601093635015305,,
ACCT_185893,0.007160178510482787,,
ACCT_185904,0.0021623599937299286,,
ACCT_185916,0.0001141776172688998,,
ACCT_185919,0.0007268489210234789,,
ACCT_185949,0.0007614466917114123,,
ACCT_185966,0.0026907589311053882,,
ACCT_185972,0.011071355247221918,,
ACCT_185974,0.001317764884382727,,
ACCT_185980,0.0008218467651663668,,
ACCT_185987,0.0004273835722338888,,
ACCT_185991,0.018471920681839296,,
ACCT_185993,0.005020394388209497,,
ACCT_186005,0.002906465922157298,,
ACCT_186030,0.0009867096554694059,,
ACCT_186031,0.008428689651775944,,
ACCT_186033,0.004036454826674253,,
ACCT_186055,0.06361346560036032,,
ACCT_186058,0.0019568595120530753,,
ACCT_186060,0.002738357720973427,,
ACCT_186062,0.003917673301684375,,
ACCT_186072,0.0012480264531853538,,
ACCT_186077,0.0011404536518754632,,
ACCT_186086,0.0030897668167406875,,
ACCT_186112,0.004927031172754495,,
ACCT_186115,0.014776373238939012,,
ACCT_186126,0.10822642386021508,,
ACCT_186150,0.00053752273327085,,
ACCT_186151,0.000610840390798696,,
ACCT_186157,0.0019676096397011006,,
ACCT_186166,0.013406291190896322,,
ACCT_186172,0.013693086498577376,,
ACCT_186173,0.0050034803423472,,
ACCT_186200,0.017017438241011602,,
ACCT_186208,0.0011242015293148845,,
ACCT_186216,0.14508260344556861,,
ACCT_186221,0.0012639709139387286,,
ACCT_186227,0.014500038419585545,,
ACCT_186245,0.0015296324687794065,,
ACCT_186246,0.004784389785083042,,
ACCT_186269,0.001170278476955559,,
ACCT_186302,0.000586627304781601,,
ACCT_186313,0.008493432287384764,,
ACCT_186324,0.0012966612158411828,,
ACCT_186325,0.0004914673894820716,,
ACCT_186326,0.021100031679358405,,
ACCT_186346,0.005902974688143999,,
ACCT_186384,0.00027942882715380516,,
ACCT_186398,0.002636833507021512,,
ACCT_186404,0.005746599349208041,,
ACCT_186430,0.06294094481339142,,
ACCT_186457,0.0005299934281165549,,
ACCT_186460,0.030232994958962766,,
ACCT_186470,0.0013362806979611865,,
ACCT_186476,0.00234577904258863,,
ACCT_186477,0.0007317776647207597,,
ACCT_186478,0.004789552218427947,,
ACCT_186483,0.03174082986495343,,
ACCT_186523,0.010820207494265831,,
ACCT_186537,0.0083804780379899,,
ACCT_186547,0.00014449155020715353,,
ACCT_186578,0.0035110475323838217,,
ACCT_186607,0.010792202739712306,,
ACCT_186637,0.0037897667497329506,,
ACCT_186662,0.014332244789249392,,
ACCT_186665,0.0005852783833348808,,
ACCT_186672,0.04230131949349283,,
ACCT_186679,0.004691785026577861,,
ACCT_186716,0.0002093137915829818,,
ACCT_186736,0.005824373415604376,,
ACCT_186738,0.000867296633158931,,
ACCT_186742,0.0001960161354464425,,
ACCT_186788,0.000560163880809328,,
ACCT_186789,0.01539717167291337,,
ACCT_186839,0.0006218196916312602,,
ACCT_186855,0.0006056123421946636,,
ACCT_186864,0.00022411762661592323,,
ACCT_186874,0.027133478095345165,,
ACCT_186878,0.0008977327255496638,,
ACCT_186880,0.0006603299102604296,,
ACCT_186881,0.0008565512181902101,,
ACCT_186891,0.012740846451571497,,
ACCT_186900,0.0017847933187640917,,
ACCT_186906,0.0008709860471500037,,
ACCT_186918,0.0006146430811667724,,
ACCT_186919,0.0004144490877630437,,
ACCT_186924,0.00018458921994586602,,
ACCT_186959,0.003001613880755893,,
ACCT_186986,0.003536997574884782,,
ACCT_186990,0.0017572604099075884,,
ACCT_187012,0.0005644694804365602,,
ACCT_187027,0.00109668958851638,,
ACCT_187033,0.14353254275031813,,
ACCT_187034,0.007372469716236044,,
ACCT_187052,0.0006155934544129709,,
ACCT_187054,0.01522294628536421,,
ACCT_187063,0.013812530455916742,,
ACCT_187086,0.0007533695857446501,,
ACCT_187092,0.0008460024210195964,,
ACCT_187114,0.001131239756028195,,
ACCT_187127,0.0031235663905495987,,
ACCT_187192,0.021575261581619924,,
ACCT_187219,0.004779420015454982,,
ACCT_187221,0.0015962703946216668,,
ACCT_187239,0.14440671538868782,,
ACCT_187241,0.04073431603840491,,
ACCT_187263,0.0026211107614797736,,
ACCT_187266,0.004496443294272771,,
ACCT_187268,0.001237460144676899,,
ACCT_187284,0.0019077198652056528,,
ACCT_187285,0.003118363111077872,,
ACCT_187288,0.027067374039459823,,
ACCT_187308,0.0013366428136049682,,
ACCT_187313,0.0012179349127477146,,
ACCT_187338,0.007064523060446204,,
ACCT_187347,0.0013535326708536178,,
ACCT_187350,0.0005315336780903796,,
ACCT_187354,0.005925581391987304,,
ACCT_187371,0.010792468995084683,,
ACCT_187427,0.002089052719426141,,
ACCT_187440,0.0008010664063233672,,
ACCT_187442,0.03469000868557246,,
ACCT_187450,0.00599978288676533,,
ACCT_187457,0.0009361129229685218,,
ACCT_187465,0.012340787167936735,,
ACCT_187482,0.02954751589334642,,
ACCT_187486,0.00018281862933229392,,
ACCT_187495,0.0021605298832504246,,
ACCT_187499,0.15420240991830025,,
ACCT_187516,0.008395015626825562,,
ACCT_187529,0.00608587733879046,,
ACCT_187535,0.0006545492065575971,,
ACCT_187537,0.0005085849714205938,,
ACCT_187548,0.0018745152513829435,,
ACCT_187551,0.024163240062775395,,
ACCT_187575,0.00028115017092293225,,
ACCT_187591,0.02597915109403045,,
ACCT_187600,0.04655653337391372,,
ACCT_187606,0.011191446637519021,,
ACCT_187614,0.021827241006416656,,
ACCT_187621,0.000673430958351183,,
ACCT_187625,0.0004227193618680972,,
ACCT_187628,0.0031949885408392546,,
ACCT_187635,0.018016352159761266,,
ACCT_187642,0.00037637743008780224,,
ACCT_187674,0.0028961147144245898,,
ACCT_187691,0.046648809283234074,,
ACCT_187696,0.0005399413056226978,,
ACCT_187703,0.005309134143532395,,
ACCT_187712,0.001062020014856725,,
ACCT_187713,0.01522352681464995,,
ACCT_187724,0.0007951218741257454,,
ACCT_187732,0.0007040143088956157,,
ACCT_187741,0.00020601018432430556,,
ACCT_187749,0.0005909467269172473,,
ACCT_187758,0.0010517563729503668,,
ACCT_187759,0.00032149607366018586,,
ACCT_187786,0.0029001533251215026,,
ACCT_187791,0.01003685577985363,,
ACCT_187794,0.0005400257942059531,,
ACCT_187836,0.045544606281268864,,
ACCT_187850,0.0013048831681759447,,
ACCT_187853,0.0001801427667763274,,
ACCT_187857,0.0005354371391133566,,
ACCT_187866,0.009708318436041434,,
ACCT_187875,0.007462215029051128,,
ACCT_187886,0.07115901362472413,,
ACCT_187899,0.001235865854287852,,
ACCT_187901,0.00022117757146604915,,
ACCT_187903,0.0006968704778190913,,
ACCT_187922,0.0015204340285584735,,
ACCT_187942,0.0009030441775228212,,
ACCT_187947,0.002023707618812309,,
ACCT_187953,0.00037775433821167286,,
ACCT_187954,0.0009031030351635477,,
ACCT_187962,0.0037867202584634394,,
ACCT_187969,0.009438082698942493,,
ACCT_187981,0.019541807191281336,,
ACCT_187986,0.0009156529940601427,,
ACCT_187991,0.004571593593634187,,
ACCT_187992,0.0017118885610425444,,
ACCT_188025,0.0027651909364249825,,
ACCT_188028,0.003894510719977054,,
ACCT_188040,0.007767909442707904,,
ACCT_188061,0.015422636976423359,,
ACCT_188088,0.013723946504560667,,
ACCT_188091,0.0030381667346722923,,
ACCT_188108,0.008203049631423842,,
ACCT_188125,0.00037496733392050044,,
ACCT_188142,0.002376595305234234,,
ACCT_188165,0.028735218051649115,,
ACCT_188174,0.00037252986491503675,,
ACCT_188175,0.004025803166961698,,
ACCT_188188,0.090244163004805,,
ACCT_188212,0.0005709661056694846,,
ACCT_188219,0.002112958753484345,,
ACCT_188221,0.036782525514956074,,
ACCT_188234,0.0021018747721369595,,
ACCT_188243,0.0019653706620406616,,
ACCT_188269,0.0015014813146198703,,
ACCT_188282,0.009520655586665193,,
ACCT_188290,0.010182728219070913,,
ACCT_188310,0.003742079294944066,,
ACCT_188325,0.003156828031595849,,
ACCT_188337,0.003247201128378665,,
ACCT_188340,0.0029219570491226463,,
ACCT_188348,0.015616439135027324,,
ACCT_188351,0.001426007471515341,,
ACCT_188375,0.0010200050909533653,,
ACCT_188391,0.0005570313950185662,,
ACCT_188394,0.0431456113923052,,
ACCT_188396,0.009760300408520177,,
ACCT_188403,0.0011997702936495762,,
ACCT_188406,0.0033510745175964777,,
ACCT_188410,0.019043351596001575,,
ACCT_188413,0.013316060727465245,,
ACCT_188434,0.014806784117884919,,
ACCT_188485,0.0001434441838278792,,
ACCT_188486,0.0012638484225553138,,
ACCT_188495,0.0011532101089738044,,
ACCT_188499,0.0006954053963418589,,
ACCT_188518,0.0003365468951555948,,
ACCT_188541,0.0029331712170587226,,
ACCT_188564,0.004847129187919507,,
ACCT_188579,0.0017164243339471408,,
ACCT_188585,0.0004077531853152928,,
ACCT_188591,0.0019648078535874575,,
ACCT_188607,0.03807354983970752,,
ACCT_188623,0.08136108726237767,,
ACCT_188625,0.00350932723546384,,
ACCT_188650,0.003959776150527759,,
ACCT_188654,0.005881254037364672,,
ACCT_188669,0.0002610968923878203,,
ACCT_188679,0.03229116475944775,,
ACCT_188689,0.0008362366948532834,,
ACCT_188696,0.025916024276445397,,
ACCT_188707,0.00012749278546929124,,
ACCT_188714,0.0015338486220957165,,
ACCT_188727,0.0011678498954464473,,
ACCT_188731,0.00028895383706435966,,
ACCT_188755,0.009748508355836679,,
ACCT_188758,0.007405810011305694,,
ACCT_188778,0.006238090342681331,,
ACCT_188790,0.12317643923024009,,
ACCT_188794,0.004612681119739417,,
ACCT_188801,0.0007978923828380252,,
ACCT_188835,0.024204097404890667,,
ACCT_188840,0.000515755199106989,,
ACCT_188853,0.03668688411971,,
ACCT_188868,0.002364416072726451,,
ACCT_188886,0.006871310993256321,,
ACCT_188891,0.14935380304924745,,
ACCT_188897,0.04774836982157067,,
ACCT_188911,0.033546242920962255,,
ACCT_188933,0.00285253289494601,,
ACCT_188936,0.049586449763669035,,
ACCT_188939,0.0017958653421519088,,
ACCT_188942,0.04203877355266271,,
ACCT_188972,0.015293297641652794,,
ACCT_188978,0.0003221845272751118,,
ACCT_188979,0.0007103824637063851,,
ACCT_188985,0.0006494010094512298,,
ACCT_189000,0.002192369405169403,,
ACCT_189001,0.013882485244586629,,
ACCT_189005,0.0006596644028112892,,
ACCT_189009,0.009890067151998144,,
ACCT_189052,0.00810255484708906,,
ACCT_189062,0.0025892718784298477,,
ACCT_189073,0.007173122258455305,,
ACCT_189077,0.0005564936610745963,,
ACCT_189089,0.0002874458252820367,,
ACCT_189093,0.006690834750106444,,
ACCT_189104,0.0003197086574210288,,
ACCT_189134,0.0411125432116548,,
ACCT_189139,0.0009047181638163326,,
ACCT_189142,0.00018948496001391403,,
ACCT_189143,0.024150481275629757,,
ACCT_189206,0.0440850417640969,,
ACCT_189208,0.001598242270393207,,
ACCT_189226,0.0026476099558734706,,
ACCT_189233,0.0009915892909017788,,
ACCT_189235,0.0030050112058532764,,
ACCT_189250,0.0014466645991360605,,
ACCT_189266,0.022189526967646436,,
ACCT_189277,0.012590230966940136,,
ACCT_189350,0.0003511490486435382,,
ACCT_189352,0.1481073478476869,,
ACCT_189355,0.12255020488687603,,
ACCT_189356,0.0007285503244060674,,
ACCT_189361,0.0020020025443504884,,
ACCT_189371,0.0014994437488921235,,
ACCT_189373,0.003747059983093637,,
ACCT_189378,0.03427457739279451,,
ACCT_189382,0.0014810111056969843,,
ACCT_189384,0.00022800271432797445,,
ACCT_189394,0.0013284469160375753,,
ACCT_189411,0.0053205099873060305,,
ACCT_189421,0.009719088677878842,,
ACCT_189425,0.0013916564679434778,,
ACCT_189437,0.0007602222833356253,,
ACCT_189444,0.011028829772217875,,
ACCT_189466,0.0017249684172562832,,
ACCT_189482,0.008027581920261904,,
ACCT_189490,0.00030597564424941195,,
ACCT_189493,0.004690327582299045,,
ACCT_189495,0.0025781395247202275,,
ACCT_189498,0.001584413932146261,,
ACCT_189512,0.00025403733634915885,,
ACCT_189516,0.0010479213207561697,,
ACCT_189521,0.9582411065325637,2024-02-27T00:00:00,2024-05-26T00:00:00
ACCT_189535,0.001168273104373416,,
ACCT_189550,0.004020270676969208,,
ACCT_189567,0.0015674792570352293,,
ACCT_189568,0.00017997349014277152,,
ACCT_189571,0.002432844949236082,,
ACCT_189581,0.01886656026334241,,
ACCT_189582,0.2104506756941878,,
ACCT_189586,0.0008097953493242657,,
ACCT_189598,0.05316441304224504,,
ACCT_189602,0.005244234094703115,,
ACCT_189627,0.0003424962031922322,,
ACCT_189631,0.0006240913902484998,,
ACCT_189639,0.13166882112950887,,
ACCT_189659,0.02200725084332448,,
ACCT_189679,0.00028026116523528365,,
ACCT_189692,0.00714816883258732,,
ACCT_189704,0.00895884140224976,,
ACCT_189728,0.035168226037119985,,
ACCT_189750,0.0008358883569265224,,
ACCT_189761,0.0029125202626894583,,
ACCT_189763,0.0006962314435588789,,
ACCT_189766,0.11819614730882247,,
ACCT_189767,0.017230140557195375,,
ACCT_189768,0.0026505692645331157,,
ACCT_189781,0.0035064409269524566,,
ACCT_189787,0.023000778331099328,,
ACCT_189791,0.00015978327336868997,,
ACCT_189798,0.0001535814019303262,,
ACCT_189807,0.010957338422334578,,
ACCT_189818,0.020289567588690587,,
ACCT_189822,0.03147282529854045,,
ACCT_189854,0.023194434582274562,,
ACCT_189858,0.09285885631250017,,
ACCT_189902,0.01199065106758479,,
ACCT_189917,0.0003238901026001442,,
ACCT_189933,0.0011733243264297041,,
ACCT_189955,0.007766603709485615,,
ACCT_189957,0.001916540148509878,,
ACCT_189959,0.002984813000752843,,
ACCT_189975,0.00039472638462065426,,
ACCT_190017,0.433180285786168,2025-05-28T00:00:00,2025-05-28T00:00:00
ACCT_190018,0.0010509626153924322,,
ACCT_190044,0.009380977461512672,,
ACCT_190051,0.0044484626624616405,,
ACCT_190052,0.00011309352903705549,,
ACCT_190067,0.009718008556199934,,
ACCT_190074,0.010540838699267252,,
ACCT_190088,0.002121730242073238,,
ACCT_190099,0.0015515360178949527,,
ACCT_190100,0.00028019548720524155,,
ACCT_190128,0.0024625779800762863,,
ACCT_190133,0.0006749428007805542,,
ACCT_190137,0.0012488691312413426,,
ACCT_190146,0.0018367496234755077,,
ACCT_190150,0.0044388548016534414,,
ACCT_190155,0.0039282936193939565,,
ACCT_190157,0.0006333734263038073,,
ACCT_190158,0.04438002618201248,,
ACCT_190172,0.010145365984171513,,
ACCT_190194,0.0003102215792760094,,
ACCT_190203,0.0015350360286502322,,
ACCT_190211,0.013524486236831113,,
ACCT_190213,0.010060575410461766,,
ACCT_190220,0.017515805904992226,,
ACCT_190227,0.0010190890086621894,,
ACCT_190229,0.00018345510024490923,,
ACCT_190230,0.000889924125265015,,
ACCT_190238,0.0030134445613858077,,
ACCT_190239,0.0013933081399012128,,
ACCT_190250,0.005665515609568889,,
ACCT_190270,0.00734782967017515,,
ACCT_190282,0.0022686362406678516,,
ACCT_190294,0.0002810259318160724,,
ACCT_190295,0.001980077586940036,,
ACCT_190296,0.011841395253814928,,
ACCT_190304,0.00039955695168036626,,
ACCT_190313,0.018129333516596808,,
ACCT_190315,0.01129089152336951,,
ACCT_190328,0.0021856401394662888,,
ACCT_190335,0.00031248525680849395,,
ACCT_190346,0.0025415439882809673,,
ACCT_190379,0.0065415588012866415,,
ACCT_190397,0.13670663944962153,,
ACCT_190423,0.00302669185004087,,
ACCT_190424,0.01867744161092686,,
ACCT_190437,0.020064713906393482,,
ACCT_190452,0.010731949334018772,,
ACCT_190453,0.002271404940076368,,
ACCT_190456,0.0020132581620075996,,
ACCT_190464,0.016721264902079067,,
ACCT_190467,0.003079089612455908,,
ACCT_190474,0.00517457642090395,,
ACCT_190484,0.0023835934139965665,,
ACCT_190489,0.0074018705027173145,,
ACCT_190492,0.007023987950550306,,
ACCT_190496,0.004220222501269373,,
ACCT_190512,0.0012650839304102581,,
ACCT_190515,0.00021040842862199435,,
ACCT_190517,0.0026842484917582793,,
ACCT_190522,0.0005437374031920847,,
ACCT_190529,0.0005502519910069758,,
ACCT_190530,0.002558380587944828,,
ACCT_190539,0.0033974167313195218,,
ACCT_190559,0.025049782524389785,,
ACCT_190563,0.004791061857817433,,
ACCT_190564,0.0009690731710803493,,
ACCT_190575,0.009650901251552574,,
ACCT_190579,0.0006013580913065542,,
ACCT_190592,0.010603017048521459,,
ACCT_190593,0.009539074555342168,,
ACCT_190601,0.13396799868045658,,
ACCT_190646,0.0022743022666529148,,
ACCT_190648,0.08857681145549616,,
ACCT_190662,0.00043762544875010513,,
ACCT_190667,0.005007785073929312,,
ACCT_190673,0.0634894298227926,,
ACCT_190694,0.08685128104113674,,
ACCT_190700,0.13607737244041557,,
ACCT_190709,0.010846060042197769,,
ACCT_190716,0.0003292763076632298,,
ACCT_190722,0.00885055037656558,,
ACCT_190728,0.0030768862591059854,,
ACCT_190748,0.0005699119374338098,,
ACCT_190755,0.0015001130974889372,,
ACCT_190761,0.00012955973176273446,,
ACCT_190819,0.0015958533350374962,,
ACCT_190827,0.0002842131853033912,,
ACCT_190833,0.0117591740179431,,
ACCT_190839,0.0011461325568587841,,
ACCT_190844,0.0003899116983896763,,
ACCT_190849,0.002456255736909261,,
ACCT_190851,0.12041008344098483,,
ACCT_190867,0.0005514826719886794,,
ACCT_190872,0.021605461153192153,,
ACCT_190876,0.00039586814456297087,,
ACCT_190891,0.003485131917055996,,
ACCT_190914,0.040685794173997564,,
ACCT_190919,0.003337310656967309,,
ACCT_190939,0.0014976105760224133,,
ACCT_190957,0.007250710482381906,,
ACCT_190963,0.13412984470716605,,
ACCT_190973,0.05003578525242288,,
ACCT_190984,0.00021934635558464654,,
ACCT_190988,0.0017707349205677164,,
ACCT_190991,0.00028330825605125053,,
ACCT_191047,0.00043521371297363857,,
ACCT_191048,0.0068951125741163,,
ACCT_191065,0.007676799553583585,,
ACCT_191069,0.0014639656007061452,,
ACCT_191075,0.12978120818231703,,
ACCT_191094,0.0010781058264079757,,
ACCT_191116,0.0024191876180220126,,
ACCT_191118,0.12105086230372945,,
ACCT_191133,0.0005716594873648237,,
ACCT_191159,0.005844059120006121,,
ACCT_191170,0.009920295788753156,,
ACCT_191187,0.00016209601064152144,,
ACCT_191217,0.004467747831186737,,
ACCT_191219,0.012897845802571289,,
ACCT_191224,0.0003183316293494429,,
ACCT_191225,0.0009173989095267581,,
ACCT_191246,0.024689207810739515,,
ACCT_191248,0.0006878106961421969,,
ACCT_191249,0.0014496028204258307,,
ACCT_191251,0.00987314805048804,,
ACCT_191255,0.06986818012719412,,
ACCT_191308,0.0987696092665594,,
ACCT_191311,0.0011912934558519846,,
ACCT_191318,0.14709844237042063,,
ACCT_191338,0.006917183402856536,,
ACCT_191367,0.003593060328962995,,
ACCT_191387,0.006806045244485528,,
ACCT_191416,0.008908168855571361,,
ACCT_191420,0.0367323122921592,,
ACCT_191430,0.0038396356913580195,,
ACCT_191443,0.008055557123845244,,
ACCT_191445,0.00045810241614738093,,
ACCT_191446,6.258023916804615e-05,,
ACCT_191449,0.022454257841697425,,
ACCT_191462,0.00029647196085648945,,
ACCT_191464,0.017275788563390737,,
ACCT_191494,0.00036214214606246895,,
ACCT_191504,0.0018272542191187513,,
ACCT_191531,0.004639856919034032,,
ACCT_191551,0.0024573354296660807,,
ACCT_191566,0.0021029525296901016,,
ACCT_191572,0.0029421193209308765,,
ACCT_191577,0.004789107341403568,,
ACCT_191585,0.013740080739878563,,
ACCT_191598,0.0005589235808659753,,
ACCT_191610,0.0004978591548811973,,
ACCT_191637,0.001692796506851627,,
ACCT_191638,0.00012513088204714313,,
ACCT_191639,0.005985388233065422,,
ACCT_191642,0.0006552044393066291,,
ACCT_191652,0.0019005848109662816,,
ACCT_191654,0.0011265373709647033,,
ACCT_191683,0.0009270305014115364,,
ACCT_191688,0.00011145799007043694,,
ACCT_191699,0.001082501869265355,,
ACCT_191738,0.011729413552273478,,
ACCT_191748,0.0011286676817715963,,
ACCT_191750,0.008947572702367243,,
ACCT_191760,0.0017072754070121428,,
ACCT_191766,0.003176144835878821,,
ACCT_191772,4.5722333029982775e-05,,
ACCT_191775,0.0006456292795367719,,
ACCT_191783,0.0006457285047146872,,
ACCT_191784,0.0035716041764202004,,
ACCT_191796,0.0006038540161672689,,
ACCT_191828,0.009507887301631362,,
ACCT_191840,0.0009920451801888382,,
ACCT_191856,0.0013484964873283992,,
ACCT_191862,0.032200810235038235,,
ACCT_191899,0.000442640467894706,,
ACCT_191918,0.013988772609911767,,
ACCT_191927,0.0004671531566496038,,
ACCT_191929,0.002399088299913181,,
ACCT_191931,0.0011530357092888936,,
ACCT_191932,0.012695396195581455,,
ACCT_191937,0.0007696075786550155,,
ACCT_191950,0.04429807509866833,,
ACCT_191959,0.02110280933216601,,
ACCT_191977,0.024496486617347796,,
ACCT_191978,0.04670719895201676,,
ACCT_191981,0.0005161483077579576,,
ACCT_191989,0.003289366896786809,,
ACCT_192002,0.06356259855349447,,
ACCT_192007,0.0010957466726003765,,
ACCT_192012,0.0007360561686612514,,
ACCT_192016,0.0011838483217996923,,
ACCT_192020,0.0015333199699241577,,
ACCT_192022,0.01435027793136221,,
ACCT_192028,0.16953765329871331,,
ACCT_192055,0.23677282058412744,,
ACCT_192064,0.004182608585373113,,
ACCT_192065,0.000783616484586796,,
ACCT_192085,0.010047826395198408,,
ACCT_192098,0.005841039536596412,,
ACCT_192105,0.0020595917440659976,,
ACCT_192110,0.00043943049097363,,
ACCT_192120,0.04621424309707138,,
ACCT_192131,0.0037790918064711473,,
ACCT_192132,0.00030278335885944405,,
ACCT_192154,0.0009372633824817995,,
ACCT_192192,0.0002630021956979259,,
ACCT_192220,0.00033128306066647687,,
ACCT_192231,0.0027708969115676297,,
ACCT_192256,0.004906603644096707,,
ACCT_192264,0.0017484177060368724,,
ACCT_192298,0.022006764289926137,,
ACCT_192306,0.003313121186498719,,
ACCT_192312,0.0029884018003860013,,
ACCT_192315,0.001215997580724619,,
ACCT_192328,0.19900905054882517,,
ACCT_192337,0.004525266672084253,,
ACCT_192364,0.0017623925545279244,,
ACCT_192385,0.0020671794587708956,,
ACCT_192398,0.024695187703972866,,
ACCT_192426,0.0004326723808327046,,
ACCT_192435,0.0010225677284835277,,
ACCT_192445,0.004644282078563743,,
ACCT_192449,0.04569642089060138,,
ACCT_192480,0.08505387427990937,,
ACCT_192484,0.001776032898851291,,
ACCT_192492,0.001672662802854693,,
ACCT_192493,0.003591221453245456,,
ACCT_192515,0.009713218322969775,,
ACCT_192520,0.0016201171139036317,,
ACCT_192541,0.0008388523464003591,,
ACCT_192580,0.0031594950967074667,,
ACCT_192588,0.0017556295748255984,,
ACCT_192600,0.0025997437754367086,,
ACCT_192613,0.027566804173214266,,
ACCT_192623,0.001626264521490887,,
ACCT_192624,0.0019683744590778605,,
ACCT_192639,0.006790101443615465,,
ACCT_192658,0.0013603705520823365,,
ACCT_192676,0.003945908972872706,,
ACCT_192681,0.00917375502593043,,
ACCT_192684,0.02119529166751711,,
ACCT_192741,0.01954116968704037,,
ACCT_192745,0.0011487951321151445,,
ACCT_192748,0.0006592295702579658,,
ACCT_192753,0.04601164708372724,,
ACCT_192777,0.004030768964398036,,
ACCT_192792,0.0019241777497025169,,
ACCT_192798,0.0009392344472051901,,
ACCT_192807,0.0007495473151042103,,
ACCT_192824,0.0010751600448918222,,
ACCT_192839,0.010272333122830591,,
ACCT_192867,0.0038378850918270764,,
ACCT_192872,0.0010768066715425384,,
ACCT_192895,0.016621460914502048,,
ACCT_192901,0.004746283529808674,,
ACCT_192902,0.0015808207952227402,,
ACCT_192924,0.0027518404100300964,,
ACCT_192961,0.5581076343719074,2025-03-07T00:00:00,2025-06-04T00:00:00
ACCT_192964,0.0006579160784134702,,
ACCT_192966,0.004679077792395911,,
ACCT_192970,0.0007841456142074496,,
ACCT_192980,0.0028681814635574386,,
ACCT_192993,0.00017303343632830344,,
ACCT_192996,0.005662531954396515,,
ACCT_193013,0.0001285068718095194,,
ACCT_193022,0.002108193079968912,,
ACCT_193062,0.0007300044146594222,,
ACCT_193067,0.007993890271801325,,
ACCT_193077,0.00919506525040144,,
ACCT_193079,0.0013558743994056158,,
ACCT_193140,0.017887242663106116,,
ACCT_193144,0.0049191739769532785,,
ACCT_193164,0.0016134194156544057,,
ACCT_193176,0.0016494940747923844,,
ACCT_193184,0.007862789573650374,,
ACCT_193197,0.017463940052057224,,
ACCT_193202,0.0008708016001723708,,
ACCT_193206,0.010412281448057949,,
ACCT_193213,0.00565899040398146,,
ACCT_193218,0.009676513535990642,,
ACCT_193221,0.0016825198818199046,,
ACCT_193235,0.00373147707821155,,
ACCT_193237,0.0038759770602204923,,
ACCT_193239,0.002362650390768247,,
ACCT_193258,0.02008292236522676,,
ACCT_193261,0.00106896582807399,,
ACCT_193275,0.00021801250309154565,,
ACCT_193328,0.005192294526339975,,
ACCT_193355,0.0021839302833220548,,
ACCT_193356,0.006691700496085927,,
ACCT_193359,0.049214740838789864,,
ACCT_193361,0.0002947210769804442,,
ACCT_193367,0.003542978969276392,,
ACCT_193408,0.004525463252275737,,
ACCT_193420,0.0004567658033208338,,
ACCT_193424,0.0004305821285816255,,
ACCT_193431,0.0004256397132232842,,
ACCT_193457,0.0131967119122471,,
ACCT_193458,5.4882312888460896e-05,,
ACCT_193465,0.0034050020287724873,,
ACCT_193488,0.0008309896308485954,,
ACCT_193510,0.00012920769904250135,,
ACCT_193516,0.000241128704214959,,
ACCT_193538,0.001447610674444587,,
ACCT_193539,0.032591913453280615,,
ACCT_193544,0.03423382598482223,,
ACCT_193556,0.0002604117244510482,,
ACCT_193557,0.0004437974145451502,,
ACCT_193591,0.00019028278955567508,,
ACCT_193601,0.0004138416575079594,,
ACCT_193602,0.004200042659778141,,
ACCT_193627,0.011476905135655153,,
ACCT_193628,0.06349308895254238,,
ACCT_193635,0.006397060928277747,,
ACCT_193637,0.0032344863073062585,,
ACCT_193657,0.0010655726561301724,,
ACCT_193659,0.000209271247130721,,
ACCT_193660,0.0016121343102176923,,
ACCT_193662,0.00012661517075240877,,
ACCT_193676,0.16254979629295713,,
ACCT_193705,0.003118546967287498,,
ACCT_193721,0.19462103276967757,,
ACCT_193737,0.00515072298239255,,
ACCT_193741,7.54029911096803e-05,,
ACCT_193787,0.007499111474921367,,
ACCT_193792,0.00038410124661991717,,
ACCT_193794,0.0013171819826742284,,
ACCT_193800,0.011187119946711207,,
ACCT_193817,0.004178560983547356,,
ACCT_193819,0.00019849218755509817,,
ACCT_193823,0.005550218099895453,,
ACCT_193842,0.2637824046315836,,
ACCT_193856,0.00014261766081814084,,
ACCT_193867,0.01044811356245633,,
ACCT_193877,0.04605162894352845,,
ACCT_193878,0.6967044381728165,2025-01-01T00:00:00,2025-03-31T00:00:00
ACCT_193885,0.05287226148912244,,
ACCT_193889,0.003640031077328633,,
ACCT_193899,0.0031434965477377245,,
ACCT_193921,0.0010753699293161326,,
ACCT_193922,0.007838629585936131,,
ACCT_193937,0.012545542319599534,,
ACCT_193946,0.08723656191272597,,
ACCT_193949,0.0025264623064158377,,
ACCT_193951,0.00021670488792309328,,
ACCT_193959,0.004338452586605715,,
ACCT_193964,0.0006822010215882334,,
ACCT_193976,0.034815186649180374,,
ACCT_193991,0.002132796942621328,,
ACCT_193995,0.06610948789666544,,
ACCT_193998,0.0010876603378796638,,
ACCT_194007,0.0018830649522955886,,
ACCT_194011,0.00029333554731663286,,
ACCT_194035,0.004104305721926804,,
ACCT_194049,0.004647019938725757,,
ACCT_194053,0.03060001500771468,,
ACCT_194086,0.002408121558869726,,
ACCT_194091,0.04974490886387015,,
ACCT_194138,0.0021019842590846716,,
ACCT_194141,0.4011986890377949,,
ACCT_194145,0.004551138960126901,,
ACCT_194187,0.00417924192040289,,
ACCT_194199,0.0003229325979489006,,
ACCT_194204,0.1327629467978459,,
ACCT_194210,0.0010268390435881009,,
ACCT_194223,0.0008506364943950517,,
ACCT_194227,0.0009337438810934826,,
ACCT_194229,0.0003417603314398561,,
ACCT_194245,0.0003149286527998413,,
ACCT_194261,0.004613960079237827,,
ACCT_194301,0.021380214590431584,,
ACCT_194303,0.00794575982483779,,
ACCT_194311,0.0033332651959560125,,
ACCT_194316,0.0007061685904956843,,
ACCT_194318,0.005751742051232628,,
ACCT_194321,0.0004187779602947535,,
ACCT_194344,0.007395526379817878,,
ACCT_194373,0.000938683662587665,,
ACCT_194385,0.0009664529865717475,,
ACCT_194404,0.0034642995761167946,,
ACCT_194410,0.02907164886665147,,
ACCT_194421,0.005690472722023254,,
ACCT_194437,0.001581557323601304,,
ACCT_194441,0.042619721330636524,,
ACCT_194481,0.07552666822660979,,
ACCT_194483,0.0013104142128191165,,
ACCT_194489,0.0008660540012630508,,
ACCT_194530,0.0027473857780358013,,
ACCT_194536,0.010415192601877996,,
ACCT_194537,0.002264562356448809,,
ACCT_194548,0.006683161886787192,,
ACCT_194551,0.00047784162606572206,,
ACCT_194561,0.0009812927232637967,,
ACCT_194564,0.0006088059742009615,,
ACCT_194565,0.00032976086005281517,,
ACCT_194567,0.05104667073329493,,
ACCT_194596,0.00234283984223169,,
ACCT_194599,0.00011359092213242443,,
ACCT_194606,0.038196112348214586,,
ACCT_194611,0.013284493674024992,,
ACCT_194616,0.0010560715146375945,,
ACCT_194632,0.024405751624938833,,
ACCT_194639,0.0008239801976627322,,
ACCT_194640,0.0017398431722411261,,
ACCT_194645,0.01165424141714513,,
ACCT_194668,0.00010398973981420708,,
ACCT_194671,0.005722820783364271,,
ACCT_194684,0.004329987309804205,,
ACCT_194699,0.00017750102239543698,,
ACCT_194705,0.0013246220642767355,,
ACCT_194710,0.0003811128285066258,,
ACCT_194722,0.00029155922486255733,,
ACCT_194782,0.0033138641106769235,,
ACCT_194808,0.0005044732885942471,,
ACCT_194810,0.009851479382668928,,
ACCT_194861,0.027741944467807922,,
ACCT_194870,0.005140069230979946,,
ACCT_194885,0.0007436357214740056,,
ACCT_194890,0.0006911844451591884,,
ACCT_194894,0.0012227191771853,,
ACCT_194908,0.0014968479252926118,,
ACCT_194916,0.0041596418030981725,,
ACCT_194972,0.00874172213200797,,
ACCT_194986,0.0002568278730048304,,
ACCT_195004,0.0017020436994856958,,
ACCT_195011,0.22042853618774116,,
ACCT_195025,0.000999241306721006,,
ACCT_195027,0.0010752243463327267,,
ACCT_195044,0.00035093490688910137,,
ACCT_195076,0.0006156425953083328,,
ACCT_195078,0.043426242492360385,,
ACCT_195097,0.015005372695293543,,
ACCT_195101,0.4534380670697219,2024-01-22T00:00:00,2024-04-20T00:00:00
ACCT_195128,0.0024953252509735805,,
ACCT_195137,0.010234187313058116,,
ACCT_195149,0.004624177796191559,,
ACCT_195152,0.0044090470662978085,,
ACCT_195188,0.0006036808480209462,,
ACCT_195190,0.25842231593532394,,
ACCT_195195,0.004093416788986533,,
ACCT_195203,0.016694228747004387,,
ACCT_195226,0.0015598099047783043,,
ACCT_195229,0.0013328315668876417,,
ACCT_195231,0.006524826260203868,,
ACCT_195247,0.0005818271059595179,,
ACCT_195251,0.02251179591235427,,
ACCT_195253,0.017356879143990835,,
ACCT_195256,0.0006184560677159575,,
ACCT_195260,0.0031943560967073034,,
ACCT_195287,0.01245614647692544,,
ACCT_195307,0.00048999247719515,,
ACCT_195309,0.001461859141827861,,
ACCT_195323,0.002270089656787555,,
ACCT_195341,0.03057663267890464,,
ACCT_195393,0.035949333465852676,,
ACCT_195446,0.00025162836840164155,,
ACCT_195456,0.005252816135510067,,
ACCT_195457,0.0009323567510927904,,
ACCT_195475,0.004366387220324912,,
ACCT_195489,0.027179913867510626,,
ACCT_195506,0.05524699490557006,,
ACCT_195526,0.0024695550580249603,,
ACCT_195560,0.004575548666377554,,
ACCT_195566,0.0016591422317317858,,
ACCT_195577,0.0033547571797233207,,
ACCT_195594,0.0005674345323678001,,
ACCT_195597,0.0015001998514584142,,
ACCT_195601,0.0035857535382659332,,
ACCT_195620,0.0006465019221014898,,
ACCT_195626,0.0008375188851684872,,
ACCT_195629,0.0006500360462997917,,
ACCT_195638,0.29008124841835403,,
ACCT_195647,0.004034711691111479,,
ACCT_195648,0.0001509697831630661,,
ACCT_195668,0.0009326966734956764,,
ACCT_195672,0.0072078649785959955,,
ACCT_195675,0.009335465458014117,,
ACCT_195681,0.10248139274652797,,
ACCT_195689,0.0015857405596048785,,
ACCT_195701,0.0003770810491735137,,
ACCT_195704,0.0002761723677739099,,
ACCT_195728,0.15619401359613183,,
ACCT_195729,0.0034998709703395548,,
ACCT_195742,0.00066028282447407,,
ACCT_195761,0.0010863364272712347,,
ACCT_195765,0.0006476022092460294,,
ACCT_195774,0.014775182758271027,,
ACCT_195810,0.0033650088916071996,,
ACCT_195812,0.011257244433249125,,
ACCT_195843,0.0014904531452084335,,
ACCT_195853,0.00043927101690742064,,
ACCT_195863,9.800262176997123e-05,,
ACCT_195900,0.013630334994849082,,
ACCT_195903,0.002379847193372853,,
ACCT_195906,0.0012736258878547194,,
ACCT_195916,0.014082546293592286,,
ACCT_195926,0.00040106126745301853,,
ACCT_195931,0.36683368196860405,2024-08-27T00:00:00,2024-11-24T00:00:00
ACCT_195946,0.00012305002906146041,,
ACCT_195947,0.018585584109502375,,
ACCT_195954,0.0012361286048260963,,
ACCT_195962,0.009373901000531,,
ACCT_195963,0.002341516951644848,,
ACCT_195973,0.015500760961659666,,
ACCT_196005,9.621711166702646e-05,,
ACCT_196006,0.0005205500159031799,,
ACCT_196039,0.002762293889345703,,
ACCT_196050,0.00019908860295377837,,
ACCT_196051,0.01546533308314101,,
ACCT_196052,0.037124868421148545,,
ACCT_196055,0.00979050431383257,,
ACCT_196066,0.004279721221527572,,
ACCT_196067,0.42382273321033487,2023-11-29T00:00:00,2024-02-26T00:00:00
ACCT_196108,0.009256072454993422,,
ACCT_196111,0.04044997107937467,,
ACCT_196115,0.0009864662394481803,,
ACCT_196118,0.007430754449094539,,
ACCT_196120,0.0020228249179206235,,
ACCT_196134,0.00016535952641630384,,
ACCT_196169,0.0014067945098263954,,
ACCT_196174,0.010925873102111938,,
ACCT_196188,0.007925725125831368,,
ACCT_196193,0.0029373091511622025,,
ACCT_196223,0.0030407944526432834,,
ACCT_196224,0.04000456170393672,,
ACCT_196235,0.019554057719715984,,
ACCT_196240,0.007727692196875182,,
ACCT_196261,0.0715231339626484,,
ACCT_196275,0.004405996728392637,,
ACCT_196276,0.0024107141689951174,,
ACCT_196290,0.013268494142820355,,
ACCT_196298,0.0011221361552662267,,
ACCT_196304,0.0009543660547340898,,
ACCT_196307,0.0026385071119385006,,
ACCT_196308,0.0006303541226823752,,
ACCT_196343,0.004445771624394321,,
ACCT_196344,0.0021386427208755616,,
ACCT_196347,0.005335750953198967,,
ACCT_196350,0.01130281368871244,,
ACCT_196352,0.0007019404838110373,,
ACCT_196376,0.0018457300123083616,,
ACCT_196389,0.0003000462312794719,,
ACCT_196391,9.929720395162074e-05,,
ACCT_196394,0.0031730551461725117,,
ACCT_196419,0.0005250596524112383,,
ACCT_196446,0.0003311601457418574,,
ACCT_196451,0.003414800710264374,,
ACCT_196457,0.00024281658900594935,,
ACCT_196479,0.0002115380096386934,,
ACCT_196483,0.01169559326060632,,
ACCT_196484,0.010248319056097386,,
ACCT_196489,0.0004977273189192112,,
ACCT_196491,0.03969495820723019,,
ACCT_196496,0.001623709699758047,,
ACCT_196503,0.6049074915068858,2025-02-19T00:00:00,2025-05-19T00:00:00
ACCT_196510,0.08296790307670306,,
ACCT_196523,0.0005152496263666781,,
ACCT_196539,0.017386009404118812,,
ACCT_196541,0.001621524426092473,,
ACCT_196548,0.001242162029925803,,
ACCT_196551,0.006297131156604585,,
ACCT_196556,0.004643362766826284,,
ACCT_196558,0.0018668078861758277,,
ACCT_196560,0.003558182912680439,,
ACCT_196566,0.007987432016138071,,
ACCT_196577,0.0033464373209006687,,
ACCT_196592,0.0019803052738082425,,
ACCT_196608,0.006705643755947085,,
ACCT_196610,0.0009142523283275205,,
ACCT_196618,0.02991471382488837,,
ACCT_196620,0.0008449509681136009,,
ACCT_196625,0.012125028772111131,,
ACCT_196630,0.07237721996744792,,
ACCT_196640,0.001996962766493941,,
ACCT_196646,0.0007562940541885675,,
ACCT_196652,0.004679971953325805,,
ACCT_196657,0.0008197275577595684,,
ACCT_196662,0.30840261501010435,,
ACCT_196664,0.0004916814821944958,,
ACCT_196665,0.001687448044538984,,
ACCT_196676,0.013592288076836323,,
ACCT_196689,0.0038030308027091017,,
ACCT_196701,0.0029460044678648756,,
ACCT_196717,0.0015270230309254473,,
ACCT_196727,0.012547787903446638,,
ACCT_196730,0.0020288185797536344,,
ACCT_196731,0.01110692148501779,,
ACCT_196734,0.002192722634279716,,
ACCT_196758,0.0038241840384573176,,
ACCT_196762,0.02247642068219812,,
ACCT_196773,0.00894641952045957,,
ACCT_196791,0.026198655824402672,,
ACCT_196798,0.008395115422171823,,
ACCT_196878,0.00804777722959182,,
ACCT_196883,0.002083978759439523,,
ACCT_196896,0.026903296703215906,,
ACCT_196910,0.00600456426055649,,
ACCT_196919,0.0014227590691941986,,
ACCT_196920,0.00022514551411588588,,
ACCT_196922,0.0054852319014670565,,
ACCT_196939,0.0007318223224216649,,
ACCT_196944,0.001625461405217236,,
ACCT_196964,0.005055845552433877,,
ACCT_196968,0.00748585706729644,,
ACCT_196991,0.0005822008483504238,,
ACCT_197008,0.008885846192130793,,
ACCT_197016,0.0007357366541839055,,
ACCT_197022,0.005319745983489617,,
ACCT_197024,0.11902774442931643,,
ACCT_197032,0.004791371527739093,,
ACCT_197052,0.03651809992112998,,
ACCT_197061,0.031900678347425604,,
ACCT_197070,0.06065675417410752,,
ACCT_197075,0.0002537732922169243,,
ACCT_197084,0.002794043510630417,,
ACCT_197105,0.0003579366072811401,,
ACCT_197112,0.003934122402700157,,
ACCT_197133,0.0007377390104032577,,
ACCT_197163,0.02112350427073684,,
ACCT_197182,0.0008885177733775182,,
ACCT_197187,0.0010910030921139824,,
ACCT_197202,0.11757626855534413,,
ACCT_197203,0.003612540533528381,,
ACCT_197207,0.0003527091293924665,,
ACCT_197234,0.00043090673459001674,,
ACCT_197236,0.0040211821600619905,,
ACCT_197237,0.0005448393881659901,,
ACCT_197245,0.0007636866055765574,,
ACCT_197259,0.01657580939676463,,
ACCT_197267,0.0014162543419858312,,
ACCT_197271,0.00017595384111162915,,
ACCT_197279,0.004418001702412731,,
ACCT_197283,0.002890891210991581,,
ACCT_197286,0.0013338263714234172,,
ACCT_197299,0.01465913509172588,,
ACCT_197334,0.003764341928238089,,
ACCT_197338,0.0022500403751690495,,
ACCT_197384,0.004033886721601219,,
ACCT_197403,0.0036341064262684795,,
ACCT_197404,0.00023258396580423343,,
ACCT_197418,0.0010840825598865404,,
ACCT_197444,0.0013442562245995439,,
ACCT_197463,0.00013196936569482136,,
ACCT_197476,0.00138121405689251,,
ACCT_197491,0.0011660708079718415,,
ACCT_197518,0.1619168702254937,,
ACCT_197539,0.0008895674425270308,,
ACCT_197541,0.00035304333760827043,,
ACCT_197553,0.0002456380489180651,,
ACCT_197563,0.004442887253834631,,
ACCT_197572,0.00178603549488541,,
ACCT_197578,0.0011204460030121402,,
ACCT_197581,0.0002779311238642502,,
ACCT_197582,0.20488922873216414,,
ACCT_197599,0.011288334564111243,,
ACCT_197620,0.0033319509413549343,,
ACCT_197623,0.01118780224189849,,
ACCT_197625,0.03658780133506175,,
ACCT_197642,0.012409973762657392,,
ACCT_197654,0.0003826438551444967,,
ACCT_197667,0.007114836359798686,,
ACCT_197670,0.0014437102736275344,,
ACCT_197701,0.0016153965227914055,,
ACCT_197714,0.0006502267259615598,,
ACCT_197725,0.000405067063497449,,
ACCT_197752,0.05313789921438813,,
ACCT_197753,0.007769546858485453,,
ACCT_197758,0.0003241461649502757,,
ACCT_197786,0.0002293419192314125,,
ACCT_197830,0.049911373150721514,,
ACCT_197841,0.001444598118026164,,
ACCT_197865,0.045522618059333,,
ACCT_197875,0.11075474564530023,,
ACCT_197882,0.00019680074007226737,,
ACCT_197894,0.001018168037658511,,
ACCT_197902,0.03785757363614285,,
ACCT_197962,0.0014426341177812576,,
ACCT_197969,0.0002846205037448601,,
ACCT_197980,0.0006031011284113096,,
ACCT_197987,0.00741446570333823,,
ACCT_197993,0.006180372053664082,,
ACCT_197997,0.0008956582549656886,,
ACCT_197998,0.00022735088611567714,,
ACCT_198006,0.002693932017600872,,
ACCT_198008,0.028663489980382224,,
ACCT_198020,0.0037193353209771527,,
ACCT_198021,0.0006161786638723275,,
ACCT_198025,0.19942003719769835,,
ACCT_198032,0.0020229283387478685,,
ACCT_198051,0.0008943955100333441,,
ACCT_198057,0.006297712243715137,,
ACCT_198061,0.00037682198451556906,,
ACCT_198079,0.004468261612682462,,
ACCT_198082,0.0009880564745827357,,
ACCT_198083,0.014394261336594497,,
ACCT_198114,0.003126595716000159,,
ACCT_198118,0.0034507898458449463,,
ACCT_198121,0.0016417538903948678,,
ACCT_198129,0.011027646526137599,,
ACCT_198158,0.0004035279664693091,,
ACCT_198178,0.0009330712492002962,,
ACCT_198185,0.0013635322572007657,,
ACCT_198196,0.12818258032214452,,
ACCT_198197,0.004171757505573991,,
ACCT_198209,0.0025589356115650157,,
ACCT_198211,0.0009396905727722867,,
ACCT_198227,0.06861002892507587,,
ACCT_198249,0.0034195686694766135,,
ACCT_198280,0.016466582106033932,,
ACCT_198284,0.0021887533533046957,,
ACCT_198327,0.006711259819944376,,
ACCT_198329,0.0012207725949521422,,
ACCT_198334,0.048547781003557736,,
ACCT_198343,0.014857998734485903,,
ACCT_198361,0.0003658544956324092,,
ACCT_198379,0.0011939572811275122,,
ACCT_198387,0.001835741308438394,,
ACCT_198390,0.0006333901116340809,,
ACCT_198412,0.004013289795722621,,
ACCT_198422,0.0019439023124064383,,
ACCT_198435,0.05114905851431275,,
ACCT_198445,0.001358058014427387,,
ACCT_198447,0.00024371846912525272,,
ACCT_198473,0.07155529394550414,,
ACCT_198478,0.00189397494865206,,
ACCT_198493,0.00032375395261156003,,
ACCT_198495,0.0008545493179678828,,
ACCT_198505,0.0003620270536553131,,
ACCT_198507,0.001189081547740573,,
ACCT_198521,0.009645525971932077,,
ACCT_198523,0.010970094289714776,,
ACCT_198537,0.01996278289059002,,
ACCT_198538,0.0037090893549274243,,
ACCT_198544,0.016678793926850587,,
ACCT_198548,0.000201099083368489,,
ACCT_198560,0.0006736303212825537,,
ACCT_198573,0.00088067249822048,,
ACCT_198584,0.00836245407067802,,
ACCT_198598,0.004677374784622953,,
ACCT_198599,0.0027486121426146953,,
ACCT_198608,0.01374615530739524,,
ACCT_198609,0.006787356891495665,,
ACCT_198624,0.0017513847865540972,,
ACCT_198626,0.07377185885958161,,
ACCT_198631,0.0009142722978696165,,
ACCT_198639,0.006860205616387711,,
ACCT_198665,0.003856080199877851,,
ACCT_198699,0.00046181368682250457,,
ACCT_198759,0.0016069436934634067,,
ACCT_198764,0.011190844542645547,,
ACCT_198768,0.02009736515966288,,
ACCT_198771,9.320840011768492e-05,,
ACCT_198787,0.0034748381199338476,,
ACCT_198795,0.04645038159197375,,
ACCT_198799,0.0006097207745000894,,
ACCT_198806,0.002445518261168857,,
ACCT_198822,0.0021581305523723634,,
ACCT_198823,0.0004762067580802597,,
ACCT_198842,0.05075569875083815,,
ACCT_198854,0.003034862298129551,,
ACCT_198857,0.003105726611292083,,
ACCT_198870,0.00024081250684884918,,
ACCT_198876,0.00027055342158824964,,
ACCT_198891,0.0006646076362240135,,
ACCT_198923,0.0014787848715094379,,
ACCT_198928,0.007099628828493699,,
ACCT_198936,0.015605763938027376,,
ACCT_198962,0.003390359633428858,,
ACCT_198964,0.0006478389806075965,,
ACCT_198965,0.0036677856867591402,,
ACCT_198992,0.002896256848884021,,
ACCT_199000,0.06927271632753206,,
ACCT_199007,0.0004135344213613228,,
ACCT_199010,0.10222908021252226,,
ACCT_199022,0.001712109963220664,,
ACCT_199024,0.017052152122792538,,
ACCT_199029,0.0014352100005758056,,
ACCT_199037,0.0012884728567044523,,
ACCT_199062,0.0021795421271787897,,
ACCT_199068,0.041135703833642324,,
ACCT_199090,0.004655429031501131,,
ACCT_199117,0.000673347111677811,,
ACCT_199134,0.023251057027576186,,
ACCT_199147,0.007064083549945507,,
ACCT_199152,0.002114485683709137,,
ACCT_199160,0.00019302536973003065,,
ACCT_199162,0.005202064769222457,,
ACCT_199174,0.0014071742427753833,,
ACCT_199179,0.013263752299423892,,
ACCT_199225,0.005803916374624107,,
ACCT_199233,0.006056742204560873,,
ACCT_199242,0.02117780728058743,,
ACCT_199246,0.0031964327970509894,,
ACCT_199282,0.0016122453504700432,,
ACCT_199315,0.0019028812648484398,,
ACCT_199323,0.005583013602747392,,
ACCT_199343,0.005061372232833468,,
ACCT_199346,0.0005231357466353388,,
ACCT_199349,0.043414911534166115,,
ACCT_199357,0.03005929066249068,,
ACCT_199372,0.0006773820634290038,,
ACCT_199373,0.0009678084503203894,,
ACCT_199397,0.001071313924671729,,
ACCT_199409,0.03089015597663768,,
ACCT_199418,0.01026996956124928,,
ACCT_199445,0.0012426874951767537,,
ACCT_199451,0.00045301921042820864,,
ACCT_199479,0.001154238273107858,,
ACCT_199513,0.0007367354758198053,,
ACCT_199517,0.031395419155521534,,
ACCT_199524,0.0005282596440536014,,
ACCT_199532,0.0014278633751896575,,
ACCT_199539,0.004452710614799153,,
ACCT_199565,0.0007259218595986312,,
ACCT_199568,0.02244327325544273,,
ACCT_199572,0.0010400784186459992,,
ACCT_199586,0.0018827745407275435,,
ACCT_199593,0.0002274824298083141,,
ACCT_199594,0.018609532843989623,,
ACCT_199605,0.0007280293600754212,,
ACCT_199606,0.00018244705231431848,,
ACCT_199633,0.00036013624673368513,,
ACCT_199638,0.002039159470316515,,
ACCT_199747,0.007244843147839413,,
ACCT_199758,0.009031911548932941,,
ACCT_199817,0.0025561880947953157,,
ACCT_199822,0.009649138005119011,,
ACCT_199844,0.020459789973485187,,
ACCT_199861,0.01877901430572996,,
ACCT_199863,0.039176153114022436,,
ACCT_199896,0.005836237190752611,,
ACCT_199919,0.0013695236251313593,,
ACCT_199926,0.0031201861757364155,,
ACCT_199950,0.007073900381563361,,
ACCT_199956,0.002297446632547189,,
ACCT_199961,0.001989919463785127,,
ACCT_199969,0.005868896911069377,,
ACCT_199988,0.16200168533396758,,
ACCT_199999,0.0011672366823832219,,
ACCT_200002,0.0002225528200082788,,
ACCT_200003,0.0025774139283365276,,
ACCT_200012,0.00040338962121608864,,
ACCT_200028,0.00019417848434232065,,
ACCT_200038,0.0007993918869016288,,
ACCT_200044,0.0015143293823612872,,
ACCT_200059,0.000293063250575889,,
ACCT_200063,0.0018950650462817385,,
ACCT_200064,0.038986770530745785,,
ACCT_200081,0.000322541585514929,,
ACCT_200088,0.0034947188397565685,,
ACCT_200098,0.003045511083246791,,
ACCT_200115,0.0024336899145727658,,
ACCT_200121,0.0003304080917172401,,
ACCT_200139,0.019463894540198236,,
ACCT_200147,0.01306198850547102,,
ACCT_200151,0.017543438066316155,,
ACCT_200167,0.0037013915447868576,,
