account_id,oof_prob,is_mule
ACCT_000001,0.001571760403177704,0
ACCT_000006,0.05668800479007221,0
ACCT_000041,0.00387424254007142,0
ACCT_000051,0.008004522875997316,0
ACCT_000059,0.0021739500320884313,0
ACCT_000072,0.017214036952994113,0
ACCT_000082,0.0001239534384585245,0
ACCT_000102,0.0014158373099505068,0
ACCT_000115,0.0002613313580579116,0
ACCT_000132,0.0036993112731867855,0
ACCT_000170,0.019064026489521345,0
ACCT_000184,0.00017777944846833702,0
ACCT_000190,0.011999980257195996,0
ACCT_000192,0.008715246096690889,0
ACCT_000197,0.00011507217375920003,0
ACCT_000202,0.00021475555589707185,0
ACCT_000207,6.0246603866647176e-05,0
ACCT_000208,0.00025579492823515595,0
ACCT_000215,4.944895591277655e-05,0
ACCT_000217,0.00012283771230974888,0
ACCT_000223,0.05098123977708002,0
ACCT_000224,2.002222818884693e-05,0
ACCT_000237,0.0014239432810165583,0
ACCT_000238,0.0006469020575172557,0
ACCT_000243,0.00016049368401681484,0
ACCT_000245,0.001033311055934488,0
ACCT_000246,7.055591887461217e-05,0
ACCT_000248,0.002046025907846564,0
ACCT_000252,0.0012469520182933499,0
ACCT_000266,0.003638915303633367,0
ACCT_000268,0.0001304195576324799,0
ACCT_000277,0.0002691504379931866,0
ACCT_000281,0.9613647606315592,0
ACCT_000284,0.0003975868878479046,0
ACCT_000296,0.00018382760102905908,0
ACCT_000297,4.012291692769861e-05,0
ACCT_000303,0.0012663801159466814,0
ACCT_000310,0.04731398597840735,0
ACCT_000316,0.0021294255438397886,0
ACCT_000323,0.00040308763630043313,0
ACCT_000333,0.004236799849087841,0
ACCT_000340,0.0004680201616302854,0
ACCT_000343,0.0009430888029477739,0
ACCT_000368,3.229262757386414e-05,0
ACCT_000375,4.9302804324897115e-05,0
ACCT_000385,0.008886134794414998,0
ACCT_000430,0.0012871032816536379,0
ACCT_000435,0.0003067936190665378,0
ACCT_000449,0.0010806465331808113,0
ACCT_000450,0.0015044606578812029,0
ACCT_000455,0.00013468316731080624,0
ACCT_000460,0.0011925674481321822,0
ACCT_000467,0.00015973203863902253,0
ACCT_000481,0.006823762819621992,0
ACCT_000502,0.0037078537789716516,0
ACCT_000505,0.01622878706761407,0
ACCT_000511,0.00015197935077537137,0
ACCT_000513,0.00035193292299327806,0
ACCT_000520,0.00037422041463669974,0
ACCT_000535,0.0017885416924223593,0
ACCT_000538,8.067030032109824e-05,0
ACCT_000549,0.002132965209073364,0
ACCT_000560,6.0222396403590285e-05,0
ACCT_000567,0.0007684347464440771,0
ACCT_000568,0.00019964807061471622,0
ACCT_000594,0.002450456814601311,0
ACCT_000603,0.00031950508314349164,0
ACCT_000611,0.00013945560244719245,0
ACCT_000614,0.006183827310985498,0
ACCT_000624,0.0018006878963661862,0
ACCT_000634,2.2493544153683274e-05,0
ACCT_000655,0.011900046357919481,0
ACCT_000657,0.0001692960622004356,0
ACCT_000658,1.774725500405618e-05,0
ACCT_000663,7.288893417988733e-05,0
ACCT_000666,0.0003941312907904346,0
ACCT_000672,0.005047720895328229,0
ACCT_000686,0.001285439129203791,0
ACCT_000688,0.0552248897367099,0
ACCT_000695,0.0003787162786236534,0
ACCT_000697,0.0002198273945547903,0
ACCT_000701,0.0008137366669034901,0
ACCT_000712,0.0011388365582502133,0
ACCT_000715,7.836218643921708e-05,0
ACCT_000722,0.0004892996737974137,0
ACCT_000725,0.00013514322899608872,0
ACCT_000750,0.001111883451808381,0
ACCT_000751,0.00014853816320428313,0
ACCT_000758,5.796332756963243e-05,0
ACCT_000781,0.0005030708476466588,0
ACCT_000791,0.00014670053511779,0
ACCT_000792,0.00013682685005458067,0
ACCT_000794,0.00010677926871647747,0
ACCT_000802,0.0014070100651104116,0
ACCT_000804,0.016746930956382824,0
ACCT_000806,0.006034065630225301,0
ACCT_000811,0.0006675776822975916,0
ACCT_000812,0.0008283435222642927,0
ACCT_000816,0.00017337329047568327,0
ACCT_000819,0.01961200070087276,0
ACCT_000822,0.0001221561181264349,0
ACCT_000827,0.0009928739678555642,0
ACCT_000832,0.0004528057073808584,0
ACCT_000838,0.00011039902117157496,0
ACCT_000842,0.002255268856211467,0
ACCT_000856,0.00016846514434162946,0
ACCT_000861,0.013459403888865608,0
ACCT_000871,0.0005171802538811851,0
ACCT_000876,0.00018445322391517848,0
ACCT_000881,0.0001290088964450497,0
ACCT_000930,0.0015316351646898047,0
ACCT_000934,0.0010167459426964614,0
ACCT_000940,0.0005096868810640688,0
ACCT_000961,0.0005192395520582867,0
ACCT_000977,0.00035298116952336083,0
ACCT_000978,0.0012626204456926608,0
ACCT_000984,0.0017626344098617206,0
ACCT_000989,2.9293812702233285e-05,0
ACCT_001001,0.00019219999869068405,0
ACCT_001015,0.0012962986330760289,0
ACCT_001050,0.00826905720394687,0
ACCT_001055,0.003901179476198843,0
ACCT_001060,0.016439889109004176,0
ACCT_001065,0.00024375165225566222,0
ACCT_001069,0.00240709357362743,0
ACCT_001074,0.000584183701622845,0
ACCT_001078,0.0029828965985210306,0
ACCT_001089,0.0004161926867263603,0
ACCT_001092,0.001300671314102101,0
ACCT_001115,0.0029362699889533377,0
ACCT_001118,0.014052245052877641,0
ACCT_001124,0.0007036349279405598,0
ACCT_001128,8.010891289261198e-05,0
ACCT_001133,0.0003378290903756479,0
ACCT_001140,0.00012733238105413892,0
ACCT_001142,0.027140227392952042,0
ACCT_001148,0.00010330006382627,0
ACCT_001158,0.0015507949978146175,0
ACCT_001160,0.00044119061905302775,0
ACCT_001161,0.0001469174180970032,0
ACCT_001186,0.0008447577712613555,0
ACCT_001195,5.031967226160974e-05,0
ACCT_001202,0.00013368823962374616,0
ACCT_001204,0.00040326070980892606,0
ACCT_001205,0.0006331606658212315,0
ACCT_001217,0.00017385980929610756,0
ACCT_001224,0.006055843101881222,0
ACCT_001225,0.00046722620845668616,0
ACCT_001230,0.000932353452485524,0
ACCT_001232,0.00042380157913368623,0
ACCT_001251,0.001019010472659308,0
ACCT_001266,0.0919984029754582,1
ACCT_001272,5.869752478949609e-05,0
ACCT_001297,0.005728800217349042,0
ACCT_001299,0.016292252558916344,0
ACCT_001323,0.0004511207898990532,0
ACCT_001329,0.02870368676636267,0
ACCT_001332,0.21887807188364183,1
ACCT_001344,0.001620790738531142,0
ACCT_001348,0.059762048915513184,0
ACCT_001349,0.0028964417154820547,0
ACCT_001353,0.003691305250345424,0
ACCT_001359,0.003207835777632856,0
ACCT_001364,0.0003878333826521626,0
ACCT_001375,0.0003176621394146935,0
ACCT_001377,0.0052858366616809595,0
ACCT_001382,0.023838392675649155,0
ACCT_001391,0.0006907726581923799,0
ACCT_001392,0.0021482019733163583,0
ACCT_001402,0.005347673354253717,0
ACCT_001405,0.00037489516915061434,0
ACCT_001418,0.000108860078668557,0
ACCT_001422,0.0012624200322539209,0
ACCT_001428,0.9645963772296169,1
ACCT_001433,0.0001380555536866436,0
ACCT_001439,0.00014690365588973295,0
ACCT_001458,0.003042252292823767,0
ACCT_001466,0.0012365332772512605,0
ACCT_001467,0.00028024863512879816,0
ACCT_001475,0.028334801664234733,0
ACCT_001483,0.00822832084061664,0
ACCT_001494,0.008694669080625488,0
ACCT_001502,0.0011317145122612248,0
ACCT_001504,0.0004251711112561377,0
ACCT_001507,0.000131403781739141,0
ACCT_001508,0.0016608895631793057,0
ACCT_001510,0.00033578467565957413,0
ACCT_001511,0.0005131906252529093,0
ACCT_001525,0.00045543373794032667,0
ACCT_001541,0.004130729809010228,0
ACCT_001563,0.001317308605135225,0
ACCT_001574,0.005972156030056896,0
ACCT_001577,0.00038049018003437227,0
ACCT_001582,0.031959942891014066,0
ACCT_001586,0.01670321579013966,0
ACCT_001596,0.0010068085382553152,0
ACCT_001600,0.0005485959688769895,0
ACCT_001604,9.325080438778441e-05,0
ACCT_001612,0.00040133100880030727,0
ACCT_001615,0.0003664588291628831,0
ACCT_001622,0.0017664675943801853,0
ACCT_001623,0.0007316487385722325,0
ACCT_001630,0.002205305015521791,0
ACCT_001632,0.018939817219918595,0
ACCT_001642,0.0009885530758928797,0
ACCT_001646,0.0017789748291071872,0
ACCT_001647,0.0006627913846547885,0
ACCT_001648,0.007882777065196528,0
ACCT_001650,0.0008464379795454124,0
ACCT_001651,3.974766294450986e-05,0
ACCT_001659,0.013970306012184146,0
ACCT_001674,0.0017535172292253854,0
ACCT_001675,0.00014697760712809377,0
ACCT_001681,0.00022164414936901033,0
ACCT_001714,0.00240705872718389,0
ACCT_001715,0.00035530908150391424,0
ACCT_001724,0.0792278810877106,0
ACCT_001747,0.004699132948467184,0
ACCT_001754,7.898733474204705e-05,0
ACCT_001759,0.052694515333542594,0
ACCT_001761,0.0022841732437451816,0
ACCT_001773,0.008171996509773865,0
ACCT_001786,0.00035315490918526966,0
ACCT_001788,0.00026845004601278114,0
ACCT_001792,0.01173366276617223,0
ACCT_001801,0.0003955241587979438,0
ACCT_001802,0.0255891870553068,0
ACCT_001811,0.00010487641103377003,0
ACCT_001815,0.0006143903592175332,0
ACCT_001816,0.00020847306691639631,0
ACCT_001818,4.137457009083285e-05,0
ACCT_001821,0.002412883046249479,0
ACCT_001835,0.000285208016959103,0
ACCT_001869,0.010289434116369444,0
ACCT_001877,6.477059339213014e-05,1
ACCT_001898,0.008472977201939114,0
ACCT_001902,0.0014560537274660654,0
ACCT_001910,0.0008902981884435873,0
ACCT_001922,0.0021792334927294784,0
ACCT_001923,0.00055384820592815,0
ACCT_001928,0.000708034645737234,0
ACCT_001946,0.000707091262339096,0
ACCT_001948,0.059044176698918004,0
ACCT_001955,0.0002843431668045534,0
ACCT_001960,0.00023625882002467814,0
ACCT_001967,0.006668325702461753,0
ACCT_001972,1.1016212970848201e-05,0
ACCT_001981,5.901498446942803e-05,0
ACCT_001984,0.0001934620720170456,0
ACCT_001986,0.008814403884721144,0
ACCT_001995,0.007875345822742024,0
ACCT_002008,0.00024841823082586274,0
ACCT_002009,1.6537417615733008e-05,0
ACCT_002016,0.0012544401492946458,0
ACCT_002019,0.001548288259212378,0
ACCT_002023,8.159368762275663e-05,0
ACCT_002024,0.0081654972768283,0
ACCT_002027,0.005119073454159638,0
ACCT_002031,0.0021356259897460984,0
ACCT_002039,1.1012444923703116e-05,0
ACCT_002041,0.3978377800008008,1
ACCT_002044,0.0008119829544640882,0
ACCT_002049,0.0011471212159648225,0
ACCT_002054,0.00022501733865635154,0
ACCT_002069,0.0029494257655982427,0
ACCT_002079,0.005519684643415151,0
ACCT_002080,0.005525398585512408,0
ACCT_002081,0.057125652790343234,0
ACCT_002089,0.11142807897469201,0
ACCT_002098,0.0004892039535916361,0
ACCT_002107,0.0022666914695486876,0
ACCT_002116,0.004052282331361838,0
ACCT_002124,0.0021476149389158435,0
ACCT_002127,0.011521378260753019,0
ACCT_002138,0.0008639032107209059,0
ACCT_002139,7.914289213907477e-05,0
ACCT_002178,0.0018129940054325117,0
ACCT_002187,0.005996737981777023,0
ACCT_002193,0.00018516645257707964,0
ACCT_002206,0.00035701194850275395,0
ACCT_002216,0.011163399980518516,0
ACCT_002247,4.967669935066156e-05,0
ACCT_002258,0.008806166515007681,0
ACCT_002260,0.0011917003335841934,0
ACCT_002261,0.6665983343453128,0
ACCT_002266,0.006198728182301173,0
ACCT_002273,5.923878386753476e-05,0
ACCT_002277,0.001941246640944478,0
ACCT_002282,0.00011847989687200562,0
ACCT_002301,0.0001875294461712389,0
ACCT_002308,0.03277839552995315,0
ACCT_002310,0.15767495967319706,0
ACCT_002332,0.003868202025207167,0
ACCT_002343,8.215667565531566e-06,0
ACCT_002346,0.012979867332862723,0
ACCT_002350,0.0014808517186037323,0
ACCT_002363,0.001029287660052109,0
ACCT_002369,0.0002738191140249943,0
ACCT_002377,0.0028732197793129434,0
ACCT_002379,0.00019102268619534743,0
ACCT_002380,0.0173175815000872,0
ACCT_002401,0.011157794595327281,0
ACCT_002404,0.0003754673996917934,0
ACCT_002406,0.0003552255652235344,0
ACCT_002419,0.1028644785718856,0
ACCT_002420,0.011821945736720938,0
ACCT_002421,0.0029179055799319286,0
ACCT_002431,6.659808711314163e-05,0
ACCT_002442,0.0009549911556122386,0
ACCT_002458,0.0032112091481692694,0
ACCT_002474,0.0006073643552260181,0
ACCT_002476,0.0071994784971105,0
ACCT_002480,0.00047548675182552833,0
ACCT_002484,0.00010735142857127184,0
ACCT_002486,0.0026788936885775954,0
ACCT_002491,0.000987013996113518,0
ACCT_002496,0.18528093483250332,0
ACCT_002516,0.00023034803284079712,0
ACCT_002528,0.0026737421498364768,0
ACCT_002545,0.016305886556761098,0
ACCT_002547,0.010160778050013527,0
ACCT_002548,0.04673384822167371,0
ACCT_002571,0.14040716299517236,0
ACCT_002596,6.492829917471817e-05,0
ACCT_002605,0.00026884782589060575,0
ACCT_002611,0.002190419867491546,0
ACCT_002614,0.0035494960874031412,0
ACCT_002615,0.0007030002351310518,0
ACCT_002617,0.048091056040739,0
ACCT_002647,0.023239542943081955,0
ACCT_002652,0.006600807846487068,0
ACCT_002661,2.5706044707691546e-05,0
ACCT_002663,0.001667628333149365,0
ACCT_002699,0.0065685151409758365,0
ACCT_002701,0.0007303109448035882,0
ACCT_002703,9.14840754754943e-05,0
ACCT_002707,0.015027171156713967,0
ACCT_002708,0.35052030295686337,0
ACCT_002710,0.006413247105534728,0
ACCT_002712,0.00041895271937603454,0
ACCT_002713,0.014200881245844704,0
ACCT_002716,0.02014417313656315,0
ACCT_002718,0.0012494612931196623,0
ACCT_002722,0.002521220361531163,0
ACCT_002727,4.7161955376187387e-05,0
ACCT_002740,0.0003481809358018246,0
ACCT_002747,0.0003808864168129581,0
ACCT_002748,0.00022819916352842417,0
ACCT_002755,0.00015262009456850026,0
ACCT_002781,0.0001279263093518848,0
ACCT_002809,0.1338683896362675,0
ACCT_002812,6.546521875126642e-05,0
ACCT_002821,0.0013318529849459142,0
ACCT_002825,0.0006470953026710927,0
ACCT_002834,6.028905547179191e-05,0
ACCT_002840,0.06776887012450834,0
ACCT_002844,0.008427455813639623,1
ACCT_002848,0.0013003621953737144,0
ACCT_002858,0.8617271455140879,0
ACCT_002859,0.0005471654479092466,0
ACCT_002865,0.006377198262026269,1
ACCT_002884,0.012475669179803354,0
ACCT_002888,2.814827176644755e-05,0
ACCT_002899,0.0003733190866602157,0
ACCT_002905,0.005434380162806403,0
ACCT_002914,0.0008950354131348327,0
ACCT_002923,0.0006664719143404732,0
ACCT_002932,0.0001432009680003348,0
ACCT_002944,0.06259554156735644,1
ACCT_002972,0.002668861680879428,0
ACCT_002973,0.00028162787365022444,0
ACCT_002978,0.00038428621815963414,0
ACCT_002984,0.14330548712694738,1
ACCT_003011,0.011361703286265465,0
ACCT_003020,0.00040577757238478834,0
ACCT_003025,0.000846730539689426,0
ACCT_003029,6.992275511226301e-05,0
ACCT_003039,0.00107277897132075,0
ACCT_003041,0.04262742713508354,0
ACCT_003047,0.0011680327100255178,0
ACCT_003049,0.0007690582007285663,0
ACCT_003069,0.3983958548255132,0
ACCT_003071,0.01729061480053938,0
ACCT_003072,0.012042207124296394,0
ACCT_003073,3.63316534702191e-05,0
ACCT_003078,0.0004471585683990146,0
ACCT_003081,5.0596340271837143e-05,0
ACCT_003108,0.0005094422808650202,0
ACCT_003110,0.00032386277888675653,0
ACCT_003117,0.0006692309709197383,0
ACCT_003124,0.001950279121726514,0
ACCT_003131,0.0002489430057678646,0
ACCT_003142,0.001014438918443471,0
ACCT_003143,0.00016358525804503716,0
ACCT_003147,0.0005999392798121891,0
ACCT_003152,5.41114674416572e-05,0
ACCT_003158,0.03075840858330948,0
ACCT_003164,0.002087353478134201,0
ACCT_003171,9.23250935957845e-05,0
ACCT_003184,0.0008130860386322879,0
ACCT_003190,0.0009620022301148512,0
ACCT_003227,0.0006539629239038663,0
ACCT_003229,0.0005724941359453971,0
ACCT_003231,6.525955744703946e-05,0
ACCT_003237,0.0003263734476996424,0
ACCT_003253,0.003483546158091113,0
ACCT_003254,0.0006544300340793987,0
ACCT_003258,4.459590034408195e-06,0
ACCT_003261,0.00014968915409779715,0
ACCT_003265,0.0005948529134233973,0
ACCT_003267,0.0002614831819819677,0
ACCT_003268,0.00471455445789014,0
ACCT_003303,0.009295810844210724,0
ACCT_003332,0.0015478902805191382,0
ACCT_003343,2.9906837131197236e-05,0
ACCT_003356,0.012491994911729667,0
ACCT_003362,4.530821646499075e-05,0
ACCT_003377,0.009524199294374598,0
ACCT_003391,0.0007958559378823163,0
ACCT_003412,4.9888340291706394e-05,0
ACCT_003416,0.0006103993416519154,0
ACCT_003433,4.626442775055812e-05,0
ACCT_003447,0.001799205749176226,0
ACCT_003454,0.01580229738150878,0
ACCT_003460,0.007210860004454105,1
ACCT_003465,0.0001644435444054838,0
ACCT_003486,0.0013457079158571846,0
ACCT_003551,0.010994941139038998,0
ACCT_003568,0.0011300349876360394,0
ACCT_003572,0.0005181385764281898,0
ACCT_003579,0.0031489299177373388,0
ACCT_003585,0.002471668600569281,0
ACCT_003595,0.0003078223681415131,0
ACCT_003609,0.000680258838180584,0
ACCT_003625,0.012459103897458699,0
ACCT_003628,0.0006337699449111246,0
ACCT_003645,0.0003822611858628571,0
ACCT_003662,0.9900737348778705,1
ACCT_003664,0.09454192816793115,0
ACCT_003665,5.2517419970783646e-05,0
ACCT_003676,0.1160771787969551,0
ACCT_003680,0.0007665314625071353,0
ACCT_003685,0.017541094835133546,0
ACCT_003687,0.0012118600079702808,0
ACCT_003692,0.02919760109557468,0
ACCT_003708,0.004203961230451851,0
ACCT_003713,6.0876785814347164e-05,0
ACCT_003718,0.0008503150990509752,0
ACCT_003723,5.702950061736203e-05,0
ACCT_003728,0.04452100259605291,0
ACCT_003733,0.00018406653421849497,0
ACCT_003737,3.168781067718884e-05,0
ACCT_003746,0.26711643527498224,0
ACCT_003751,0.006394597480898013,0
ACCT_003756,0.0005784291950869724,0
ACCT_003764,4.0785285724400374e-05,0
ACCT_003775,2.0659252258152443e-05,0
ACCT_003783,0.09939988188563083,0
ACCT_003790,0.000399033583339793,0
ACCT_003792,0.015934864103721046,0
ACCT_003793,0.0006213173463823871,0
ACCT_003799,0.9208597148638938,0
ACCT_003803,0.0007027822783161921,0
ACCT_003805,0.001279850066141068,0
ACCT_003807,0.037126919358323775,0
ACCT_003810,0.0002661268384680292,0
ACCT_003814,0.00229970735409564,0
ACCT_003815,3.6715975850608236e-05,0
ACCT_003821,0.0001771819544947748,1
ACCT_003822,0.0006048749075835197,0
ACCT_003830,0.00019359279650617398,0
ACCT_003851,0.00031471051426256266,0
ACCT_003852,0.00011725429997549143,0
ACCT_003868,0.00018206873854279942,0
ACCT_003879,0.2904609307606304,0
ACCT_003889,1.3692820747832296e-05,0
ACCT_003894,0.0010217321281015353,0
ACCT_003898,0.0018156495425029596,0
ACCT_003901,0.00028046078957056974,0
ACCT_003904,0.07947910558600131,0
ACCT_003915,0.03242687679570997,0
ACCT_003930,0.001394961065198344,0
ACCT_003934,0.008584311139896762,0
ACCT_003942,0.002271822733486691,0
ACCT_003945,0.011139687563191699,0
ACCT_003951,0.026320748672074557,0
ACCT_003957,2.68668056003508e-06,0
ACCT_003967,0.00779330977187903,0
ACCT_003969,0.0008950298127866566,0
ACCT_003971,0.0007064523170237859,0
ACCT_003980,0.002107040690433205,0
ACCT_003986,0.010335099006095248,0
ACCT_003987,0.004610264774385494,0
ACCT_003998,0.00030256478797201133,0
ACCT_004000,0.0024333893178123413,0
ACCT_004001,0.0005942194850785924,0
ACCT_004003,0.0008130903258419422,0
ACCT_004005,0.0036578257857194426,0
ACCT_004018,0.00027720319635645774,0
ACCT_004021,0.00021302215614499715,0
ACCT_004028,3.657456338957746e-05,0
ACCT_004032,0.00022510122386680206,0
ACCT_004033,0.0008002716236327393,0
ACCT_004037,0.00036364312916739377,0
ACCT_004040,0.0006588544366708189,0
ACCT_004041,0.13356624345898227,0
ACCT_004049,0.0022392681911083475,0
ACCT_004058,0.0033500225667931725,0
ACCT_004063,0.00014942949499192846,0
ACCT_004065,0.005136980736756815,0
ACCT_004079,0.000626582047691784,0
ACCT_004081,0.00012834531282042324,0
ACCT_004093,0.0005728939311667783,0
ACCT_004097,0.0005078477969326238,0
ACCT_004100,0.00047067143340268736,0
ACCT_004103,0.0008479082168528032,0
ACCT_004109,0.0005459112648614212,0
ACCT_004115,0.009756631511974973,0
ACCT_004117,0.0011145924517978905,0
ACCT_004121,5.054710125256711e-05,0
ACCT_004134,0.0005302324294837451,0
ACCT_004145,0.05745922796680605,0
ACCT_004148,0.0012445051984341854,0
ACCT_004149,0.12497465728567567,0
ACCT_004153,0.0007475758698619293,0
ACCT_004158,0.000279413881707607,0
ACCT_004167,0.003656719740327615,0
ACCT_004174,0.0006720979761085887,0
ACCT_004189,0.0002923090364643772,0
ACCT_004190,0.0002525908334336595,0
ACCT_004224,0.00042928385459907074,0
ACCT_004225,2.8254809393289937e-05,0
ACCT_004229,9.948996852010888e-05,0
ACCT_004235,0.006169225579169606,0
ACCT_004237,0.00019619886274407504,0
ACCT_004243,0.005319824534549277,0
ACCT_004251,0.0007792397457645974,0
ACCT_004256,0.0022988143582300404,0
ACCT_004258,0.00020058377743352243,0
ACCT_004280,0.00039882757319512454,0
ACCT_004286,0.00022775627048524306,0
ACCT_004308,0.0010706695293180692,0
ACCT_004322,0.02536731715201348,0
ACCT_004329,0.040967592332632606,0
ACCT_004333,0.000874248353904868,0
ACCT_004337,0.0039689621902993305,0
ACCT_004344,0.000885552330348929,0
ACCT_004348,5.20500304742248e-05,0
ACCT_004363,0.0008850514324908995,0
ACCT_004365,2.66877929554393e-05,0
ACCT_004380,0.00102185795932298,0
ACCT_004385,0.000556789981412291,0
ACCT_004392,0.0017183959152392992,0
ACCT_004395,4.486113059401774e-05,0
ACCT_004401,5.273169699347033e-05,0
ACCT_004408,7.01359669943915e-05,0
ACCT_004414,5.9323979845273625e-05,0
ACCT_004419,2.3395421096799146e-05,0
ACCT_004421,5.9579594558014536e-05,0
ACCT_004427,0.0001894106954256321,0
ACCT_004428,0.005231660065902487,0
ACCT_004445,0.0001131387307847771,0
ACCT_004457,0.013287082831887438,0
ACCT_004467,0.0002981874789820465,0
ACCT_004472,0.00070629241586981,0
ACCT_004487,0.007738190956180464,0
ACCT_004500,0.0005488913589888645,0
ACCT_004509,0.003192103903021507,0
ACCT_004521,0.03602623397147969,0
ACCT_004535,0.013601623109042645,0
ACCT_004538,0.167394841461277,0
ACCT_004544,0.00029355103384455576,0
ACCT_004557,0.002109351077198327,0
ACCT_004563,0.0011174631052959345,0
ACCT_004574,0.002586825749405072,0
ACCT_004578,0.00010175578920312369,0
ACCT_004585,0.00035431622011688693,0
ACCT_004596,0.0006748555982001857,0
ACCT_004603,0.9573262220444723,0
ACCT_004619,0.0008578824229286985,0
ACCT_004626,0.0008059359897548532,0
ACCT_004628,0.0005291830585580977,0
ACCT_004646,0.0007216150497038551,0
ACCT_004659,0.04925940182856132,0
ACCT_004668,0.00023249778671224317,0
ACCT_004672,0.0004297434188796266,0
ACCT_004683,0.0052495810939399085,0
ACCT_004700,0.036414152300561435,0
ACCT_004711,1.701848656715266e-05,0
ACCT_004721,0.030796889033394163,0
ACCT_004723,0.0024473295219975717,0
ACCT_004730,9.962999468198179e-05,0
ACCT_004746,7.855617727702571e-05,0
ACCT_004753,0.0004001929658159904,0
ACCT_004755,0.0002274289679827694,0
ACCT_004763,0.00012777425961759274,0
ACCT_004764,8.885011370257758e-05,0
ACCT_004770,0.005224934952288101,0
ACCT_004773,0.0009351432403276232,0
ACCT_004779,0.0029434225282435208,0
ACCT_004781,0.0015365475581917642,0
ACCT_004784,0.00041618907224973167,0
ACCT_004786,0.003713093585340157,0
ACCT_004805,0.00017298673408858487,0
ACCT_004815,5.605101124818102e-05,0
ACCT_004819,0.1151948674453248,0
ACCT_004830,0.0002248058175915999,0
ACCT_004836,0.0003003313051201304,0
ACCT_004849,0.0010406346448695867,0
ACCT_004851,0.002243539224410561,0
ACCT_004852,0.03363766339775099,0
ACCT_004854,0.0015410981993295059,0
ACCT_004856,0.0002696364500749869,0
ACCT_004860,0.00039327208694976207,0
ACCT_004861,6.716415177170613e-05,0
ACCT_004870,0.023958493221078753,0
ACCT_004871,0.08479895472016476,1
ACCT_004882,0.00010243194747925405,0
ACCT_004885,0.00010735230745456993,0
ACCT_004894,0.0008319921921449051,0
ACCT_004895,0.0004510849971704172,0
ACCT_004902,0.0024554567888913615,0
ACCT_004905,0.0009127647900687688,0
ACCT_004922,0.007450196574140045,0
ACCT_004924,0.0038394005315511063,0
ACCT_004928,0.00031231802673500013,0
ACCT_004951,0.16158341036947582,0
ACCT_004959,0.0004928286780778999,0
ACCT_004979,0.03833757879374443,0
ACCT_004987,0.0001283122399090586,0
ACCT_004988,0.0006585372189188138,0
ACCT_004990,7.947474686788082e-05,0
ACCT_004991,0.002818565740087914,0
ACCT_004993,0.00011365944184428203,0
ACCT_005015,0.01629517760672092,0
ACCT_005018,0.00034894942867125933,0
ACCT_005021,0.00010036926762944142,0
ACCT_005035,0.0009527187369283937,0
ACCT_005098,0.001961195923104992,0
ACCT_005100,5.192692791436412e-05,0
ACCT_005115,0.0005005543484954949,0
ACCT_005116,0.020344501668169656,0
ACCT_005126,0.002683301300987032,0
ACCT_005129,0.0008229287998606005,0
ACCT_005136,0.0001916680031681743,0
ACCT_005170,0.3893330312407221,0
ACCT_005178,0.879594269592591,0
ACCT_005201,0.0027891751770665113,0
ACCT_005217,0.0009841594056375343,0
ACCT_005220,0.0017810106993451443,0
ACCT_005223,0.0034553050559028827,0
ACCT_005228,0.00023455991067793005,0
ACCT_005237,0.0013187841813562435,0
ACCT_005238,0.001729590995182089,0
ACCT_005243,3.408582926011271e-05,0
ACCT_005245,0.010681927386206063,0
ACCT_005253,0.002622604669540642,0
ACCT_005261,0.00027848930255606276,0
ACCT_005264,0.00032769477133638307,0
ACCT_005266,0.0004692520541482386,0
ACCT_005268,0.00021100331342829108,0
ACCT_005289,0.00098992822290634,0
ACCT_005293,8.532000438848264e-05,0
ACCT_005295,0.001358483649393149,0
ACCT_005296,2.0341958781760498e-05,0
ACCT_005303,0.00240427762314777,0
ACCT_005319,0.0029949110179812535,0
ACCT_005330,0.0002754452102288641,0
ACCT_005333,0.00029322128825449826,0
ACCT_005357,3.7330534777837837e-06,0
ACCT_005363,0.00011440835995857412,0
ACCT_005366,0.006406956513192248,0
ACCT_005368,6.839124809655512e-05,0
ACCT_005380,8.49151721060963e-05,0
ACCT_005399,0.00016242884934965546,0
ACCT_005401,0.0013652320224433624,0
ACCT_005408,0.0005082146650752555,0
ACCT_005411,0.0015553693202349768,0
ACCT_005435,0.0019329830471234105,0
ACCT_005442,0.001193442455925378,0
ACCT_005443,0.0007444932134669841,0
ACCT_005463,0.0016904855148212683,0
ACCT_005474,0.00013444904804451422,0
ACCT_005506,0.0019627624861914914,0
ACCT_005509,0.00034096747926028225,0
ACCT_005510,0.0025334964195077667,0
ACCT_005515,7.962545958422091e-05,0
ACCT_005516,3.7815122549804265e-05,0
ACCT_005533,0.003927085163385493,0
ACCT_005536,0.00016433394683104782,0
ACCT_005567,0.000941020463516038,0
ACCT_005582,0.01548709292887042,0
ACCT_005586,0.0003655384594217573,0
ACCT_005599,0.16139589923795508,0
ACCT_005600,7.53975937436853e-05,0
ACCT_005611,0.0018604593389838788,0
ACCT_005614,7.768003498085212e-05,0
ACCT_005622,0.005950829889157408,0
ACCT_005624,0.00011520945061938264,0
ACCT_005631,0.0014289037937575402,0
ACCT_005633,0.403230435952836,0
ACCT_005637,0.1288815008856697,0
ACCT_005649,0.010314162309934531,0
ACCT_005653,0.0001119927951334623,0
ACCT_005654,0.0008325156052144041,0
ACCT_005666,0.0018113398711124286,1
ACCT_005682,0.0003822406036385759,0
ACCT_005687,0.01615241817980408,0
ACCT_005693,0.0006241629988576952,0
ACCT_005700,0.029347759999438772,0
ACCT_005705,0.008107712338998799,0
ACCT_005706,0.0021574528337852754,0
ACCT_005713,0.00044858200414774676,0
ACCT_005715,0.0001562133282661375,0
ACCT_005716,0.004143033010630326,0
ACCT_005723,0.00014987481772301886,0
ACCT_005732,0.00137150484693634,0
ACCT_005735,0.00035127933919545544,0
ACCT_005737,1.499960030876338e-05,0
ACCT_005742,3.301315739431909e-05,0
ACCT_005746,0.012903589048579805,0
ACCT_005751,0.002690604214258064,0
ACCT_005754,0.0005947058000055617,0
ACCT_005757,0.005236579177161492,0
ACCT_005766,7.63176419167594e-05,0
ACCT_005799,6.965816549541592e-05,0
ACCT_005819,0.0002254596385907532,0
ACCT_005828,0.0017676906504569948,0
ACCT_005838,0.000736053681792049,0
ACCT_005845,0.013078400541541172,0
ACCT_005880,0.001202694269296593,0
ACCT_005888,0.0004024417272877885,0
ACCT_005909,0.0027043460888654695,0
ACCT_005912,0.001520082846065865,0
ACCT_005913,0.003466521308800257,0
ACCT_005918,0.0015239734094292647,0
ACCT_005927,2.463134918810024e-05,0
ACCT_005931,3.329629718604284e-05,1
ACCT_005948,0.0009099307926057617,0
ACCT_005952,0.0008066000233259499,0
ACCT_005955,0.00033001084260640267,0
ACCT_005960,0.0004728848133909721,0
ACCT_005961,0.00033549420933417964,0
ACCT_005978,0.01358829940345173,0
ACCT_005982,0.003872349196776554,0
ACCT_005988,0.0006002070436195632,0
ACCT_006001,0.0003247734106219379,0
ACCT_006015,0.0018859822629103881,0
ACCT_006043,0.006398502510092343,0
ACCT_006050,0.05668430894723948,0
ACCT_006057,0.0005490496124403172,0
ACCT_006078,0.08366983876394468,0
ACCT_006095,0.027816933328013868,0
ACCT_006104,0.08914049722273527,0
ACCT_006107,0.00012144368348074757,0
ACCT_006116,0.00015597916402659536,0
ACCT_006122,0.07826479924906128,0
ACCT_006135,0.0012134760643033409,0
ACCT_006155,0.0005201399608853955,0
ACCT_006157,0.00017946926390907623,0
ACCT_006158,0.0025351684508387548,0
ACCT_006171,0.003369309890059115,0
ACCT_006172,0.0004979713523550699,0
ACCT_006187,0.0016624199775565074,0
ACCT_006195,0.0005068322795408974,0
ACCT_006212,0.003146343593400945,0
ACCT_006221,0.0005338757504158397,0
ACCT_006228,1.1798745712168081e-05,0
ACCT_006239,0.0007937530484660182,0
ACCT_006250,0.000542836312619445,0
ACCT_006256,6.788356640912505e-05,0
ACCT_006259,0.00402121377113616,0
ACCT_006261,0.0009220019686503171,0
ACCT_006263,0.00037901046591826544,0
ACCT_006264,0.001845635133216851,0
ACCT_006277,0.0066346883088665145,0
ACCT_006284,0.006309162682057878,0
ACCT_006292,4.5582763357505514e-05,0
ACCT_006295,0.00484681758470965,0
ACCT_006301,9.638234974525565e-05,0
ACCT_006310,0.0001769086418766455,0
ACCT_006328,0.00023079824102975689,0
ACCT_006337,0.0030349483885314978,0
ACCT_006356,0.0004585889584544184,0
ACCT_006357,0.00034415916276821196,0
ACCT_006359,0.081212955049018,0
ACCT_006371,0.010564412920181602,0
ACCT_006376,0.13743729002025384,0
ACCT_006387,7.455324920202596e-05,0
ACCT_006391,0.0018595906133474407,0
ACCT_006398,0.0008477589701916989,0
ACCT_006406,0.000452737745297472,0
ACCT_006412,0.03500937333576858,0
ACCT_006416,0.00012514941956664227,0
ACCT_006423,0.004537179923531118,0
ACCT_006433,0.034320369341190704,0
ACCT_006437,0.0008645173534525449,0
ACCT_006441,0.0007269779868340569,0
ACCT_006444,4.819448221957964e-05,0
ACCT_006451,0.017070210780039834,0
ACCT_006452,0.008929833116726002,0
ACCT_006465,0.0005394466179049486,0
ACCT_006472,0.001295798883259431,0
ACCT_006481,0.06567871189078933,0
ACCT_006486,0.00010027855716955622,0
ACCT_006497,0.003467137746462378,0
ACCT_006530,0.0022989726762161636,0
ACCT_006531,0.003642785006441756,0
ACCT_006534,1.066346977400864e-05,0
ACCT_006537,0.0773271849108444,0
ACCT_006555,0.00040260587978346136,0
ACCT_006561,0.07227159288411712,0
ACCT_006564,0.0019297178460489861,0
ACCT_006568,0.00041164725095397647,0
ACCT_006583,0.024632854277787837,0
ACCT_006590,4.409247219144315e-05,0
ACCT_006598,0.020101433665666708,0
ACCT_006608,0.014691846850701561,0
ACCT_006624,0.0002588083904105144,0
ACCT_006633,0.0005637056390769133,0
ACCT_006649,0.000120025997635261,0
ACCT_006657,0.0003131005836785726,0
ACCT_006666,0.00040326065806687786,0
ACCT_006692,0.04240748692056294,0
ACCT_006696,1.3445967780880709e-05,0
ACCT_006711,0.0006592150953442888,0
ACCT_006713,0.00019625286883239405,0
ACCT_006720,0.0011331478390373328,0
ACCT_006721,4.8355167706031144e-05,0
ACCT_006724,0.0005124269046150906,0
ACCT_006731,0.00031612372312932695,0
ACCT_006733,0.0010110277362069607,0
ACCT_006745,0.00168534553127821,0
ACCT_006753,0.010914301736241321,0
ACCT_006755,0.0012730859493713929,0
ACCT_006759,3.3222943204378826e-05,0
ACCT_006795,0.0008380306539945269,0
ACCT_006809,0.0021316327472948203,0
ACCT_006811,0.0003981424982986599,0
ACCT_006816,0.0003999771379003911,0
ACCT_006820,0.002891144752152443,0
ACCT_006843,0.00010162573285195085,0
ACCT_006856,0.0001166477041966288,0
ACCT_006858,0.0017125535791420836,0
ACCT_006866,0.007361685318648904,0
ACCT_006874,0.30395417329025576,0
ACCT_006884,2.1551345113348436e-05,0
ACCT_006896,0.00044586941694503324,0
ACCT_006902,0.001429556160068878,0
ACCT_006904,0.004527884896872693,0
ACCT_006918,0.0007569847804429466,0
ACCT_006929,0.0010844861154718824,0
ACCT_006931,0.002105924128349422,0
ACCT_006955,0.006228752968523903,0
ACCT_006962,4.615948736610281e-05,0
ACCT_006969,0.0008538474121886956,0
ACCT_006971,0.0015910343786393597,0
ACCT_006979,0.0010534038908777982,0
ACCT_006982,5.906135425974904e-05,0
ACCT_006983,3.357077109774929e-05,0
ACCT_006988,0.0017441776790108829,0
ACCT_006999,0.0007038725412224212,0
ACCT_007007,0.22203057224757125,1
ACCT_007013,7.85654150600055e-05,0
ACCT_007022,0.002870766438342109,0
ACCT_007023,0.000573809006055008,0
ACCT_007026,1.8131528968147184e-05,0
ACCT_007029,0.0003548268258102329,0
ACCT_007030,0.0001169801723305043,0
ACCT_007033,0.0022428559389018493,0
ACCT_007034,0.0016049746260483608,0
ACCT_007064,0.033561414826066095,0
ACCT_007070,0.0001883162321139502,0
ACCT_007073,0.0005579441219314481,0
ACCT_007094,0.001582561427273744,0
ACCT_007098,0.001531919832425245,0
ACCT_007104,0.0003770562798848909,0
ACCT_007115,0.0006231800353614939,0
ACCT_007118,0.0021835220081462613,0
ACCT_007119,0.0011938053505255305,0
ACCT_007145,0.0007118918017888717,0
ACCT_007157,0.00044454952351193815,0
ACCT_007161,0.0030756357592962506,0
ACCT_007169,6.630908952120073e-05,0
ACCT_007181,0.002685437493525851,0
ACCT_007185,0.06155139455169186,0
ACCT_007187,0.9186207806945286,1
ACCT_007190,4.9958508205534206e-05,0
ACCT_007205,0.004812792070754843,0
ACCT_007230,0.00016294326635279057,0
ACCT_007237,0.0008707786569868047,0
ACCT_007240,8.115528167642743e-05,0
ACCT_007246,0.0003616894496757337,0
ACCT_007250,0.0027859963510415094,0
ACCT_007251,0.00013064072554695472,0
ACCT_007253,0.002106088529932052,0
ACCT_007265,5.59378083586183e-06,0
ACCT_007288,4.859403992156245e-05,0
ACCT_007289,9.224367674579912e-05,0
ACCT_007295,3.1241952705550715e-05,0
ACCT_007307,0.006661181460137102,0
ACCT_007310,0.0005267292183611961,0
ACCT_007329,0.0032087167938665154,0
ACCT_007331,0.002433678483835877,0
ACCT_007337,6.0104902588509405e-05,0
ACCT_007341,0.00410920969511953,0
ACCT_007345,0.0035394079472346727,0
ACCT_007350,0.00015795007058536328,0
ACCT_007355,0.0009955948292526351,0
ACCT_007362,0.0022426641903394787,0
ACCT_007366,0.0005154549302487389,0
ACCT_007370,0.0008187865839192015,0
ACCT_007374,0.008692171565765669,0
ACCT_007375,0.00036901138045405415,0
ACCT_007379,0.005039838406415604,0
ACCT_007385,0.003061343176202108,0
ACCT_007394,7.07088746821753e-05,0
ACCT_007395,0.0003403602461831947,0
ACCT_007396,0.0002214771135087213,0
ACCT_007401,2.1759980708001356e-05,0
ACCT_007404,0.0007767338552134613,0
ACCT_007415,0.003089648263846004,0
ACCT_007425,0.002178710269532232,0
ACCT_007432,0.00030741578061620683,0
ACCT_007445,0.01691501258192284,0
ACCT_007449,0.00026639007982517677,0
ACCT_007451,0.0003568471326004575,0
ACCT_007473,0.001240978946990563,0
ACCT_007483,0.0013406721287194366,0
ACCT_007484,0.03949283878963694,0
ACCT_007492,3.261911915472342e-05,0
ACCT_007523,0.032363274653819996,0
ACCT_007524,4.868486650938227e-05,0
ACCT_007532,0.00016509812953562433,0
ACCT_007537,0.0004117838911955264,0
ACCT_007547,0.0026851283498126586,0
ACCT_007553,0.00019746100562455663,0
ACCT_007557,0.0005443037480299801,0
ACCT_007558,8.759606358792738e-05,0
ACCT_007583,0.0003129573859741465,0
ACCT_007585,0.0014267298130250744,0
ACCT_007588,7.656683291643965e-05,0
ACCT_007610,0.0008296260664934135,0
ACCT_007612,0.06461499780921932,0
ACCT_007624,0.0002343627818182905,0
ACCT_007625,0.00043998731434935625,0
ACCT_007626,0.0013590527719084444,0
ACCT_007628,0.001932732601896232,0
ACCT_007666,0.002308398065460773,0
ACCT_007670,0.0022105094432573777,0
ACCT_007675,8.694596883602606e-05,0
ACCT_007677,0.004533309576407012,0
ACCT_007705,0.00023831784830026474,0
ACCT_007706,0.003950093801933868,0
ACCT_007709,0.001206280609557803,0
ACCT_007717,0.001721723868166131,0
ACCT_007722,0.0020102459260990958,0
ACCT_007749,0.00018760823742048518,0
ACCT_007755,0.003982777649596521,0
ACCT_007757,0.00034842520373786406,0
ACCT_007764,6.0466401729623234e-05,0
ACCT_007768,0.0005651638337044614,0
ACCT_007774,0.0005308266966780013,0
ACCT_007784,5.6866273235416864e-05,0
ACCT_007786,6.87460943460609e-05,0
ACCT_007790,0.0036710030132468415,0
ACCT_007793,0.004801365337032338,0
ACCT_007798,0.017869204651864756,0
ACCT_007820,0.001352086960525593,0
ACCT_007827,0.03497572936485354,0
ACCT_007831,0.00039586101821699124,0
ACCT_007833,0.0014860085924385986,0
ACCT_007834,0.002091445556929091,0
ACCT_007835,0.004607277844150503,0
ACCT_007846,5.019655073594812e-05,0
ACCT_007856,0.0019854444522650495,0
ACCT_007868,0.00029331726969408973,0
ACCT_007869,3.638539596545714e-05,0
ACCT_007890,0.0001007546864756459,0
ACCT_007895,0.0031648475481156923,0
ACCT_007905,0.00015841023868518685,0
ACCT_007917,0.0008456731212488555,0
ACCT_007939,0.00020034076058943347,0
ACCT_007945,0.0012169529170574242,0
ACCT_007954,0.009587997474918744,0
ACCT_007956,0.18326207154920263,0
ACCT_007959,0.02338100553005639,0
ACCT_007966,0.0029731849068579405,0
ACCT_007967,0.05742809925944411,0
ACCT_007986,6.556854689370485e-05,0
ACCT_007987,0.0006924923244140061,0
ACCT_007988,0.0001546121156411003,0
ACCT_007994,0.023886667853619214,0
ACCT_008000,0.0016262982427867128,0
ACCT_008003,0.00011681272061931938,0
ACCT_008015,0.0044039859983684235,0
ACCT_008016,8.18573766346278e-05,0
ACCT_008020,0.0009452620343414363,0
ACCT_008021,0.0022442796049989243,0
ACCT_008022,0.09581167594770072,0
ACCT_008033,0.00020644245808505867,0
ACCT_008043,0.0008364832977147667,0
ACCT_008044,0.0024924582846368717,0
ACCT_008055,0.0028143506576300266,0
ACCT_008057,0.019834093446860438,0
ACCT_008066,1.306381750318197e-05,0
ACCT_008071,0.00284079430203029,0
ACCT_008073,8.045752420395947e-05,0
ACCT_008094,0.003637403822396844,0
ACCT_008099,0.0018279099643154668,0
ACCT_008102,0.008058000951499961,0
ACCT_008103,7.997412746004094e-05,0
ACCT_008105,0.0036075531677467344,0
ACCT_008130,0.0006362581702078204,0
ACCT_008136,0.005909149450336242,0
ACCT_008146,0.00020533658322483285,0
ACCT_008152,0.00010805967563218101,0
ACCT_008159,9.00870047832407e-05,0
ACCT_008175,0.001757401271707988,0
ACCT_008176,5.326958166261292e-05,0
ACCT_008203,6.275362443527126e-05,0
ACCT_008211,0.001703175865208649,0
ACCT_008217,0.0006363825470360215,0
ACCT_008232,0.00022840991143999092,0
ACCT_008245,1.3359570687170576e-05,0
ACCT_008249,6.815582551712974e-05,0
ACCT_008254,0.0013368714131530898,0
ACCT_008276,0.0004724964940139979,0
ACCT_008291,0.0010879459544526687,0
ACCT_008295,0.0003321061778820681,0
ACCT_008302,0.005045586650813439,0
ACCT_008303,4.44338689174944e-05,0
ACCT_008323,0.0005355307316577145,0
ACCT_008326,0.0017964654190356115,0
ACCT_008344,0.0026576214903732396,0
ACCT_008354,0.001900773728706191,0
ACCT_008364,0.004750857471006325,0
ACCT_008394,0.007589074587916276,0
ACCT_008395,9.799644550681911e-05,0
ACCT_008399,0.00308672880195684,0
ACCT_008415,0.0003689147719919732,0
ACCT_008421,0.0034055490891728994,0
ACCT_008428,0.004525077029269173,0
ACCT_008435,0.01282817342513566,0
ACCT_008448,0.006663815135090339,0
ACCT_008479,0.0001646195648998252,0
ACCT_008481,0.0005370248016964481,0
ACCT_008492,0.02289251796811505,0
ACCT_008493,0.0005995824701776133,0
ACCT_008496,0.00010796024399942654,0
ACCT_008515,0.0003678261199913123,0
ACCT_008532,0.01385251290051102,0
ACCT_008545,0.000787214672197105,0
ACCT_008549,0.0013987432434855503,0
ACCT_008552,0.07447646581743479,0
ACCT_008555,0.0010259877970936193,0
ACCT_008579,0.0007036608815156725,0
ACCT_008597,0.00035862649617116917,0
ACCT_008602,0.0002697250227721683,0
ACCT_008605,0.05652050443453879,0
ACCT_008607,0.001376224157157237,0
ACCT_008625,0.00010012366676643363,0
ACCT_008627,0.00024042288226769394,0
ACCT_008653,0.000500589848806436,0
ACCT_008660,0.0007058512261443081,0
ACCT_008661,6.192924354561253e-05,0
ACCT_008666,0.005292314631076724,0
ACCT_008668,0.0001333440348482867,0
ACCT_008680,0.00024218787105831886,0
ACCT_008681,0.0009867441190071036,0
ACCT_008691,0.00022228954599092798,0
ACCT_008698,0.0005231489247277906,0
ACCT_008699,0.0005676451249302054,0
ACCT_008701,0.0007451433317982889,0
ACCT_008719,0.0036585690098927446,0
ACCT_008723,0.00104749183467734,0
ACCT_008725,0.0005199388393660932,0
ACCT_008727,0.003593871048399257,0
ACCT_008733,4.489690469782027e-05,0
ACCT_008740,0.0009553387907082848,0
ACCT_008745,0.0019849313568775133,0
ACCT_008746,0.00023447676648852416,0
ACCT_008755,0.017677978483467135,0
ACCT_008759,2.4270075850880315e-05,0
ACCT_008764,0.0003617740642672502,0
ACCT_008767,0.0002769129410860729,0
ACCT_008776,0.01154809411646968,0
ACCT_008788,0.0014118756286528155,0
ACCT_008790,0.0003499948916824609,0
ACCT_008795,0.04112596065455394,0
ACCT_008800,0.0001509222469305052,0
ACCT_008802,0.05815502718957108,0
ACCT_008819,0.004769462588632129,0
ACCT_008824,0.0006684846397915906,0
ACCT_008825,0.00010251905370200107,0
ACCT_008834,0.0041400269794796465,0
ACCT_008849,0.0008540965744070643,0
ACCT_008852,9.64912140141239e-05,0
ACCT_008853,0.00043579435490429826,0
ACCT_008865,0.0012716425045840093,0
ACCT_008869,0.0069755591934898414,0
ACCT_008871,0.0005577248457151032,0
ACCT_008897,0.3616935892384188,0
ACCT_008903,0.0004200574267059097,0
ACCT_008906,0.021051116794893097,0
ACCT_008911,0.016700053516623528,0
ACCT_008915,3.269599242061112e-05,0
ACCT_008944,0.006954377845384423,0
ACCT_008947,0.01214426982334537,0
ACCT_008963,0.0008350369489768022,0
ACCT_008964,2.1087546729013594e-05,0
ACCT_008969,0.0019415543354608944,0
ACCT_008974,0.0028684814866556806,0
ACCT_008977,0.005230038915659094,0
ACCT_008980,0.000245271160758393,0
ACCT_008982,0.002844582861577924,0
ACCT_009024,9.229534459765958e-06,0
ACCT_009043,0.0010322835634463145,0
ACCT_009051,0.0005747296052617118,0
ACCT_009054,0.00019206935661306095,0
ACCT_009057,0.00034397443781948746,0
ACCT_009061,0.00018550748264878236,0
ACCT_009067,2.9724077505214485e-05,0
ACCT_009084,0.010346264195455765,0
ACCT_009087,0.01413459548068596,0
ACCT_009124,8.134154460462181e-05,0
ACCT_009125,3.579409758139921e-05,0
ACCT_009130,0.001435695221277817,0
ACCT_009136,0.00011820246026735628,0
ACCT_009146,0.0037601485131279638,0
ACCT_009150,0.03903581962976437,0
ACCT_009154,5.744044922460101e-05,0
ACCT_009160,0.0004236906181878306,1
ACCT_009177,0.00010875962610392632,0
ACCT_009184,0.0006016580347505333,0
ACCT_009188,8.502878927043392e-05,0
ACCT_009194,0.05877405258167779,0
ACCT_009198,0.00289172326992807,0
ACCT_009201,0.002360994772803029,0
ACCT_009209,0.002039492063927709,0
ACCT_009216,0.00010966825915714126,0
ACCT_009227,0.01732949783171834,0
ACCT_009250,0.0007090392187345028,0
ACCT_009256,0.00011695675083551592,0
ACCT_009267,0.00018311051540343895,0
ACCT_009272,2.8721190491300676e-05,0
ACCT_009275,0.00017427883469581625,0
ACCT_009283,0.003031471140780231,0
ACCT_009310,0.0007820154131453688,0
ACCT_009320,0.00035814472202192995,0
ACCT_009326,0.000957782567827667,0
ACCT_009329,0.9924301354560259,1
ACCT_009338,0.005084390854806555,0
ACCT_009348,0.00029916654278627037,0
ACCT_009350,0.008726101005354168,0
ACCT_009378,0.000651019306468902,0
ACCT_009394,0.051618064194675996,0
ACCT_009405,0.0014946413276475579,0
ACCT_009423,0.0004173307126501926,0
ACCT_009463,8.444726598500349e-05,0
ACCT_009465,0.0010928087411877787,0
ACCT_009475,0.0021043535823493287,0
ACCT_009485,0.002647428532260649,0
ACCT_009504,0.00031629085339842706,0
ACCT_009509,0.0052277094523992314,0
ACCT_009518,0.00043217756708120356,0
ACCT_009523,0.0002771647930587322,0
ACCT_009524,0.008985593731205645,0
ACCT_009536,0.0012815687740455352,0
ACCT_009543,0.0013158722489962891,0
ACCT_009553,0.00021688649924793337,1
ACCT_009564,0.002948069852713134,0
ACCT_009568,3.87750049235797e-05,0
ACCT_009574,5.210825189330252e-05,0
ACCT_009579,0.005455817956931474,0
ACCT_009603,0.0004026207287107283,0
ACCT_009605,0.06597511166577358,0
ACCT_009620,0.015462789613187741,1
ACCT_009630,0.0011448278182239289,0
ACCT_009648,0.007148453425195771,0
ACCT_009650,0.0014671345544755863,0
ACCT_009651,0.0010021442566141663,0
ACCT_009662,0.00873550571948088,0
ACCT_009672,0.022925164525722855,0
ACCT_009675,0.0007971235292663695,0
ACCT_009708,0.10617669105877023,0
ACCT_009712,0.0018189139302226976,0
ACCT_009715,0.007061829909263526,0
ACCT_009724,0.0014910141058251162,0
ACCT_009726,0.008287382552528193,0
ACCT_009755,0.00011251049811238079,0
ACCT_009757,0.000333531923586726,0
ACCT_009766,0.0004383503064759976,0
ACCT_009821,0.00015668372261551196,0
ACCT_009824,0.08440201895432399,0
ACCT_009828,0.1994670516696241,0
ACCT_009831,0.0021599754792606127,0
ACCT_009833,0.0002647362698661562,0
ACCT_009838,0.002260145117786166,0
ACCT_009841,0.0018245180435397638,0
ACCT_009844,5.493565119439027e-05,0
ACCT_009875,0.009165577207565992,0
ACCT_009885,0.0014571771405433615,0
ACCT_009892,7.487792861652242e-05,0
ACCT_009899,0.0001493160400527849,0
ACCT_009902,0.0003577715293502893,0
ACCT_009904,0.0007078739441888582,0
ACCT_009909,0.0006421428642825358,0
ACCT_009911,0.0006173734185832276,0
ACCT_009914,0.010967534161207096,0
ACCT_009915,0.00019006631829904765,0
ACCT_009921,0.0014164789843827106,0
ACCT_009922,2.147229598688303e-05,0
ACCT_009923,0.00013039138610493724,0
ACCT_009927,0.0015565413027847136,0
ACCT_009939,0.001443538869017209,0
ACCT_009941,0.010668221773727227,0
ACCT_009950,0.0008616582442194028,0
ACCT_009963,0.008247219903278674,0
ACCT_009974,0.00017523735315306546,0
ACCT_009989,0.0016178704279239068,0
ACCT_010009,0.0009054838918103499,0
ACCT_010014,0.0873643116654589,0
ACCT_010016,5.757816043249861e-05,0
ACCT_010025,8.181463135727101e-06,0
ACCT_010027,0.0003602681511575112,0
ACCT_010050,0.004245928012768206,0
ACCT_010055,2.3780586398591498e-05,0
ACCT_010057,0.001158772696295685,0
ACCT_010060,0.0006112482289106667,0
ACCT_010062,0.5555006690726554,1
ACCT_010071,0.0002124478800526564,0
ACCT_010075,0.000851840797680072,0
ACCT_010076,0.000313347638125248,0
ACCT_010077,3.8943582984527064e-05,0
ACCT_010096,0.01324544991088528,0
ACCT_010104,0.0021340916367880366,0
ACCT_010111,0.013369254413824064,0
ACCT_010116,5.211417876585508e-05,0
ACCT_010120,0.003189945190821127,0
ACCT_010122,0.00366888955692801,0
ACCT_010145,0.03297782216456871,0
ACCT_010149,0.002568544210722537,0
ACCT_010162,0.000628518859132519,0
ACCT_010191,4.586744918928588e-05,0
ACCT_010193,0.0047792477259372464,0
ACCT_010209,0.0008831618199331504,0
ACCT_010211,0.0006282334286635521,0
ACCT_010216,0.00010914330014171726,0
ACCT_010252,4.1611092179224064e-05,0
ACCT_010255,0.0014466124411855019,0
ACCT_010256,0.0318266924465528,0
ACCT_010265,0.00026726193181762596,0
ACCT_010267,0.0016028739870700983,0
ACCT_010286,6.49888359426793e-05,0
ACCT_010287,0.002364855825955114,0
ACCT_010288,0.0005745258135468832,0
ACCT_010298,0.0013890997604524393,0
ACCT_010302,0.0002969337642951312,0
ACCT_010325,5.55175887177649e-05,0
ACCT_010329,0.02084037489230768,0
ACCT_010336,0.0010185999661364545,0
ACCT_010339,0.005634385248554907,0
ACCT_010340,0.01736546066901041,0
ACCT_010347,0.010038731794975646,0
ACCT_010403,0.0007294671375190402,0
ACCT_010407,0.000470000442598054,0
ACCT_010425,0.04049780019648819,0
ACCT_010430,0.0011008261394191232,0
ACCT_010442,0.003645662874302613,0
ACCT_010443,0.00022435205028050736,0
ACCT_010450,0.12685730250089136,0
ACCT_010479,0.0003715716220283106,0
ACCT_010481,0.00620756555462483,0
ACCT_010483,0.00910097273824008,0
ACCT_010485,4.0762546808507274e-05,0
ACCT_010495,0.0001621976788709993,0
ACCT_010504,0.012556002287463753,0
ACCT_010505,0.0011044868478653762,0
ACCT_010509,0.005402396330141111,0
ACCT_010511,0.028654899923959438,0
ACCT_010525,0.0003468820686553234,0
ACCT_010533,0.0001914279249992308,0
ACCT_010555,0.008487478899714736,1
ACCT_010557,0.0017131397352594842,0
ACCT_010564,0.0001568582290018025,0
ACCT_010566,0.006613276976687118,0
ACCT_010571,0.008420311075235377,0
ACCT_010575,0.00028922740168403627,0
ACCT_010576,0.00029149171780566864,0
ACCT_010581,6.132888176129583e-05,0
ACCT_010603,0.001872070268679194,0
ACCT_010615,0.0053655996683370415,0
ACCT_010618,0.0021492685108912522,0
ACCT_010630,0.06700031895235135,0
ACCT_010634,0.0016317770037885505,0
ACCT_010635,0.00039862258997517007,0
ACCT_010638,0.00010380654979334018,0
ACCT_010644,0.023471258663294525,0
ACCT_010647,0.005886636469431333,0
ACCT_010659,4.7856692331369504e-05,0
ACCT_010663,0.0006632952046519702,0
ACCT_010673,0.01134683259192462,0
ACCT_010679,0.0010316413012294748,0
ACCT_010681,0.00024365942606012264,0
ACCT_010692,2.2440436248903438e-05,0
ACCT_010714,0.0004116977517106505,0
ACCT_010717,0.0009634829948833092,0
ACCT_010719,0.00041455678669275863,0
ACCT_010720,0.0003030185266427847,0
ACCT_010727,0.00027128931685107703,0
ACCT_010732,0.00017421214097455034,0
ACCT_010769,0.0005276388681510404,0
ACCT_010773,0.33969900882151144,0
ACCT_010778,0.00011794303873716492,0
ACCT_010781,7.710779086149023e-05,0
ACCT_010784,0.00014121222737746342,0
ACCT_010786,0.0015487993410081683,0
ACCT_010810,0.006848160679074532,0
ACCT_010812,0.00030645465684632473,0
ACCT_010826,0.0004468110290875617,0
ACCT_010828,0.0002004815355986091,0
ACCT_010829,0.0445110252433343,0
ACCT_010859,0.0004884276606495209,0
ACCT_010864,0.0007534052432516252,0
ACCT_010869,0.0001966599722780405,0
ACCT_010875,0.000212843797747885,0
ACCT_010876,0.004720577970719522,0
ACCT_010877,0.002868842043453172,0
ACCT_010879,0.0005735376385400745,0
ACCT_010888,0.0009509982624275621,0
ACCT_010889,0.007762939833368845,0
ACCT_010894,0.0007463073719721759,0
ACCT_010902,0.0005920037907912771,0
ACCT_010914,0.021041590175482024,0
ACCT_010919,0.0150572708274209,0
ACCT_010924,0.002351449009567313,0
ACCT_010928,0.00272698939058942,0
ACCT_010933,0.0039852761124192695,0
ACCT_010934,0.001083078159151687,0
ACCT_010947,0.001222422840725597,0
ACCT_010950,0.0001000914112989816,0
ACCT_010978,0.0015484388756062419,0
ACCT_010981,9.4519255288321e-06,0
ACCT_010983,0.009805666203348,0
ACCT_010992,6.088056408850796e-05,0
ACCT_010994,0.0006529570070762995,0
ACCT_010995,0.00030203245190725775,0
ACCT_011017,0.16488385408963424,0
ACCT_011032,0.00025480492842362956,0
ACCT_011033,0.0019280047495332951,0
ACCT_011038,0.07290117780312913,0
ACCT_011039,0.00011903831777960028,0
ACCT_011045,0.0006899400147140012,0
ACCT_011053,0.0022664162147759646,0
ACCT_011072,0.004306720523827169,0
ACCT_011074,0.0007661946279879357,0
ACCT_011087,0.00028785077131494863,0
ACCT_011092,0.000434161236462817,0
ACCT_011093,0.00012017566782606719,0
ACCT_011098,1.647399692020451e-05,0
ACCT_011105,0.00016039671639251694,0
ACCT_011112,0.00024229663749913104,0
ACCT_011128,0.0003773010568374185,0
ACCT_011132,0.0018486592088369086,0
ACCT_011137,0.005170152839073808,0
ACCT_011146,0.00012456003201655573,0
ACCT_011158,0.0037904092950992578,0
ACCT_011164,0.00014904527024612983,0
ACCT_011185,0.0005067193696450601,0
ACCT_011187,0.0013471608359282453,0
ACCT_011194,0.00019323234865923464,0
ACCT_011197,0.0002812457009890635,0
ACCT_011208,0.01121077237460536,0
ACCT_011214,0.005743087921531841,0
ACCT_011223,0.0009438759517308894,0
ACCT_011238,0.003502960523864958,0
ACCT_011243,5.5293683221936614e-05,0
ACCT_011252,8.307552152824972e-05,0
ACCT_011254,3.451841368853718e-05,0
ACCT_011256,0.09556867984012568,0
ACCT_011257,0.0010604057797788669,0
ACCT_011261,0.002668525147825862,0
ACCT_011264,0.0004858472940251854,0
ACCT_011280,0.0007881269977354931,0
ACCT_011298,0.019001210829398513,0
ACCT_011301,0.0018139117428820216,0
ACCT_011322,0.021199726324974955,0
ACCT_011324,0.0015021263102772298,0
ACCT_011332,0.00013898258893767955,0
ACCT_011335,0.0007370540417876384,0
ACCT_011339,0.010533028534869192,0
ACCT_011344,0.00020894582745754922,0
ACCT_011364,0.0012047463338032479,0
ACCT_011419,0.05362307961031042,0
ACCT_011420,0.0588310052535887,0
ACCT_011421,6.128312721883417e-05,0
ACCT_011422,0.0003212173500782396,0
ACCT_011431,1.544317609382077e-05,0
ACCT_011434,0.00012674170177633676,0
ACCT_011441,0.0003124639997773099,0
ACCT_011443,0.008332234299176837,0
ACCT_011445,0.0009470641029235359,0
ACCT_011447,0.12183302786259502,0
ACCT_011476,0.000345470733810167,0
ACCT_011477,0.0005900271481860086,0
ACCT_011487,0.0036549712781514094,0
ACCT_011488,0.00023346847648689673,0
ACCT_011493,0.00025540391087328237,0
ACCT_011494,0.009158441376333848,0
ACCT_011504,0.013756687935166817,0
ACCT_011506,0.010649945025306931,0
ACCT_011514,0.0042707233548159446,0
ACCT_011527,0.007545293684427193,0
ACCT_011540,0.000796582349249177,0
ACCT_011541,0.0001470123337707958,0
ACCT_011545,0.001524112465478096,0
ACCT_011547,0.00011991355740230677,0
ACCT_011549,0.004287710712561594,0
ACCT_011570,0.00031646306742506836,0
ACCT_011573,4.477586257290362e-05,0
ACCT_011582,2.3026143803211986e-05,0
ACCT_011589,0.00043714390060969167,0
ACCT_011596,0.00028455750627321417,0
ACCT_011603,0.007533821130877971,0
ACCT_011607,0.0005770729823679403,0
ACCT_011611,0.01725680505871015,0
ACCT_011612,0.00032641858051492804,0
ACCT_011616,0.003359898255664142,0
ACCT_011632,0.21399863667344732,0
ACCT_011634,0.01843645538795572,0
ACCT_011655,0.0005047336357388523,0
ACCT_011682,0.0008151173564045548,0
ACCT_011690,0.0003650112224399704,0
ACCT_011693,0.00023583037954283948,0
ACCT_011694,0.3686131018764051,0
ACCT_011703,0.0006421070753375279,0
ACCT_011710,0.00039713440904613263,0
ACCT_011715,0.03249115293202298,0
ACCT_011732,7.691154265951167e-05,0
ACCT_011737,5.778481297424669e-05,0
ACCT_011738,0.001991471081972584,0
ACCT_011740,0.00016790686878120507,0
ACCT_011750,0.002290662335459995,0
ACCT_011759,0.009491054272679341,0
ACCT_011765,0.0009009616270678121,0
ACCT_011773,0.004681494510039995,0
ACCT_011785,1.4840975189893849e-05,0
ACCT_011808,0.00043762871837889404,0
ACCT_011809,0.00034487560028304167,0
ACCT_011827,0.008315505714643928,0
ACCT_011829,0.002302981285608878,0
ACCT_011838,0.04107508143791757,0
ACCT_011846,0.00012477636538314624,0
ACCT_011852,0.0001929306128174054,0
ACCT_011859,0.009911696647300716,0
ACCT_011865,0.0025352787285428118,0
ACCT_011884,0.006247469969949915,0
ACCT_011899,0.0001666031165193223,0
ACCT_011900,0.00019590287253883304,0
ACCT_011909,0.0010353784702989155,0
ACCT_011911,0.003292567246317262,0
ACCT_011914,0.0002691258382230395,0
ACCT_011927,0.001704136388346378,0
ACCT_011933,0.000236786476947557,0
ACCT_011935,0.0013533134221343356,0
ACCT_011972,0.0006554327443512504,0
ACCT_011979,0.00048149711408961075,0
ACCT_011984,0.010076536786297179,0
ACCT_011992,0.0022085585763772625,0
ACCT_011995,0.00038009036528687565,0
ACCT_012001,0.005954143181466062,0
ACCT_012005,0.08663433410685407,1
ACCT_012030,0.00029495958643550743,0
ACCT_012032,0.024249600484110304,0
ACCT_012036,0.014356552722344134,0
ACCT_012049,0.00015885705092701904,0
ACCT_012061,0.0005632075034154243,0
ACCT_012075,0.0004334690475860852,0
ACCT_012079,0.0047416082478073315,0
ACCT_012086,0.0010310977122077257,0
ACCT_012088,0.00034131556638928066,0
ACCT_012093,0.20606217694139398,0
ACCT_012096,0.00024846935379917797,0
ACCT_012116,0.00015191570230096779,0
ACCT_012119,9.83860730658932e-05,0
ACCT_012127,0.002343855425538784,0
ACCT_012134,0.0038972902609503983,0
ACCT_012155,8.672922557957752e-05,0
ACCT_012164,0.003150892492177221,0
ACCT_012185,0.39404603474618527,0
ACCT_012199,0.0007473168899592106,0
ACCT_012217,4.152037985751629e-05,0
ACCT_012218,0.0007202771579957056,0
ACCT_012226,0.001488013460561342,0
ACCT_012232,0.0009337050446962578,0
ACCT_012238,6.23971893127969e-05,0
ACCT_012239,0.0026506926585987836,0
ACCT_012241,0.014457923046727076,0
ACCT_012243,9.736519737522117e-05,0
ACCT_012253,0.1363347248031956,0
ACCT_012255,0.0006054317809228672,0
ACCT_012257,0.000628856625048193,0
ACCT_012260,0.0014135124697697255,0
ACCT_012263,0.008193572507623807,0
ACCT_012268,0.016175045235350512,0
ACCT_012275,0.012589649762152075,0
ACCT_012280,0.005954017047118565,0
ACCT_012297,0.002733207283984966,0
ACCT_012309,0.0017810042039926011,0
ACCT_012323,0.002455924410608224,0
ACCT_012330,3.762057445256615e-05,0
ACCT_012333,0.024519642410943232,0
ACCT_012339,0.000365835813880946,0
ACCT_012352,0.7532317064465297,0
ACCT_012355,0.0010790503654215522,0
ACCT_012371,7.64029967813376e-05,0
ACCT_012393,0.0025592646376254315,0
ACCT_012394,0.013682220827796784,0
ACCT_012403,0.00033726540015152276,0
ACCT_012410,0.0002887140508743807,0
ACCT_012418,0.002491362857404457,0
ACCT_012422,0.0002890054451909527,0
ACCT_012427,0.0003354885252594785,0
ACCT_012440,0.0005348485562489201,0
ACCT_012452,2.0420432343381044e-05,0
ACCT_012471,0.04544129792145913,0
ACCT_012477,0.00017733719381559306,0
ACCT_012485,9.675486335130327e-05,0
ACCT_012493,0.0007032568129497944,0
ACCT_012510,8.799619706305944e-05,0
ACCT_012518,0.0312522163951421,1
ACCT_012520,9.59034162258306e-05,1
ACCT_012522,0.0001399505415088232,0
ACCT_012527,0.00614869447133055,0
ACCT_012529,0.012678216328385913,0
ACCT_012536,0.001363836360856859,0
ACCT_012542,0.00020143582093156342,0
ACCT_012550,0.0018217531837376529,0
ACCT_012552,0.0008436117654834625,0
ACCT_012559,0.9292127289079799,0
ACCT_012563,0.005680690061780684,0
ACCT_012564,0.00012002262267609593,0
ACCT_012571,0.002812719108177406,0
ACCT_012583,0.00024404715669462296,0
ACCT_012585,0.0003683624346804283,0
ACCT_012596,0.0032601817760610154,0
ACCT_012597,1.6786772992155295e-05,0
ACCT_012600,0.00041900894250928645,0
ACCT_012602,0.0005930652892586714,0
ACCT_012604,0.00955201160041621,0
ACCT_012612,0.0028448288620935886,0
ACCT_012616,2.641872538437397e-05,0
ACCT_012618,0.00028866088148460405,0
ACCT_012619,0.0007387212209050715,0
ACCT_012620,0.003558623685890891,0
ACCT_012622,0.016440878305122017,0
ACCT_012624,0.024515844432464316,0
ACCT_012625,0.0008503496916186629,0
ACCT_012630,0.001009174779930687,0
ACCT_012631,0.004511655202322939,0
ACCT_012636,0.0004199307271435212,0
ACCT_012648,0.006737665783162973,0
ACCT_012649,0.0013267031333148592,0
ACCT_012653,0.00798424362143618,0
ACCT_012674,0.0001288861991443943,0
ACCT_012683,0.014757104064861352,0
ACCT_012701,0.001100802740287231,0
ACCT_012719,0.00020756768568563287,0
ACCT_012728,0.0006933125599805643,0
ACCT_012735,9.67206235392954e-05,0
ACCT_012747,0.0003162365473908415,0
ACCT_012760,5.5639241651737744e-05,0
ACCT_012771,0.005316868202180382,0
ACCT_012777,0.0005560681592372571,0
ACCT_012783,0.0017460695412901692,0
ACCT_012789,0.0034199902704442602,0
ACCT_012792,0.00036662548096683324,0
ACCT_012808,0.0029499923524288116,0
ACCT_012809,0.0007819057491618609,0
ACCT_012821,5.90547584202769e-05,0
ACCT_012835,1.4272824678684052e-05,0
ACCT_012851,0.026002947401432042,0
ACCT_012862,0.0023471796704217294,0
ACCT_012865,0.0007458971244609868,0
ACCT_012871,0.0025196456661944547,0
ACCT_012873,0.00018702625806725506,0
ACCT_012888,0.006329482098031648,0
ACCT_012900,0.00021703954879163294,0
ACCT_012915,0.0004920116533189138,0
ACCT_012931,0.9614205089741723,1
ACCT_012939,0.0001547784454028669,0
ACCT_012947,1.503240848014377e-05,0
ACCT_012948,2.3183262836092248e-05,0
ACCT_012958,0.0035235983527225597,0
ACCT_012967,7.561306018269427e-05,0
ACCT_012987,0.00020476447953951315,0
ACCT_012997,3.28878531471681e-05,0
ACCT_013001,0.00035434523310465694,0
ACCT_013013,0.00012777231320575062,0
ACCT_013027,0.00027214441752315373,0
ACCT_013032,0.0016749818201942713,0
ACCT_013056,0.0006450415744572591,0
ACCT_013058,0.00030330007891630155,0
ACCT_013080,0.00015609395385426537,0
ACCT_013092,0.0002756023077382949,0
ACCT_013111,0.008779041757336431,0
ACCT_013120,0.0030103974697594316,0
ACCT_013127,0.000717541803717947,0
ACCT_013136,0.00011382578207064112,0
ACCT_013148,0.0002183588729076063,0
ACCT_013152,0.0001480871761497907,0
ACCT_013168,4.682532913355715e-05,0
ACCT_013193,0.00024913294684499715,0
ACCT_013199,0.0053976439832982125,0
ACCT_013217,3.418612699468004e-05,0
ACCT_013224,0.00019090388666104257,0
ACCT_013248,0.03288263393109709,0
ACCT_013252,0.0817112153894335,0
ACCT_013255,0.00022185240218542906,0
ACCT_013256,0.00040527448844522465,0
ACCT_013262,0.0009962750277439664,0
ACCT_013269,0.0016294751103452586,0
ACCT_013271,0.00012510659898353117,0
ACCT_013282,0.0005326573341556954,0
ACCT_013285,0.004311770696379442,0
ACCT_013286,8.59855639658497e-05,0
ACCT_013291,0.0007897520322895972,0
ACCT_013297,0.00011729266603894577,0
ACCT_013309,0.0014868940146404316,0
ACCT_013312,0.000268055810703194,0
ACCT_013316,0.005067673657720337,0
ACCT_013319,0.0008046380244161533,0
ACCT_013327,2.2346596090840255e-05,0
ACCT_013328,1.0369915310100139e-05,0
ACCT_013336,0.007194498623014581,0
ACCT_013343,0.005197648459400172,0
ACCT_013346,0.00021591031953767007,0
ACCT_013347,0.00018897265191166626,0
ACCT_013355,0.000250650596288642,0
ACCT_013356,0.0015308689636100807,0
ACCT_013366,0.0008800999896660216,0
ACCT_013372,0.0007536017917937906,0
ACCT_013379,0.009860703963881322,0
ACCT_013392,0.11296888867551544,0
ACCT_013401,0.0003021826054257025,0
ACCT_013409,0.0003123249003324449,0
ACCT_013413,0.0010832307934657173,0
ACCT_013425,0.0017241682946209326,0
ACCT_013430,0.0007772100192763841,0
ACCT_013478,0.0014030375650181458,0
ACCT_013486,5.444074154422154e-05,0
ACCT_013501,7.277770249671412e-06,0
ACCT_013508,0.004886635028178828,0
ACCT_013509,0.0025505189958045884,0
ACCT_013510,0.0015453747721028603,0
ACCT_013539,0.0010385443039828786,0
ACCT_013545,0.0003927560293063937,0
ACCT_013548,0.0009481511684868546,0
ACCT_013549,0.0058914663362756225,0
ACCT_013568,9.625280442698717e-05,0
ACCT_013569,0.00017582141364524812,0
ACCT_013574,0.0002714865247976157,0
ACCT_013576,0.000863492390005922,0
ACCT_013578,0.0016288672191770905,0
ACCT_013582,0.021625114295211165,0
ACCT_013588,0.0009640533206388967,0
ACCT_013590,0.0008342687678286735,0
ACCT_013601,0.004609539542050716,0
ACCT_013608,0.04405821867346222,0
ACCT_013637,0.000652678815273602,0
ACCT_013644,0.004848820360179612,0
ACCT_013662,0.0002816973398945977,0
ACCT_013672,0.00031143267934930136,0
ACCT_013675,6.49680116509193e-05,0
ACCT_013709,0.0008543373963274908,0
ACCT_013724,0.00012593902379758973,0
ACCT_013728,0.0044112437001280315,0
ACCT_013736,0.00014490962049349098,0
ACCT_013738,0.007408536909202663,0
ACCT_013763,0.00015160371285174542,0
ACCT_013807,0.00011851030364992656,0
ACCT_013832,0.01906199756618324,0
ACCT_013835,6.12327175079248e-05,0
ACCT_013836,0.0011931786413949892,0
ACCT_013837,0.00047464806779272335,0
ACCT_013844,0.003467393813939352,0
ACCT_013845,0.267495007627053,0
ACCT_013854,0.0024276741100324366,0
ACCT_013855,0.00130687062517539,0
ACCT_013857,0.0014263586204301567,0
ACCT_013869,0.00015105558850701364,0
ACCT_013870,0.004869551852163005,0
ACCT_013881,0.0006006644900180618,0
ACCT_013886,0.010242360048154615,0
ACCT_013892,0.00021679377525220738,0
ACCT_013899,0.0034967165972188312,0
ACCT_013909,5.026441815670096e-06,0
ACCT_013915,0.006826679529221586,0
ACCT_013916,0.0001140122753665086,0
ACCT_013931,0.003207509891380393,0
ACCT_013936,7.971696360625183e-05,0
ACCT_013939,0.006028374851998539,0
ACCT_013941,0.007123525511648855,0
ACCT_013968,0.0036602615134259907,0
ACCT_013975,0.0023028838983135975,0
ACCT_013978,0.0008715944677004078,0
ACCT_013985,0.0006303021285720879,0
ACCT_013999,0.005227866672499865,0
ACCT_014006,0.0002598866997424154,0
ACCT_014015,0.00038847842925919025,0
ACCT_014019,0.005686167759543291,0
ACCT_014046,1.611180992979296e-05,0
ACCT_014048,0.0778678884940573,0
ACCT_014051,0.0013469786688512764,0
ACCT_014065,6.608267986548384e-05,0
ACCT_014080,0.0012484656996693175,0
ACCT_014086,0.002125991630020698,0
ACCT_014095,0.0019299819513821622,0
ACCT_014099,0.0007431809136796881,0
ACCT_014101,0.0010058274690928819,0
ACCT_014126,0.055214498325602095,0
ACCT_014141,0.00011836560021738618,0
ACCT_014145,0.0022358548907655575,0
ACCT_014148,8.853352114126254e-05,0
ACCT_014161,0.0001658191910244644,0
ACCT_014162,0.0009941486081590084,0
ACCT_014163,6.225370554028196e-05,0
ACCT_014167,4.740086730145547e-05,0
ACCT_014169,0.0002822436480176684,0
ACCT_014178,2.2074846346306327e-05,0
ACCT_014180,0.000589171903686855,0
ACCT_014187,0.0006425480343404085,0
ACCT_014203,0.9431452486170561,1
ACCT_014206,7.6485799092115e-05,0
ACCT_014207,0.00041416950135100166,0
ACCT_014221,0.00015936659030787735,0
ACCT_014226,0.025728212770150066,0
ACCT_014229,0.0009309484209062707,0
ACCT_014241,0.01403515617330577,0
ACCT_014256,4.188957648718175e-05,0
ACCT_014257,0.0013171824269984816,0
ACCT_014260,0.0010515191241994481,0
ACCT_014263,0.0002671088478635447,0
ACCT_014271,0.0016748294569771602,0
ACCT_014277,0.0004072431066172847,0
ACCT_014278,0.003681103155633303,0
ACCT_014301,0.012251761564624299,0
ACCT_014307,0.0026350325149621778,0
ACCT_014310,0.0004191019680286198,0
ACCT_014314,0.0011092339601114956,0
ACCT_014324,0.0016727567752589938,0
ACCT_014336,0.005067088797797521,0
ACCT_014340,0.7406038437831809,1
ACCT_014370,1.1075983591375926e-05,0
ACCT_014385,0.0011174429825757826,0
ACCT_014391,0.003257910094773406,0
ACCT_014402,0.06857267929262302,0
ACCT_014410,0.0003839284592715919,0
ACCT_014411,6.368896826441421e-05,0
ACCT_014428,0.010390085922226056,0
ACCT_014434,0.00016959120715673648,0
ACCT_014443,0.00017600860941455082,0
ACCT_014455,0.0008560262156433531,0
ACCT_014460,0.0012202865455245638,0
ACCT_014474,5.84574797197265e-05,0
ACCT_014496,0.001205336052244754,0
ACCT_014502,0.02420565648665808,0
ACCT_014554,0.00034509928202198885,0
ACCT_014555,0.0029601754958813275,0
ACCT_014556,0.0008085595178439598,0
ACCT_014557,0.00033380710315267,0
ACCT_014566,0.007286340365866857,0
ACCT_014571,0.0016277824270384952,0
ACCT_014580,0.0017789180890487543,0
ACCT_014597,0.00035745069491937903,0
ACCT_014603,0.0012703271077221827,0
ACCT_014643,0.000726695882562411,0
ACCT_014663,0.0014402412361011092,0
ACCT_014685,0.00016897292991885932,0
ACCT_014689,0.0036364585680186746,0
ACCT_014690,0.0007142706257346436,0
ACCT_014697,0.004455256070208995,0
ACCT_014703,0.011463092530372835,0
ACCT_014714,0.001038039042006218,0
ACCT_014725,0.00020251397032046615,0
ACCT_014726,0.00023301870031864315,0
ACCT_014736,0.004865629857723929,0
ACCT_014737,4.9214924620474315e-05,0
ACCT_014746,0.017190925358446397,0
ACCT_014755,0.0007895260850902091,0
ACCT_014759,0.001000811837187903,0
ACCT_014763,0.002427166400984379,0
ACCT_014767,0.0001772978856230708,0
ACCT_014778,0.00011411670759523228,0
ACCT_014779,0.00020577676148240663,0
ACCT_014790,0.0004721450569354213,0
ACCT_014793,0.0020076229895799086,0
ACCT_014795,0.0001167265978094705,0
ACCT_014801,0.009479844359840449,0
ACCT_014808,0.00021335936923886533,0
ACCT_014810,0.0017731522359582547,0
ACCT_014814,0.0006453373287439055,0
ACCT_014824,0.00039897785325972287,0
ACCT_014826,0.0003751581148733586,0
ACCT_014835,0.008703223587418344,0
ACCT_014846,0.0001311909292561443,0
ACCT_014855,0.00029354621154866937,0
ACCT_014856,0.0003065011760606061,0
ACCT_014865,0.000530328427561328,0
ACCT_014877,0.0048194224470830835,0
ACCT_014884,6.631512780920566e-05,0
ACCT_014890,0.023567981339158568,0
ACCT_014891,0.002629659133576235,0
ACCT_014911,0.005829020945899985,0
ACCT_014921,0.00035337193541048036,0
ACCT_014935,0.009919356006216582,0
ACCT_014939,0.0029993086332582193,0
ACCT_014953,0.005874560150616195,0
ACCT_014957,0.0006913761593521449,0
ACCT_014964,0.00031162316486477523,0
ACCT_014967,9.789810235925543e-05,0
ACCT_014968,0.0017533384442212157,0
ACCT_014971,0.000146300804815668,0
ACCT_014973,0.0004676747151825909,0
ACCT_014976,5.887450040356402e-05,0
ACCT_014979,0.0028580257272201124,0
ACCT_014989,0.0006437468184587559,0
ACCT_014994,0.0007441236024106433,0
ACCT_015004,0.014688302109821834,0
ACCT_015025,0.00732066245586833,0
ACCT_015043,0.025378932884681966,0
ACCT_015044,3.277494910688062e-05,0
ACCT_015063,0.000469288630653667,0
ACCT_015070,0.0008880010516847078,0
ACCT_015074,0.00016327578589332998,0
ACCT_015088,0.00011313750088377888,0
ACCT_015095,0.007302548349768565,0
ACCT_015096,0.00010034453406763757,0
ACCT_015100,0.0007919844396744051,0
ACCT_015110,0.0001653445923687743,0
ACCT_015112,7.339251193161883e-05,0
ACCT_015115,0.0005200116444624381,0
ACCT_015117,0.00042115641320424047,0
ACCT_015130,0.017616791883162695,0
ACCT_015136,0.0007832985726059338,0
ACCT_015140,0.0017800517190238124,0
ACCT_015151,0.006943002344321655,0
ACCT_015162,9.031414919061245e-05,0
ACCT_015167,0.021769117839371393,0
ACCT_015173,0.005160448655543752,0
ACCT_015191,0.00020950392334779982,0
ACCT_015194,0.000602022764710788,0
ACCT_015196,0.0007186607583784594,0
ACCT_015204,0.00024274608417755393,0
ACCT_015211,0.0001311428220654987,0
ACCT_015215,5.953165257375251e-05,0
ACCT_015219,0.0252063289817463,0
ACCT_015220,0.018973902135365855,0
ACCT_015223,0.14345100861697332,0
ACCT_015239,0.0011371862492762972,0
ACCT_015242,0.00011587741505797471,0
ACCT_015245,0.0013609943186179687,0
ACCT_015256,0.003253478700179005,0
ACCT_015258,0.00040712892856764843,0
ACCT_015261,0.0007410338295473551,0
ACCT_015264,5.16122623281784e-05,0
ACCT_015271,5.8730091054339505e-05,0
ACCT_015280,0.003120983165998982,0
ACCT_015303,0.012946266922640495,0
ACCT_015327,0.01182194108296055,0
ACCT_015329,0.00041557426964074283,0
ACCT_015334,9.862160419699773e-05,0
ACCT_015356,0.007505527464115564,0
ACCT_015359,0.000579489010449054,0
ACCT_015367,0.0034886417983889142,0
ACCT_015375,0.00012272689258422276,0
ACCT_015379,0.0001877818471382241,0
ACCT_015383,4.6409422990876574e-05,0
ACCT_015384,0.00046187521864986074,0
ACCT_015389,8.843876511027876e-05,0
ACCT_015391,1.627287012671027e-05,0
ACCT_015395,0.002120694632241471,0
ACCT_015397,0.15265208343245754,0
ACCT_015409,0.0023977769097429926,0
ACCT_015412,0.00013887059305705518,0
ACCT_015423,0.0016469204670439806,0
ACCT_015430,0.0343183891713333,0
ACCT_015434,0.0015533267375081726,0
ACCT_015437,0.0002216193212590001,0
ACCT_015450,0.0009170381754366125,0
ACCT_015469,0.008632947326797938,0
ACCT_015474,0.0005595832588077968,0
ACCT_015483,0.00028092754507154036,0
ACCT_015486,0.001792583986413623,0
ACCT_015517,0.00045798312115043216,0
ACCT_015523,0.0002752790005396947,0
ACCT_015526,0.0004316357573873579,0
ACCT_015534,0.0008466038373214563,0
ACCT_015549,0.0005727995711743033,0
ACCT_015577,0.011444149070645514,0
ACCT_015594,0.00023094794111707553,0
ACCT_015597,0.001166278522331575,0
ACCT_015599,0.15604838567151247,0
ACCT_015602,0.10334528340271723,0
ACCT_015615,0.0005337593263162625,0
ACCT_015630,0.0037420703015642143,0
ACCT_015635,0.009125007554231457,0
ACCT_015650,0.000575701613506387,0
ACCT_015656,5.558590840512125e-05,0
ACCT_015681,0.023090431241744272,0
ACCT_015687,0.0004614494937327345,0
ACCT_015696,5.9882496236736124e-05,0
ACCT_015700,3.1250999701869315e-05,0
ACCT_015704,0.00010319510918636129,0
ACCT_015709,0.0009765958777659374,0
ACCT_015710,0.005950264760700417,0
ACCT_015732,0.0007111771381474817,0
ACCT_015741,0.031383367268689566,0
ACCT_015747,0.007872101129619122,0
ACCT_015750,0.0008732762119521617,0
ACCT_015751,0.001609892640978844,0
ACCT_015752,0.0005636325465723635,0
ACCT_015760,0.001133291889430551,0
ACCT_015761,0.0016844647283620427,0
ACCT_015790,0.03309357325316088,0
ACCT_015793,0.00022450611169806377,0
ACCT_015800,0.00012365615723911513,0
ACCT_015806,0.20265779903666425,0
ACCT_015818,3.560599988142683e-05,0
ACCT_015819,0.004182136616737577,0
ACCT_015822,0.00020539718034904,0
ACCT_015827,0.01529492677658608,0
ACCT_015848,0.0003070621789872167,0
ACCT_015870,0.026462693170842905,0
ACCT_015874,6.276582230264027e-05,0
ACCT_015878,0.5450885730752522,0
ACCT_015894,7.004403364691183e-05,0
ACCT_015896,0.0035397146390727494,1
ACCT_015912,0.00039458984797106016,0
ACCT_015924,0.0004519854520845972,0
ACCT_015944,0.00033769706703428104,0
ACCT_015953,0.001961234116720683,0
ACCT_015962,0.0009453349031322187,0
ACCT_015974,0.002582943090604547,0
ACCT_015978,0.3346805804466369,0
ACCT_015998,0.0003920678860954558,0
ACCT_016007,5.8523461672785105e-06,0
ACCT_016030,0.00019732379445536134,0
ACCT_016032,0.014765810660493022,0
ACCT_016042,0.0015512247605823097,0
ACCT_016077,2.452672602639513e-05,0
ACCT_016078,0.00068320714563155,0
ACCT_016095,0.00035095681786255023,0
ACCT_016096,0.004263621951809346,0
ACCT_016105,0.006744792264308851,0
ACCT_016112,0.0031838646138829395,0
ACCT_016126,0.001751189471688864,0
ACCT_016140,0.00038035348110504436,0
ACCT_016143,0.000265191727730693,0
ACCT_016167,0.0015713227488335004,0
ACCT_016178,0.001479416872034385,0
ACCT_016190,0.0006482984714016587,0
ACCT_016193,0.01694364754906674,1
ACCT_016194,0.013878552127325458,0
ACCT_016196,0.0001396204865173497,0
ACCT_016199,0.06651994856280662,0
ACCT_016202,1.2218891538272156e-05,0
ACCT_016215,0.002464542797389069,0
ACCT_016218,0.0003312057279210175,0
ACCT_016219,0.0005611546013110228,0
ACCT_016224,0.019239663444579485,0
ACCT_016233,0.0006330998400499362,0
ACCT_016240,0.002578826037618152,0
ACCT_016245,0.002200965316281886,0
ACCT_016273,0.023975179162181164,0
ACCT_016280,0.00011952261174626326,0
ACCT_016285,0.0006189050770419127,0
ACCT_016293,0.9766571408992809,0
ACCT_016296,0.21753767618320546,0
ACCT_016301,0.0012126403442568761,0
ACCT_016315,0.00016279127985047867,0
ACCT_016329,0.00017301829679376477,0
ACCT_016330,3.556773404568816e-05,0
ACCT_016340,0.0028728836377321177,0
ACCT_016346,0.000340469401603864,0
ACCT_016357,0.00013884324596051586,0
ACCT_016359,0.06672053354238312,0
ACCT_016364,0.0003251592800741471,0
ACCT_016367,0.0013238500826038954,0
ACCT_016368,0.0017938850522341656,0
ACCT_016385,0.003444351313105096,0
ACCT_016387,0.0006734286248145139,0
ACCT_016402,0.0001939556268740848,0
ACCT_016417,4.944257082049934e-05,0
ACCT_016433,0.0016469549985960064,0
ACCT_016436,0.0002976113640371436,0
ACCT_016443,0.00027073374570433004,0
ACCT_016451,0.0010269978228055505,0
ACCT_016453,0.011569887448827521,0
ACCT_016460,0.0006543300286368793,0
ACCT_016467,0.07895720195817138,0
ACCT_016468,0.0026345038909174026,0
ACCT_016477,0.011787729709525817,0
ACCT_016492,0.0003515732958953203,0
ACCT_016501,0.0006705989071442523,0
ACCT_016526,0.0004529130385254038,0
ACCT_016542,0.0007459244658247927,0
ACCT_016543,0.00024312342160097482,0
ACCT_016545,0.00016578338068194655,0
ACCT_016570,0.00044416210049700705,0
ACCT_016577,4.9518510332618804e-05,0
ACCT_016580,9.599174299512905e-05,0
ACCT_016596,0.0015220148357355304,0
ACCT_016605,7.926914882408689e-05,0
ACCT_016607,0.005656312801934322,0
ACCT_016634,0.002401338177701431,0
ACCT_016635,0.001625475494513679,0
ACCT_016636,0.00015130156912171374,0
ACCT_016640,0.0019865651803201143,0
ACCT_016645,5.568597432459792e-05,0
ACCT_016647,5.7918608294369015e-05,0
ACCT_016656,0.018747800696035776,0
ACCT_016665,0.0003500803536787124,0
ACCT_016669,0.03007590446196806,0
ACCT_016672,0.010421147213073762,0
ACCT_016678,7.601159412188898e-05,0
ACCT_016679,0.0001769560953776696,0
ACCT_016683,0.0006742791550237173,0
ACCT_016698,2.767737453187569e-05,0
ACCT_016716,0.0012628571665222322,0
ACCT_016748,0.020454743624285045,0
ACCT_016767,1.546875448401855e-05,0
ACCT_016768,0.00840861518056593,0
ACCT_016806,0.012909565823063955,0
ACCT_016809,0.00042593582844908067,0
ACCT_016831,0.0003877056998714103,0
ACCT_016834,0.011826397879802808,0
ACCT_016854,0.0005744765648921392,0
ACCT_016878,0.0017814717014076455,0
ACCT_016887,0.005032000636431918,0
ACCT_016889,0.018797854318153426,0
ACCT_016900,0.0009873893019712787,0
ACCT_016904,0.003685029295335699,0
ACCT_016908,0.005451201330427009,0
ACCT_016915,0.0011415049257931529,0
ACCT_016919,0.00010251009169211029,0
ACCT_016939,1.2486081537541988e-05,0
ACCT_016946,0.0007176521971012055,0
ACCT_016959,0.0007106379254403794,0
ACCT_016968,0.00014325575161696543,0
ACCT_016972,0.03465914211747908,0
ACCT_016983,0.00045539966285660315,0
ACCT_017008,3.655334680363509e-05,0
ACCT_017031,0.002786545166788781,0
ACCT_017034,0.029962864153311883,0
ACCT_017042,0.0021977498796121923,0
ACCT_017045,0.003079834214264059,0
ACCT_017049,0.00028965762141918393,0
ACCT_017056,0.0032166534064805266,0
ACCT_017067,0.0003219696603816377,0
ACCT_017075,0.006218275391876669,0
ACCT_017083,0.00010542450210459217,0
ACCT_017085,0.0009183301903137426,0
ACCT_017086,0.008293711498412248,0
ACCT_017095,0.00011747812340691914,0
ACCT_017099,0.925815223766398,1
ACCT_017104,0.0014297820545090044,0
ACCT_017117,0.012232656255854645,0
ACCT_017137,0.000676322737763971,0
ACCT_017140,0.0001977529560380593,0
ACCT_017158,0.8047727133327864,0
ACCT_017159,4.597582863392453e-05,0
ACCT_017170,0.0006740217352312754,0
ACCT_017171,0.0375374090676141,0
ACCT_017173,0.00042377872408604127,0
ACCT_017178,0.0029729193968447533,0
ACCT_017184,0.01139658039448139,0
ACCT_017188,0.0007411250627568437,0
ACCT_017192,0.0007951889720071578,0
ACCT_017195,0.0005116302978691938,0
ACCT_017200,0.0003202426744818913,0
ACCT_017202,0.00013831288437672523,0
ACCT_017220,0.10210036378932368,0
ACCT_017228,0.0004691148658002771,0
ACCT_017232,0.0005683391531604616,0
ACCT_017248,0.001104309927252401,0
ACCT_017249,0.044964226392062344,0
ACCT_017256,0.0004970809816047121,0
ACCT_017257,0.011923335589227927,0
ACCT_017259,0.00023407021131180056,0
ACCT_017260,0.006270645873963415,0
ACCT_017265,0.0006210825877659417,0
ACCT_017269,0.002658322641584871,0
ACCT_017277,0.06474559864863132,0
ACCT_017283,0.21406880996398178,1
ACCT_017289,0.5504011737067787,0
ACCT_017297,0.0009435066935968516,0
ACCT_017302,0.0016537172439744546,0
ACCT_017305,0.0031596780136469793,0
ACCT_017321,0.00021109300892177728,0
ACCT_017325,0.005562163197999992,0
ACCT_017345,0.0001528004508017655,0
ACCT_017364,0.0037798575009609873,0
ACCT_017377,0.002014905963640821,0
ACCT_017389,0.00030466299931548407,0
ACCT_017402,0.0006185846845316821,0
ACCT_017409,0.00036919906679790197,0
ACCT_017411,0.0005300390106577593,0
ACCT_017430,0.0007329004208804053,0
ACCT_017434,0.007466553706634797,0
ACCT_017436,0.004378099841205551,0
ACCT_017439,0.04222407895067278,0
ACCT_017440,0.0004574521129437591,0
ACCT_017463,0.006699903750310616,0
ACCT_017465,4.331433930324812e-05,0
ACCT_017469,0.0002915002595900623,0
ACCT_017470,0.00032945342732818966,0
ACCT_017486,0.058372476648347035,0
ACCT_017495,0.00052216373520456,0
ACCT_017503,0.00042261295840475757,0
ACCT_017525,0.0012778026107536753,0
ACCT_017527,0.00016399911104650347,0
ACCT_017540,0.000250363524969051,0
ACCT_017561,0.0005152225939800697,0
ACCT_017570,0.0015187650212972947,0
ACCT_017591,0.0011060909215003527,0
ACCT_017592,0.009347198996991346,0
ACCT_017594,0.00021441739677153157,0
ACCT_017599,0.0006924733332833682,0
ACCT_017602,0.00030337348971762475,0
ACCT_017623,0.00014227527551739764,0
ACCT_017626,0.0003105774579666732,0
ACCT_017631,0.000235281984499915,0
ACCT_017636,0.06675668347357955,0
ACCT_017653,0.00042750100694117826,0
ACCT_017671,0.0018474371938469937,0
ACCT_017676,1.6442402326567396e-05,0
ACCT_017685,0.0012211428455694872,0
ACCT_017704,0.0031907334566256182,0
ACCT_017725,0.0013009254817678785,0
ACCT_017741,0.003834961327685547,0
ACCT_017750,0.002526487516138278,0
ACCT_017752,0.000346015393902954,0
ACCT_017755,0.0001478692935998445,0
ACCT_017761,0.027063261599233075,0
ACCT_017766,0.0007923938219507296,0
ACCT_017779,0.0009343553422611546,0
ACCT_017785,0.00039688127945417044,0
ACCT_017789,0.0018707387576614566,0
ACCT_017790,0.006334154272399575,0
ACCT_017801,0.0001764741737955268,0
ACCT_017802,0.0015549955095220873,0
ACCT_017835,0.0003876555800334032,0
ACCT_017845,5.5447035176740575e-05,0
ACCT_017846,0.0011282275219823622,0
ACCT_017858,0.00319185701736963,0
ACCT_017859,0.005447892717025976,0
ACCT_017868,6.669060330816428e-05,0
ACCT_017895,0.04490346522332122,0
ACCT_017903,0.07211951102290128,0
ACCT_017914,0.005152454241103372,0
ACCT_017916,2.7762632217542488e-05,0
ACCT_017918,2.5466462286188103e-05,0
ACCT_017919,0.014117711083888854,0
ACCT_017920,0.0002445003022662617,0
ACCT_017933,0.0013598562713247218,0
ACCT_017951,0.005757432849902719,0
ACCT_017955,0.014363110201856483,0
ACCT_017964,0.04132423167717215,0
ACCT_017970,0.0008489805264550043,0
ACCT_017974,0.00023000082444218917,0
ACCT_017987,5.6726957786843115e-05,0
ACCT_018017,0.0012115926909418353,0
ACCT_018019,0.00013535411883481858,0
ACCT_018035,0.0003193360875396944,0
ACCT_018039,0.0011621003079537319,0
ACCT_018053,0.0012156276282625491,0
ACCT_018074,5.77232406419314e-05,0
ACCT_018086,0.0019125360148759996,0
ACCT_018092,3.7959206755786374e-05,0
ACCT_018093,0.0006657386972294774,0
ACCT_018109,0.005537259577727515,0
ACCT_018117,0.0011644136149663905,0
ACCT_018126,0.00012337572771255252,0
ACCT_018133,0.0022269502271871676,0
ACCT_018149,4.440634877997728e-05,0
ACCT_018151,0.0034985989774556033,0
ACCT_018152,0.011599782980212484,0
ACCT_018158,9.167618534554378e-05,0
ACCT_018173,0.00796641406594018,0
ACCT_018176,9.245864597461873e-05,0
ACCT_018186,0.00015691027783440708,0
ACCT_018187,0.0034436369622258068,0
ACCT_018188,0.00034897869688321466,0
ACCT_018198,0.0014909386975534159,0
ACCT_018202,0.00027027229335476876,0
ACCT_018212,0.0027278886590961946,0
ACCT_018218,0.05070313841581124,0
ACCT_018220,0.00849807194352985,0
ACCT_018230,0.00015364527999522606,0
ACCT_018239,0.0035212092345121293,0
ACCT_018245,0.019155895721745992,0
ACCT_018249,0.004445431855923184,0
ACCT_018269,0.006770448177079765,0
ACCT_018284,0.5601745571181319,0
ACCT_018287,7.890986935617994e-05,0
ACCT_018302,0.00171510271138142,0
ACCT_018305,0.020460831629267106,0
ACCT_018310,0.12346224485154489,0
ACCT_018312,0.0012582130956087032,0
ACCT_018322,0.0003418711529983306,0
ACCT_018326,0.005203240892470731,0
ACCT_018327,5.0433277072592486e-05,0
ACCT_018332,0.000707328548083307,0
ACCT_018336,0.0008895714306797334,0
ACCT_018337,0.004513293841777446,0
ACCT_018345,0.0010506388192049888,0
ACCT_018346,0.0004306039388338171,0
ACCT_018353,0.0006938655716911879,0
ACCT_018364,0.04217482536609124,0
ACCT_018366,0.0010499455773434138,0
ACCT_018381,0.0015348276871531086,0
ACCT_018402,0.00010649413774968335,0
ACCT_018405,0.0008007097845961344,0
ACCT_018406,0.00014367854276585283,0
ACCT_018418,0.0005078531220598382,0
ACCT_018442,0.09308219942622052,0
ACCT_018446,0.00020338800813211872,0
ACCT_018449,0.002739886851571357,0
ACCT_018462,0.0011555190758001635,0
ACCT_018471,0.19569452649326044,0
ACCT_018472,1.0415539617678142e-05,0
ACCT_018473,8.47333761705331e-05,0
ACCT_018475,0.0005253862572578582,0
ACCT_018484,0.0004735548794015787,0
ACCT_018492,0.0002574289469396397,0
ACCT_018500,0.00027187015134176275,0
ACCT_018504,0.0016206529898939003,0
ACCT_018505,0.011411192361143628,0
ACCT_018519,0.7166757254969907,0
ACCT_018522,0.0003651041727702095,0
ACCT_018533,2.1734285177660314e-05,0
ACCT_018544,0.0031019478819012012,0
ACCT_018583,0.03946290959933154,0
ACCT_018586,0.07104970300613986,0
ACCT_018589,0.00016670867720208315,0
ACCT_018601,0.0005935839703522203,0
ACCT_018603,0.007710555374114467,0
ACCT_018604,0.008271512413095787,0
ACCT_018610,0.0006685742122578347,0
ACCT_018620,0.001185968744617851,0
ACCT_018624,0.016982480053660178,0
ACCT_018632,0.000423113912461419,0
ACCT_018644,0.006111736962683847,0
ACCT_018645,7.819141534260773e-05,0
ACCT_018648,0.0031652840596524037,0
ACCT_018655,0.001347000459685736,0
ACCT_018679,0.012687322507536672,0
ACCT_018684,3.289673320215248e-05,0
ACCT_018686,0.46022898750112184,0
ACCT_018697,0.07806198188587926,0
ACCT_018701,0.00022210877860097118,0
ACCT_018703,7.8546356092029e-05,0
ACCT_018710,0.0011716846556049877,0
ACCT_018715,4.939610823081065e-05,0
ACCT_018717,7.272807216524444e-05,0
ACCT_018727,0.008400856193220037,0
ACCT_018730,6.64716048695779e-05,0
ACCT_018739,0.008179451920072248,0
ACCT_018767,0.0007625242237649882,0
ACCT_018768,0.0003911857757903319,0
ACCT_018780,0.00027290984748653494,0
ACCT_018797,0.00040771500013704056,0
ACCT_018804,0.0044036841624909865,0
ACCT_018830,0.001736637560595578,0
ACCT_018840,8.13139659594245e-05,0
ACCT_018853,0.004003437565385672,0
ACCT_018855,0.0018483025844491755,0
ACCT_018856,0.0002971842348189266,0
ACCT_018873,0.007266578457458059,0
ACCT_018879,0.0005799108547346599,0
ACCT_018884,0.0019226514576791102,0
ACCT_018885,0.0005137146554943411,0
ACCT_018891,0.0001990826362239491,0
ACCT_018897,0.06274759489903578,0
ACCT_018905,0.0008489124161778673,0
ACCT_018913,0.4759591270232003,0
ACCT_018923,0.0010602649094621384,0
ACCT_018941,0.005640316541200413,0
ACCT_018944,0.22974710175528282,0
ACCT_018946,0.00011729176253626896,0
ACCT_018950,0.0005288976655415318,0
ACCT_018954,0.00410617350623465,0
ACCT_018960,0.0018753452914068132,0
ACCT_018964,0.9878196839004857,1
ACCT_018965,0.003935070542667617,0
ACCT_018975,6.180391795183084e-05,0
ACCT_018987,0.00016035879324945645,0
ACCT_019000,0.0004936563953212608,0
ACCT_019003,0.045704697973531404,0
ACCT_019004,0.00015189291244857445,0
ACCT_019027,0.003214993656353952,0
ACCT_019030,0.00031752454746750754,0
ACCT_019055,6.696233034476761e-05,0
ACCT_019056,0.24639397439974203,0
ACCT_019062,0.013885635280140758,0
ACCT_019073,0.012626347470581776,0
ACCT_019075,0.0005121787113597741,0
ACCT_019080,0.0006542743101509018,0
ACCT_019092,0.0021270048255068023,0
ACCT_019093,0.00016375522041569773,0
ACCT_019095,0.00018782077568278298,0
ACCT_019108,0.0008194489633239467,0
ACCT_019113,0.00017632232482774605,0
ACCT_019116,0.051520814906966,0
ACCT_019118,0.0003214322435462911,0
ACCT_019124,0.0004091706126368887,0
ACCT_019146,0.021475171596823772,0
ACCT_019154,0.0008771754950118239,0
ACCT_019173,0.014325114158887075,0
ACCT_019176,0.0003397650271121195,0
ACCT_019183,0.0003153761704035859,0
ACCT_019194,0.00023913570873041235,0
ACCT_019196,0.0003994056326069877,0
ACCT_019208,0.01177003322101426,0
ACCT_019209,0.00013998266280070262,0
ACCT_019221,4.640692414381165e-05,0
ACCT_019225,0.0024912149006119685,0
ACCT_019229,0.0019068605876784357,0
ACCT_019237,0.002269638429395936,0
ACCT_019246,0.0016954226809884688,0
ACCT_019256,0.00028029971386911033,0
ACCT_019278,0.000964987913575337,1
ACCT_019283,0.0034391787486734264,0
ACCT_019295,0.0002880761384754786,0
ACCT_019302,0.003541640116883851,0
ACCT_019319,0.42645068916691803,0
ACCT_019327,0.0019711671470389962,0
ACCT_019328,0.0006152916750724569,0
ACCT_019345,8.9715136849942e-05,0
ACCT_019353,4.695658339406673e-05,0
ACCT_019377,0.007135839845017735,0
ACCT_019389,0.01628017101417326,0
ACCT_019392,0.02814553875539974,0
ACCT_019403,0.0020525468270389887,0
ACCT_019439,7.1451888671296e-05,0
ACCT_019447,0.0002483741104786729,0
ACCT_019453,0.0002618901376587602,0
ACCT_019466,0.0024782795414825904,0
ACCT_019470,0.000588267887774058,0
ACCT_019476,0.0024874311235110746,0
ACCT_019477,0.2958854809768956,0
ACCT_019478,0.0004892042130802459,0
ACCT_019489,0.09557239289644749,0
ACCT_019522,0.00031544467997611747,0
ACCT_019530,0.3002551657729716,1
ACCT_019541,0.005647174153638653,0
ACCT_019542,0.0012615571784856893,0
ACCT_019546,0.00016539371135514575,0
ACCT_019567,6.171906221102291e-05,0
ACCT_019568,0.0036251939419570966,0
ACCT_019572,0.00013568716995903906,0
ACCT_019588,0.0004104627617092114,0
ACCT_019591,0.4178475934061034,0
ACCT_019592,0.00039398688496093925,0
ACCT_019593,0.0004263564437783834,0
ACCT_019594,0.0006044310370729676,0
ACCT_019598,0.023330811519119837,0
ACCT_019609,0.01008482361065837,0
ACCT_019615,0.0015404006977121007,0
ACCT_019621,0.00020428472302573032,0
ACCT_019622,0.0055681085789831405,0
ACCT_019645,0.003668270722435745,0
ACCT_019647,0.0016822220601557319,0
ACCT_019663,0.00039032935331795505,0
ACCT_019665,0.005166039004565356,0
ACCT_019671,0.0019213398689595415,0
ACCT_019675,0.011231680448458032,0
ACCT_019679,0.004444983389669861,0
ACCT_019682,4.340021506130345e-05,0
ACCT_019684,0.0004529524131937444,0
ACCT_019711,0.00020591340640888919,0
ACCT_019715,0.30853804035144133,0
ACCT_019718,0.003941190393815745,0
ACCT_019723,0.0005402312816654248,0
ACCT_019725,0.0005498624088626987,0
ACCT_019729,0.00014615809276619028,0
ACCT_019735,0.0034930930866771764,1
ACCT_019737,0.24998258568116077,0
ACCT_019767,0.02049835361737128,0
ACCT_019771,5.6413012487516565e-05,0
ACCT_019775,2.4956620879449436e-05,0
ACCT_019785,0.00034475639286361386,0
ACCT_019793,0.001514455444291904,0
ACCT_019794,0.00012605741153910447,0
ACCT_019809,0.00016579296928629617,0
ACCT_019814,0.015406676423984564,0
ACCT_019819,0.00046509644990797835,0
ACCT_019820,0.05301885204910049,0
ACCT_019826,0.008801105263316504,0
ACCT_019830,0.0012152443364667031,0
ACCT_019831,0.003827610546318769,0
ACCT_019833,0.0018602628080794947,0
ACCT_019841,0.0004285414386709082,0
ACCT_019864,0.030107643870048315,0
ACCT_019865,0.006702202139785206,0
ACCT_019866,0.00010264755330262146,0
ACCT_019883,0.00028977918779567733,0
ACCT_019886,0.0005184103198641506,0
ACCT_019890,0.004360381289664274,0
ACCT_019893,0.0008581229208496571,0
ACCT_019897,0.0001084876789726652,0
ACCT_019914,4.766172507420961e-05,0
ACCT_019919,0.032930507657692,0
ACCT_019923,0.00028122578253579096,0
ACCT_019928,0.002803615086347099,0
ACCT_019929,0.001811327849623753,0
ACCT_019942,0.03076429857921599,0
ACCT_019952,0.0010661456053581758,0
ACCT_019955,0.002350592260595618,0
ACCT_019958,0.0006325816908078759,0
ACCT_019963,0.0042450016292054915,0
ACCT_019966,0.7068990956937514,1
ACCT_019977,0.0021110410950477415,0
ACCT_019997,0.0005655183268443045,0
ACCT_020001,0.00020089575938928546,0
ACCT_020004,4.5076932707076985e-05,0
ACCT_020015,0.0018970900119550035,0
ACCT_020016,0.46999211517535766,0
ACCT_020025,3.195164687226746e-05,0
ACCT_020026,0.029090673369664834,0
ACCT_020027,0.06279403235599304,0
ACCT_020044,0.0013902840764543573,0
ACCT_020055,3.6568990802812855e-05,0
ACCT_020077,0.0009654047569316754,0
ACCT_020079,0.0004308263042013782,0
ACCT_020085,0.00011704560042010066,0
ACCT_020094,0.004043436373175127,0
ACCT_020095,0.00591447027173998,0
ACCT_020101,0.0015081133441221268,0
ACCT_020105,0.00041764915949174877,0
ACCT_020110,0.0023159406272925853,0
ACCT_020127,0.0007743603915221265,0
ACCT_020130,0.00016630507574878984,0
ACCT_020131,7.250323061555495e-06,0
ACCT_020132,0.0008703863196295385,0
ACCT_020139,0.011801824047316414,0
ACCT_020142,0.0017318218789243525,0
ACCT_020145,0.0073724931954737465,0
ACCT_020154,0.010658949521516947,0
ACCT_020177,9.945119649405244e-05,0
ACCT_020178,0.0024614942792027493,0
ACCT_020179,0.0009997178482948432,0
ACCT_020200,0.0014495425941091463,0
ACCT_020201,0.005314831966595137,0
ACCT_020205,0.04093937036686029,0
ACCT_020213,0.0007809003301387493,0
ACCT_020228,0.00020823252061618017,0
ACCT_020241,0.0017969481474432115,0
ACCT_020261,0.0003092907957758276,0
ACCT_020263,5.6938459826859724e-05,1
ACCT_020279,0.0029980384787488983,0
ACCT_020283,0.004537640137122021,0
ACCT_020289,2.271996815886637e-05,0
ACCT_020290,3.761861862560026e-05,0
ACCT_020299,0.15954569822065712,0
ACCT_020313,0.002282267703587711,0
ACCT_020314,0.0029160472622910723,0
ACCT_020323,0.0003327306812823706,0
ACCT_020324,0.0005529510950823457,0
ACCT_020325,0.0007935105736482647,0
ACCT_020332,8.247269323458372e-05,0
ACCT_020335,0.00040187289121497465,0
ACCT_020347,0.0012035103727794766,0
ACCT_020355,0.10991332033061031,1
ACCT_020370,0.00020958420479492054,0
ACCT_020376,0.00045561384493253605,0
ACCT_020377,0.0007503768835475355,0
ACCT_020383,0.00855541208564196,0
ACCT_020393,0.0055010397419002635,0
ACCT_020401,7.10030414160294e-05,0
ACCT_020414,0.008910959853441707,0
ACCT_020418,0.00028575301291563896,0
ACCT_020436,0.9748280554271773,1
ACCT_020444,0.00593259760556307,0
ACCT_020473,0.004350780420341662,0
ACCT_020474,7.542449054730449e-05,0
ACCT_020475,0.00038283350582722273,0
ACCT_020479,0.0007593559212068311,0
ACCT_020483,0.000233095982636067,0
ACCT_020488,0.0035882401579846843,0
ACCT_020511,0.0001035997962688784,0
ACCT_020514,0.00012040803224386577,0
ACCT_020525,7.227868242147393e-05,0
ACCT_020526,0.00021429153417096066,0
ACCT_020527,0.00047245813805064165,0
ACCT_020530,0.00045137156679530123,0
ACCT_020540,0.000344013832239642,0
ACCT_020544,7.803106497685011e-05,0
ACCT_020545,0.1106873992970092,0
ACCT_020546,8.251086641155178e-05,0
ACCT_020556,0.013439468137289716,0
ACCT_020561,3.7757378488022287e-05,0
ACCT_020562,0.0016554728130042887,0
ACCT_020597,9.190457890759158e-05,0
ACCT_020609,0.13922460917581747,0
ACCT_020612,0.0013308490169370239,0
ACCT_020617,5.0336409413566594e-05,0
ACCT_020651,2.574587744944661e-05,0
ACCT_020662,0.00018766528041634265,0
ACCT_020667,0.21285575463236486,0
ACCT_020671,0.002801470345324692,0
ACCT_020672,0.0048753034757248815,0
ACCT_020676,0.06663571226662715,0
ACCT_020677,0.0012489738035503903,0
ACCT_020678,0.016120803395153704,0
ACCT_020681,1.1034238835745172e-05,0
ACCT_020687,0.00020989490748006298,0
ACCT_020691,0.0011017638182194477,0
ACCT_020693,0.0077604558305963845,0
ACCT_020704,0.0004938060564007898,0
ACCT_020716,0.0010532897921611886,0
ACCT_020740,0.01564476991527481,0
ACCT_020748,0.0007952017836522554,0
ACCT_020749,0.0005408533775204354,0
ACCT_020758,0.0011199283142691438,0
ACCT_020771,0.0001650015286808402,0
ACCT_020801,0.0010030689977921605,0
ACCT_020808,0.0006622589650071969,0
ACCT_020810,7.738195414948332e-05,0
ACCT_020822,0.0021258737398186984,0
ACCT_020839,9.21800558866544e-05,0
ACCT_020852,0.0010375356900640413,0
ACCT_020859,0.0006430081911171111,0
ACCT_020865,0.015772296644021393,0
ACCT_020869,0.007381310298119022,0
ACCT_020883,0.0022072226202928453,0
ACCT_020889,0.0031602969961294133,0
ACCT_020890,0.0001219102638103936,0
ACCT_020926,0.0012877628173325589,0
ACCT_020934,0.0004060306475999392,0
ACCT_020944,1.5741081279825898e-05,0
ACCT_020955,0.00014714684053191953,0
ACCT_020956,0.0005813512045239913,0
ACCT_020977,0.0011575904187754026,0
ACCT_020983,0.00016088224515265075,0
ACCT_020993,1.4079496404761049e-05,0
ACCT_020996,0.02926987250096487,0
ACCT_020999,0.0004067980195964972,0
ACCT_021004,0.004904825441231371,0
ACCT_021006,0.0002436429948888645,0
ACCT_021009,0.0017510006894079786,0
ACCT_021010,4.12881466969311e-05,0
ACCT_021011,0.0009700086125023637,0
ACCT_021018,6.073678745443317e-05,0
ACCT_021019,0.0001205878331583411,0
ACCT_021022,0.0025802604788983806,0
ACCT_021028,0.00012990608283487134,0
ACCT_021032,0.0010640568304924299,0
ACCT_021041,0.004550008174914606,0
ACCT_021043,0.00036078000868013755,0
ACCT_021070,0.018832967068210662,0
ACCT_021092,0.004406058535503521,0
ACCT_021093,0.00014097571305365917,0
ACCT_021095,0.0012697374909690403,0
ACCT_021097,0.00041276475738405633,0
ACCT_021110,0.11117335206750294,0
ACCT_021115,0.002011697198580447,0
ACCT_021124,0.0037401540480025285,0
ACCT_021134,0.004469214105382152,0
ACCT_021145,0.0006219161582453533,0
ACCT_021146,0.000652468028720687,0
ACCT_021147,4.8218448840159746e-05,0
ACCT_021160,0.005348868494972986,0
ACCT_021161,0.004334687689592993,0
ACCT_021165,0.00016235005930459941,0
ACCT_021172,0.0010738608804456596,0
ACCT_021183,0.0016712512745017272,0
ACCT_021192,0.00014758426112356816,0
ACCT_021204,0.00070876866182026,0
ACCT_021206,0.0017379382600726358,0
ACCT_021215,0.0017021283506347012,0
ACCT_021223,0.00019768972641493403,0
ACCT_021231,0.00016835261066288392,0
ACCT_021232,0.0015758855316997569,0
ACCT_021233,0.0013033226337814824,0
ACCT_021243,0.0001356030649100676,0
ACCT_021274,0.01057273357751938,0
ACCT_021276,0.00010352197336482993,0
ACCT_021285,0.00016963960074552225,0
ACCT_021289,0.00023397328235739395,0
ACCT_021295,0.001605178534387968,0
ACCT_021311,0.009501647687567708,0
ACCT_021317,0.0002722410451370199,0
ACCT_021318,0.0018037917140301387,0
ACCT_021345,0.00022963977754065725,0
ACCT_021351,0.0011594223420036951,0
ACCT_021356,0.001460561540645884,0
ACCT_021360,0.0005493770919638779,0
ACCT_021361,0.0003716243312145816,0
ACCT_021371,0.0001044715660167539,0
ACCT_021375,0.00021441033386297392,0
ACCT_021377,0.00011281247832621048,0
ACCT_021378,0.0012833221625776642,0
ACCT_021390,0.001243020819438097,0
ACCT_021391,0.00896210907399293,0
ACCT_021404,0.00021296667558411887,0
ACCT_021413,0.06715393355694636,0
ACCT_021427,7.173188283206831e-05,0
ACCT_021430,0.0007245687276522029,0
ACCT_021433,0.02382635095307422,0
ACCT_021444,0.01546109969250661,0
ACCT_021456,0.0008653769646236373,0
ACCT_021467,0.00022795674896454386,0
ACCT_021469,0.00013734726542264907,0
ACCT_021477,0.0008362902031730906,0
ACCT_021484,0.01426832719248358,0
ACCT_021485,0.00046223760919287133,0
ACCT_021488,0.5581185307323372,0
ACCT_021490,0.002112641037131171,0
ACCT_021512,0.00012954938251168795,0
ACCT_021519,6.83147279094679e-05,0
ACCT_021521,0.0029583519535434336,0
ACCT_021523,0.025109468849470313,0
ACCT_021528,0.0005173801851862153,0
ACCT_021557,0.0002595138772026361,0
ACCT_021558,0.0008019223042950816,0
ACCT_021559,0.0026483602359965754,0
ACCT_021561,0.03302377210103193,0
ACCT_021569,8.345498595054442e-05,0
ACCT_021574,0.0023063996857034218,0
ACCT_021590,0.0005261666990302264,0
ACCT_021592,3.3267534763296536e-05,0
ACCT_021594,0.00022714295912291407,0
ACCT_021612,0.031346393270274914,0
ACCT_021616,0.0012274252879319499,1
ACCT_021625,0.001585851799333362,0
ACCT_021631,0.0012611666254626125,0
ACCT_021645,6.978069750296173e-05,0
ACCT_021665,0.0010733857860606357,0
ACCT_021676,0.003862285521448215,0
ACCT_021678,0.0005424836840254235,0
ACCT_021692,0.001715862542383619,0
ACCT_021699,0.008825830159159324,0
ACCT_021715,0.00019002381098399257,0
ACCT_021726,0.0006043212848542394,0
ACCT_021729,1.51873744142472e-05,0
ACCT_021740,0.011267894932872325,0
ACCT_021747,9.174577386175144e-05,0
ACCT_021755,4.242862328320757e-05,0
ACCT_021757,0.0005660485515190555,0
ACCT_021758,9.172476397014523e-05,0
ACCT_021766,0.01931878007740339,0
ACCT_021776,0.00015095196777061744,0
ACCT_021785,0.00016502838009977152,0
ACCT_021795,0.0004867210837723428,0
ACCT_021796,0.0007842110882721261,0
ACCT_021808,0.007561002675331647,0
ACCT_021810,0.0017364456589329107,0
ACCT_021811,0.3641612486094759,0
ACCT_021831,0.000966411149910712,0
ACCT_021833,0.00434867476359954,0
ACCT_021844,0.0001786134509408755,0
ACCT_021848,0.010404587218229082,0
ACCT_021850,0.027944875471204892,0
ACCT_021869,0.00023322127911326484,0
ACCT_021873,0.0017017220508898669,0
ACCT_021880,0.000849891707250837,0
ACCT_021895,0.013999483159491104,0
ACCT_021900,0.0013101356803133417,0
ACCT_021905,0.0001790501767243741,0
ACCT_021930,6.89780506631922e-05,0
ACCT_021933,0.001102376039812337,0
ACCT_021966,0.001995482556574281,0
ACCT_021979,0.00043856037713042113,0
ACCT_022009,0.003408340813245332,0
ACCT_022029,0.012654201678928306,0
ACCT_022036,0.00021283589305875304,0
ACCT_022040,0.0145371231780121,0
ACCT_022063,0.0002151940668050696,0
ACCT_022065,0.00014501402095680078,0
ACCT_022066,0.00010506897964760965,0
ACCT_022073,0.0004179817190125326,0
ACCT_022079,0.0007907031383432434,0
ACCT_022082,0.0005748338373195053,0
ACCT_022089,0.002023001196091458,0
ACCT_022108,8.786375776794405e-05,0
ACCT_022125,0.00018535011851513546,0
ACCT_022143,0.0002107390292491354,0
ACCT_022149,0.0021592582734293324,0
ACCT_022155,0.0058329879410992476,0
ACCT_022160,0.0004908825930157664,0
ACCT_022162,0.010041544188175272,0
ACCT_022177,0.00013425688062143745,0
ACCT_022181,0.0031148229873257517,0
ACCT_022190,0.004535597735362864,0
ACCT_022204,0.0008788072026148793,0
ACCT_022211,0.009992067608270074,0
ACCT_022223,0.0013454612649477905,0
ACCT_022229,0.0004592175891634666,0
ACCT_022234,0.0005443882700839874,0
ACCT_022241,0.006499654670748993,0
ACCT_022258,0.00967948151354432,0
ACCT_022263,0.0008827404546042977,0
ACCT_022285,0.0007565386148536725,0
ACCT_022289,0.0013267782201259167,0
ACCT_022297,0.00017122072761451243,0
ACCT_022305,0.00040883981361019043,0
ACCT_022313,0.0003575539973202956,0
ACCT_022318,1.840316587408412e-05,0
ACCT_022324,0.0026867254636438755,0
ACCT_022338,0.001021135118501708,0
ACCT_022346,0.0006056773383032389,0
ACCT_022353,0.0014166200567975276,0
ACCT_022361,9.7814850678778e-05,0
ACCT_022371,0.08572819545122326,0
ACCT_022376,0.006101632136363146,0
ACCT_022377,0.001288534179367587,0
ACCT_022380,0.0008975940742063257,0
ACCT_022384,0.002557284144366096,0
ACCT_022401,0.0005011987893342717,0
ACCT_022405,0.0006301645232226096,0
ACCT_022420,0.00014309833501998065,0
ACCT_022421,0.01690646514868827,0
ACCT_022425,0.00026532948741609535,0
ACCT_022437,0.26222534859821783,0
ACCT_022461,0.00010961182924115089,0
ACCT_022462,0.0024844398214314994,0
ACCT_022472,0.013935288483230678,0
ACCT_022474,0.0007979167318099763,0
ACCT_022480,0.00022324495176989355,0
ACCT_022484,4.5181042212896705e-05,0
ACCT_022486,0.001897463668931468,0
ACCT_022495,0.00019515065786450744,0
ACCT_022498,0.024455616404287464,0
ACCT_022504,5.889246257659757e-05,0
ACCT_022507,1.2889698106840334e-05,0
ACCT_022517,0.0016877844747523795,0
ACCT_022521,0.0033866537875657503,0
ACCT_022533,0.7751429390424193,1
ACCT_022540,0.000906362981845939,0
ACCT_022561,0.0001301103478020685,0
ACCT_022575,0.0010699551547081816,0
ACCT_022582,0.0011236799604845775,0
ACCT_022586,0.0004682814268337564,0
ACCT_022594,0.00375838593047234,0
ACCT_022596,0.003950795942588673,0
ACCT_022598,0.001409914382629616,0
ACCT_022603,0.0005524733567769546,0
ACCT_022609,0.0016158606282814154,0
ACCT_022644,0.005534185874002274,0
ACCT_022649,0.00010504567329528774,0
ACCT_022651,0.017786252779078283,0
ACCT_022655,0.003375716555924242,1
ACCT_022656,0.00011344324586385403,0
ACCT_022657,0.0013836331804039288,0
ACCT_022677,0.00306945010988381,0
ACCT_022683,0.0001190286810497031,0
ACCT_022688,0.010413226791258565,0
ACCT_022701,0.00022796892843508844,0
ACCT_022714,0.0008831818136218355,0
ACCT_022720,0.002238445191417407,0
ACCT_022723,0.0012025290217579573,0
ACCT_022728,0.002679157154701181,0
ACCT_022731,4.902348873947609e-05,0
ACCT_022732,0.002254050526019769,0
ACCT_022773,0.006187341790273211,0
ACCT_022786,0.00027095154845936735,0
ACCT_022795,0.004777851749412084,0
ACCT_022820,0.2293168573764902,0
ACCT_022855,0.12638543731321103,0
ACCT_022859,0.013154759608606051,0
ACCT_022862,0.02561153694487732,0
ACCT_022870,0.014421010488427708,0
ACCT_022874,0.0005132384411832633,0
ACCT_022875,0.00039149634599232775,0
ACCT_022877,0.00023379684953564282,0
ACCT_022889,0.7876835929999525,0
ACCT_022903,5.299125314587253e-05,0
ACCT_022907,0.0004237169120014783,0
ACCT_022913,0.005043747558224899,0
ACCT_022918,0.0008414723831021697,0
ACCT_022941,0.0025263786459726336,0
ACCT_022954,0.0005032926148856208,0
ACCT_022964,0.0008992954437377144,0
ACCT_022971,5.4344554642364494e-05,0
ACCT_022981,0.00012069065953383278,0
ACCT_022983,0.003876318245244795,0
ACCT_023000,0.0001451991106240662,0
ACCT_023017,0.00264536153708409,0
ACCT_023021,0.007171979946504473,0
ACCT_023036,0.0027029380915182884,0
ACCT_023046,1.4603210054650359e-05,0
ACCT_023049,0.0006020003127415132,0
ACCT_023051,7.489674368781506e-05,0
ACCT_023052,0.00016237274814281247,0
ACCT_023089,0.0021389888512694374,0
ACCT_023090,0.0010240068419347338,0
ACCT_023099,0.018731845958299354,0
ACCT_023107,0.0018126778255363745,0
ACCT_023108,0.00025729559572457145,0
ACCT_023111,0.00037697286743337426,0
ACCT_023122,0.011150159582589083,0
ACCT_023135,0.013594704183903138,0
ACCT_023153,0.6192113962588458,0
ACCT_023154,0.0015454808711525888,0
ACCT_023158,0.0008341183057173812,0
ACCT_023166,0.001050406759690189,0
ACCT_023170,0.004068483713986677,0
ACCT_023173,4.239713033031383e-05,0
ACCT_023174,0.0009961016414983417,0
ACCT_023178,1.9737643831864772e-05,0
ACCT_023203,0.0008782332763064869,0
ACCT_023226,0.00020869168891069214,0
ACCT_023232,0.0006386652454601333,0
ACCT_023246,0.0021352105871179096,0
ACCT_023249,0.0008595367978231264,0
ACCT_023262,0.0010572485206757163,0
ACCT_023267,0.0010006526723950306,0
ACCT_023272,8.960117019822094e-05,0
ACCT_023273,0.00028312190465409784,0
ACCT_023275,0.0001868817585145468,0
ACCT_023277,0.05089233266736147,0
ACCT_023292,3.764080382484301e-05,0
ACCT_023301,4.197177461155012e-05,0
ACCT_023310,0.002116718247346718,0
ACCT_023315,0.001755986774242084,0
ACCT_023321,0.00045474845335614195,0
ACCT_023323,0.0017628422563394435,0
ACCT_023325,3.3960623380613175e-05,0
ACCT_023330,0.0005750887544143246,0
ACCT_023333,0.01871026550419184,0
ACCT_023335,7.932544198525001e-06,0
ACCT_023340,0.016683440253594323,0
ACCT_023357,0.0036892388152023523,0
ACCT_023373,0.0016663807036142102,0
ACCT_023379,0.0001145289015964276,0
ACCT_023391,0.013511903715398899,0
ACCT_023392,1.819816890178695e-05,0
ACCT_023394,0.0012934887296066917,0
ACCT_023407,0.07960953375103166,0
ACCT_023415,0.0003592856996054769,0
ACCT_023422,0.0007233079554716163,0
ACCT_023427,0.014548381639973722,0
ACCT_023440,0.0003851999609047171,0
ACCT_023446,0.0010693390740150455,0
ACCT_023454,0.0002744199070493298,0
ACCT_023457,0.01193249527692148,0
ACCT_023462,0.00015464764241272103,0
ACCT_023466,0.0014844448688975528,0
ACCT_023498,0.6041771224773966,0
ACCT_023511,0.0017488514158699251,0
ACCT_023512,0.0003871312432534853,0
ACCT_023514,0.001735402197187719,0
ACCT_023529,0.00014498458351407323,0
ACCT_023534,0.0031852808691456374,0
ACCT_023564,0.003340420943695203,0
ACCT_023570,8.037227395530071e-05,0
ACCT_023576,0.014068707573680592,0
ACCT_023584,0.005298688200105153,0
ACCT_023587,8.847227052193632e-05,0
ACCT_023592,0.002770471586417742,0
ACCT_023594,0.0001406635649371797,0
ACCT_023606,0.0009236578705625861,0
ACCT_023611,0.0001901032486560793,0
ACCT_023616,4.581553609135915e-05,0
ACCT_023635,0.0004909723637747093,0
ACCT_023638,0.6854223857023722,0
ACCT_023641,8.497743057471886e-05,0
ACCT_023643,0.004541460882185965,0
ACCT_023645,0.03940263403710825,0
ACCT_023650,0.002232506342571651,0
ACCT_023668,0.0001581542905231139,0
ACCT_023669,0.056904741028320514,0
ACCT_023674,0.015887487313715126,0
ACCT_023690,5.502030347156075e-05,0
ACCT_023697,0.006208606812307675,0
ACCT_023704,0.016104997245329895,0
ACCT_023721,0.00032180390636778227,0
ACCT_023732,0.005790207343975307,0
ACCT_023745,0.017763584550153443,0
ACCT_023749,0.0002709312805454364,0
ACCT_023755,0.003196949763117566,1
ACCT_023766,0.0023262804910703858,0
ACCT_023770,0.000158049767079105,0
ACCT_023775,0.0033308109840672452,1
ACCT_023779,0.0019988450879295126,0
ACCT_023782,0.170474160459612,0
ACCT_023786,0.009144016309819977,0
ACCT_023793,0.000581406759690795,0
ACCT_023797,0.7696347427652648,1
ACCT_023798,0.002912234326798258,0
ACCT_023801,0.00018701037307689575,0
ACCT_023806,3.818270486569692e-05,0
ACCT_023809,0.000251945626129791,0
ACCT_023810,0.000158329225001648,0
ACCT_023811,0.0009459686888473127,1
ACCT_023821,0.0033707404881418326,0
ACCT_023850,0.0004195181758130907,0
ACCT_023853,0.00010041585051815182,0
ACCT_023854,0.004270269208659796,0
ACCT_023888,0.0018953232451208264,0
ACCT_023890,0.0004007304895591208,0
ACCT_023896,0.00021466597882238193,0
ACCT_023904,0.0015816658250556684,0
ACCT_023906,4.405176514368447e-05,0
ACCT_023908,0.045138882534877287,0
ACCT_023910,0.5439134473329938,0
ACCT_023912,0.03356196627725446,0
ACCT_023924,0.01717150139604067,0
ACCT_023938,0.010526252311258005,0
ACCT_023944,0.026712471277302856,0
ACCT_023958,0.0004899453866035842,0
ACCT_023967,0.0004655367829648636,0
ACCT_023969,8.837227168914351e-05,0
ACCT_023971,9.346777873559674e-05,0
ACCT_023980,0.00012419967396387017,0
ACCT_023989,0.004642439135903433,0
ACCT_023991,0.01126032068190434,0
ACCT_024015,0.005209888927358847,0
ACCT_024029,0.005827796757320222,0
ACCT_024033,0.00039386045869914524,0
ACCT_024044,0.00016474243993810404,0
ACCT_024045,0.0007751388740724136,0
ACCT_024069,0.008380553575268734,0
ACCT_024070,0.005811478179311242,0
ACCT_024073,0.010487882225219297,0
ACCT_024094,0.0004322493420055233,0
ACCT_024095,0.0004226339759474554,0
ACCT_024100,0.00034014068728137066,0
ACCT_024111,0.0006513151909213625,0
ACCT_024118,0.0036287335099555135,0
ACCT_024119,0.0028360464378328516,0
ACCT_024134,0.0026424952439707,0
ACCT_024139,0.005159215748521196,0
ACCT_024146,5.456203423544849e-05,0
ACCT_024158,0.0031534010671592496,0
ACCT_024165,4.6985329543271305e-05,0
ACCT_024169,5.4722499807150896e-05,0
ACCT_024171,0.05228201386530363,0
ACCT_024175,0.007318641618187241,0
ACCT_024185,0.0017711732807151625,0
ACCT_024186,0.00027690570525804004,0
ACCT_024194,4.061233180526349e-05,0
ACCT_024195,0.020851450726303088,0
ACCT_024208,0.06717144888710591,0
ACCT_024225,0.0003577864167626825,0
ACCT_024259,0.003993055092168569,0
ACCT_024262,0.35949671485121587,0
ACCT_024271,0.0050520648735959475,0
ACCT_024283,7.288458960186453e-05,0
ACCT_024285,0.001910752386087316,0
ACCT_024301,0.0009937162502407502,0
ACCT_024302,0.000916686951844411,0
ACCT_024310,0.0035639554136424304,0
ACCT_024315,0.0010744130688250008,0
ACCT_024317,0.002132609706437978,0
ACCT_024336,0.00024183908049954487,0
ACCT_024345,0.007175407329035314,0
ACCT_024349,1.6651814767216684e-05,0
ACCT_024383,0.0003879291398144938,0
ACCT_024385,0.004621329943966449,0
ACCT_024391,4.083783661830054e-05,0
ACCT_024399,0.0012271068638270793,0
ACCT_024400,0.0009196839382444087,0
ACCT_024411,0.00010186777184921249,0
ACCT_024420,5.7175860821538766e-05,0
ACCT_024424,8.466040689053805e-05,0
ACCT_024431,0.0010643195510679781,0
ACCT_024436,0.0005469306284060799,0
ACCT_024450,0.0015600668836662217,0
ACCT_024453,0.0036850088781729823,0
ACCT_024455,0.0017052387552386448,0
ACCT_024460,0.001451632204752829,0
ACCT_024462,0.04169126015584336,0
ACCT_024465,9.905731148978889e-05,0
ACCT_024477,0.0035932425292227984,0
ACCT_024487,0.3095689931430402,0
ACCT_024498,0.0014438267190257756,0
ACCT_024502,1.3392730977628763e-05,0
ACCT_024509,2.2800907595802046e-05,0
ACCT_024518,0.009972942649442058,0
ACCT_024524,0.0009361802148962051,0
ACCT_024538,0.00024423037599964826,0
ACCT_024544,1.7860322315702657e-05,0
ACCT_024563,0.00022180329874681943,0
ACCT_024565,0.44647531594443335,0
ACCT_024568,0.005332837523760019,0
ACCT_024570,0.01942800996309057,0
ACCT_024582,0.0010497539759751027,0
ACCT_024591,0.0013367578587942406,0
ACCT_024593,0.0019594156084878724,0
ACCT_024594,0.00013409514616208,0
ACCT_024605,0.0003302481558943762,0
ACCT_024613,0.0013098694084162042,0
ACCT_024618,0.0023738589544317562,0
ACCT_024619,0.001438333574841929,0
ACCT_024627,9.106580509000581e-05,0
ACCT_024631,0.00022986364605189822,0
ACCT_024632,0.0034554963672031066,0
ACCT_024657,0.0010509707387057422,0
ACCT_024659,0.0014459208399604665,0
ACCT_024661,9.267435386232597e-05,0
ACCT_024677,0.0008054444036470922,0
ACCT_024680,0.0004531531446969253,0
ACCT_024681,0.22210812165658445,0
ACCT_024685,0.00034010352703078996,0
ACCT_024691,0.0015421740487349264,0
ACCT_024698,0.00043218499220784795,0
ACCT_024700,4.823052424414835e-05,0
ACCT_024701,4.097442766657355e-05,0
ACCT_024705,0.009049525741671855,0
ACCT_024724,0.0001848329271227914,0
ACCT_024729,0.00015153398043080306,0
ACCT_024757,1.139234615940398e-05,0
ACCT_024759,0.0002596989688015611,0
ACCT_024763,0.0004852648003202719,0
ACCT_024769,0.33356868168430936,0
ACCT_024771,0.9334053708403218,0
ACCT_024772,0.0009734425670486035,0
ACCT_024776,0.00020045023049183476,0
ACCT_024777,0.0064379259225257465,0
ACCT_024788,0.0014922582777560243,0
ACCT_024789,7.786303237159729e-05,0
ACCT_024790,0.0030578771586849845,0
ACCT_024803,0.01747510804240012,0
ACCT_024804,0.0025037963048875627,0
ACCT_024807,0.004212339162628714,0
ACCT_024823,0.004564649333022099,0
ACCT_024848,0.0005036077723101683,0
ACCT_024851,0.0007955628869609067,0
ACCT_024863,2.737610616569834e-05,0
ACCT_024876,0.0006392508479879697,0
ACCT_024884,0.00019664193205058155,0
ACCT_024891,0.0002386880036624476,0
ACCT_024899,1.3259143802755192e-05,0
ACCT_024909,9.673007979130874e-05,0
ACCT_024910,0.0015360913373642553,0
ACCT_024924,0.53409991139647,0
ACCT_024929,0.02641121637587408,0
ACCT_024945,3.7435096923323734e-05,0
ACCT_024956,0.0006530115684381454,0
ACCT_024976,0.19108157135410872,0
ACCT_024982,0.7990549879152908,0
ACCT_024989,3.256586824088074e-05,0
ACCT_024996,0.3309009968836057,0
ACCT_025002,0.00037428567642179523,0
ACCT_025007,0.006982433319798014,0
ACCT_025012,0.00020391458835223878,0
ACCT_025015,0.023742975192450944,0
ACCT_025019,0.00016103010610831037,0
ACCT_025036,0.001908812737529042,0
ACCT_025041,0.00042809419434196565,0
ACCT_025044,0.00017345147680807938,0
ACCT_025061,0.9903321224804158,1
ACCT_025069,0.007902444543172682,0
ACCT_025078,0.002135053576819024,0
ACCT_025081,0.003790427695878536,0
ACCT_025098,1.1244257284834054e-05,0
ACCT_025117,0.0002121936375840338,0
ACCT_025123,0.00011543329393577133,0
ACCT_025127,0.005737955498646338,0
ACCT_025130,0.0001370151082772904,0
ACCT_025138,0.0003277804252160548,0
ACCT_025139,4.125872092765776e-05,0
ACCT_025150,0.16880778256779547,0
ACCT_025158,0.0004114519575378274,0
ACCT_025161,0.0028906093831733122,0
ACCT_025175,9.191530201982675e-05,0
ACCT_025182,5.165615561202427e-05,0
ACCT_025183,0.0006572848566742807,0
ACCT_025189,0.00218104467274399,0
ACCT_025200,0.0025057211719987605,0
ACCT_025202,0.00022708319746733181,0
ACCT_025212,0.005291705598343143,0
ACCT_025213,0.0301104806603184,0
ACCT_025216,0.00018112108145334742,0
ACCT_025220,7.751742957543491e-05,0
ACCT_025223,0.0015515307015796743,0
ACCT_025242,0.0027079702158019922,0
ACCT_025243,0.3945767549659781,0
ACCT_025244,0.0033736870500186296,0
ACCT_025259,5.178958179000149e-05,0
ACCT_025264,0.003280118586975738,0
ACCT_025286,0.0016394833586735069,0
ACCT_025290,0.02298708100658354,0
ACCT_025292,0.00013209201251706686,0
ACCT_025309,0.006853454611651193,0
ACCT_025313,0.014102590733308745,0
ACCT_025315,0.0012973042340636075,0
ACCT_025316,0.0002581732770456774,0
ACCT_025326,0.014485857939012409,0
ACCT_025354,0.00020257676227823822,0
ACCT_025362,0.00018332540060924006,0
ACCT_025371,0.0001320688423527198,0
ACCT_025372,0.0003258656935539986,0
ACCT_025385,0.000642466974555038,0
ACCT_025386,0.010217781657683582,0
ACCT_025392,4.153379258244608e-05,0
ACCT_025394,0.0036589308262744077,0
ACCT_025401,0.0007464701305853054,0
ACCT_025406,0.00022098433696921506,0
ACCT_025408,0.002046175240154832,0
ACCT_025458,0.0004667422555537044,0
ACCT_025496,0.0010795963749077348,0
ACCT_025500,0.0012678781842779137,0
ACCT_025506,0.014499936581238803,0
ACCT_025513,0.0010393320802600092,0
ACCT_025519,0.00036820089418318535,0
ACCT_025527,2.8469753565008816e-05,0
ACCT_025540,0.0002140628402784619,0
ACCT_025544,0.01917103650965432,0
ACCT_025545,0.03291477328262723,0
ACCT_025563,0.1870347952809825,0
ACCT_025571,0.01669044800247798,0
ACCT_025575,0.0005273106373497175,0
ACCT_025593,0.0031547593845348337,0
ACCT_025614,0.008229100667452057,0
ACCT_025636,5.829601802596505e-06,0
ACCT_025643,0.00011609755965028037,0
ACCT_025645,0.0008494007152942713,0
ACCT_025647,0.0003925778143802849,0
ACCT_025649,5.424324012985864e-05,0
ACCT_025653,0.0008466923516950394,0
ACCT_025664,0.0017827117362105062,0
ACCT_025677,0.00141408093127379,0
ACCT_025710,0.0001942248377651413,0
ACCT_025721,0.0945294423209424,0
ACCT_025736,6.0225846823609425e-05,0
ACCT_025748,6.451589975130802e-05,0
ACCT_025754,0.0007892192179114726,0
ACCT_025765,0.00010389851607750969,0
ACCT_025770,0.007411312885322249,0
ACCT_025771,0.0007514682460537216,0
ACCT_025781,0.00023355851548023782,0
ACCT_025783,0.00010328115509702042,0
ACCT_025798,0.0010989011693828083,0
ACCT_025803,0.000382686035184893,0
ACCT_025804,0.003239326452834877,0
ACCT_025811,0.0001025416959237675,0
ACCT_025812,9.300406042091439e-05,0
ACCT_025817,6.446177269042386e-05,0
ACCT_025828,0.00014487334265663056,0
ACCT_025834,0.00042475100169830834,0
ACCT_025851,0.0015178730150815821,0
ACCT_025875,0.7937236888115753,0
ACCT_025885,7.807384492410275e-06,0
ACCT_025890,0.012777520068938206,0
ACCT_025902,0.038116079647864606,0
ACCT_025903,0.000720763948743831,0
ACCT_025907,0.0022154192305808614,0
ACCT_025909,0.0014375748126290333,0
ACCT_025913,0.010449170514235953,0
ACCT_025918,0.0025707086877534155,0
ACCT_025919,0.5981041226276177,0
ACCT_025929,0.0005842770342368931,0
ACCT_025935,0.00011541631349503778,0
ACCT_025952,0.002133863400540138,0
ACCT_025986,0.0003021412612582575,0
ACCT_025989,0.001125614204818762,0
ACCT_025995,0.000468683749746436,0
ACCT_025996,0.00011672881685113323,0
ACCT_025999,0.00021584687718585464,0
ACCT_026006,0.015213384774113594,0
ACCT_026010,0.03896270142151639,0
ACCT_026011,0.001978281067122195,0
ACCT_026016,0.9564329711987201,1
ACCT_026018,0.006835628595993984,0
ACCT_026019,8.4394028712724e-05,0
ACCT_026031,0.023367132557480966,0
ACCT_026041,6.705157931529255e-05,0
ACCT_026045,0.000647111417268229,0
ACCT_026051,0.0015989609830020656,0
ACCT_026061,0.002315322015044867,0
ACCT_026064,0.00010956211255979785,0
ACCT_026066,0.04276492994725388,0
ACCT_026069,0.015831839820314563,0
ACCT_026076,0.0016485467378423023,0
ACCT_026098,0.00010070536791867338,0
ACCT_026107,0.00024945388588890516,0
ACCT_026112,0.00010196184589578555,0
ACCT_026115,0.008250200418927304,0
ACCT_026125,0.00012211553145363374,0
ACCT_026143,0.00011487475365349104,0
ACCT_026150,0.013629814343021653,0
ACCT_026159,0.00037184773261675434,0
ACCT_026166,0.04432737121264953,0
ACCT_026173,0.05814170619683968,0
ACCT_026184,8.790719928743279e-05,0
ACCT_026188,0.01180266964892416,0
ACCT_026189,0.0013301911121418194,0
ACCT_026195,0.0010615844813242174,0
ACCT_026205,0.020301470695281428,0
ACCT_026211,0.0001275610072291644,0
ACCT_026214,0.0004415503802723291,0
ACCT_026251,0.0025355861763234257,0
ACCT_026252,0.0036133979066921102,0
ACCT_026253,0.002046026183815049,0
ACCT_026261,0.00016935248565037246,0
ACCT_026267,0.008042158483714349,0
ACCT_026300,0.00032455342570566017,0
ACCT_026314,0.0012944772564416553,0
ACCT_026320,5.4481560924288086e-05,0
ACCT_026324,0.007634751504620946,0
ACCT_026338,0.0013431283972262966,0
ACCT_026351,0.001183231185170917,0
ACCT_026359,0.0024776745686061414,0
ACCT_026360,0.00042872923362902144,0
ACCT_026361,2.225301536502732e-05,0
ACCT_026368,0.00018325194352617,0
ACCT_026383,0.001480494231062439,0
ACCT_026385,0.0020977179095953763,0
ACCT_026387,0.009528831451236166,0
ACCT_026390,0.0018068454964018268,0
ACCT_026396,0.0007847107796486388,0
ACCT_026412,0.00013755450983813793,0
ACCT_026415,4.126649736400292e-05,0
ACCT_026427,0.004992689047986593,0
ACCT_026428,0.0001275255654746467,0
ACCT_026436,0.00040754051524700307,1
ACCT_026442,0.00019293732607216454,0
ACCT_026443,0.001771794927974562,0
ACCT_026447,0.0031205061837462794,0
ACCT_026448,0.003913831939535655,0
ACCT_026461,0.0022488227802262522,0
ACCT_026473,0.06347867867055153,0
ACCT_026479,0.0010088052652280311,0
ACCT_026480,0.016714578749473043,0
ACCT_026482,0.18026875050711272,0
ACCT_026485,0.0003423671304854647,0
ACCT_026505,0.03439557346636959,0
ACCT_026523,0.00019508556956527047,0
ACCT_026545,0.002453701188939013,0
ACCT_026550,0.0012805700715297333,0
ACCT_026555,0.004775818792853879,0
ACCT_026557,0.0011631710762579068,0
ACCT_026558,0.014725227351049598,0
ACCT_026564,7.00818676951089e-05,0
ACCT_026580,0.002024495934904199,0
ACCT_026600,0.00017639898456325701,0
ACCT_026607,0.002617234888828085,0
ACCT_026610,0.002194888351409246,0
ACCT_026611,0.0011075427478858448,0
ACCT_026617,0.12591991292671478,0
ACCT_026619,0.002169033931737899,0
ACCT_026628,0.04620868549977053,0
ACCT_026632,0.004415636020254222,0
ACCT_026635,0.00046651269471776127,0
ACCT_026639,0.001718350374271942,0
ACCT_026651,8.292281050938732e-05,0
ACCT_026652,0.0011191525001436075,0
ACCT_026661,0.00025476963811912786,0
ACCT_026670,0.0001036857333540451,0
ACCT_026684,0.00020556791265530369,0
ACCT_026705,0.0006279642040565351,0
ACCT_026718,0.004144662892386469,0
ACCT_026722,0.0037625305163307005,0
ACCT_026730,0.0002670741643126211,0
ACCT_026734,0.007671140669936594,0
ACCT_026765,0.00013530079708466792,0
ACCT_026768,0.003261986226950758,0
ACCT_026771,0.00023544022322317547,0
ACCT_026776,0.0001221608794625855,0
ACCT_026784,6.301723374566265e-05,0
ACCT_026801,0.0006701239316753083,0
ACCT_026808,0.0021918395584462715,0
ACCT_026820,0.0029584978159451197,0
ACCT_026824,0.0008931657100887371,0
ACCT_026829,0.00021090194420411866,0
ACCT_026834,0.012890933033083593,0
ACCT_026844,0.003173407281859372,0
ACCT_026857,0.0006775847460642765,0
ACCT_026860,0.00013943669772612598,0
ACCT_026862,0.012400545283139231,0
ACCT_026867,0.7952742568786636,0
ACCT_026873,0.00579283362675955,0
ACCT_026886,0.0020533075088199544,0
ACCT_026907,0.0017150760488699919,0
ACCT_026911,0.027177011687424573,0
ACCT_026927,0.02359483913037232,0
ACCT_026939,0.00037347799036991736,0
ACCT_026941,0.006572496020225077,0
ACCT_026949,9.24918101025893e-05,0
ACCT_026955,0.04534692534269889,0
ACCT_026969,0.00042443293163649156,0
ACCT_026972,4.708169817650488e-05,0
ACCT_026974,0.0006787115123331717,0
ACCT_026979,0.0001593483822402421,0
ACCT_026988,5.198524007166088e-05,0
ACCT_026995,0.000998437941354462,0
ACCT_027001,5.886806286113831e-05,0
ACCT_027004,0.0003483580483628287,0
ACCT_027006,0.003706554178051792,0
ACCT_027008,0.0005196370765385579,0
ACCT_027013,9.87670020342405e-05,0
ACCT_027016,4.359793583683611e-05,0
ACCT_027060,0.0015763292430294648,0
ACCT_027065,0.0002113964742340174,0
ACCT_027080,0.0005662176325208468,0
ACCT_027084,0.01824233006013141,1
ACCT_027088,0.0012481231391391738,0
ACCT_027092,0.0038552885236177287,0
ACCT_027095,0.001326035638731222,0
ACCT_027098,0.0010126519342893777,0
ACCT_027099,0.8163304786455015,0
ACCT_027100,0.0015074957604810394,0
ACCT_027111,0.0016937141072761522,0
ACCT_027115,0.0015840089361626468,0
ACCT_027119,0.007098775973201263,0
ACCT_027134,0.0003076300332925204,0
ACCT_027136,0.0006462723969967998,0
ACCT_027152,0.17580303319404547,0
ACCT_027153,0.0011104035829703266,0
ACCT_027171,0.0015031958904233775,0
ACCT_027174,0.03366185451883988,0
ACCT_027196,0.0017460813231364074,0
ACCT_027206,0.02013636353878765,0
ACCT_027208,0.0019643067885042166,0
ACCT_027215,1.2763813171989952e-05,0
ACCT_027233,9.542416329363744e-05,0
ACCT_027277,0.03963545249351752,0
ACCT_027281,1.0347551387931798e-05,0
ACCT_027286,0.014751696170612772,0
ACCT_027294,0.012893892362147984,0
ACCT_027297,0.01113760752476966,0
ACCT_027303,0.00039176749331378463,0
ACCT_027316,0.06500834801975643,0
ACCT_027322,1.1814121053447752e-05,0
ACCT_027339,4.553484793659141e-05,0
ACCT_027352,0.00015655642337396116,0
ACCT_027370,0.009060115438443607,0
ACCT_027390,2.2247800331119816e-05,0
ACCT_027397,0.00019081660066002908,0
ACCT_027403,0.0016017745398437257,0
ACCT_027410,5.253822440832971e-05,0
ACCT_027428,0.0001398141731681613,0
ACCT_027431,0.002635905292421987,0
ACCT_027437,0.0006387541126154211,0
ACCT_027460,0.0008954872956635605,0
ACCT_027480,0.009500044990590515,0
ACCT_027482,0.000754602186541527,0
ACCT_027489,7.372340446434351e-05,0
ACCT_027499,1.3871427946235785e-05,0
ACCT_027506,0.01205269455900449,0
ACCT_027508,0.00012474667401814833,0
ACCT_027511,0.0024235030475663758,0
ACCT_027514,0.05710646844351316,0
ACCT_027524,0.003840989829101401,1
ACCT_027529,0.0057027820829269075,0
ACCT_027532,0.001082541373404123,0
ACCT_027534,0.0006752241502459319,0
ACCT_027540,0.02123991583363974,0
ACCT_027564,0.0005610289397981652,0
ACCT_027577,0.0012239746262472533,0
ACCT_027590,0.402412687056216,0
ACCT_027597,0.0007040991071681801,0
ACCT_027604,0.003654208210820957,0
ACCT_027621,0.0002314102679950787,0
ACCT_027628,0.0010465409108568037,0
ACCT_027629,0.00019068289307089394,0
ACCT_027651,0.001035188218584124,0
ACCT_027656,0.003409509986853989,0
ACCT_027661,0.009809192541436697,0
ACCT_027664,0.0002762794601656389,0
ACCT_027666,0.0018244311216891556,0
ACCT_027675,0.0007041801165129175,0
ACCT_027679,0.00033025539808925324,0
ACCT_027680,0.6475445983483661,0
ACCT_027685,0.01586381821781072,0
ACCT_027689,0.0020174571015801586,0
ACCT_027694,0.003317375657063542,0
ACCT_027695,0.0001017219617225475,0
ACCT_027696,0.00016140356262106507,0
ACCT_027706,0.0002800819877474121,0
ACCT_027713,0.1922888173283715,0
ACCT_027718,0.0021475267396872146,0
ACCT_027745,5.0955273866420585e-05,0
ACCT_027772,0.009063871097548654,0
ACCT_027774,0.012048872813138531,0
ACCT_027777,0.00047461768253060163,0
ACCT_027780,0.0009216263217445764,0
ACCT_027794,0.0008155119596946812,0
ACCT_027802,0.00046595695483430067,0
ACCT_027813,6.109488232182423e-05,0
ACCT_027821,0.003618161152285921,0
ACCT_027824,7.031641142726583e-05,0
ACCT_027830,0.001992048602212012,0
ACCT_027839,0.026821960300711878,0
ACCT_027843,0.00018417800576442579,0
ACCT_027850,0.00010601011731838284,0
ACCT_027851,0.00034264806081880694,0
ACCT_027854,0.00024130835476763156,0
ACCT_027865,0.0005666822633573612,0
ACCT_027867,0.002430126083531467,0
ACCT_027882,0.00018865078371766399,0
ACCT_027889,0.0021244467220102752,0
ACCT_027895,0.006652890211840563,0
ACCT_027904,7.04300323008776e-05,0
ACCT_027906,0.000540494769292776,0
ACCT_027928,4.819789499505236e-05,0
ACCT_027931,0.09376983661743578,0
ACCT_027935,1.881002358151221e-05,0
ACCT_027942,0.0004285946904010078,0
ACCT_027947,0.0001965255940642008,0
ACCT_027949,0.010234089500114334,0
ACCT_027953,0.0017685164562604833,0
ACCT_027959,0.0009568369661677911,0
ACCT_027968,0.008101469885058847,0
ACCT_027972,0.0034959174260797356,0
ACCT_027976,0.00022880736711628738,0
ACCT_027977,5.6955727524758996e-05,0
ACCT_027979,0.0011738899983794978,0
ACCT_027995,0.0001678931637976566,0
ACCT_027996,0.02738427432517131,0
ACCT_027997,0.0006124895597709452,0
ACCT_028001,0.18132059047617494,0
ACCT_028004,0.00015309115640145098,0
ACCT_028014,0.0012061986783210331,0
ACCT_028016,0.02429054368112861,0
ACCT_028023,0.06248520514631949,0
ACCT_028027,0.001005964819986298,0
ACCT_028032,2.359535955661711e-05,0
ACCT_028035,0.004620323580850423,0
ACCT_028051,0.004052079527409976,0
ACCT_028054,0.0003220045761033334,0
ACCT_028057,8.483220110089572e-05,0
ACCT_028070,0.01780018259799625,0
ACCT_028084,0.08718157832693839,0
ACCT_028086,0.046037234306346854,0
ACCT_028126,0.0007736278930371805,0
ACCT_028162,0.0003690763688009548,0
ACCT_028166,6.908742722361573e-05,0
ACCT_028167,0.00033735310272057503,0
ACCT_028177,0.00023289095108972702,0
ACCT_028179,0.0028435707534233794,0
ACCT_028180,0.009780415593087345,0
ACCT_028181,0.000631629571887966,0
ACCT_028187,0.0010359315362371635,0
ACCT_028192,0.0032968469499745313,0
ACCT_028196,0.030294752674813054,0
ACCT_028202,7.385467724946877e-05,0
ACCT_028214,0.0004583576148588575,0
ACCT_028215,8.479193383942942e-05,0
ACCT_028225,0.0002905861611330741,0
ACCT_028229,0.00010093248415988437,0
ACCT_028233,0.016182938085817878,0
ACCT_028262,0.00025288281291046367,0
ACCT_028270,0.0009876984122814765,0
ACCT_028275,0.00015117877362525963,0
ACCT_028307,0.0005346312928755646,0
ACCT_028308,0.0018161781885825984,0
ACCT_028310,0.00018687370577097844,0
ACCT_028318,7.131925558480857e-05,0
ACCT_028335,0.0014295376846239424,0
ACCT_028337,0.001851488630357428,0
ACCT_028342,0.0001936447992674508,0
ACCT_028343,0.0011567573779610004,0
ACCT_028350,0.0007050026101610027,0
ACCT_028351,0.0010670674898569988,0
ACCT_028352,0.003183559039986203,0
ACCT_028362,0.00046805587770941165,0
ACCT_028371,9.493348823446536e-05,0
ACCT_028376,0.0047939685685787275,0
ACCT_028383,2.4436527971495473e-05,0
ACCT_028386,6.307521796224445e-05,0
ACCT_028395,0.0029690985624837994,0
ACCT_028403,0.12455157954178339,0
ACCT_028411,0.0008060125519815459,0
ACCT_028437,0.004221864949191228,0
ACCT_028444,0.00013469771494407492,0
ACCT_028458,0.01459592187888498,0
ACCT_028459,0.0019394524756145923,0
ACCT_028466,0.0005368097182314771,0
ACCT_028482,0.0007270802793113469,0
ACCT_028484,0.0010267082570616895,0
ACCT_028494,0.00030241933553489745,0
ACCT_028500,0.0037580006341059362,0
ACCT_028512,0.0002719147443445427,0
ACCT_028523,1.652183693341809e-05,0
ACCT_028530,5.196142417601734e-06,0
ACCT_028538,0.0010589623823189362,0
ACCT_028560,0.013564037761103263,0
ACCT_028564,0.09564922446157788,0
ACCT_028578,0.0009675777268147376,0
ACCT_028603,0.01722627640313999,0
ACCT_028605,8.948777869922581e-05,0
ACCT_028611,0.003306321053172441,0
ACCT_028623,0.010052947345118168,0
ACCT_028629,5.528070753086723e-05,0
ACCT_028636,0.0027469335135346246,0
ACCT_028653,0.00012269109088348365,0
ACCT_028659,0.0019185181875817966,0
ACCT_028667,0.0032133095473712626,0
ACCT_028668,0.0012397239526683807,0
ACCT_028672,0.04029324818975769,0
ACCT_028681,0.00012765902507605158,0
ACCT_028682,0.00012756809508521032,0
ACCT_028706,0.007776987134157369,0
ACCT_028707,0.05696901950199267,0
ACCT_028709,0.0054570750356539134,0
ACCT_028716,0.002092589049997044,0
ACCT_028718,0.0004941080334409023,0
ACCT_028720,0.002845498976231744,0
ACCT_028729,5.640698227669906e-05,0
ACCT_028748,0.04086055113048222,0
ACCT_028754,0.001128789883634276,0
ACCT_028777,0.04872669761480778,0
ACCT_028784,0.004068406287611491,0
ACCT_028793,0.0006089244428161231,0
ACCT_028808,0.0005295239326180939,0
ACCT_028817,0.09315008032131566,0
ACCT_028820,1.704139519734846e-05,0
ACCT_028835,0.004655870145803835,0
ACCT_028860,0.0015106967557005128,0
ACCT_028901,0.00019585826152873447,0
ACCT_028910,0.00021704024690846226,0
ACCT_028932,0.0006447396835716976,0
ACCT_028938,0.00028022227795504223,0
ACCT_028952,0.0003168227449850765,0
ACCT_028953,0.0002495388461047498,0
ACCT_028964,0.00017578558778612717,0
ACCT_028969,0.9849992062948814,1
ACCT_028976,0.00030954575062441114,0
ACCT_029001,3.9123943525847646e-05,0
ACCT_029004,0.0012540528966365951,0
ACCT_029008,0.003950994499021401,0
ACCT_029024,3.8496862793860105e-05,0
ACCT_029030,0.0006382894456165997,0
ACCT_029031,0.0032530614532700606,0
ACCT_029032,8.330551677670731e-05,0
ACCT_029038,0.00037432652628344534,0
ACCT_029052,0.00015679028472962212,0
ACCT_029059,3.8908491709767135e-05,0
ACCT_029081,0.00012874723129953047,0
ACCT_029091,0.00022577632697775782,0
ACCT_029114,0.00017162428552308176,0
ACCT_029134,0.00023325514919925213,0
ACCT_029136,0.006532188102902012,0
ACCT_029147,0.00012263968994944582,0
ACCT_029156,0.002678688199770628,0
ACCT_029169,5.395516037434991e-05,0
ACCT_029174,0.0013531154498816625,0
ACCT_029180,0.011160357990538708,0
ACCT_029188,5.0466404362369476e-05,0
ACCT_029190,0.0007980191178905515,0
ACCT_029193,0.0002920079064322617,0
ACCT_029195,0.0026045587390327715,0
ACCT_029215,0.002053416138432807,0
ACCT_029220,8.134151499976127e-05,0
ACCT_029223,0.009040004807501188,0
ACCT_029239,0.0008573969621168076,0
ACCT_029284,0.03842662239482297,0
ACCT_029292,0.0009180890737849896,0
ACCT_029293,5.489756215714525e-05,0
ACCT_029295,0.0022470930688039707,0
ACCT_029319,4.119480821332358e-05,0
ACCT_029320,0.00024272183234506304,0
ACCT_029321,0.0016156501603894148,0
ACCT_029329,0.00031340024351912194,0
ACCT_029331,0.0013836185479026632,0
ACCT_029332,0.0021219931747602666,0
ACCT_029335,0.006612377978061824,0
ACCT_029354,0.002687004042701682,0
ACCT_029397,7.630711557549565e-05,0
ACCT_029409,0.05345803338277611,0
ACCT_029445,0.017742891183864663,0
ACCT_029456,0.0010962132973210742,0
ACCT_029458,0.00011869888914854214,0
ACCT_029459,9.327193516542427e-05,0
ACCT_029462,0.010410409962105396,0
ACCT_029468,0.029379109785452044,0
ACCT_029494,0.004818642737897045,0
ACCT_029495,0.048300996824492,0
ACCT_029511,0.002256609860210249,0
ACCT_029524,0.0001606065205326683,0
ACCT_029525,0.000655522025544628,0
ACCT_029532,0.00026899988908390537,0
ACCT_029538,0.00145664352237263,0
ACCT_029541,0.00024411834903656388,0
ACCT_029546,0.01371520097814051,0
ACCT_029551,0.0020782255705030298,0
ACCT_029561,0.006043848146523217,0
ACCT_029569,0.0006831971971177528,0
ACCT_029575,0.00031283550399508327,0
ACCT_029578,2.8740539829893134e-05,0
ACCT_029601,0.0040415533095486495,0
ACCT_029615,0.006922647658609496,0
ACCT_029617,0.0001992967144421226,0
ACCT_029623,0.00012905205756100343,0
ACCT_029628,0.00028428222898540715,0
ACCT_029638,0.0031947863955901433,0
ACCT_029651,8.797233774579798e-06,0
ACCT_029666,0.0009873274555300764,0
ACCT_029674,0.0019915817161616175,1
ACCT_029679,5.9424116630320424e-05,0
ACCT_029688,0.004299979020071519,0
ACCT_029692,0.12535593547822746,0
ACCT_029695,0.0005590104572191058,0
ACCT_029708,0.0035766525167357237,0
ACCT_029727,0.00558135343231785,0
ACCT_029729,0.0014147563081952053,0
ACCT_029732,0.0015462936862904208,0
ACCT_029736,0.11615502129497399,0
ACCT_029743,0.00041212448708108227,0
ACCT_029749,0.00015582320777734966,0
ACCT_029761,0.0005529698763484047,0
ACCT_029796,0.01736296292474183,0
ACCT_029809,0.00026445655347003786,0
ACCT_029842,0.0009795935764911336,0
ACCT_029857,2.295779913293068e-05,0
ACCT_029869,0.0011077159881472353,0
ACCT_029883,0.0006465262451922371,0
ACCT_029885,0.0008958406484227165,0
ACCT_029886,0.03194981686707743,0
ACCT_029890,0.0003945620222404179,0
ACCT_029892,0.16693830539445978,0
ACCT_029923,0.023143936918048103,0
ACCT_029928,0.00044856476960473154,0
ACCT_029934,9.906796510372906e-05,0
ACCT_029937,0.003469840732212208,0
ACCT_029938,0.03089291401259446,0
ACCT_029961,0.0009828867528316485,0
ACCT_029963,0.0021921483728250778,0
ACCT_029970,0.0010638974772675914,0
ACCT_029986,0.00013052626384230128,0
ACCT_029990,0.000266497184783258,0
ACCT_029997,0.0005444556164017069,0
ACCT_030000,8.86723971862325e-05,0
ACCT_030005,0.996793640424756,1
ACCT_030006,0.0047560451623131035,0
ACCT_030012,1.9607727676368306e-05,0
ACCT_030019,0.000480798805942897,0
ACCT_030020,0.15220768492293893,0
ACCT_030033,5.7727327511386566e-05,0
ACCT_030045,4.663926143545949e-05,0
ACCT_030056,0.00028194341837633146,0
ACCT_030069,0.0012315876130474404,0
ACCT_030076,0.053025727561458014,0
ACCT_030077,0.00047153813617223833,0
ACCT_030083,9.404364455698163e-06,0
ACCT_030092,0.006712117690485171,0
ACCT_030100,0.5015513896222341,0
ACCT_030108,0.0003532634926189125,0
ACCT_030120,0.0004650129633379825,0
ACCT_030143,1.5361034132115897e-05,0
ACCT_030180,0.0011781913227520762,0
ACCT_030182,0.00068535658218912,0
ACCT_030197,0.0009177756732997003,0
ACCT_030206,0.00044341861173953864,0
ACCT_030207,1.5461320844304588e-05,0
ACCT_030209,0.00040302909569815215,0
ACCT_030220,0.0006562527802016703,0
ACCT_030221,0.00012449382549822692,0
ACCT_030224,0.0015872960799857999,0
ACCT_030233,0.0011046398546801846,0
ACCT_030242,0.0001463816341382257,0
ACCT_030247,0.008035081438754282,0
ACCT_030253,0.00010821230581168082,0
ACCT_030259,0.0002709098651808901,0
ACCT_030262,0.0008447834768679177,0
ACCT_030267,0.00021388645067646177,0
ACCT_030272,0.006323762767639133,0
ACCT_030282,0.0007410752610786739,0
ACCT_030293,0.0005965240966906184,0
ACCT_030298,0.0032316901912453093,0
ACCT_030318,0.00019463437140305272,0
ACCT_030339,0.0008617408443633098,0
ACCT_030340,7.154753692930787e-05,0
ACCT_030353,0.08971939664717724,0
ACCT_030354,0.0050972122805692,0
ACCT_030369,0.005862921174336297,0
ACCT_030372,0.000725865489996077,0
ACCT_030375,0.003788689055174837,0
ACCT_030385,0.011777377887048631,0
ACCT_030397,0.0005490498185551862,0
ACCT_030405,0.00035211260982571794,0
ACCT_030408,7.497878400385655e-05,0
ACCT_030410,0.005962664260084905,0
ACCT_030414,0.0003380279317677998,0
ACCT_030415,0.0001611451176200453,0
ACCT_030421,0.0155689851186701,0
ACCT_030438,0.24048915058578849,1
ACCT_030448,0.006286958185823669,0
ACCT_030459,0.0004155413316235511,0
ACCT_030461,0.006712925233377227,0
ACCT_030500,0.04315930926439124,0
ACCT_030501,0.00040453434463502425,0
ACCT_030514,0.0006630511869726421,0
ACCT_030534,8.758150064953019e-05,0
ACCT_030536,0.0011705125432298297,0
ACCT_030544,0.008238524063229665,0
ACCT_030555,9.709452066224235e-05,0
ACCT_030557,0.0004900517342796379,0
ACCT_030560,7.751949107502033e-05,0
ACCT_030568,0.0001935854334738714,0
ACCT_030575,0.0006179820964835365,0
ACCT_030578,0.013287548120856005,0
ACCT_030585,0.0010324679215815403,0
ACCT_030606,0.00045459157341185756,0
ACCT_030610,0.0006294335903977098,0
ACCT_030617,0.0006008911647899568,0
ACCT_030629,0.003797349348402317,0
ACCT_030634,0.0011385130955453313,0
ACCT_030643,0.004251752240959535,0
ACCT_030662,0.0013552252597075088,0
ACCT_030669,9.201460334186631e-05,0
ACCT_030670,0.07916557126557676,0
ACCT_030671,0.006001792772685353,0
ACCT_030685,0.001574464339830989,1
ACCT_030691,0.009668152349949928,0
ACCT_030700,0.00026901344259316044,0
ACCT_030703,0.0011882233919919885,0
ACCT_030710,0.0003492748392064149,0
ACCT_030712,0.0015935472990065143,0
ACCT_030716,0.023830536887868365,0
ACCT_030720,0.00018596268361081053,0
ACCT_030723,0.0002987322184158255,0
ACCT_030725,0.0005560559448028966,0
ACCT_030740,0.04936155936197108,0
ACCT_030742,5.778200970097816e-05,0
ACCT_030745,0.006423154203544836,0
ACCT_030747,0.0001385996069225628,0
ACCT_030793,0.00032703927992700947,0
ACCT_030795,0.005622819794830805,0
ACCT_030808,0.0030118437597882416,0
ACCT_030813,0.010220406343697112,0
ACCT_030820,6.800457384905659e-06,0
ACCT_030844,7.862230103089919e-05,0
ACCT_030861,0.0003489022850234567,0
ACCT_030862,0.0009092453140236231,0
ACCT_030872,0.3828721034830686,0
ACCT_030876,0.0014255686270530025,0
ACCT_030881,0.0003519785895629177,0
ACCT_030888,0.015582593393762712,0
ACCT_030892,0.013143969816862465,0
ACCT_030895,0.0004633187930997951,0
ACCT_030907,0.0003114457374236577,0
ACCT_030920,0.004325322577852796,0
ACCT_030928,0.004096024624271948,0
ACCT_030937,0.0008855568738694667,0
ACCT_030944,0.007352064983730612,0
ACCT_030945,0.00214868805789162,0
ACCT_030957,0.596941077434839,1
ACCT_030963,0.00035013418083256896,0
ACCT_030966,0.005090078748948052,0
ACCT_030969,3.71517754641332e-05,0
ACCT_030971,0.017389234976322245,0
ACCT_030974,0.009441016487819847,0
ACCT_030994,5.218770098762549e-05,0
ACCT_031014,0.0010128752733048632,0
ACCT_031017,0.00031862634685430604,0
ACCT_031031,0.13497446225779378,0
ACCT_031039,0.00041756333256492826,0
ACCT_031044,0.00016887867991705258,0
ACCT_031052,0.00018337856350686708,1
ACCT_031071,0.0031084400206001055,0
ACCT_031087,7.14934909165089e-05,0
ACCT_031097,0.00012583287327342545,0
ACCT_031098,0.01573221856179893,0
ACCT_031101,0.0011544666938932801,0
ACCT_031106,0.00023293402366270763,0
ACCT_031107,0.0026766437127713214,0
ACCT_031120,0.002113988583497236,0
ACCT_031128,0.19470101507703466,1
ACCT_031136,0.0005888497964239399,0
ACCT_031140,0.0001741164473714251,0
ACCT_031152,0.003151104145925601,0
ACCT_031175,0.004477471529115598,0
ACCT_031182,0.004994343462426632,0
ACCT_031193,0.0011122914930307094,0
ACCT_031194,0.00028672802952646123,0
ACCT_031197,0.003713509464779236,0
ACCT_031236,0.00011772786036350477,0
ACCT_031241,0.00220298065808571,0
ACCT_031250,0.0004910658200640955,0
ACCT_031257,0.054671568213067664,0
ACCT_031265,0.0024822161829721762,0
ACCT_031268,0.0017027914973388044,1
ACCT_031279,0.001130142801254013,0
ACCT_031305,0.008266827734662363,0
ACCT_031317,0.006913057220927368,0
ACCT_031351,0.0001245114129372373,0
ACCT_031353,0.4065878617015424,0
ACCT_031357,0.0009851902641927854,0
ACCT_031361,0.0013797099164538872,0
ACCT_031364,4.673054817703202e-05,0
ACCT_031368,0.0018273567570559442,0
ACCT_031374,0.0006636817949442486,0
ACCT_031375,0.08905960769136528,0
ACCT_031382,0.00010051549588002791,0
ACCT_031383,2.127141073501909e-05,0
ACCT_031388,0.007991741323037583,0
ACCT_031393,4.4608390907990355e-05,0
ACCT_031404,1.6166140485694435e-05,0
ACCT_031407,0.0033634052419399883,0
ACCT_031414,0.06752985290485015,0
ACCT_031421,0.0019964590897420323,0
ACCT_031430,0.004962433823045983,0
ACCT_031447,0.0022912789623244435,0
ACCT_031455,0.03148767535252748,0
ACCT_031463,5.631127735868657e-05,0
ACCT_031466,0.030380223214981798,0
ACCT_031475,0.0001746304731277114,0
ACCT_031484,0.00020108780751767626,0
ACCT_031495,0.00011089709444742898,0
ACCT_031501,0.00041107599977528416,0
ACCT_031506,0.008796859009276445,0
ACCT_031535,0.006779616114681408,0
ACCT_031541,0.0002978860947616084,0
ACCT_031544,0.0011495846283262681,0
ACCT_031548,0.004219372041751814,0
ACCT_031589,0.0038331910239918347,0
ACCT_031595,0.033732353525799535,0
ACCT_031601,0.00038243758465242967,0
ACCT_031606,0.000903309892530558,0
ACCT_031614,0.0012325902561284424,0
ACCT_031624,0.0632381166946397,0
ACCT_031630,2.1727801239514695e-05,0
ACCT_031640,0.00014898102397790667,0
ACCT_031646,0.00011806661745486044,0
ACCT_031648,0.0001729321461522752,0
ACCT_031661,0.0006520900770119605,0
ACCT_031665,0.00036339613555362837,0
ACCT_031679,0.0010606242659825695,0
ACCT_031689,0.0015324808609833603,0
ACCT_031693,0.0020729183971938733,0
ACCT_031698,0.0010571522206594792,0
ACCT_031700,6.869128057577176e-05,0
ACCT_031703,0.0028006181880035567,0
ACCT_031710,0.0014080523931306514,0
ACCT_031726,2.598432332576692e-05,0
ACCT_031729,0.0009991175572934274,0
ACCT_031731,2.4588949685121856e-05,0
ACCT_031749,2.6539319729266955e-05,0
ACCT_031754,0.00019142085377068372,0
ACCT_031755,0.0049378114933935745,0
ACCT_031759,0.002036364287279373,0
ACCT_031770,0.0006328927589304499,0
ACCT_031782,0.05627129694478708,0
ACCT_031785,0.015990407508704854,0
ACCT_031794,0.00021207327601852343,0
ACCT_031805,0.0010350998682604408,0
ACCT_031819,0.0010116733504747788,0
ACCT_031825,0.0014945490888557242,0
ACCT_031832,0.3304291211076215,0
ACCT_031836,0.00014416726664700637,0
ACCT_031843,0.0008685448289029827,0
ACCT_031844,0.0006924948402123059,0
ACCT_031847,0.023725677373410838,0
ACCT_031849,0.0009280568485930387,0
ACCT_031850,0.018659497482572094,0
ACCT_031857,0.004279200076745071,0
ACCT_031868,0.00019014258595082624,0
ACCT_031872,0.00044917859640351766,0
ACCT_031879,0.4701081719828275,0
ACCT_031884,0.01838488938699095,0
ACCT_031892,0.001688198790677982,0
ACCT_031900,0.002345437242099701,0
ACCT_031902,0.0026642569024309696,0
ACCT_031908,0.0005498793947468839,0
ACCT_031928,0.0002842778831392289,0
ACCT_031937,0.00016038784413220005,0
ACCT_031939,0.003985473980228108,0
ACCT_031949,0.02434982028140224,0
ACCT_031977,0.03275174555761452,0
ACCT_031982,0.00017079618536731608,0
ACCT_031985,0.00012896534367538246,0
ACCT_031998,0.03444858407774038,0
ACCT_032021,0.002948850197159526,0
ACCT_032024,0.00034462935499274673,0
ACCT_032041,0.00032849603016365034,0
ACCT_032066,0.0002954936092242061,0
ACCT_032082,0.0003118794301323855,0
ACCT_032088,0.004487474005403222,0
ACCT_032095,0.004001381992721598,0
ACCT_032104,0.0005457555097922974,0
ACCT_032110,0.0002876789402454815,0
ACCT_032125,4.0971431053721015e-05,0
ACCT_032152,0.012118491994884973,0
ACCT_032154,2.3792466950292078e-05,0
ACCT_032158,6.588803710027614e-05,0
ACCT_032161,3.868613419203668e-05,0
ACCT_032162,0.00047880681720031075,0
ACCT_032163,0.001266763021091113,0
ACCT_032175,7.363555535923315e-05,0
ACCT_032177,0.005594122449138751,0
ACCT_032184,0.041879338633969726,0
ACCT_032189,0.0009945402689300964,0
ACCT_032190,0.000160560385010801,0
ACCT_032191,5.479412294567767e-05,0
ACCT_032198,0.0001018336687385399,0
ACCT_032199,8.303322030570185e-05,0
ACCT_032202,0.0005936982725124332,0
ACCT_032241,0.0028917019496491805,0
ACCT_032243,0.003937846849549287,0
ACCT_032247,0.11300943390277121,0
ACCT_032252,7.76171670534209e-06,0
ACCT_032255,0.0010031491361119636,0
ACCT_032264,0.0006814956458382383,0
ACCT_032265,0.05912687571814475,0
ACCT_032276,0.7935286563449235,0
ACCT_032293,0.00042076491442058055,0
ACCT_032295,0.0015508155608226707,0
ACCT_032299,0.0004087443980893895,0
ACCT_032303,0.0022388683822961073,0
ACCT_032304,0.00030174664013887104,0
ACCT_032310,0.0002864694775918459,0
ACCT_032311,0.00021927357051715823,0
ACCT_032332,0.2521574149196458,0
ACCT_032335,0.01050259236939805,0
ACCT_032339,0.0018116130027258039,0
ACCT_032356,0.00022584489748121193,0
ACCT_032361,0.00021027889324632022,0
ACCT_032366,0.00021567163558021966,0
ACCT_032373,0.0035819649595005333,0
ACCT_032378,0.17269890114726644,0
ACCT_032383,6.130229176543633e-05,0
ACCT_032384,0.0061071514597208,0
ACCT_032393,0.0002702311861585945,0
ACCT_032395,0.010908253095989483,0
ACCT_032412,0.0004408952366065414,0
ACCT_032421,0.00026693281168956886,0
ACCT_032432,0.00014347986660715267,0
ACCT_032435,0.0019570876271651615,0
ACCT_032437,0.0006241458018248089,0
ACCT_032460,2.0210306393202305e-05,0
ACCT_032464,0.0008068187801717838,0
ACCT_032470,6.0208784390666755e-05,0
ACCT_032477,0.002818172359382735,0
ACCT_032483,0.0011424308400253026,0
ACCT_032485,0.005414710972119912,0
ACCT_032486,0.00047314118251220744,0
ACCT_032491,0.0003222892794993706,0
ACCT_032508,0.03808549098776216,0
ACCT_032531,0.0002714405845695507,0
ACCT_032542,0.0012259702700384793,0
ACCT_032544,0.0031462946493493534,0
ACCT_032549,0.001779313729499751,0
ACCT_032550,0.002774558723127454,0
ACCT_032561,0.0007974151792342362,0
ACCT_032573,0.0006016542465087468,0
ACCT_032575,0.03006243072691416,0
ACCT_032603,0.003064296223860795,0
ACCT_032614,6.4178027106351515e-06,0
ACCT_032618,0.001189005242632324,0
ACCT_032621,0.0003256461091628738,0
ACCT_032624,0.021705163287948095,0
ACCT_032631,0.0011978092734502687,0
ACCT_032639,0.0035150873370077417,0
ACCT_032656,0.004638835210990367,0
ACCT_032664,0.005796546722702622,0
ACCT_032673,4.228223186810283e-05,0
ACCT_032686,0.0001349231984377281,0
ACCT_032707,0.005230793269259261,0
ACCT_032709,0.0008422232298097883,0
ACCT_032715,0.0035265219665683704,0
ACCT_032722,0.006967486131250921,0
ACCT_032739,0.00023762611014115407,0
ACCT_032743,4.588048879658307e-05,1
ACCT_032749,0.0006248386640016965,0
ACCT_032751,0.0016788517379103982,0
ACCT_032752,0.0011427059763141852,0
ACCT_032754,0.013254126560628132,0
ACCT_032769,0.001112398949413826,0
ACCT_032777,4.252639754461464e-05,0
ACCT_032779,0.001771638990532007,0
ACCT_032782,0.004350924471820665,0
ACCT_032785,0.0002895035832004328,0
ACCT_032788,0.0007839634650488685,0
ACCT_032790,0.00016138183140240804,0
ACCT_032802,0.02813367109989934,0
ACCT_032811,0.006467661565287554,0
ACCT_032828,0.00039146597337554506,0
ACCT_032844,0.019470679333141824,0
ACCT_032847,0.001276828905759861,0
ACCT_032848,0.2956874345474265,0
ACCT_032851,0.0006465993016772736,0
ACCT_032853,0.0010006847101155967,0
ACCT_032875,0.007581036778676222,0
ACCT_032876,8.773334838839125e-05,0
ACCT_032879,0.005974625423171757,0
ACCT_032882,0.0002748979704787738,0
ACCT_032891,0.0009205574784997342,0
ACCT_032895,0.003927190842438274,0
ACCT_032896,0.0015030671166616982,0
ACCT_032903,0.018605970172244572,0
ACCT_032919,0.04700478985370363,0
ACCT_032926,0.0022632346765918414,0
ACCT_032929,0.0014387891185403939,0
ACCT_032939,0.00024314257808605563,0
ACCT_032943,0.00043836297297981616,0
ACCT_032951,0.0006444904943952993,0
ACCT_032958,7.348126867624711e-05,0
ACCT_032960,0.005073819956746485,0
ACCT_032965,0.7523171188756105,0
ACCT_032968,0.10580769242712934,0
ACCT_032971,0.0003117021627047286,0
ACCT_032997,0.01060416080333291,0
ACCT_033010,0.0005792839987495757,0
ACCT_033014,0.000255542897280524,0
ACCT_033035,0.002873544156427864,0
ACCT_033036,0.0001395926513608451,0
ACCT_033045,0.00016374181679793104,0
ACCT_033053,0.0022719799799685997,0
ACCT_033056,0.22108270111704525,0
ACCT_033062,0.00011275910624424007,0
ACCT_033074,0.0004745651708787947,0
ACCT_033083,0.5383938567660369,0
ACCT_033085,0.000666904817243821,0
ACCT_033098,0.000926799979039932,0
ACCT_033116,0.0005191070224368472,0
ACCT_033120,0.000712735248279007,0
ACCT_033133,0.003968572360854193,0
ACCT_033143,0.0005823423562943805,0
ACCT_033149,0.003325786788300313,0
ACCT_033152,0.0007709550989186282,0
ACCT_033161,0.04876634764159725,0
ACCT_033167,5.089415364911115e-05,0
ACCT_033172,0.015741656444058106,0
ACCT_033173,3.52534057549534e-05,0
ACCT_033177,0.004602056787811905,0
ACCT_033182,0.00040270269126662793,0
ACCT_033186,0.0002491889554618399,0
ACCT_033189,0.04550540297249829,0
ACCT_033193,0.00038578971904049597,0
ACCT_033203,0.00011313049521883448,0
ACCT_033228,0.6398444802092939,0
ACCT_033231,7.354302021010274e-05,0
ACCT_033236,0.00635079240086527,0
ACCT_033243,0.00033420870105339276,0
ACCT_033250,0.00011516620537606892,0
ACCT_033262,0.00699672845079797,0
ACCT_033270,3.0039495561761398e-05,0
ACCT_033281,0.00015553011274505052,0
ACCT_033283,0.00010137703617049828,0
ACCT_033299,0.0007632036438053009,0
ACCT_033302,0.0007989259341969157,0
ACCT_033304,0.010269467825693544,0
ACCT_033306,0.0030826443132763474,0
ACCT_033307,0.0003366608780480187,0
ACCT_033312,9.969338445381927e-05,0
ACCT_033314,0.004507208985988222,0
ACCT_033316,0.0007290073101120343,0
ACCT_033329,0.005678803863828088,0
ACCT_033343,0.0003496795532690434,0
ACCT_033345,0.22996413344083447,0
ACCT_033351,0.002960156909715401,0
ACCT_033354,0.01916072234300502,0
ACCT_033362,0.0019979599860131124,0
ACCT_033378,0.00013922778995803967,0
ACCT_033389,0.00023356234241080366,0
ACCT_033394,0.004167920092839474,0
ACCT_033413,0.00010919980463802285,0
ACCT_033420,0.012834078589178175,0
ACCT_033425,0.0005152420727090693,0
ACCT_033446,0.006852296680654339,0
ACCT_033450,0.0016107947395966914,0
ACCT_033459,0.0004270162703205146,0
ACCT_033472,0.0012132202028182408,0
ACCT_033477,0.0009275011692839537,0
ACCT_033486,0.3427739805979411,1
ACCT_033495,0.0010748862082940248,0
ACCT_033517,0.015049435520660612,0
ACCT_033518,0.0002019211013712997,0
ACCT_033526,0.0010372643264392474,0
ACCT_033529,8.953115822563246e-05,0
ACCT_033531,0.000329593167992848,0
ACCT_033535,0.00021688327971362473,0
ACCT_033536,6.200683061918934e-05,0
ACCT_033544,3.193031096255815e-05,0
ACCT_033548,0.011485735055393406,0
ACCT_033554,0.00020025290577979375,0
ACCT_033570,0.017970800336583312,0
ACCT_033578,0.0010110340578508216,0
ACCT_033579,0.00015302823417522369,0
ACCT_033585,0.0007321875121150759,0
ACCT_033592,0.0008018055056116049,0
ACCT_033611,0.00041114970397767734,0
ACCT_033616,0.2738537493582556,0
ACCT_033617,4.523748477174798e-05,0
ACCT_033654,0.0016943581135196153,0
ACCT_033655,8.089423879996e-05,0
ACCT_033659,0.00809161163589798,0
ACCT_033664,0.03636522435919003,0
ACCT_033665,0.000141891613421024,0
ACCT_033669,0.0005797797789461602,0
ACCT_033684,0.00430739298590174,0
ACCT_033688,0.0011576826747778737,0
ACCT_033702,0.00051096892988345,0
ACCT_033704,0.004591813111184283,0
ACCT_033705,0.007956622996813658,0
ACCT_033707,0.00119104075627843,0
ACCT_033720,0.0014947103048749506,0
ACCT_033721,8.102473947540374e-05,0
ACCT_033723,0.0001474125339633155,0
ACCT_033729,0.004911693262170319,0
ACCT_033746,0.004638754686020084,0
ACCT_033748,0.0003877479358841286,0
ACCT_033762,0.06206220270118275,0
ACCT_033775,0.12331349862843333,0
ACCT_033778,0.00013547741126457508,0
ACCT_033790,0.0008443569780206368,0
ACCT_033797,0.00198457831958209,0
ACCT_033799,0.003159828298979007,0
ACCT_033812,0.0022106638312106683,0
ACCT_033821,0.008056206176270137,0
ACCT_033833,1.9312114130079554e-05,0
ACCT_033841,0.00028810869797125233,0
ACCT_033842,0.0002602117201054352,0
ACCT_033851,0.0064688238255834985,0
ACCT_033858,8.515882823956127e-05,0
ACCT_033859,0.020955610589565354,0
ACCT_033867,0.0005120241629047272,0
ACCT_033883,0.007543261268170479,0
ACCT_033892,0.0004281438558420438,0
ACCT_033899,0.0004318379560598398,0
ACCT_033920,0.0005299793767453688,0
ACCT_033921,0.00011523542767733755,0
ACCT_033932,0.0047643806118860856,0
ACCT_033934,0.0006245148394089311,0
ACCT_033936,0.008395425457279306,0
ACCT_033941,0.011267495513222352,0
ACCT_033946,0.004116037236897922,0
ACCT_033959,0.0009795531693691276,0
ACCT_033966,0.00015319578716340064,0
ACCT_033968,0.0006993531406924855,0
ACCT_033990,5.632206137046293e-05,0
ACCT_034002,6.56587653044839e-05,0
ACCT_034013,0.000668203487063534,0
ACCT_034017,0.0008853731138166374,0
ACCT_034022,0.00027871880995918713,0
ACCT_034033,0.0275479970763628,0
ACCT_034040,0.00028960340037518476,0
ACCT_034041,7.475294144128747e-05,0
ACCT_034063,0.001280819009563818,0
ACCT_034086,0.21840812228142498,1
ACCT_034093,0.00017408814062076599,0
ACCT_034101,0.035609303531642905,0
ACCT_034105,0.0015529012603254305,0
ACCT_034106,0.002996157189261068,0
ACCT_034112,0.0002699579862551114,0
ACCT_034120,0.00013554614696359294,0
ACCT_034134,0.0001374570005290086,0
ACCT_034142,8.672245694639136e-05,0
ACCT_034162,0.0008473875141690966,0
ACCT_034196,3.725751510407618e-05,0
ACCT_034198,0.0016591516456120076,0
ACCT_034200,0.0028427382709395907,0
ACCT_034203,0.0034503860091167167,0
ACCT_034204,0.0006883628875019602,0
ACCT_034211,3.725920362490964e-05,0
ACCT_034217,0.0029914754477686455,0
ACCT_034218,0.00048442603968959605,0
ACCT_034222,0.0006019759104713994,0
ACCT_034244,0.00014978493607466795,0
ACCT_034264,0.0048081970803444405,0
ACCT_034272,0.00174125590445954,0
ACCT_034306,0.0001715053134091023,0
ACCT_034311,0.003147623032370492,0
ACCT_034316,0.00038980226114925507,0
ACCT_034321,0.00010043230561065189,0
ACCT_034330,0.00027762859155985257,0
ACCT_034356,6.60675067788648e-05,0
ACCT_034361,0.0001584709971933409,0
ACCT_034374,0.9357244954296575,0
ACCT_034388,0.0019250793349735573,0
ACCT_034390,0.01249775643985946,0
ACCT_034391,0.0032320134716276403,0
ACCT_034399,0.00019028347254622274,0
ACCT_034407,0.005896841927331476,0
ACCT_034420,0.0001597343173565781,0
ACCT_034426,0.0006182161152052076,0
ACCT_034428,0.0035832412478478317,0
ACCT_034432,0.00023082210929187044,0
ACCT_034439,0.00011684490412136925,0
ACCT_034440,0.003158670745792078,0
ACCT_034442,0.0004878323888720586,0
ACCT_034446,0.0005802780656511092,0
ACCT_034466,9.01422416678254e-05,0
ACCT_034482,0.0003537029582781386,0
ACCT_034489,0.0014387384565617215,0
ACCT_034506,0.00043492467286495375,0
ACCT_034508,0.00019272765405957848,0
ACCT_034514,0.000618067791987807,0
ACCT_034516,2.4305712011594563e-05,0
ACCT_034530,0.30388022151306987,0
ACCT_034535,0.0004797706480128298,0
ACCT_034537,0.00013534700706242277,0
ACCT_034543,0.00020490942553380546,0
ACCT_034546,0.005303679314042878,0
ACCT_034556,0.0004128326119524002,0
ACCT_034572,0.00028128408792592606,0
ACCT_034573,0.0001934702455165623,0
ACCT_034574,0.0002161297540924097,0
ACCT_034579,0.0017044354268037829,0
ACCT_034585,0.0003823444517825819,0
ACCT_034589,0.0003637350492303289,0
ACCT_034590,0.0006346364230914455,0
ACCT_034595,0.004396743731348507,0
ACCT_034596,0.0032701383688065002,0
ACCT_034607,0.026395272214983695,0
ACCT_034612,0.00030986247424927505,0
ACCT_034614,0.0005262518515959498,0
ACCT_034647,0.0002818588937124243,0
ACCT_034652,0.8448194399211321,1
ACCT_034655,0.0006351931989809177,0
ACCT_034660,0.02963821824524655,0
ACCT_034663,0.00011204736043642259,0
ACCT_034665,0.12548454104484472,0
ACCT_034675,0.0005907483898574154,0
ACCT_034687,7.1968345165819e-05,0
ACCT_034696,0.0022808885507299426,0
ACCT_034699,0.0005466602520066599,0
ACCT_034708,0.02239565236296592,0
ACCT_034710,0.018345502346482533,0
ACCT_034719,0.0006675376480153558,0
ACCT_034722,0.0072592250678909466,0
ACCT_034754,0.0012205885687682726,0
ACCT_034756,0.0008827060540082764,0
ACCT_034761,0.0001324081091065877,0
ACCT_034777,0.0022637709633440695,0
ACCT_034778,0.0002597231118714578,0
ACCT_034785,0.0004168116100557395,0
ACCT_034792,0.834812298467655,1
ACCT_034798,0.002394341172152127,0
ACCT_034799,0.0029344325882481735,0
ACCT_034803,0.007122481751665304,0
ACCT_034809,0.00035739081889904175,0
ACCT_034814,0.14978734252918127,0
ACCT_034828,0.0005078982639013451,0
ACCT_034835,0.018647674496423305,0
ACCT_034848,0.001475441101657071,0
ACCT_034851,0.040749032084933016,0
ACCT_034888,0.00015651929940435177,0
ACCT_034889,0.001680586929074515,0
ACCT_034895,0.0006290429044973605,0
ACCT_034905,0.0030602914257035004,0
ACCT_034910,6.679860497324033e-05,0
ACCT_034916,6.897846135305225e-05,0
ACCT_034925,6.20402689910533e-05,0
ACCT_034937,0.03690934968080586,0
ACCT_034943,0.024898658129186048,0
ACCT_034948,7.582060269022549e-05,0
ACCT_034962,0.00015254468417029424,0
ACCT_035002,0.0007884045162792065,0
ACCT_035008,0.004573473391552293,0
ACCT_035015,0.0001767777288647851,0
ACCT_035026,7.390984123193535e-05,0
ACCT_035038,0.019369426799398525,0
ACCT_035057,0.0001799019368960822,0
ACCT_035076,0.00017327745984538795,0
ACCT_035077,0.01375278320379447,0
ACCT_035088,0.0028957322000997387,0
ACCT_035089,0.00132961375722054,0
ACCT_035095,0.0006426320043718,0
ACCT_035100,0.00020931647432200585,0
ACCT_035107,0.0005838759155147869,0
ACCT_035109,0.020017899948724074,0
ACCT_035123,0.0020347579911046882,0
ACCT_035136,0.0020739803729043263,0
ACCT_035141,0.0025520078551425993,0
ACCT_035146,0.0003571848652342136,0
ACCT_035148,0.001894966290768288,0
ACCT_035152,0.0003141584566040598,0
ACCT_035177,0.2195138620010296,0
ACCT_035188,0.001191362884124039,0
ACCT_035211,0.0004424063101189132,0
ACCT_035215,0.0001778087883102076,0
ACCT_035218,0.0004434141191864501,0
ACCT_035222,0.00013417320648152322,0
ACCT_035224,0.0006728492107372552,0
ACCT_035225,0.10464910310068745,0
ACCT_035229,0.000187686536848966,0
ACCT_035234,0.010095329176261249,0
ACCT_035235,0.012359604509646814,0
ACCT_035239,0.0010854435317822707,0
ACCT_035253,0.001949175511211568,0
ACCT_035272,0.15756341705475782,0
ACCT_035297,0.002039351019176316,0
ACCT_035301,0.00010886414094453478,0
ACCT_035315,0.0001915056145449741,0
ACCT_035324,0.0009814247329734166,0
ACCT_035357,0.00015410801620016455,0
ACCT_035358,0.0012172246758674538,0
ACCT_035359,0.0007178706551738724,0
ACCT_035382,0.29241182982247393,0
ACCT_035393,0.04430755746346646,0
ACCT_035421,0.007105693527534042,0
ACCT_035423,0.00021905005327329405,0
ACCT_035430,0.0036649222609236457,0
ACCT_035442,0.00010558963442631036,0
ACCT_035444,0.0005457379019962031,0
ACCT_035446,0.00014430592212631797,0
ACCT_035448,0.00031979748929996857,0
ACCT_035450,0.010123683223814229,0
ACCT_035462,0.001350906178345508,0
ACCT_035485,0.009400712022594874,0
ACCT_035492,0.0007602743901078008,0
ACCT_035496,0.012640885829614992,0
ACCT_035504,0.00043331500991092276,0
ACCT_035505,9.409065804767045e-05,0
ACCT_035523,7.962619110545702e-05,0
ACCT_035529,0.12987739302169596,0
ACCT_035549,2.9394289158699738e-05,0
ACCT_035552,0.005524611016153433,0
ACCT_035564,0.0010050981237902192,0
ACCT_035567,0.0008056703569205438,0
ACCT_035585,0.0002761408036924937,0
ACCT_035597,0.007728834963443134,0
ACCT_035608,0.00270575412336605,0
ACCT_035619,0.012538688250597318,0
ACCT_035626,0.004148219194041076,0
ACCT_035629,0.00024817698156944244,0
ACCT_035630,0.02599495202464706,0
ACCT_035631,0.00045601662282390633,0
ACCT_035657,0.0014278942600351693,0
ACCT_035667,0.0005556271667254265,0
ACCT_035680,0.00020061114283295676,0
ACCT_035685,0.001313836409091162,0
ACCT_035705,0.0007569455863354671,0
ACCT_035707,0.004571993081545904,0
ACCT_035712,0.0009029300139305629,0
ACCT_035717,4.2911539096813525e-06,0
ACCT_035719,0.0030177815977654146,0
ACCT_035720,0.006999103815369004,0
ACCT_035733,0.0006451101946255402,0
ACCT_035734,0.003306176363120364,0
ACCT_035735,9.216497469434659e-05,0
ACCT_035739,0.0034238607893088686,0
ACCT_035753,0.0025067779159584566,0
ACCT_035755,0.00016889739329602798,0
ACCT_035761,0.0004501612895839363,0
ACCT_035768,0.004621021577773638,0
ACCT_035779,0.0001439039473070841,0
ACCT_035783,0.0003212111327571756,0
ACCT_035791,0.006771807183706185,0
ACCT_035792,0.00013139304868957952,0
ACCT_035797,0.0014284777503898436,0
ACCT_035812,0.02987549752674118,0
ACCT_035815,0.0019351332230249693,0
ACCT_035822,2.3166616751635502e-05,0
ACCT_035857,0.0005067725180096076,0
ACCT_035865,0.014633322667385292,0
ACCT_035886,0.0006998979140260082,0
ACCT_035890,0.00021648239927510649,0
ACCT_035898,1.143428727344701e-05,0
ACCT_035911,0.004011374358927622,0
ACCT_035913,0.0003963490409216704,0
ACCT_035921,0.10593747716898316,0
ACCT_035930,0.0009038900966120619,0
ACCT_035931,0.001157588548982018,0
ACCT_035938,0.0002936714026931471,0
ACCT_035943,0.00214235922513881,0
ACCT_035947,0.0018717830324356125,0
ACCT_035958,0.008176530790416655,0
ACCT_035961,0.000490198294344756,0
ACCT_035964,4.697980754711664e-05,0
ACCT_035965,0.008943781838937907,0
ACCT_035975,0.000580327998250823,0
ACCT_035985,0.07890239056498237,0
ACCT_035988,0.00011383525905029736,0
ACCT_035991,0.0006153705326417309,0
ACCT_035995,0.00017881861406688186,0
ACCT_035997,0.0006545964171542667,0
ACCT_036005,0.00020515485733408023,0
ACCT_036007,0.0011453548584066079,0
ACCT_036028,0.00034486170311189083,0
ACCT_036045,0.004670421376888667,0
ACCT_036051,0.06270956217903624,0
ACCT_036057,0.0017540311462180365,0
ACCT_036058,0.00035143140947390826,0
ACCT_036065,5.014334596343744e-05,0
ACCT_036067,0.17903373956234805,0
ACCT_036070,0.003165742770962747,0
ACCT_036082,0.00024144572834397507,0
ACCT_036086,0.0008576575114853561,0
ACCT_036090,0.0005611060851511059,0
ACCT_036108,0.0394988938054031,0
ACCT_036111,0.000376628486554149,0
ACCT_036129,0.26723849919104703,0
ACCT_036132,0.00010634534728025204,0
ACCT_036135,0.000393899180156138,0
ACCT_036137,0.00011635254632484829,0
ACCT_036138,0.0004136704119680159,0
ACCT_036146,0.00011604552576109818,0
ACCT_036161,0.0022045912056288092,0
ACCT_036164,0.11617745014500634,0
ACCT_036172,0.005852121982512593,0
ACCT_036190,0.0013069500694974229,0
ACCT_036195,0.0011114634108020489,0
ACCT_036209,0.0005561102557602055,0
ACCT_036223,0.0003555863450775469,0
ACCT_036228,0.00029077495433807736,0
ACCT_036231,0.0001022815629595294,0
ACCT_036238,0.0006919426121864871,0
ACCT_036240,0.0004852405844166911,0
ACCT_036253,0.0020840852379822488,0
ACCT_036255,0.03719692056934683,0
ACCT_036257,0.00025055175679150886,0
ACCT_036260,0.0002682980380550906,0
ACCT_036269,0.0001377428166170359,0
ACCT_036275,0.005694927961507186,0
ACCT_036276,1.1717623423107308e-05,0
ACCT_036279,0.01368902378294677,0
ACCT_036280,0.0012852425586677904,0
ACCT_036324,0.002534920590083732,0
ACCT_036330,3.0006234916656478e-05,0
ACCT_036350,0.6342270330440875,0
ACCT_036360,0.6791757180315352,1
ACCT_036371,0.0016332005264278803,0
ACCT_036372,0.00012437290923189857,0
ACCT_036374,0.0007334498159339211,0
ACCT_036379,0.0002521274094353157,0
ACCT_036382,0.003825643797493718,0
ACCT_036408,0.0011593068810379318,0
ACCT_036411,0.0013023353257020287,0
ACCT_036412,0.0011798291260563761,0
ACCT_036418,0.0002207060324544867,0
ACCT_036424,5.5770998505678405e-05,0
ACCT_036427,0.00048757081454242596,1
ACCT_036440,0.00014170244641504917,0
ACCT_036448,0.6422674425674516,0
ACCT_036452,2.390325992535725e-05,0
ACCT_036453,0.000122612770339823,0
ACCT_036473,0.000512685866285926,0
ACCT_036487,0.0002845082834456924,0
ACCT_036497,0.00014620727779788466,0
ACCT_036505,0.0005740072579259733,0
ACCT_036507,0.00038955075694055864,0
ACCT_036512,0.36451439004029984,0
ACCT_036516,0.00011158428689300406,0
ACCT_036517,0.09291536169557427,0
ACCT_036523,0.005031823912654641,0
ACCT_036524,0.01060396887535495,0
ACCT_036529,0.0005041976256601504,0
ACCT_036532,0.00032693582347670646,0
ACCT_036544,5.44439099613966e-05,0
ACCT_036550,0.001057464949160679,0
ACCT_036552,0.0005803738462967087,0
ACCT_036553,0.028167840689956394,0
ACCT_036554,0.022537627031195755,0
ACCT_036569,0.008198498789179559,0
ACCT_036578,0.001582587989902207,0
ACCT_036595,0.0005401525257498214,0
ACCT_036615,0.028699334147840323,0
ACCT_036630,0.025509092492605388,0
ACCT_036632,0.0004438351003523905,0
ACCT_036633,0.022995817358480674,0
ACCT_036634,7.955275446110096e-05,0
ACCT_036635,0.005770842899463228,0
ACCT_036641,0.00941738374708348,0
ACCT_036655,0.00013284975901952658,0
ACCT_036656,0.002426011042494593,0
ACCT_036666,6.610743981499242e-05,0
ACCT_036692,0.0027177170284853826,0
ACCT_036693,0.0005829879944449131,0
ACCT_036710,0.0005638786286058855,0
ACCT_036711,0.0015100219808983698,0
ACCT_036729,0.0033432713485610703,0
ACCT_036734,0.0001559043927994943,0
ACCT_036736,9.421829085451156e-05,0
ACCT_036744,0.008499487290680367,0
ACCT_036746,0.004339078080209841,0
ACCT_036748,0.0005474095495177002,0
ACCT_036754,0.02161272215404151,0
ACCT_036763,0.00032221770491038144,0
ACCT_036779,0.0008192976687456135,0
ACCT_036782,0.002492843292136399,0
ACCT_036786,8.72396426028172e-05,0
ACCT_036790,0.00023002014769393938,0
ACCT_036795,0.0003879075896801138,0
ACCT_036797,0.005078275231040261,0
ACCT_036815,0.00022487344063367844,0
ACCT_036827,5.727761597915277e-05,0
ACCT_036829,0.3192117071722212,1
ACCT_036834,6.154488381744579e-05,0
ACCT_036853,4.834737940573185e-05,0
ACCT_036857,0.0010503385468807345,0
ACCT_036865,0.0004838201047189742,0
ACCT_036887,0.04568100611775753,0
ACCT_036900,0.010537663026802794,0
ACCT_036905,0.000787037157062698,0
ACCT_036913,5.4479531557322604e-05,0
ACCT_036914,4.995181508335785e-05,0
ACCT_036916,0.0006168176134452106,0
ACCT_036922,0.00013912620874870696,0
ACCT_036935,0.1142873532107835,0
ACCT_036951,0.0004886863025900445,0
ACCT_036959,0.004946233439249734,0
ACCT_036971,0.0005998529711383298,0
ACCT_036972,0.0030827785680240583,0
ACCT_036993,8.339720627388767e-05,0
ACCT_036995,0.0016434228471275405,0
ACCT_037018,0.00036816843731206117,0
ACCT_037020,0.032529564195014786,0
ACCT_037029,0.001291916948494654,0
ACCT_037031,7.161714850333311e-05,0
ACCT_037037,0.0012992997716809096,0
ACCT_037042,0.006503218375926151,0
ACCT_037047,0.0011023307056561285,0
ACCT_037051,0.0001731372071163355,0
ACCT_037062,0.0026884827403676724,0
ACCT_037063,0.000666977807727287,0
ACCT_037067,0.004489229802958168,0
ACCT_037072,0.00015943834665641644,0
ACCT_037080,0.0025233540230882594,0
ACCT_037083,0.000752805900954454,0
ACCT_037092,0.001881947292916553,0
ACCT_037103,0.0007493107513220397,0
ACCT_037106,0.00042354619813078875,0
ACCT_037108,0.10949934244309809,0
ACCT_037116,0.0004196832670771782,0
ACCT_037123,0.3897809321261208,0
ACCT_037124,0.00010418540168427369,0
ACCT_037140,3.3048883311500515e-05,0
ACCT_037147,6.152759218413788e-05,0
ACCT_037158,0.00042805725041552954,0
ACCT_037169,0.000976506657353022,0
ACCT_037171,2.0979679635494347e-05,0
ACCT_037182,0.001969705055964194,0
ACCT_037193,0.0015412637220076986,0
ACCT_037207,0.013258942741692429,0
ACCT_037211,0.027633429127484174,0
ACCT_037223,0.015524108267515267,0
ACCT_037224,7.673090819924143e-05,0
ACCT_037239,0.002404974292926306,0
ACCT_037256,0.0033673648071863176,0
ACCT_037265,0.002096407004414693,0
ACCT_037279,0.0005332835984312807,0
ACCT_037280,0.002344296667621553,0
ACCT_037294,0.0015317890881938927,0
ACCT_037300,0.007247533735194934,0
ACCT_037302,0.0004359900990084251,0
ACCT_037313,0.12120623273996828,0
ACCT_037314,0.0003201587059377765,0
ACCT_037329,0.004340769031111488,0
ACCT_037333,0.0004658679536521972,0
ACCT_037337,0.098512301536019,0
ACCT_037347,0.0008060824585117155,0
ACCT_037361,2.9304385680580964e-05,0
ACCT_037374,0.0017513218492369153,0
ACCT_037404,6.610575529078809e-05,0
ACCT_037405,0.0013557795287051251,0
ACCT_037415,0.004212545614829695,0
ACCT_037425,9.40612990143317e-05,0
ACCT_037432,1.269264532194239e-05,0
ACCT_037437,0.00014320683023164355,0
ACCT_037449,0.0005219428508959379,0
ACCT_037453,0.00032044492010634406,0
ACCT_037455,0.00565810045903995,0
ACCT_037456,0.00016172688103665423,0
ACCT_037462,0.00013003951052120184,0
ACCT_037476,8.776975919587971e-05,0
ACCT_037487,0.021946624058412263,0
ACCT_037488,5.761111738009606e-05,0
ACCT_037490,7.646068730173831e-06,0
ACCT_037493,0.0003322380499455381,0
ACCT_037500,0.0030507112049975088,0
ACCT_037514,0.00012260998706833072,0
ACCT_037516,0.003606021193150703,0
ACCT_037538,0.006192428509361018,0
ACCT_037544,0.054152742800290886,0
ACCT_037546,0.0002221202591499648,0
ACCT_037568,0.7503821274867277,0
ACCT_037578,0.005903377999977828,0
ACCT_037581,0.0022394502795721073,0
ACCT_037598,0.00430722946094867,0
ACCT_037599,0.025586960477944096,0
ACCT_037614,0.0032872132104068,0
ACCT_037615,0.00023417961425848386,0
ACCT_037617,0.010305184418928045,0
ACCT_037626,0.0005054508816120769,0
ACCT_037627,0.0009222493047432595,0
ACCT_037633,0.00017899963336901904,0
ACCT_037634,0.00034135265477177923,0
ACCT_037635,0.0016776232266378615,0
ACCT_037643,0.00016060451324513897,0
ACCT_037678,3.2828926832371564e-05,0
ACCT_037681,0.12528408422411924,0
ACCT_037685,0.21925985770696352,0
ACCT_037687,4.421736098947016e-05,0
ACCT_037707,0.00028589902777097193,0
ACCT_037726,0.0006683690504380902,0
ACCT_037734,0.0005539754080944271,0
ACCT_037738,0.006821991162748949,0
ACCT_037756,0.00034442087700264164,0
ACCT_037759,0.002095862101387735,0
ACCT_037760,0.01564003057617317,0
ACCT_037762,9.225302586833372e-05,0
ACCT_037769,0.000437927020704135,0
ACCT_037780,0.002495914303758766,0
ACCT_037787,0.06026860834094458,0
ACCT_037793,0.00016206809885132022,0
ACCT_037796,0.004900632068032179,0
ACCT_037798,0.14739817385487997,0
ACCT_037799,0.00019039500595548006,0
ACCT_037819,0.0009897351113402307,0
ACCT_037831,0.0005704928377440274,0
ACCT_037844,0.00022433300131391733,0
ACCT_037847,4.245038105407677e-05,0
ACCT_037857,0.0036481209163799614,0
ACCT_037878,0.0005081856736396374,0
ACCT_037885,0.02216525424183866,0
ACCT_037887,0.0010417532157580714,0
ACCT_037896,0.0008246243762026093,0
ACCT_037908,0.0017135889699839747,0
ACCT_037911,0.06840265843738072,0
ACCT_037914,0.009704943872336396,0
ACCT_037916,0.0006739139896298972,0
ACCT_037917,0.0014200612066200958,0
ACCT_037921,0.000862695061600499,0
ACCT_037928,0.0012047466340377238,0
ACCT_037939,0.0022128395656470672,0
ACCT_037954,0.0008109417931564854,0
ACCT_037971,0.00027694698068684524,0
ACCT_037975,0.00047679242246197266,0
ACCT_037993,0.0006873362690270437,0
ACCT_038003,0.2612965375255908,0
ACCT_038011,0.0516749505721357,0
ACCT_038020,0.00047732975179978765,0
ACCT_038039,8.254472620162229e-05,0
ACCT_038043,0.011323676451559527,0
ACCT_038046,1.7456395624930765e-05,0
ACCT_038053,8.80705689733428e-05,0
ACCT_038063,0.0003479580869660253,0
ACCT_038067,0.00032073167748236924,0
ACCT_038074,0.004874531901709197,0
ACCT_038082,0.009725186174226652,0
ACCT_038085,0.0006774279750803363,0
ACCT_038099,0.00016100965548509157,0
ACCT_038105,0.0007640322496064375,0
ACCT_038112,0.003056258526728917,0
ACCT_038114,0.0022120859777527138,0
ACCT_038120,0.028724699042574645,0
ACCT_038124,0.0004820779355838797,0
ACCT_038132,0.0022323986814508554,0
ACCT_038134,0.0009479447979889038,0
ACCT_038136,0.14135341761615175,0
ACCT_038145,0.003233579105432888,0
ACCT_038163,0.0026862355818517538,0
ACCT_038172,0.005113523075269697,0
ACCT_038204,0.0006918242924253978,0
ACCT_038232,0.0019978928746922802,0
ACCT_038240,7.023776525028298e-06,0
ACCT_038243,8.51354645760034e-05,0
ACCT_038258,0.00017545578997022357,0
ACCT_038281,0.021601648421999475,0
ACCT_038283,0.002783269204938508,0
ACCT_038284,0.002249350291877933,0
ACCT_038295,0.00039326957928047864,0
ACCT_038308,0.002410964334794882,0
ACCT_038310,3.0407077410751663e-05,0
ACCT_038311,0.00099700064784513,0
ACCT_038330,0.0033128306040552326,0
ACCT_038331,0.0002514245011486998,0
ACCT_038344,0.0002913756522688945,0
ACCT_038362,7.48560077308092e-05,0
ACCT_038363,0.00028020750301799145,0
ACCT_038372,0.00012441928194137171,0
ACCT_038378,0.004627385200718413,0
ACCT_038391,3.9840065307423516e-05,0
ACCT_038393,0.00017511662601401123,0
ACCT_038404,0.0007877189416341173,0
ACCT_038415,5.131223519512187e-05,0
ACCT_038417,0.04978538780405068,0
ACCT_038418,2.479059518347406e-05,0
ACCT_038421,0.00012318866355570676,0
ACCT_038422,0.0002148451981112473,0
ACCT_038423,0.002544233419543044,0
ACCT_038439,0.0034834091629688383,0
ACCT_038452,0.0011681342580379089,0
ACCT_038472,0.0006452630764006458,0
ACCT_038475,0.007640293662434479,0
ACCT_038490,0.0025758307322120994,0
ACCT_038496,0.0026871435011786115,0
ACCT_038497,0.021351493872874036,0
ACCT_038513,0.05551565479276636,0
ACCT_038519,6.406448610569925e-05,0
ACCT_038521,0.0006671965051358363,0
ACCT_038523,0.0006756472172923175,0
ACCT_038528,0.0026152110040110117,0
ACCT_038531,0.00044293643340442243,0
ACCT_038542,0.0003082428520666189,0
ACCT_038547,0.00013931855971155871,0
ACCT_038553,4.1052572383778584e-05,0
ACCT_038557,0.0029794790305336613,0
ACCT_038562,0.0010146977443981264,0
ACCT_038564,0.0001461502015205125,0
ACCT_038571,0.0038772480854765224,0
ACCT_038575,0.018149171272917507,0
ACCT_038576,1.682286321170071e-05,0
ACCT_038588,6.940272115188076e-05,0
ACCT_038589,0.00020676176185473123,0
ACCT_038599,0.0002421000879538706,0
ACCT_038601,0.003441697034836779,0
ACCT_038608,6.922047468796949e-05,0
ACCT_038636,0.0010134590952276426,0
ACCT_038649,4.397248341907581e-05,0
ACCT_038665,0.00302306073135424,0
ACCT_038669,0.0033254988010917633,0
ACCT_038671,0.0003887366222920756,0
ACCT_038675,0.00012490517641760375,0
ACCT_038686,0.0001162555367100249,0
ACCT_038702,0.008724843691243829,0
ACCT_038710,0.036059650876553745,0
ACCT_038729,0.006460568891858132,0
ACCT_038741,0.00024044681179838273,0
ACCT_038744,6.25106097700544e-05,0
ACCT_038748,0.0005233790379456598,0
ACCT_038755,0.0025247987118000516,0
ACCT_038774,0.0006865672819148205,0
ACCT_038798,0.0007646909181714077,0
ACCT_038816,0.004410373887381405,0
ACCT_038823,3.0342658589148622e-05,0
ACCT_038853,0.011086111152964961,0
ACCT_038881,0.11122632274001627,0
ACCT_038886,0.00023559820329900367,0
ACCT_038909,0.0018428229218699,0
ACCT_038946,0.0005190441802101493,0
ACCT_038956,0.03816028542126965,0
ACCT_038960,6.816204170631795e-05,0
ACCT_038963,5.067639599911845e-05,0
ACCT_038966,0.006854016094096662,0
ACCT_038970,0.0009022950917781623,0
ACCT_038984,4.759204917258547e-05,0
ACCT_038990,0.0014616682105953122,0
ACCT_038991,0.00018824600250437416,0
ACCT_039014,0.0003797206918141477,0
ACCT_039017,0.00017038273369712677,0
ACCT_039024,0.0002450648751467662,0
ACCT_039030,0.0025380300299394833,0
ACCT_039035,0.04746587675975749,0
ACCT_039048,0.00012686155728401074,0
ACCT_039057,0.01546961682888821,0
ACCT_039077,0.00014683661793251374,0
ACCT_039079,0.00011167072396701521,0
ACCT_039099,0.00010748665980939185,0
ACCT_039103,0.0005832331328886825,0
ACCT_039113,0.00040252460422623244,0
ACCT_039119,0.0003866547118928595,0
ACCT_039126,8.47572752474409e-05,0
ACCT_039131,0.0032902702678165095,0
ACCT_039139,0.003909478756551832,0
ACCT_039141,0.0007739053207431283,0
ACCT_039175,0.0015131286173303373,0
ACCT_039180,0.0023446923194549085,0
ACCT_039181,7.607622984033444e-05,0
ACCT_039186,9.17810619398324e-05,0
ACCT_039187,0.00014741138818023455,0
ACCT_039188,0.00041195445520220245,0
ACCT_039200,0.04960244835108875,0
ACCT_039205,0.0028808706314300005,0
ACCT_039212,0.004605099426790197,0
ACCT_039218,0.0009766976511514614,0
ACCT_039220,0.0010447323218997716,0
ACCT_039241,0.0002922956213799207,0
ACCT_039247,0.0032499626982483362,0
ACCT_039253,0.00020346032539276257,0
ACCT_039264,0.0011752103964427765,0
ACCT_039277,7.683117917007993e-05,0
ACCT_039298,0.023809008019841146,0
ACCT_039312,0.0010109124808252651,0
ACCT_039325,0.00024810883784050913,0
ACCT_039328,0.00030729239299810175,0
ACCT_039330,0.0015712964632447388,0
ACCT_039334,0.0003538627611558998,0
ACCT_039344,3.688619027363128e-05,0
ACCT_039361,0.0010532727307696775,0
ACCT_039365,0.0007665135856256561,0
ACCT_039367,0.0006508951873488282,0
ACCT_039368,0.005494826925362827,0
ACCT_039376,0.018024107169879768,0
ACCT_039399,0.0012334438373591,0
ACCT_039407,0.004434597536725359,0
ACCT_039409,0.0009747616987850804,0
ACCT_039410,0.004972069344020516,0
ACCT_039419,0.0005505771098835784,0
ACCT_039435,2.084159247765215e-06,0
ACCT_039439,0.012358683966379075,0
ACCT_039444,0.0003910652198717414,0
ACCT_039450,0.00022707885868961466,0
ACCT_039473,0.0008627433181157115,0
ACCT_039480,0.01267250924907884,0
ACCT_039482,0.0002230084136840977,0
ACCT_039513,0.00010121375852977361,0
ACCT_039519,0.00229976344198589,0
ACCT_039526,0.00024717594370736364,0
ACCT_039533,0.0003339801852853737,0
ACCT_039541,0.0039197733969998545,0
ACCT_039559,0.0007355252658346105,0
ACCT_039568,0.00033247104865234727,0
ACCT_039571,0.0011524438576213023,0
ACCT_039588,6.699938609601523e-05,0
ACCT_039598,0.00047589258987882255,0
ACCT_039599,5.320323657411769e-05,0
ACCT_039611,0.0006937069586452683,0
ACCT_039615,0.0009096912539655346,0
ACCT_039618,0.025434549796072944,0
ACCT_039620,0.00031901661437668465,0
ACCT_039624,0.0001686966225760073,0
ACCT_039629,0.004273446491486726,0
ACCT_039646,0.0028186835469033583,0
ACCT_039653,0.0006016884818072885,0
ACCT_039662,0.0509843756513517,0
ACCT_039666,4.116653935623633e-05,0
ACCT_039677,4.7613928193514724e-05,0
ACCT_039680,5.09849359124529e-05,0
ACCT_039697,0.002017313313551125,0
ACCT_039702,0.9433482739788254,0
ACCT_039710,6.056753603223273e-05,0
ACCT_039711,0.001283909617840318,0
ACCT_039713,0.005883322495694633,0
ACCT_039727,0.0007049774077270542,0
ACCT_039748,0.0002374866124740373,0
ACCT_039751,0.012026898300624134,0
ACCT_039757,0.0006258780720646913,0
ACCT_039761,0.003051455496619494,0
ACCT_039772,0.00088480829126094,0
ACCT_039783,0.000282573611477971,0
ACCT_039788,0.002483388277239182,0
ACCT_039791,0.00014637212196305513,0
ACCT_039819,0.0008758030662643484,0
ACCT_039824,0.012216022005965587,0
ACCT_039827,0.0012890146885447464,0
ACCT_039850,0.011264876875242007,0
ACCT_039863,0.016414288784922678,0
ACCT_039864,0.00015864148131170225,0
ACCT_039866,0.0009844178550470126,0
ACCT_039881,0.0016462803404000694,0
ACCT_039898,0.005479007212221208,0
ACCT_039901,0.012222996997576285,0
ACCT_039903,0.0022370721885683767,0
ACCT_039916,0.015140001953946979,0
ACCT_039943,0.3411834968816439,0
ACCT_039954,0.00012071521543997439,0
ACCT_039967,0.0004162904251728495,0
ACCT_039981,7.564809071256445e-06,0
ACCT_039982,0.0002106881692672734,0
ACCT_039992,9.522666303309879e-05,0
ACCT_039997,0.00022395279740475093,0
ACCT_040000,0.0010005198724039445,0
ACCT_040001,0.0030654169622602047,0
ACCT_040013,0.4337543799535661,0
ACCT_040015,0.0003008892973896286,0
ACCT_040017,0.01960776773267852,0
ACCT_040019,0.0010271151406528371,0
ACCT_040020,0.001500686003344403,0
ACCT_040025,7.010293360237085e-05,0
ACCT_040067,0.0012330338306209344,0
ACCT_040073,0.0006643820883741278,0
ACCT_040103,0.00036604878982551576,0
ACCT_040107,0.00012863528858439492,0
ACCT_040120,0.00010389977755036359,0
ACCT_040122,0.000184800522177785,0
ACCT_040128,0.00502478826898984,0
ACCT_040129,0.0004053870127787571,0
ACCT_040130,0.004898431432161467,0
ACCT_040136,4.758216079689191e-05,0
ACCT_040137,6.482426762617945e-05,0
ACCT_040139,0.0006201986835740371,0
ACCT_040151,0.840489788158371,1
ACCT_040153,0.0044437578762617355,0
ACCT_040159,0.0013619700805613418,0
ACCT_040165,0.002848677639671561,0
ACCT_040166,0.07858091227968741,0
ACCT_040172,6.333223657887792e-05,0
ACCT_040176,0.00046574744382748315,0
ACCT_040186,0.0005809035495910926,0
ACCT_040189,0.0008443116510199926,0
ACCT_040194,0.0010794130598466933,0
ACCT_040210,0.011136890420925125,0
ACCT_040213,0.01091152403719405,0
ACCT_040214,0.0026447013353853945,0
ACCT_040226,0.004396836200708133,0
ACCT_040250,0.013382063459734255,0
ACCT_040255,0.0003168792014078048,0
ACCT_040284,0.010061674555051846,0
ACCT_040286,0.005958371181924535,0
ACCT_040301,7.205492617263369e-05,0
ACCT_040303,0.0040800778623690135,0
ACCT_040310,0.01796811423188013,0
ACCT_040314,5.206522981074278e-05,0
ACCT_040317,1.1584611941213642e-05,0
ACCT_040318,0.000963673321588403,0
ACCT_040320,0.00019793820882046942,0
ACCT_040334,0.00035304915008268025,0
ACCT_040349,0.00034547930270518345,0
ACCT_040353,0.018456931112744216,0
ACCT_040356,0.0036294351479446143,0
ACCT_040359,4.8749145307196726e-05,0
ACCT_040365,1.3781119371618309e-05,0
ACCT_040374,0.0058861828759292625,0
ACCT_040376,0.0035773345263050483,0
ACCT_040379,0.00037908904531840657,0
ACCT_040380,0.0026261863329371804,0
ACCT_040384,0.0015039172573095235,0
ACCT_040395,0.003484183666500635,0
ACCT_040406,0.0024304853942185025,0
ACCT_040411,0.0003813629078150384,0
ACCT_040416,0.0008819305299913852,0
ACCT_040424,0.0016280302881817145,0
ACCT_040425,0.1500838660312062,0
ACCT_040435,0.00025050159582332897,0
ACCT_040444,0.00022900544212284626,0
ACCT_040448,0.0005549083312952807,0
ACCT_040455,0.00031415227506200166,0
ACCT_040463,0.0004930909117967294,0
ACCT_040484,0.0009043241666368918,0
ACCT_040491,0.0017599035138958726,0
ACCT_040493,0.0012649746625858756,0
ACCT_040501,0.027879226997869443,0
ACCT_040517,0.00030888537759166915,0
ACCT_040526,0.0011878941887511396,0
ACCT_040529,0.0005535729283093721,0
ACCT_040531,0.002779393721551712,0
ACCT_040535,0.00028660699398752197,0
ACCT_040546,3.145048833011523e-05,0
ACCT_040554,0.0018946166128778665,0
ACCT_040575,0.0011215296163767283,0
ACCT_040598,0.0008146875799858662,0
ACCT_040604,0.0007109590152400894,0
ACCT_040610,0.00013174335548280295,0
ACCT_040622,0.001743038959426615,0
ACCT_040626,0.003129877394834582,0
ACCT_040639,4.924881282656697e-05,0
ACCT_040652,0.000217799605697525,0
ACCT_040653,0.3150624180777485,0
ACCT_040669,0.08492293841171998,1
ACCT_040685,0.000172873771326577,0
ACCT_040692,3.927788804323869e-05,0
ACCT_040703,0.000528570790065827,0
ACCT_040731,0.0018030085764524594,0
ACCT_040732,0.00021759075779088973,0
ACCT_040748,0.0016660032463643292,0
ACCT_040752,0.00014418096961990866,0
ACCT_040761,0.0004039441798570049,0
ACCT_040770,4.694884274335573e-05,0
ACCT_040777,0.003817742351736134,0
ACCT_040791,0.006073268364555537,0
ACCT_040795,0.033850328983344134,0
ACCT_040797,0.0006239366975200764,0
ACCT_040799,0.06252031081740854,0
ACCT_040801,0.0001327771632957342,0
ACCT_040812,0.0003628770936902553,0
ACCT_040819,0.0004000224243456649,0
ACCT_040820,0.009930460902819814,0
ACCT_040821,0.0007766733557664969,0
ACCT_040844,6.640252704434058e-05,0
ACCT_040856,0.0006081499585911759,0
ACCT_040871,0.004172340743616005,0
ACCT_040875,0.002203599311893516,0
ACCT_040879,0.0003316353173315362,0
ACCT_040886,0.00029610301272885387,0
ACCT_040892,0.005700616794076639,0
ACCT_040898,6.595961149150695e-05,0
ACCT_040906,0.0007744210553150135,0
ACCT_040915,0.024389337998890204,0
ACCT_040920,0.0009446808218901566,0
ACCT_040921,0.002083343698350985,0
ACCT_040924,0.005649287732563622,0
ACCT_040934,0.0006387941923756305,0
ACCT_040952,0.04854065394109617,0
ACCT_040973,7.89465196623674e-05,0
ACCT_040979,0.001331393780952699,0
ACCT_040992,0.001857690268176666,0
ACCT_040994,0.00045507571556030224,0
ACCT_040996,0.002617711942612148,0
ACCT_041003,0.0014184865043632058,0
ACCT_041005,0.09050699592242333,0
ACCT_041008,0.020478061862459537,0
ACCT_041020,0.008347420236189137,0
ACCT_041025,0.03907250954429977,0
ACCT_041028,1.281527136981151e-05,0
ACCT_041034,0.008738858260083969,0
ACCT_041041,0.0004397983026013616,0
ACCT_041049,0.0003571465569994976,0
ACCT_041056,0.00011214842973748934,0
ACCT_041064,0.017829131181456737,0
ACCT_041070,0.00028252868115892624,0
ACCT_041073,0.6052381498591641,0
ACCT_041074,0.0001716570704302967,0
ACCT_041098,0.002220362300788845,0
ACCT_041100,0.0022912872221702214,0
ACCT_041114,0.0002359051242074609,0
ACCT_041117,0.00013826673542796886,0
ACCT_041121,0.002986775644685599,0
ACCT_041169,0.0015139351417831615,0
ACCT_041175,0.0003443613979381199,0
ACCT_041178,0.001193914878672159,0
ACCT_041185,0.0011200099357582304,0
ACCT_041188,0.0035129884201166215,0
ACCT_041194,0.04021484742031405,0
ACCT_041211,0.0005513328224606044,0
ACCT_041217,0.0003794395504865485,0
ACCT_041248,6.275689195879772e-05,0
ACCT_041304,0.004423088088954226,0
ACCT_041310,0.0002336364633792649,0
ACCT_041336,0.0009025778788755057,0
ACCT_041339,0.020067492125683522,0
ACCT_041345,0.001299578169004566,0
ACCT_041354,0.0003162166656852999,0
ACCT_041356,0.0001349628051406383,0
ACCT_041359,6.139836546473929e-05,0
ACCT_041361,6.967222547184494e-05,0
ACCT_041369,0.005388537717703075,0
ACCT_041377,0.0004995279893580941,0
ACCT_041392,0.12067971064291964,0
ACCT_041395,0.00016046025495046842,0
ACCT_041399,8.732011406514235e-05,0
ACCT_041406,0.0009722525395066867,0
ACCT_041407,0.0027350952550041887,0
ACCT_041408,9.63201179707841e-06,0
ACCT_041422,0.00014602736213563833,0
ACCT_041425,0.0002517374929707669,0
ACCT_041427,0.00027853747173743084,0
ACCT_041430,0.0013045990214007575,0
ACCT_041434,0.00042658113573253956,0
ACCT_041444,0.001002604214284378,0
ACCT_041449,0.015833816271592034,0
ACCT_041454,0.0005215695142259594,0
ACCT_041462,0.00022637102305114913,0
ACCT_041475,0.08047742213528535,0
ACCT_041491,0.0007687251462819468,0
ACCT_041493,0.0001594835376326688,0
ACCT_041509,0.00015801817841781137,0
ACCT_041514,0.005270230986208525,0
ACCT_041517,0.001528521083948847,0
ACCT_041525,0.0004337040241386421,0
ACCT_041535,0.0002421044326426804,0
ACCT_041540,0.0002386664808773015,0
ACCT_041555,0.0009579291671102601,0
ACCT_041556,0.003254834168042966,0
ACCT_041557,3.5857214907743896e-05,0
ACCT_041570,0.0006514904404364522,0
ACCT_041576,2.5064894552340615e-05,0
ACCT_041586,0.0006102454379512284,0
ACCT_041590,0.017916648703829918,0
ACCT_041597,0.0006776121143650734,0
ACCT_041599,0.001890590742586089,0
ACCT_041604,0.00011336968635544542,0
ACCT_041621,0.02877198490039502,0
ACCT_041623,0.00021645767949621773,0
ACCT_041642,0.11981322994020496,0
ACCT_041647,0.0006599338483679229,0
ACCT_041669,0.3439370337435401,0
ACCT_041670,0.0004021779000208418,0
ACCT_041680,0.006038560250963474,0
ACCT_041696,4.136062809313083e-05,0
ACCT_041700,0.00035196990973282915,0
ACCT_041702,0.001457969420696427,0
ACCT_041706,0.0008093946030272441,0
ACCT_041727,0.0006284402875989512,0
ACCT_041748,0.00019191781330633328,0
ACCT_041750,0.0019707905504742352,0
ACCT_041765,0.0008144175407596474,0
ACCT_041766,0.0005589054370064467,0
ACCT_041767,0.051739948351639184,0
ACCT_041792,0.0004589860657803167,0
ACCT_041793,0.003769926827778544,0
ACCT_041798,0.00010797093226716701,0
ACCT_041802,0.0005664544160870572,0
ACCT_041804,0.005484436903820477,0
ACCT_041815,9.649413913949e-05,0
ACCT_041830,0.0008336449043070998,0
ACCT_041836,0.0011166649379501243,0
ACCT_041840,0.0034866972342935177,0
ACCT_041850,0.0019044489025732644,0
ACCT_041869,0.0021333886891469643,0
ACCT_041880,0.0017330073176584095,0
ACCT_041885,0.02137956061439719,0
ACCT_041890,0.001811369165820579,0
ACCT_041908,0.008044228637624943,0
ACCT_041914,0.00013567907265128303,0
ACCT_041923,8.096122720487721e-05,0
ACCT_041925,0.0005570947647189706,0
ACCT_041929,0.0005537718209867622,0
ACCT_041940,0.0008809140779704936,0
ACCT_041943,0.00010411411925109087,0
ACCT_041958,0.0004010195523352712,0
ACCT_041971,0.0021165911824414857,0
ACCT_041976,0.003608786565152115,0
ACCT_041978,0.0005377923784120968,0
ACCT_041994,1.2535684214518045e-05,0
ACCT_042004,3.2067957727478427e-06,0
ACCT_042032,0.0038400093421792248,0
ACCT_042067,0.00827800439728314,0
ACCT_042074,0.0007451231600080897,0
ACCT_042078,0.026832988420950988,0
ACCT_042092,0.013896214457052818,0
ACCT_042095,0.0015963474638192015,0
ACCT_042097,0.007764511653149188,0
ACCT_042100,0.02442789329577549,0
ACCT_042105,6.926767917376536e-05,0
ACCT_042107,0.00020969122178319494,0
ACCT_042112,0.0017421015169018553,0
ACCT_042121,0.0011571697607739803,0
ACCT_042126,0.0037957097594036216,0
ACCT_042129,0.00020444968017261156,0
ACCT_042142,0.00033460135820863465,0
ACCT_042158,4.9656237502948264e-05,0
ACCT_042166,0.0011187957183867844,0
ACCT_042167,0.00022344941448523766,0
ACCT_042188,0.0009423401984514887,0
ACCT_042218,0.0008633766614072773,0
ACCT_042228,0.00012424377925448145,0
ACCT_042235,0.00185478404908057,0
ACCT_042248,0.0010102852741829822,0
ACCT_042261,0.00014541016114981897,0
ACCT_042285,0.0005772018584727206,0
ACCT_042288,0.032121477397721476,0
ACCT_042292,0.0012898324285271863,0
ACCT_042311,0.0007403425251918654,0
ACCT_042313,2.7003583534955134e-05,0
ACCT_042341,0.0004394421078076631,0
ACCT_042343,0.0004921489147692832,0
ACCT_042351,0.0006793787661512952,0
ACCT_042369,0.0012354489409739863,0
ACCT_042396,0.0024770966787758817,0
ACCT_042397,0.0008950395745826631,0
ACCT_042401,0.002074601287621691,0
ACCT_042408,0.0004158014613916975,0
ACCT_042409,0.0005884222276083255,0
ACCT_042422,0.0002585976300758927,0
ACCT_042433,0.0006464670265081354,0
ACCT_042438,0.0002558686645897511,0
ACCT_042445,0.0015160209702002624,0
ACCT_042446,5.5175095182817106e-05,0
ACCT_042449,8.330490524971174e-05,0
ACCT_042475,0.00014088755042292249,0
ACCT_042477,0.00014289826878618547,0
ACCT_042501,0.013112448791461829,0
ACCT_042506,6.226911198820801e-05,0
ACCT_042507,0.0006905632012444772,0
ACCT_042512,0.0010406027790056823,0
ACCT_042516,0.11193293703957288,0
ACCT_042521,0.0013807949885655932,0
ACCT_042530,0.0005853762879592515,0
ACCT_042535,0.0035281822915147936,0
ACCT_042541,0.007737407277326927,0
ACCT_042555,0.01592375758646278,0
ACCT_042558,0.0032724908607155334,0
ACCT_042560,9.026458249328169e-05,0
ACCT_042565,0.0007327680430772263,0
ACCT_042590,0.0002806922706275108,0
ACCT_042596,0.004434849274459876,0
ACCT_042600,0.0016360856156336517,0
ACCT_042611,0.0059469298642851895,0
ACCT_042618,7.739071331014723e-05,0
ACCT_042619,1.3124732485500131e-05,0
ACCT_042629,0.0063206212027066356,0
ACCT_042634,0.017984571675634446,0
ACCT_042640,0.08091915439903687,0
ACCT_042641,5.308365691332735e-05,0
ACCT_042646,0.00010849580671005593,0
ACCT_042649,0.0011094632803831568,0
ACCT_042658,0.004016662823979372,0
ACCT_042663,0.0012997463427707957,0
ACCT_042668,0.0024635212595346366,0
ACCT_042669,0.00047175231941632984,0
ACCT_042679,0.0022697057303027327,0
ACCT_042687,0.0017633170497736298,0
ACCT_042688,0.001077286501203263,0
ACCT_042691,0.9108258950674326,1
ACCT_042702,0.00021980411271434462,0
ACCT_042717,0.009129946715013128,0
ACCT_042723,0.0003154906042606979,0
ACCT_042734,0.00014021606185842444,0
ACCT_042750,0.020406135529892355,0
ACCT_042754,0.04403577555098161,0
ACCT_042756,0.002987569534956376,0
ACCT_042758,0.0001520209957681236,0
ACCT_042760,0.0015071806110327104,0
ACCT_042767,0.0009833635227891417,0
ACCT_042769,0.005441978128541134,0
ACCT_042775,0.002472833060945338,0
ACCT_042781,0.0003092275041974825,0
ACCT_042786,0.1779308401899888,0
ACCT_042802,6.1742790801797826e-06,0
ACCT_042807,0.001339882247148621,0
ACCT_042808,0.012605194396978278,0
ACCT_042827,0.0017755008701636106,0
ACCT_042834,0.0025914136670091062,0
ACCT_042844,0.00021365324010129422,0
ACCT_042848,0.008059807876334023,0
ACCT_042851,0.0341561192749155,0
ACCT_042853,0.0001669326247739069,0
ACCT_042880,0.0005660782216325015,0
ACCT_042885,0.004029345830078389,0
ACCT_042911,0.0013244515947203842,0
ACCT_042946,0.0003047568237805494,0
ACCT_042948,0.0005194537998120313,0
ACCT_042949,0.009692985420814074,0
ACCT_042965,0.0005264635316230714,0
ACCT_042966,0.0008909943115992974,0
ACCT_042968,0.013361284773819843,0
ACCT_042971,0.00017530645093640206,0
ACCT_042973,0.014729994411700463,0
ACCT_042990,0.0009248592763632104,0
ACCT_042993,0.0006163871197859427,0
ACCT_043006,0.004358504774189589,0
ACCT_043016,0.004678984735136134,0
ACCT_043031,0.00030968969418520897,0
ACCT_043056,2.1235009463393813e-05,0
ACCT_043063,0.002598781103768278,0
ACCT_043065,0.000372408418676499,0
ACCT_043069,3.635872843384852e-05,0
ACCT_043070,0.00821747933896909,0
ACCT_043096,0.0004938272044617613,0
ACCT_043112,0.0003877184964235392,0
ACCT_043114,0.0017713845088529261,0
ACCT_043116,0.0007109516945424663,0
ACCT_043133,0.0046608900741934006,0
ACCT_043137,0.0001240072217424354,0
ACCT_043138,0.0003434850675428047,0
ACCT_043158,7.750907291811895e-05,0
ACCT_043159,3.662060645759216e-05,0
ACCT_043168,0.4460348362243869,0
ACCT_043174,0.0010903970885866694,0
ACCT_043175,0.0013748985118079726,0
ACCT_043189,0.0005971019732419798,0
ACCT_043212,0.0007650536772375064,0
ACCT_043216,0.000582812596829738,0
ACCT_043238,0.0003022172569701043,0
ACCT_043254,0.00016572328292377496,0
ACCT_043260,5.885616051427181e-05,0
ACCT_043262,0.005203996039225725,0
ACCT_043270,0.0002203377448356965,0
ACCT_043282,0.003034848869473509,0
ACCT_043289,0.0016222042805614243,0
ACCT_043319,0.004839769870350397,0
ACCT_043320,0.0034124743348969483,0
ACCT_043339,0.000592620094784706,0
ACCT_043342,0.057111653884986416,0
ACCT_043347,0.016092284060671706,0
ACCT_043351,0.0006488142047215962,0
ACCT_043365,0.00037429449126164075,0
ACCT_043366,0.0005649856918630387,0
ACCT_043378,0.00019256501041883762,0
ACCT_043387,0.000140453673813986,0
ACCT_043396,9.665157372099602e-05,0
ACCT_043400,0.00011246261064341061,0
ACCT_043403,0.15171895031724025,0
ACCT_043450,0.0026099568981250193,0
ACCT_043462,0.00043031520689688083,0
ACCT_043464,0.0013429845305256778,0
ACCT_043477,6.0053821058618524e-05,0
ACCT_043509,0.1698559904630944,0
ACCT_043521,0.05466210434454343,0
ACCT_043528,0.016305564913542705,0
ACCT_043534,0.009967203179573732,0
ACCT_043537,0.00044111876625532156,0
ACCT_043564,0.027626727486956312,0
ACCT_043565,0.0004578048937192568,0
ACCT_043572,0.0004949257354931754,0
ACCT_043578,0.0001930047406761078,0
ACCT_043580,0.00030148421237050066,0
ACCT_043591,0.0047300630456466935,0
ACCT_043593,0.0001397063508523434,0
ACCT_043604,0.00019685232312978816,0
ACCT_043605,8.06093962707949e-05,0
ACCT_043608,0.012125169652394534,0
ACCT_043615,0.010130967607935156,0
ACCT_043620,0.0010822119795965426,0
ACCT_043630,0.010410508185659076,0
ACCT_043634,9.911971937131047e-05,0
ACCT_043636,0.007580374433335147,0
ACCT_043645,0.007796234904546957,0
ACCT_043649,0.0009538863284764903,0
ACCT_043688,0.0001685488014479385,0
ACCT_043705,0.00013798130766433733,0
ACCT_043708,0.0019246861410585718,0
ACCT_043717,0.0004400034518141322,0
ACCT_043722,0.002397502597537181,0
ACCT_043744,0.0062210882271222555,0
ACCT_043745,0.001898863633228011,0
ACCT_043755,4.9811700928442e-05,0
ACCT_043756,0.00036295459876337555,0
ACCT_043758,0.0033582862101716932,0
ACCT_043760,0.015480559849999022,0
ACCT_043764,1.1080529940016303e-05,0
ACCT_043782,0.8413794046149898,0
ACCT_043788,2.1790511305313254e-05,0
ACCT_043801,0.0023128748517663206,0
ACCT_043803,0.27898538481308777,0
ACCT_043806,0.118926727249224,0
ACCT_043817,0.016819990255848998,0
ACCT_043844,0.0004403128671701977,0
ACCT_043845,0.00015602862907822991,0
ACCT_043856,0.00023104817156205238,0
ACCT_043868,2.8039527972921412e-05,0
ACCT_043871,0.001192253513737623,0
ACCT_043887,0.20637273117237526,0
ACCT_043892,0.0006715879439227778,0
ACCT_043905,0.00010147413323252264,0
ACCT_043908,0.0011143485069423685,0
ACCT_043911,0.00021942020467632177,0
ACCT_043912,0.618309022443041,0
ACCT_043926,0.0001892779314683059,0
ACCT_043927,0.06765782995689976,0
ACCT_043928,0.001421669936321482,0
ACCT_043930,0.0006726378954733863,0
ACCT_043944,5.48150254252918e-05,0
ACCT_043948,0.0003960284342776672,0
ACCT_043956,0.000551444227180429,0
ACCT_043958,0.44614535424124385,0
ACCT_043964,0.9605998554363342,1
ACCT_043979,0.0012844790503619252,0
ACCT_043981,0.004862025368101501,0
ACCT_043992,0.0008447280734044159,0
ACCT_043994,0.7856794444416776,0
ACCT_043995,0.00021546421967867286,0
ACCT_043998,9.960118464739256e-05,0
ACCT_044005,0.00019723395936622462,0
ACCT_044013,0.00112942429150746,0
ACCT_044014,6.86939638286934e-05,0
ACCT_044036,5.7899720943268906e-05,0
ACCT_044039,0.00048202191946809857,0
ACCT_044042,0.001548820704139698,0
ACCT_044051,0.00026076607681793114,0
ACCT_044066,0.0003857737274591856,0
ACCT_044103,0.0013450845520254066,0
ACCT_044105,0.004668169085593198,0
ACCT_044107,0.0007653784368643688,0
ACCT_044108,0.0032190145890306173,0
ACCT_044118,0.0025431446455535544,0
ACCT_044123,0.010443409771282176,0
ACCT_044124,0.0006744919737006027,0
ACCT_044126,0.02209674627700447,0
ACCT_044130,0.004169924490172181,0
ACCT_044134,0.003693707179461001,0
ACCT_044146,0.00045489143997724004,0
ACCT_044150,0.002831977273218315,0
ACCT_044151,0.010302003471295132,0
ACCT_044152,0.004929954224884585,0
ACCT_044167,0.0004897308550013846,0
ACCT_044172,0.9678827520819316,1
ACCT_044176,0.000117288878067309,0
ACCT_044210,0.00030116801894593004,0
ACCT_044216,0.002077763250535018,0
ACCT_044220,1.2242764775491707e-05,0
ACCT_044221,1.015794282757105e-05,0
ACCT_044240,0.00017976582727947946,0
ACCT_044256,0.001222051910391634,0
ACCT_044269,0.0003380170098674954,0
ACCT_044274,0.002116727968049097,0
ACCT_044289,0.002331411665313369,0
ACCT_044320,0.006299518645581585,0
ACCT_044321,9.142942343561307e-05,0
ACCT_044328,0.04079774534558112,0
ACCT_044338,0.042314395343100025,0
ACCT_044340,0.00010802814734482021,0
ACCT_044343,0.0001574934316816605,0
ACCT_044349,0.0004944162908079137,0
ACCT_044357,0.0014234498221827189,0
ACCT_044362,0.00012337406566771136,0
ACCT_044363,0.0001549850091791266,0
ACCT_044367,0.18584469704687484,0
ACCT_044374,0.00018593844119376216,0
ACCT_044391,0.0005226790895386231,0
ACCT_044393,0.000260010427535492,0
ACCT_044400,0.8190016260733003,1
ACCT_044406,0.0002649983510364504,0
ACCT_044415,0.00019593317528451948,0
ACCT_044423,0.001202231266016107,0
ACCT_044438,0.0008669853791963472,0
ACCT_044441,0.0002449223170980873,0
ACCT_044453,0.0003435494497109543,0
ACCT_044459,0.0012968846412702887,0
ACCT_044469,0.0057108940539345975,0
ACCT_044476,0.0006874150902544741,0
ACCT_044485,4.613906568106224e-05,0
ACCT_044488,0.000261862126399051,0
ACCT_044492,0.9764593678305861,1
ACCT_044503,0.004118497554575028,0
ACCT_044505,0.00040660237371812046,0
ACCT_044519,0.003937177408757916,0
ACCT_044524,0.020395025012454767,0
ACCT_044528,0.0009560752948216417,0
ACCT_044532,0.00271023714899138,0
ACCT_044538,0.0030975388921906785,0
ACCT_044561,0.001785215018176462,0
ACCT_044564,0.0006352411625002386,0
ACCT_044567,0.004985428255632195,0
ACCT_044576,0.17042122036434104,0
ACCT_044587,6.792074520352926e-05,0
ACCT_044590,0.001289859952587313,0
ACCT_044603,0.000662843982320122,0
ACCT_044612,0.024024321288642368,0
ACCT_044613,3.696808853347302e-05,0
ACCT_044626,0.01188222431767198,0
ACCT_044632,0.008273266105126369,0
ACCT_044647,0.004104699982445003,0
ACCT_044655,0.0016457274780548414,0
ACCT_044661,0.06606740049690682,0
ACCT_044662,0.003631338216171089,0
ACCT_044678,0.0011979339865296258,0
ACCT_044695,0.00024173014375070278,0
ACCT_044709,0.00044222363929523215,0
ACCT_044714,0.004804273424505374,0
ACCT_044720,0.00015865885258187624,0
ACCT_044742,0.0005129847604365739,0
ACCT_044743,3.85235826082435e-05,0
ACCT_044768,0.0003911446492300115,0
ACCT_044787,0.02575909262828371,0
ACCT_044788,0.28255268524377813,0
ACCT_044794,0.04351584965050018,0
ACCT_044796,0.0004886862067912834,0
ACCT_044804,0.005916983637629384,0
ACCT_044848,0.0004511191352446169,0
ACCT_044852,0.0036542620506882675,0
ACCT_044860,0.00014601104041397233,0
ACCT_044874,3.8329907530583443e-05,0
ACCT_044882,0.007690098475422812,0
ACCT_044892,6.214135975810755e-05,0
ACCT_044907,0.00030567798697261574,0
ACCT_044915,0.0865612588853998,0
ACCT_044924,0.006742005778459656,0
ACCT_044935,3.645074952655851e-05,0
ACCT_044953,0.003129870497781745,0
ACCT_044960,0.003850964056858287,0
ACCT_044961,0.0003323407411888973,0
ACCT_044963,1.8632671491836463e-05,0
ACCT_044971,0.02628218471450957,0
ACCT_044972,0.0009216310992267027,0
ACCT_044982,0.0005640046444838357,0
ACCT_044983,0.00166326898368478,0
ACCT_044986,0.00041575369829071723,0
ACCT_045007,0.0006787110775756018,0
ACCT_045023,7.27319325932704e-05,0
ACCT_045030,0.08149288132118779,0
ACCT_045034,0.009082225338225393,0
ACCT_045065,0.0048179095628144205,0
ACCT_045072,0.01752814626872735,0
ACCT_045073,0.001447657450568497,0
ACCT_045079,0.00031846639122527803,0
ACCT_045080,0.0001076118856539681,0
ACCT_045089,2.04752395680301e-05,0
ACCT_045093,0.001420197648551246,0
ACCT_045095,0.02448609254656024,0
ACCT_045096,3.92887244865876e-05,0
ACCT_045112,0.0009847890124928987,0
ACCT_045121,0.00023498844166880938,0
ACCT_045125,0.002162014353956228,0
ACCT_045140,0.0059557813005488265,0
ACCT_045164,0.0023440143546998474,0
ACCT_045171,2.4105179203418283e-05,0
ACCT_045183,0.00024689778341270937,0
ACCT_045187,0.0013072238199825126,0
ACCT_045196,0.0011946046689736804,0
ACCT_045202,0.000451103052200227,0
ACCT_045211,0.0001308634908992324,0
ACCT_045227,0.0027576190934457093,0
ACCT_045234,0.0008958092844166352,0
ACCT_045249,6.386145016094695e-05,0
ACCT_045254,0.002162164742729012,0
ACCT_045260,0.000470887467935848,0
ACCT_045273,0.0010213147685485013,0
ACCT_045284,0.02637006013656605,0
ACCT_045295,9.253263353256579e-05,0
ACCT_045302,0.0003783410767930797,0
ACCT_045310,0.0007010808827469546,0
ACCT_045311,0.00012196832166555654,0
ACCT_045313,0.00035585689852825006,0
ACCT_045322,3.652130046815422e-05,0
ACCT_045336,0.000830390545320788,0
ACCT_045345,0.003182039969995177,0
ACCT_045346,8.967082039822024e-06,0
ACCT_045375,5.861037593680873e-05,0
ACCT_045391,0.00037034114701404763,0
ACCT_045397,0.0021275138028430066,0
ACCT_045399,0.013044406776456609,0
ACCT_045403,0.0010986580955103886,0
ACCT_045411,0.013384277596471941,0
ACCT_045423,0.0004528245846846451,0
ACCT_045428,0.0035298462317476767,0
ACCT_045431,0.00040439283807963423,0
ACCT_045437,0.06361491835253447,0
ACCT_045443,0.02904862659013916,0
ACCT_045447,7.297980266570615e-06,0
ACCT_045450,0.02474014848292125,0
ACCT_045452,0.29956837800192976,0
ACCT_045456,0.0029072601688655856,0
ACCT_045512,0.00139113480498289,0
ACCT_045536,0.0010002700986046704,0
ACCT_045539,4.6561014996999726e-05,0
ACCT_045564,0.0007858022251294766,0
ACCT_045565,0.002498602668205158,0
ACCT_045567,4.68372797664146e-05,0
ACCT_045585,0.0016939461570090147,0
ACCT_045608,0.0005487374673872067,0
ACCT_045610,0.0028017003150399584,0
ACCT_045614,0.0022925361492860084,0
ACCT_045634,0.0035475907581140097,0
ACCT_045646,0.00011270351211932566,0
ACCT_045650,0.00748756730091289,0
ACCT_045686,0.00021471481939509287,0
ACCT_045689,0.004556106437517076,0
ACCT_045697,0.04364953183804067,0
ACCT_045706,2.4309537308050138e-05,0
ACCT_045707,0.0026394731259010915,0
ACCT_045725,0.030893028004542286,0
ACCT_045729,0.025986378863910798,0
ACCT_045731,7.195151563838108e-05,0
ACCT_045733,4.5571018148310506e-05,0
ACCT_045735,0.00037476065316267854,0
ACCT_045741,0.00014057080584176608,0
ACCT_045770,0.0013652863558466827,0
ACCT_045774,0.00026077107141871797,0
ACCT_045778,0.0013890110225725967,0
ACCT_045784,6.15766676666736e-05,0
ACCT_045788,0.0014663152875320565,0
ACCT_045799,0.0006862653631843616,0
ACCT_045822,0.0037496754559531395,0
ACCT_045837,0.002240897041851805,0
ACCT_045851,0.003572554177964635,0
ACCT_045859,0.0002792223987729923,0
ACCT_045870,0.00508741150086886,0
ACCT_045875,0.0022854230276714562,0
ACCT_045882,0.0008390011494017913,0
ACCT_045910,0.001474929777905561,0
ACCT_045911,0.0013762182657816055,0
ACCT_045916,0.003125453217358587,0
ACCT_045934,0.0009500765078695848,0
ACCT_045936,0.0027113087610876494,0
ACCT_045940,0.0001756545504382064,0
ACCT_045941,0.01961164459261497,0
ACCT_045942,0.005003283326923856,0
ACCT_045964,0.0007422986126269433,0
ACCT_045966,6.805765120840159e-05,0
ACCT_045975,0.0037085352455440805,0
ACCT_045984,0.001355187508689563,0
ACCT_045987,0.8863908602445191,0
ACCT_045988,0.01138020294140139,0
ACCT_045990,0.0016471108974417737,0
ACCT_045999,0.00014986756309882704,0
ACCT_046006,0.0005364655492368706,0
ACCT_046016,0.00437100474192139,0
ACCT_046022,0.0016147037345872845,0
ACCT_046062,5.609314143585092e-05,0
ACCT_046064,0.007194503243307084,0
ACCT_046067,0.0028788767773440956,0
ACCT_046075,0.0005578475547386902,0
ACCT_046079,0.13239195366776862,0
ACCT_046081,0.0015448072145313326,0
ACCT_046083,0.009164209241410879,0
ACCT_046088,0.003719217103281016,0
ACCT_046098,0.0001378472573283057,0
ACCT_046100,0.0003752167672881338,0
ACCT_046105,0.00028556112867378743,0
ACCT_046110,0.0017667169675465177,0
ACCT_046122,0.008664644039446317,0
ACCT_046125,6.906387979222352e-05,0
ACCT_046132,0.00023075313173005353,0
ACCT_046134,0.0032133550478176775,0
ACCT_046136,0.0014369029871629296,0
ACCT_046141,2.0713434111406314e-05,0
ACCT_046157,2.480722645131908e-05,0
ACCT_046163,0.00025883738982534604,0
ACCT_046166,0.00011389793150966533,0
ACCT_046174,0.0014746034557266657,0
ACCT_046184,0.0020574522738440564,0
ACCT_046190,0.005493197469124258,0
ACCT_046203,0.0036536804658058955,0
ACCT_046206,9.295614240846593e-05,0
ACCT_046233,0.0017633598815881683,0
ACCT_046237,0.0025457713379279066,0
ACCT_046238,2.6386145302151758e-05,0
ACCT_046246,0.00012339664306420544,0
ACCT_046247,0.0013101539379119316,0
ACCT_046265,0.0018583641934408744,0
ACCT_046268,0.00022569180419216057,0
ACCT_046296,0.008177029860208247,0
ACCT_046319,0.00011741834126035994,0
ACCT_046329,0.00012657777835670974,0
ACCT_046330,0.00675445536007703,0
ACCT_046342,0.05783756217490546,0
ACCT_046357,0.0003137802597877991,0
ACCT_046360,0.054187144355547945,0
ACCT_046371,0.000528632868031898,0
ACCT_046375,0.00019594927740295592,0
ACCT_046379,0.16540137346595446,1
ACCT_046410,0.0007361844816943915,0
ACCT_046411,0.00045070915659698824,0
ACCT_046439,0.0009644848673384159,0
ACCT_046441,0.0071970062457160046,0
ACCT_046456,0.0035662595414530066,0
ACCT_046486,0.29527703249727977,0
ACCT_046487,0.0019081365116772988,0
ACCT_046501,0.00038642178331688273,0
ACCT_046519,0.00026626401616444733,0
ACCT_046544,0.8124889096750397,1
ACCT_046548,0.036662577810703825,0
ACCT_046553,0.00013573642420474532,0
ACCT_046557,0.00044847644932963546,0
ACCT_046560,0.0012525592155403535,0
ACCT_046574,0.0015813288411884218,0
ACCT_046576,0.00022186457972222452,0
ACCT_046586,0.0015907440904283502,0
ACCT_046590,0.0035731779839502315,0
ACCT_046594,0.0020999316212729317,0
ACCT_046595,0.0021101435465394106,0
ACCT_046603,0.006200077288695827,0
ACCT_046606,0.017633058377113545,0
ACCT_046614,0.0008370771724211479,0
ACCT_046626,0.0008601099838251461,0
ACCT_046628,0.001283965839124544,0
ACCT_046631,0.0012444195090829848,0
ACCT_046665,0.07028710534748377,0
ACCT_046694,0.0008861061744499856,0
ACCT_046697,0.0664054229395222,0
ACCT_046701,0.0012764886164817232,0
ACCT_046715,0.009016176515942938,0
ACCT_046724,2.7127659421755965e-05,0
ACCT_046727,4.56856813175577e-05,0
ACCT_046733,0.01900650666354416,0
ACCT_046734,0.001422459367658095,0
ACCT_046738,0.0004687695962584824,0
ACCT_046750,0.001288196918666581,0
ACCT_046759,0.002605566847699505,0
ACCT_046770,0.005891579026111376,0
ACCT_046773,8.925727358885974e-05,0
ACCT_046779,0.007849943127532384,0
ACCT_046786,0.00026242782008964346,0
ACCT_046790,0.000772159344499859,0
ACCT_046793,0.000252624557738672,0
ACCT_046802,0.0016505606262975472,0
ACCT_046806,0.012158864122891506,0
ACCT_046808,0.00013302302503356205,0
ACCT_046824,0.015498779201182727,0
ACCT_046826,0.0022746488817318566,0
ACCT_046831,0.019421744084867486,0
ACCT_046838,0.0010615809505127992,0
ACCT_046840,0.009416293011399854,0
ACCT_046889,0.00014081968953327546,0
ACCT_046890,0.00010246103958245714,0
ACCT_046896,2.549109422991236e-05,0
ACCT_046902,0.00017806837364593567,0
ACCT_046903,0.006398982125930714,0
ACCT_046913,0.00015243740746300374,0
ACCT_046923,0.0852168674160699,0
ACCT_046925,0.012146038324697999,0
ACCT_046929,0.0013896311806464508,0
ACCT_046932,0.00020446705621139318,0
ACCT_046935,0.051511722897242006,0
ACCT_046953,0.04284774597635303,0
ACCT_046956,9.93633227936126e-05,0
ACCT_046968,0.0006342608248255829,0
ACCT_046974,0.001278353116579842,0
ACCT_046977,0.002557828551648515,0
ACCT_046986,0.00013817874924633853,0
ACCT_047002,0.00010520613659251755,0
ACCT_047003,0.020989087445931292,0
ACCT_047014,0.0001634452168806297,0
ACCT_047020,0.0028314386714275498,0
ACCT_047034,0.0035050404722618725,0
ACCT_047049,0.0003177487517321331,0
ACCT_047059,0.0015729555860371646,0
ACCT_047063,0.0004016370229382011,0
ACCT_047074,0.001853139686963566,0
ACCT_047076,0.000832233768230284,0
ACCT_047077,0.0011227409465103598,0
ACCT_047088,0.0020982972841346124,0
ACCT_047096,0.005381583789663098,0
ACCT_047110,9.265297229438421e-05,0
ACCT_047117,0.003911097030337623,0
ACCT_047129,0.0009274768777492881,0
ACCT_047130,0.001220291104117587,0
ACCT_047145,0.02142143906088009,0
ACCT_047150,0.003146252664241896,0
ACCT_047157,0.0005719937311537871,0
ACCT_047167,0.00047779757432305826,0
ACCT_047177,0.0009407934564782767,0
ACCT_047178,0.0022382631458829016,0
ACCT_047179,0.0002699303084874546,0
ACCT_047186,0.01612190218795086,0
ACCT_047195,2.3687562238741724e-05,0
ACCT_047197,0.0006075667151291513,0
ACCT_047208,2.2758862210520508e-05,0
ACCT_047210,0.005904981507383561,0
ACCT_047215,0.002984788576385886,0
ACCT_047216,0.0024524068528084656,0
ACCT_047217,1.0851700040551568e-05,0
ACCT_047218,0.00019136079564807147,0
ACCT_047223,0.004002871302002627,0
ACCT_047226,0.004943255508860497,0
ACCT_047243,0.003849579964747402,0
ACCT_047246,0.00015884572200620443,0
ACCT_047253,0.009531776387220697,0
ACCT_047255,0.012261936371936972,0
ACCT_047259,0.00024359414664644995,0
ACCT_047268,0.0006978517533500148,0
ACCT_047274,0.09222310798635831,0
ACCT_047276,0.00012157113758519913,0
ACCT_047284,0.0018330789703080504,0
ACCT_047285,0.002735574153996051,0
ACCT_047288,5.0469563686730106e-05,0
ACCT_047289,0.00024380252295076,0
ACCT_047290,0.0010758927274945656,0
ACCT_047296,0.0016571602557293188,0
ACCT_047302,0.005532469498714646,0
ACCT_047317,0.00023530924914814968,0
ACCT_047333,0.0021359790535506566,0
ACCT_047336,0.0038971805355650624,0
ACCT_047345,0.0015543145026385692,0
ACCT_047369,0.0001356335256781007,0
ACCT_047397,0.011736319171583161,0
ACCT_047408,0.0015235938750665927,0
ACCT_047411,0.0013821006321193734,0
ACCT_047413,0.0031847778192528988,0
ACCT_047421,0.00023274168701562477,0
ACCT_047423,0.004824405894307268,0
ACCT_047428,0.0006774779182088037,0
ACCT_047430,0.0007348697763617717,0
ACCT_047432,0.03437498990068312,0
ACCT_047443,0.06848930917929714,0
ACCT_047448,0.00011896266410673513,0
ACCT_047450,0.0023161184504815837,0
ACCT_047454,0.00019764771685362,0
ACCT_047478,0.00013532384108676216,0
ACCT_047481,7.306287141474492e-06,0
ACCT_047495,0.018454368166378597,0
ACCT_047497,0.00021629703596854718,0
ACCT_047500,0.00033872215195275416,0
ACCT_047511,0.0003976476079652932,0
ACCT_047515,0.0027461789396759392,0
ACCT_047523,0.04472914615993265,0
ACCT_047536,0.0015094209452814337,0
ACCT_047538,6.170188398275689e-05,0
ACCT_047547,0.010651060311316492,0
ACCT_047551,0.0005007015692497446,0
ACCT_047557,0.0004026831185812145,0
ACCT_047576,0.002697248267544951,0
ACCT_047579,0.0006530904775213137,0
ACCT_047585,0.0981998828150728,0
ACCT_047589,0.00016321796268480498,0
ACCT_047591,0.004366045329217268,0
ACCT_047592,0.0001574178575105478,0
ACCT_047597,0.0029266291558222033,0
ACCT_047598,0.0005017664596018518,1
ACCT_047603,0.000614072786040892,0
ACCT_047610,0.0002645701161707784,0
ACCT_047617,0.000582299344896598,0
ACCT_047618,0.0009167148737565577,0
ACCT_047620,3.12621333001442e-05,0
ACCT_047622,0.0013795624527436535,0
ACCT_047631,0.00027219843688526866,0
ACCT_047635,0.002825431746903788,0
ACCT_047642,0.04012810793987045,0
ACCT_047648,0.0006222147987198486,0
ACCT_047662,0.0027209995206043166,0
ACCT_047670,0.0028214547625335182,0
ACCT_047692,0.0006465184284291984,0
ACCT_047693,0.000654522151648409,0
ACCT_047695,3.4787584173145435e-05,0
ACCT_047704,0.11499526555387989,0
ACCT_047706,0.0002379882452770652,0
ACCT_047709,9.855150534083088e-05,0
ACCT_047724,0.0010603466097289964,0
ACCT_047728,0.000531831049959332,0
ACCT_047729,0.001246007892317756,0
ACCT_047732,0.0002838421753520976,0
ACCT_047743,0.00024889819254288485,0
ACCT_047746,0.0009888587630372976,0
ACCT_047752,0.00043521454457455387,0
ACCT_047757,2.2685271847067383e-05,0
ACCT_047758,0.001316159226673364,0
ACCT_047767,0.019252184222633573,0
ACCT_047770,0.024206096779688838,0
ACCT_047786,0.0016584972729424754,0
ACCT_047817,0.03173092596574626,0
ACCT_047823,0.003925856315260135,0
ACCT_047832,0.000564673363208267,0
ACCT_047853,4.179628099142952e-05,0
ACCT_047869,0.0004362010865433212,0
ACCT_047876,0.0005393940447178658,0
ACCT_047879,0.0003818783674373144,0
ACCT_047895,0.0053571066149557985,0
ACCT_047902,0.0004647482452373101,0
ACCT_047905,8.300340592256305e-05,0
ACCT_047911,0.0001232512201742895,0
ACCT_047924,0.0011369803473375267,0
ACCT_047946,0.0006437499195425753,0
ACCT_047954,0.04371363422727158,0
ACCT_047967,0.00025041573776089766,0
ACCT_047969,2.872992796828326e-05,0
ACCT_047975,0.0003367767025342799,0
ACCT_047982,0.00013510253371930766,0
ACCT_047986,0.00041432609026090993,0
ACCT_048003,0.00020420143939467976,0
ACCT_048021,0.02702643279281953,0
ACCT_048024,0.0038835938683027204,0
ACCT_048026,0.011507036137745919,0
ACCT_048027,0.0007954177762167791,0
ACCT_048035,0.0001423719979629105,0
ACCT_048050,0.021123049166624476,0
ACCT_048062,0.006231965601939622,0
ACCT_048081,0.009830331643084488,0
ACCT_048092,0.0026740768802465246,0
ACCT_048119,0.0002609447754609909,0
ACCT_048132,0.20928632534705657,0
ACCT_048133,0.0042198026077292835,0
ACCT_048135,0.03891776285471773,0
ACCT_048140,0.19456680912527663,0
ACCT_048153,0.06769011276540884,0
ACCT_048155,6.583304662041251e-06,0
ACCT_048158,0.00019916999462759417,0
ACCT_048166,0.0009326221760640265,0
ACCT_048173,0.003725907968378628,0
ACCT_048183,0.0003910804859450504,0
ACCT_048186,0.0003140007173870167,0
ACCT_048196,0.0002376790456410514,0
ACCT_048197,0.0012185660102894092,0
ACCT_048204,0.00010074030155636906,0
ACCT_048211,0.00793912124822004,0
ACCT_048215,0.0011018440699647955,0
ACCT_048229,0.00229184134336346,0
ACCT_048238,0.0012325902561284424,0
ACCT_048248,0.0005675375188299007,0
ACCT_048255,5.330417496390559e-05,0
ACCT_048257,0.00017205049768180355,0
ACCT_048264,0.00014055985510436916,0
ACCT_048270,0.012426265641368742,0
ACCT_048278,8.855437005267295e-05,0
ACCT_048295,0.0270472077856491,0
ACCT_048301,0.0011903384984774967,0
ACCT_048304,0.0022759238936448534,0
ACCT_048307,0.028905740042636872,0
ACCT_048319,0.00037643742576969465,0
ACCT_048338,5.14683324118158e-05,0
ACCT_048348,0.0002551411687833428,0
ACCT_048350,0.000248797427807137,0
ACCT_048371,0.0014100830890309193,0
ACCT_048382,0.00040951700202795807,0
ACCT_048387,0.00043188586371392147,0
ACCT_048391,0.001792396247871587,0
ACCT_048400,0.00013664958332443704,0
ACCT_048408,9.036902540212863e-05,0
ACCT_048412,0.20884681459814816,0
ACCT_048430,0.00022136699959465794,0
ACCT_048431,7.710449743312968e-05,0
ACCT_048438,0.043726605508968217,1
ACCT_048445,0.00544636854372772,0
ACCT_048454,9.284244293431592e-05,0
ACCT_048456,0.00683996754639269,0
ACCT_048459,0.00012665203953323283,0
ACCT_048465,6.521920348574872e-05,0
ACCT_048468,9.156931149556501e-06,0
ACCT_048473,0.004758975395109975,0
ACCT_048492,1.2224518066068459e-05,0
ACCT_048496,9.775129737478007e-05,0
ACCT_048500,5.4195219075619196e-05,0
ACCT_048502,0.0016151038054907211,0
ACCT_048507,0.006863327771238051,0
ACCT_048509,0.0001797582069324172,0
ACCT_048512,0.0008173254154296485,0
ACCT_048515,0.0037856230735256392,0
ACCT_048524,0.0018696603910018472,0
ACCT_048540,0.0012618214495290173,0
ACCT_048544,0.002573136410706744,0
ACCT_048548,0.00043774704831943753,0
ACCT_048565,9.536209804707838e-05,0
ACCT_048584,0.003067863505991968,0
ACCT_048599,0.023471402336530257,0
ACCT_048605,0.0016650785402401657,0
ACCT_048606,0.01407375303669281,0
ACCT_048612,0.00022237540613346252,0
ACCT_048614,0.0025646197504637126,0
ACCT_048615,0.00041274846179570416,0
ACCT_048621,0.003047580265329316,0
ACCT_048648,0.0030358941826610984,0
ACCT_048651,4.2577965872391795e-05,0
ACCT_048657,0.00012261247083616611,0
ACCT_048659,0.0014358296286651323,0
ACCT_048661,0.1511714558832437,0
ACCT_048666,0.00017434891757974987,0
ACCT_048681,0.0006562799839726068,0
ACCT_048686,0.000756771012746621,0
ACCT_048703,0.009337542108173181,0
ACCT_048736,0.00032794685041658445,0
ACCT_048761,0.001049477345881338,0
ACCT_048772,0.0014568502943046076,0
ACCT_048777,0.00011580010969518144,0
ACCT_048781,0.004569621172011217,0
ACCT_048782,0.000932713707986619,0
ACCT_048785,0.0016401733540904856,0
ACCT_048787,0.10767652711483343,0
ACCT_048796,0.00013249686372171282,0
ACCT_048797,0.004040955065262506,0
ACCT_048799,5.9917351761610667e-05,0
ACCT_048815,0.0001005840214667323,0
ACCT_048817,0.0036696696397362076,0
ACCT_048823,0.0009455494695976472,0
ACCT_048835,0.0002296847211592079,0
ACCT_048840,0.025511335624906824,0
ACCT_048853,0.005470385949764029,0
ACCT_048854,0.0011769028144671468,0
ACCT_048855,0.03444360363215225,0
ACCT_048860,0.000551914686217858,0
ACCT_048870,0.0011464162055169873,0
ACCT_048876,5.010950307747327e-06,0
ACCT_048883,0.0009126761239165622,0
ACCT_048907,7.889337974463274e-06,0
ACCT_048936,1.989719264309368e-05,0
ACCT_048943,0.012607028716728778,0
ACCT_048947,0.00029855068947021494,0
ACCT_048959,0.0008363856060485089,0
ACCT_048966,0.0017773326161416123,0
ACCT_048985,0.0049672258864611515,0
ACCT_048991,0.0003317469505059496,0
ACCT_049002,9.033157163498037e-05,0
ACCT_049013,0.002526441387151133,0
ACCT_049015,2.3791271470991323e-05,0
ACCT_049033,0.00010402598576380802,0
ACCT_049036,2.805447123925295e-05,0
ACCT_049041,0.00229327875910894,0
ACCT_049049,0.45049570194564176,0
ACCT_049050,5.4607255336606534e-05,0
ACCT_049078,0.0008789806390735955,0
ACCT_049081,0.002645051473732447,0
ACCT_049083,0.00011494049590458785,0
ACCT_049086,8.46744475027728e-05,0
ACCT_049096,0.0040238856824111255,0
ACCT_049112,0.0010554405940440832,0
ACCT_049125,0.9438961784568235,1
ACCT_049137,0.001391023914666453,0
ACCT_049142,0.004279512891010452,0
ACCT_049152,0.0062296426505963655,0
ACCT_049172,3.4870264023890875e-05,0
ACCT_049174,0.007973747291213177,0
ACCT_049182,0.0024088243807319993,0
ACCT_049186,0.0017579670954065508,0
ACCT_049188,0.016741584015461854,0
ACCT_049192,0.0019109912599920573,0
ACCT_049198,5.9702946687115805e-06,0
ACCT_049226,0.00018515518647281137,0
ACCT_049237,0.0013070835412421309,0
ACCT_049247,0.00021296586790416498,0
ACCT_049261,0.00415584188691415,0
ACCT_049264,5.0547390807222245e-05,0
ACCT_049275,0.00012623994642049037,0
ACCT_049277,0.00010375487062268654,0
ACCT_049285,0.00010704418833985565,0
ACCT_049304,3.533161006458746e-05,0
ACCT_049306,0.6809614942023674,0
ACCT_049316,0.00012389409313039922,0
ACCT_049319,9.971852302112384e-05,0
ACCT_049325,0.00010860790328431144,0
ACCT_049334,0.061468771045837985,0
ACCT_049346,0.0030410861390616577,0
ACCT_049353,0.5280874215708055,0
ACCT_049355,0.027480841429163162,0
ACCT_049358,0.0011295710005030004,0
ACCT_049363,0.005373481105584914,0
ACCT_049366,0.3211913366739591,0
ACCT_049368,0.4846623941374203,0
ACCT_049372,0.0010143333510127884,0
ACCT_049380,0.0006473756209846074,0
ACCT_049382,0.002100620166602037,0
ACCT_049387,0.004072792838037336,0
ACCT_049390,0.007253040114057482,0
ACCT_049394,0.00015028289934291398,0
ACCT_049402,5.861570785977788e-05,0
ACCT_049403,0.00026187936560406966,0
ACCT_049423,0.0036825025795075134,0
ACCT_049447,0.024477777202392723,0
ACCT_049448,0.004988048666872537,0
ACCT_049459,0.022336850165503328,0
ACCT_049464,0.023116359528470805,0
ACCT_049466,0.0036960922153760067,0
ACCT_049473,0.002556009222337809,0
ACCT_049477,0.010955919201398179,0
ACCT_049480,0.00042286734284208003,0
ACCT_049482,0.010245804691086616,0
ACCT_049484,0.0006583880765066117,0
ACCT_049491,0.00028449376689426107,0
ACCT_049498,0.012081092092339527,0
ACCT_049515,0.0003797081694547442,0
ACCT_049516,0.0026084320711243854,0
ACCT_049522,0.001232801229011764,0
ACCT_049526,0.0031874233994432714,0
ACCT_049527,0.0028679845482243254,0
ACCT_049532,0.8500179165084482,0
ACCT_049543,0.5902171391560195,1
ACCT_049557,0.025333661365028667,0
ACCT_049559,0.0056633840077709606,0
ACCT_049561,0.0008600601679403298,0
ACCT_049582,0.02137114727171316,0
ACCT_049585,0.22152474595961014,0
ACCT_049587,1.901520232156454e-05,0
ACCT_049595,0.012671228130295774,0
ACCT_049606,0.03340406548314113,0
ACCT_049617,0.00036034486649245295,0
ACCT_049626,0.002136501515129689,0
ACCT_049631,0.005616410018195713,0
ACCT_049635,0.002471989855431978,0
ACCT_049647,0.0036607371532204787,0
ACCT_049649,0.004504583986991824,0
ACCT_049665,0.025834827261054693,0
ACCT_049668,0.0008987294155490594,0
ACCT_049669,0.0003146618997799476,0
ACCT_049671,0.004666899611943375,0
ACCT_049677,0.0024607647956174207,0
ACCT_049678,0.00902644555460135,0
ACCT_049679,0.00043835021309747516,0
ACCT_049680,0.0007465737661467207,0
ACCT_049686,0.028190789366011496,0
ACCT_049689,0.0006004604033920956,0
ACCT_049694,3.5823938387290526e-05,0
ACCT_049715,0.030701508183198858,0
ACCT_049720,0.003673094881271346,0
ACCT_049725,4.704870940914977e-05,0
ACCT_049734,0.000991489240385806,0
ACCT_049761,6.4799973550451024e-06,0
ACCT_049763,0.0006490810899231661,0
ACCT_049769,0.0002617024565631199,0
ACCT_049788,0.0007149347045308229,0
ACCT_049799,0.000340074557289256,0
ACCT_049802,0.0018979216223995944,0
ACCT_049805,0.01935680942262639,0
ACCT_049806,0.03900131863029307,0
ACCT_049819,0.0017835735248673001,0
ACCT_049821,0.0003826150731991184,0
ACCT_049825,0.012585592672791766,0
ACCT_049840,0.05610299651865891,0
ACCT_049855,0.001265105398820771,0
ACCT_049860,0.00044216073367951345,0
ACCT_049861,0.0022745975681705494,0
ACCT_049878,0.0005196315995975009,0
ACCT_049882,0.002178077867421413,0
ACCT_049887,0.00035435802793277094,0
ACCT_049895,0.00017864584077305183,0
ACCT_049896,0.0001089817949820287,0
ACCT_049908,0.02987468453268588,0
ACCT_049910,0.00010049454771168875,0
ACCT_049922,7.19132728834979e-05,0
ACCT_049923,0.0004334103918371334,0
ACCT_049925,0.030560883108507512,0
ACCT_049937,0.0017594555946666682,0
ACCT_049938,5.395146926514583e-05,0
ACCT_049946,2.771138887122263e-05,0
ACCT_049957,0.0038362505076578197,0
ACCT_049959,0.0006619543812721565,0
ACCT_049963,0.0007238027924200141,0
ACCT_049975,0.004820308347864015,0
ACCT_049981,0.004103675107247691,0
ACCT_049993,0.007125470259693999,0
ACCT_049994,0.004167440150313772,0
ACCT_050001,0.00030703762548942633,0
ACCT_050005,0.014517445445528467,0
ACCT_050013,0.0016695527861146596,0
ACCT_050020,0.0035645484053251375,0
ACCT_050022,0.009847583616401593,0
ACCT_050058,0.005415663993136883,0
ACCT_050062,0.1064974928872517,0
ACCT_050068,0.0250502592140147,0
ACCT_050081,0.00019713018709278284,0
ACCT_050082,0.00013214002419527487,0
ACCT_050086,0.00020764056505140113,0
ACCT_050096,0.017673423794017224,0
ACCT_050106,0.0003125555667475868,0
ACCT_050115,5.670504622317762e-05,0
ACCT_050119,0.03386591678637729,0
ACCT_050121,7.160593235624732e-05,0
ACCT_050123,0.0017412281363706748,0
ACCT_050124,0.01577011428179052,0
ACCT_050135,0.5959579679797772,1
ACCT_050147,0.0019495948717554996,0
ACCT_050149,0.17081079412891165,0
ACCT_050153,0.02441518766821743,0
ACCT_050165,0.0021363387856942564,0
ACCT_050180,0.00016395982295029713,0
ACCT_050183,0.0002572422992599891,0
ACCT_050216,0.00027857746116098284,0
ACCT_050223,0.020962857352705148,0
ACCT_050227,0.00014834405807997292,0
ACCT_050232,0.0038698425096927603,0
ACCT_050240,0.044427592368745626,0
ACCT_050247,0.001472038357525086,0
ACCT_050266,7.804272612210702e-05,0
ACCT_050267,9.688879050554298e-06,0
ACCT_050272,0.014597247077026906,0
ACCT_050275,0.0002191942655979362,0
ACCT_050276,0.0059077332230471945,0
ACCT_050277,3.811931773225748e-05,0
ACCT_050308,0.0003695100266560226,0
ACCT_050309,5.013020279317524e-05,0
ACCT_050311,0.0006638228830397961,0
ACCT_050326,0.0011982875851646042,0
ACCT_050328,0.0001639127221113451,0
ACCT_050331,0.0009411926184170508,0
ACCT_050343,0.002861300911127088,0
ACCT_050345,0.00032182384843331357,0
ACCT_050346,0.0026821781107329488,0
ACCT_050356,0.0003969084288232449,0
ACCT_050362,0.00011017956907508278,0
ACCT_050370,0.00019848388188186794,0
ACCT_050374,0.007583874473450778,0
ACCT_050387,9.712190406882402e-05,0
ACCT_050390,0.008422754685640606,0
ACCT_050392,0.001898275233093685,0
ACCT_050398,0.004602319024784634,0
ACCT_050403,0.00015689533260161692,0
ACCT_050414,2.0861621522251843e-05,0
ACCT_050420,0.01831892913807918,0
ACCT_050429,0.001201339011830992,0
ACCT_050430,0.0008332705475849792,0
ACCT_050434,0.035650875201455955,0
ACCT_050436,0.0028248611025926355,0
ACCT_050437,0.00031671287930696673,0
ACCT_050438,0.0014304891089392915,0
ACCT_050446,0.007766503810411228,0
ACCT_050456,0.5716124401887077,1
ACCT_050458,7.202808746886236e-05,0
ACCT_050465,0.0002264077034344945,0
ACCT_050471,0.003290284466438689,0
ACCT_050475,0.013752255608472158,0
ACCT_050507,8.911179311037946e-05,0
ACCT_050508,0.005616179132938485,0
ACCT_050523,0.00011081182554736435,0
ACCT_050524,0.00013724062278488332,0
ACCT_050532,0.00010982364378039044,0
ACCT_050544,0.0011706467757244482,0
ACCT_050545,0.010915572944734145,0
ACCT_050549,0.000739969700745619,0
ACCT_050557,9.708087717438559e-05,0
ACCT_050558,0.0021722560084593994,0
ACCT_050573,5.387055471404627e-05,0
ACCT_050578,0.0002888608199160436,0
ACCT_050581,0.00014362668823044908,0
ACCT_050583,0.0009288112396008653,0
ACCT_050589,0.012449401497249834,0
ACCT_050601,0.002627189702815395,0
ACCT_050605,0.002767669968996121,0
ACCT_050607,0.00010606931273008496,0
ACCT_050617,0.12644824479890696,0
ACCT_050620,0.0058025523257458226,0
ACCT_050631,0.00041040984362803145,0
ACCT_050633,0.002530861980526623,0
ACCT_050640,0.00012148633421045838,0
ACCT_050642,0.00023256999886426977,0
ACCT_050653,0.001028643428434163,0
ACCT_050662,0.0006716775293794302,0
ACCT_050666,8.218636751130067e-06,0
ACCT_050678,0.005254829807331773,0
ACCT_050684,0.0008062972613906833,0
ACCT_050690,0.0014654904291775178,0
ACCT_050696,8.346423724496656e-05,0
ACCT_050718,0.0010402548130521731,0
ACCT_050725,0.00010376446309063933,0
ACCT_050726,0.4640379307472081,0
ACCT_050749,0.00010340940776230377,0
ACCT_050755,0.0005431718079786173,0
ACCT_050757,0.00027265226263395974,0
ACCT_050765,0.003677274922734442,0
ACCT_050767,0.0022413189559789323,0
ACCT_050768,0.0012888434615168554,0
ACCT_050774,0.0007601676693530918,0
ACCT_050779,0.0001059041821324411,0
ACCT_050791,0.00016330736564893142,0
ACCT_050796,0.00183900946269364,0
ACCT_050815,0.0010715530782646197,0
ACCT_050821,0.0033299788449577825,0
ACCT_050823,0.0004524770612264388,0
ACCT_050826,0.005340203343969833,0
ACCT_050836,0.0034239598777274075,0
ACCT_050846,0.0001456857508726554,0
ACCT_050858,0.013032720597319065,0
ACCT_050864,0.009631266961929343,0
ACCT_050868,6.073732321780714e-05,0
ACCT_050873,0.00016718066699344418,0
ACCT_050874,0.0007616020639457437,0
ACCT_050879,0.035190403696176084,0
ACCT_050895,6.053589077252393e-05,0
ACCT_050911,0.0001964699310434916,0
ACCT_050915,1.903867145675693e-05,0
ACCT_050919,0.003990549361197935,0
ACCT_050936,0.8137537196572573,0
ACCT_050940,0.0018090085715558519,0
ACCT_050942,0.00017531259284633122,0
ACCT_050957,0.006423266016558261,0
ACCT_050960,0.0003929683420174643,0
ACCT_050969,0.0015077779428325632,0
ACCT_050971,2.6382547403851827e-06,0
ACCT_050984,0.002823016565515439,0
ACCT_050990,0.0002375552198323156,0
ACCT_050992,0.013371430361077862,0
ACCT_051000,0.00010187226552543255,0
ACCT_051003,0.0034922667056123077,0
ACCT_051011,0.00034702470754055824,0
ACCT_051023,0.0009097319794657835,0
ACCT_051024,0.00038096664060637903,0
ACCT_051042,1.922790448000721e-05,0
ACCT_051052,0.00019892025411117196,0
ACCT_051062,6.929490016021804e-05,0
ACCT_051068,0.13580509020545523,0
ACCT_051083,0.0008549095229528756,0
ACCT_051089,0.14852901279957104,0
ACCT_051090,0.008923547067890789,0
ACCT_051098,0.0005747602003342106,0
ACCT_051132,0.03561183908312735,0
ACCT_051133,0.0013145927438222924,0
ACCT_051148,0.0025701396981333015,0
ACCT_051149,0.0003999410658749456,0
ACCT_051151,0.00028720473329333653,0
ACCT_051162,0.02521274313384303,0
ACCT_051194,0.013038119020632165,0
ACCT_051195,0.00012029076765898049,0
ACCT_051198,0.0019513913624059273,0
ACCT_051207,0.0010101792764771033,0
ACCT_051208,0.3088727617249295,1
ACCT_051216,0.004407103627074981,0
ACCT_051220,0.00034725576623263716,0
ACCT_051225,0.0007494613869736382,0
ACCT_051229,0.036755310204008365,0
ACCT_051230,0.016059143132719306,0
ACCT_051235,0.000301288361172907,0
ACCT_051236,0.015470668701077729,0
ACCT_051245,0.0007880260445056222,0
ACCT_051246,3.296074310660262e-05,0
ACCT_051249,0.004334156154361487,0
ACCT_051259,0.00013608754950494742,0
ACCT_051261,0.0069225166796068865,0
ACCT_051277,0.5518231517940825,0
ACCT_051285,0.00099063734948039,0
ACCT_051287,0.00026580554521616066,0
ACCT_051294,0.03692855016630797,0
ACCT_051308,0.0012599751509749881,0
ACCT_051324,0.0014332192739882489,0
ACCT_051339,0.23654082905427054,1
ACCT_051343,0.004297507050152907,0
ACCT_051367,0.00020781107386802413,0
ACCT_051374,0.00016623139293108548,0
ACCT_051379,0.004584969564435201,0
ACCT_051393,0.0006977048194746736,0
ACCT_051397,0.004322068548687447,0
ACCT_051399,0.0056184965847392455,0
ACCT_051404,0.0006367024693107655,0
ACCT_051416,0.00026440833844803787,0
ACCT_051420,0.030290227003984187,0
ACCT_051448,0.0001671104109494517,0
ACCT_051453,0.001550438880888659,0
ACCT_051455,0.023326068813923347,0
ACCT_051462,0.0004409987081266657,0
ACCT_051469,0.0009470201936380828,0
ACCT_051495,0.005075411440899223,0
ACCT_051497,0.008411592301000683,0
ACCT_051514,0.001066222686670614,0
ACCT_051521,0.0003586475608910484,0
ACCT_051529,0.00033555424875144615,0
ACCT_051536,0.002564735415708592,0
ACCT_051546,0.001441205053773493,0
ACCT_051552,0.010243402812061353,0
ACCT_051571,0.0013199155470695317,0
ACCT_051585,0.0010853346251986581,0
ACCT_051586,0.005754071480426514,0
ACCT_051606,0.0027413616696697627,0
ACCT_051610,0.003963291709178048,0
ACCT_051611,0.02164901746527777,0
ACCT_051620,0.00019497599389308842,0
ACCT_051628,0.0015756862376114344,0
ACCT_051629,0.0008622914844280656,0
ACCT_051636,0.01427650744690022,0
ACCT_051658,0.0016319301524597703,0
ACCT_051660,0.0022026785158796094,0
ACCT_051662,0.0019478323494525965,0
ACCT_051666,0.0008001420089501801,0
ACCT_051667,0.001214803890658617,0
ACCT_051668,3.8352003931441525e-05,0
ACCT_051682,0.0002400050947047869,0
ACCT_051685,0.0071303074190795495,0
ACCT_051693,0.0005340484889676519,0
ACCT_051695,0.00016921529767154275,0
ACCT_051701,0.0008792401382910425,0
ACCT_051705,0.0004352248119081619,0
ACCT_051709,0.0006498784541613291,0
ACCT_051716,0.0005422189757546429,0
ACCT_051721,0.0144871406127157,1
ACCT_051732,0.00010599783759129547,0
ACCT_051748,0.0008123732337367159,0
ACCT_051755,0.002901601905439591,0
ACCT_051762,0.0008340617800637786,0
ACCT_051763,0.0006945855834133783,0
ACCT_051770,0.0021223132352298246,0
ACCT_051772,0.005207566899644355,0
ACCT_051775,0.008176005221354123,0
ACCT_051777,0.002426033648542076,0
ACCT_051798,0.014440346544269003,0
ACCT_051805,0.011740286019170288,0
ACCT_051815,0.0011261297805684502,0
ACCT_051831,0.005230456043295235,0
ACCT_051833,0.010164735185217664,0
ACCT_051842,0.0010545745362230323,0
ACCT_051843,0.008132425304129212,0
ACCT_051848,0.0001359300765306957,0
ACCT_051852,4.897481854154677e-05,0
ACCT_051868,0.017187241936019282,0
ACCT_051869,0.0017290112820245798,0
ACCT_051900,0.008905732602466545,0
ACCT_051905,0.0008424357098804068,0
ACCT_051917,0.06091836808291218,0
ACCT_051930,0.01540159058354923,0
ACCT_051935,0.005149091087221266,0
ACCT_051938,0.0014534309296385232,0
ACCT_051942,0.00013018446154226088,0
ACCT_051948,0.0001232538688223336,0
ACCT_051954,0.0017759703216693634,0
ACCT_051955,0.00029440941505749784,0
ACCT_051960,0.0001815626159454144,0
ACCT_051976,0.0006493130334936257,0
ACCT_051978,0.009723869950168024,0
ACCT_051983,0.005840006567771165,0
ACCT_052001,0.00014062856899109467,0
ACCT_052010,0.0064114024074298686,0
ACCT_052013,0.0005176762666941011,0
ACCT_052023,0.0007359752557442638,0
ACCT_052028,0.0004974931265447161,0
ACCT_052042,0.0009749797048425849,0
ACCT_052047,0.0019303192934159979,0
ACCT_052065,0.00019106236054079303,0
ACCT_052066,0.008243679818247989,0
ACCT_052069,0.0005351923512837051,0
ACCT_052070,0.014234220754486916,0
ACCT_052079,0.0005997517787115362,0
ACCT_052093,0.0003469251480361527,0
ACCT_052096,0.0005965696572285957,0
ACCT_052107,0.2070342676754263,0
ACCT_052108,0.00019948955741251286,0
ACCT_052119,7.389806843070739e-05,0
ACCT_052140,0.006113340879546366,0
ACCT_052157,0.0004098183215081341,0
ACCT_052166,0.0009528914055901051,0
ACCT_052167,0.0033414050324218005,0
ACCT_052168,0.0002574959806661406,0
ACCT_052189,0.0011531984665071088,0
ACCT_052206,0.00016762760822032846,0
ACCT_052211,0.0016728398964441303,0
ACCT_052219,0.0018879715905554663,0
ACCT_052228,6.00384905412217e-05,0
ACCT_052230,0.9015992002873551,1
ACCT_052241,0.002259133003712663,0
ACCT_052261,0.0014097909419259057,0
ACCT_052272,0.00038991651041385444,0
ACCT_052277,0.00014816861763040267,0
ACCT_052278,0.007688522087378475,0
ACCT_052296,0.00018567013242497266,0
ACCT_052300,0.00018252970765564287,0
ACCT_052305,0.0016446436865390542,0
ACCT_052309,0.0004658770256290974,0
ACCT_052310,6.707270626706382e-05,0
ACCT_052313,3.8031104663291127e-06,0
ACCT_052320,0.719822118291442,0
ACCT_052322,0.004411600328277178,0
ACCT_052330,2.826721463065365e-05,0
ACCT_052336,0.0007890633338323987,0
ACCT_052338,0.0004079783309092131,0
ACCT_052344,0.005401379024213804,0
ACCT_052347,0.00028117067188786833,0
ACCT_052367,0.0013883982033275396,0
ACCT_052374,0.02857445928934474,0
ACCT_052378,0.00010868260535910474,0
ACCT_052388,0.0004934779573610129,0
ACCT_052395,0.005308998318465388,0
ACCT_052402,0.001746278086715822,0
ACCT_052412,0.003430536947208639,0
ACCT_052436,0.9484303096751061,1
ACCT_052441,0.003983541378293746,0
ACCT_052442,6.762184581703408e-05,0
ACCT_052448,0.0310942638933456,0
ACCT_052456,0.001094696541185919,0
ACCT_052458,0.010375632413740194,0
ACCT_052463,0.00019152171324106858,0
ACCT_052466,0.0001848401532176574,0
ACCT_052475,0.008162842805318265,0
ACCT_052482,0.0011821408608504965,0
ACCT_052492,0.010557880797737352,0
ACCT_052501,0.0006791344077976634,0
ACCT_052508,0.022052180842720915,0
ACCT_052512,0.0001427470594445949,0
ACCT_052513,0.010668930310582128,0
ACCT_052530,0.001720619221322994,0
ACCT_052551,0.00970357222691113,0
ACCT_052557,0.08840261741001657,0
ACCT_052600,0.0008743017516231913,0
ACCT_052603,0.0009681645049823673,0
ACCT_052610,0.002794958276010869,0
ACCT_052615,0.005580693409600167,0
ACCT_052622,0.0010677320958335365,0
ACCT_052637,5.837633770866624e-05,0
ACCT_052641,0.30877615296442074,0
ACCT_052652,0.00028946635317940477,0
ACCT_052660,8.31045937384957e-05,0
ACCT_052666,0.001208424944136091,0
ACCT_052669,0.001053263397835736,0
ACCT_052670,8.520359269425811e-05,0
ACCT_052685,0.00028554285671355905,0
ACCT_052704,0.0011195804577487532,0
ACCT_052710,0.000671549770375084,0
ACCT_052714,6.997089018324687e-05,0
ACCT_052721,0.03531327360292719,0
ACCT_052725,0.0046028195791639375,0
ACCT_052726,0.004521550053946998,0
ACCT_052735,0.0006646612733151001,0
ACCT_052738,2.4695078598844565e-05,0
ACCT_052742,0.0002705894124274746,0
ACCT_052753,0.001726813768058367,0
ACCT_052754,0.06687048855365596,0
ACCT_052775,0.11316097270431975,0
ACCT_052776,0.0003288549457001084,0
ACCT_052786,0.018959062710408738,0
ACCT_052793,0.002675589172974892,0
ACCT_052794,0.015333533377684554,0
ACCT_052795,0.0004561156312500068,0
ACCT_052796,0.0006610448884816842,0
ACCT_052809,0.00016725313906228157,0
ACCT_052812,0.0003221219288548051,0
ACCT_052823,0.9201822907053606,1
ACCT_052838,0.001513938629092142,0
ACCT_052839,0.00730614914844623,0
ACCT_052840,0.0014775418421209,0
ACCT_052841,0.009426960905596842,0
ACCT_052848,0.00020546270007710266,0
ACCT_052850,0.003147863173832846,0
ACCT_052854,0.00043823696522664557,0
ACCT_052856,0.0009722912106735757,0
ACCT_052861,0.002033887269973676,0
ACCT_052865,0.006110972988835545,0
ACCT_052870,0.00973040293629237,0
ACCT_052872,9.579121026872187e-06,0
ACCT_052874,0.0003674274086185747,0
ACCT_052879,0.0039474406599618985,0
ACCT_052892,0.0013174993471695472,0
ACCT_052901,0.0002565820572360883,0
ACCT_052931,0.00042803898935831104,0
ACCT_052940,1.6531699363306916e-05,0
ACCT_052957,0.09692676314614378,0
ACCT_052960,0.00036700406548277733,0
ACCT_052970,0.0002337462985191831,0
ACCT_052984,0.00010204783184699678,0
ACCT_052985,0.00023786129744527993,0
ACCT_052998,0.0009235556340825952,0
ACCT_053006,0.017500503790060663,0
ACCT_053018,0.0021421719015975106,0
ACCT_053029,0.0001184162627092132,0
ACCT_053037,0.010529621918707138,0
ACCT_053043,0.013872533632748355,0
ACCT_053046,0.007453438349105237,0
ACCT_053049,0.009095251579094701,0
ACCT_053055,0.9355720898651062,1
ACCT_053057,0.0008374127458842689,0
ACCT_053058,0.00019612200119188819,0
ACCT_053060,0.00046936852533045466,0
ACCT_053062,0.00044760222193120547,0
ACCT_053081,0.0020170327992293053,0
ACCT_053082,0.00022602277055316282,0
ACCT_053086,0.001528564494799567,0
ACCT_053093,0.060963203710047424,0
ACCT_053096,0.0017838806945498083,0
ACCT_053109,0.009820610806690458,0
ACCT_053116,4.6554411387783365e-05,0
ACCT_053124,0.00014999523190391758,0
ACCT_053151,0.06083245967167445,0
ACCT_053175,0.0037312548717030125,0
ACCT_053185,0.0003499004587052873,0
ACCT_053197,3.939478006632067e-05,0
ACCT_053200,0.011696895415787396,0
ACCT_053206,0.001539774948690295,0
ACCT_053211,0.000303609418079067,0
ACCT_053212,0.0024636604608086355,0
ACCT_053228,5.610875761493577e-06,0
ACCT_053230,0.00038270366529022376,0
ACCT_053240,0.000371848913013049,0
ACCT_053276,0.00375015767040677,0
ACCT_053282,0.0005448605783008432,0
ACCT_053293,0.005448149976039383,0
ACCT_053308,0.0007089112648781829,0
ACCT_053310,0.00014435789503570054,0
ACCT_053327,0.0036158273132485138,0
ACCT_053346,1.7824857197941576e-05,0
ACCT_053353,0.0004519206231086183,0
ACCT_053357,6.247224987314939e-05,0
ACCT_053364,0.0027794755319252877,0
ACCT_053368,0.002112765186997111,0
ACCT_053373,0.016730516098568824,0
ACCT_053387,5.442281781237479e-05,0
ACCT_053395,7.17934709212027e-05,0
ACCT_053399,9.128933527210741e-05,0
ACCT_053400,0.00023309311933464096,0
ACCT_053412,0.00010636347422590727,0
ACCT_053437,0.9600375803740967,1
ACCT_053450,0.00011688652819862415,0
ACCT_053464,0.018666524764716183,0
ACCT_053467,0.0006815360819893522,0
ACCT_053479,0.001432746282322881,0
ACCT_053492,0.00018924865008790195,0
ACCT_053494,0.0005122410454613009,0
ACCT_053509,0.00025294595860576424,0
ACCT_053542,0.0001645365502990637,0
ACCT_053545,0.11992545043943151,1
ACCT_053546,0.0002472018402508257,0
ACCT_053548,0.0023062596383272337,0
ACCT_053554,0.0013120819125013428,0
ACCT_053559,0.00021315771782800502,0
ACCT_053562,0.15793473561209528,0
ACCT_053564,0.002122287465121776,0
ACCT_053566,0.03631048877328319,0
ACCT_053576,0.00027281979703229356,0
ACCT_053585,0.014861471539599632,0
ACCT_053592,0.00014559727347513506,0
ACCT_053594,0.004717391170653221,0
ACCT_053605,0.011837736198911916,0
ACCT_053613,0.000541366001632415,0
ACCT_053630,0.0776801953677041,0
ACCT_053637,0.00031777009364861565,0
ACCT_053641,0.020654346135522535,0
ACCT_053645,0.0019949740973845766,0
ACCT_053647,0.0005291806423407747,0
ACCT_053654,0.0002760781295276189,0
ACCT_053670,0.00037279137378476776,0
ACCT_053671,0.0024724676397060246,0
ACCT_053676,0.0008001914415010101,0
ACCT_053678,0.0006473860587529317,0
ACCT_053679,0.0009067229397287221,0
ACCT_053687,1.3151333082520451e-05,0
ACCT_053694,0.002352228281439922,0
ACCT_053703,0.0034404288727266793,0
ACCT_053705,0.00010880070598969912,0
ACCT_053707,0.02139623528074839,0
ACCT_053727,0.00014006408688197074,0
ACCT_053732,2.0737997488998272e-05,0
ACCT_053740,7.92745134194817e-05,0
ACCT_053742,0.08751507968283113,0
ACCT_053758,0.01283407861380384,0
ACCT_053771,0.00011250791039262813,0
ACCT_053790,0.010698735131017175,0
ACCT_053802,6.954232110869251e-05,0
ACCT_053812,0.004794391797326718,0
ACCT_053817,0.00036595661776262384,0
ACCT_053824,2.997187050829811e-05,0
ACCT_053841,0.015672219292117488,0
ACCT_053858,0.0116437572941814,0
ACCT_053862,0.00023724039685256933,0
ACCT_053885,0.00044543040204433746,0
ACCT_053887,0.0007831862038287517,0
ACCT_053899,0.006319241826418945,0
ACCT_053910,0.004603650758427368,0
ACCT_053932,0.0025661998964288638,0
ACCT_053946,0.0001405963399721373,0
ACCT_053952,0.0025136112051700322,0
ACCT_053971,0.002441751690656296,0
ACCT_053977,0.00014756020315709713,0
ACCT_053986,0.00022422642186140253,0
ACCT_053987,0.0009309938845587653,0
ACCT_054002,0.00014160880300355394,0
ACCT_054010,0.0007398889523930253,0
ACCT_054011,0.042245605017094415,0
ACCT_054020,0.0012653541406547242,0
ACCT_054037,0.00015099446632284256,0
ACCT_054048,0.0004353037877553634,0
ACCT_054053,0.0011164203785319772,0
ACCT_054057,0.00012752519661920404,0
ACCT_054059,0.00018015766585349914,0
ACCT_054062,0.00810705708189868,0
ACCT_054068,0.00019786049136743435,0
ACCT_054071,0.0015323854415304036,0
ACCT_054075,0.004316231843715309,0
ACCT_054085,0.00030497285540886313,0
ACCT_054095,0.004712938820554716,0
ACCT_054099,0.0002997482147227785,0
ACCT_054107,0.0037876323852787264,0
ACCT_054110,0.00027525615419914215,0
ACCT_054116,0.0001476508154812581,0
ACCT_054119,0.001296359278175368,0
ACCT_054120,0.003028027328132889,0
ACCT_054135,0.0002771160900769839,0
ACCT_054145,0.0019802550848199286,0
ACCT_054156,0.000580778910257296,0
ACCT_054159,0.005763000777606659,0
ACCT_054163,0.0019613603220545632,0
ACCT_054178,0.10535913745272946,0
ACCT_054180,0.07667955567302275,0
ACCT_054186,6.738167209221134e-05,0
ACCT_054192,0.0032629431746004317,0
ACCT_054198,1.620762526932453e-05,0
ACCT_054203,4.3680373611269995e-05,0
ACCT_054205,0.0014487787144711846,0
ACCT_054208,0.001553187113204326,0
ACCT_054215,0.0006522612052166454,0
ACCT_054217,0.02581345858068657,0
ACCT_054224,0.0004966732149384165,0
ACCT_054230,0.002350652692825117,0
ACCT_054234,0.0012561701687971013,0
ACCT_054239,4.697132275564969e-05,0
ACCT_054244,0.002228873646835421,0
ACCT_054247,0.0007103539238530474,0
ACCT_054264,0.12798954905427934,0
ACCT_054278,0.0015628520309417598,0
ACCT_054281,0.011100450493263143,0
ACCT_054287,0.003451305050768654,0
ACCT_054294,0.0006876374653419716,0
ACCT_054310,0.0004288152649083552,0
ACCT_054312,0.000365819357255235,0
ACCT_054318,0.00022156138777828537,0
ACCT_054328,0.00014956245432743264,0
ACCT_054335,0.00029334482566030067,0
ACCT_054343,0.026371731186608283,0
ACCT_054361,0.00016695578812591912,0
ACCT_054364,0.00839310642761024,0
ACCT_054386,0.004382648235690696,0
ACCT_054399,0.00030501662148436166,0
ACCT_054402,6.130800700857714e-05,0
ACCT_054403,0.006569158880774285,0
ACCT_054404,0.0008127491350190119,0
ACCT_054407,0.00022535674743092576,0
ACCT_054410,0.0014009820865657485,0
ACCT_054413,0.0016443829229805386,0
ACCT_054418,0.0013563482507673115,0
ACCT_054424,0.0034273990050366697,0
ACCT_054435,0.00018262218107230357,0
ACCT_054445,0.016488397434976734,0
ACCT_054460,0.0075286229930794125,0
ACCT_054463,0.7505832421544847,0
ACCT_054472,0.00044336295489553833,0
ACCT_054478,0.0005594340096645619,0
ACCT_054494,0.0008578423991904817,0
ACCT_054501,0.009041706052102751,0
ACCT_054509,0.00014083316757273164,0
ACCT_054510,0.0004695133743637939,0
ACCT_054526,6.189993217286231e-05,0
ACCT_054533,0.00026099582979436335,0
ACCT_054540,9.438386327904988e-06,0
ACCT_054547,0.00136140142336206,0
ACCT_054549,0.002750789712817053,0
ACCT_054559,0.0006737829615127349,0
ACCT_054562,0.0002818510715970665,0
ACCT_054578,0.002807895922124171,0
ACCT_054581,9.865049119898669e-05,0
ACCT_054584,0.011217430299190798,0
ACCT_054587,0.007566023635477188,0
ACCT_054601,0.00200798353497992,0
ACCT_054605,8.359587443210077e-05,0
ACCT_054622,3.266893213573238e-05,0
ACCT_054623,0.02997197160900685,0
ACCT_054624,8.541543933004922e-05,0
ACCT_054634,6.877127131226256e-05,0
ACCT_054669,0.0001358267614273353,0
ACCT_054681,0.008104625751911555,0
ACCT_054682,0.003188651476384792,0
ACCT_054685,0.0008719619730438245,0
ACCT_054686,0.0001802769483005208,0
ACCT_054713,9.025017870011536e-05,0
ACCT_054717,0.0005164117025990373,0
ACCT_054722,0.0030509915136338575,0
ACCT_054725,0.03433257964587443,0
ACCT_054726,0.0006827101063921034,0
ACCT_054735,0.21485029441072723,0
ACCT_054740,8.91869403427737e-05,0
ACCT_054758,0.17382385401015243,0
ACCT_054760,0.000149326679353081,0
ACCT_054771,0.00045460001190312713,0
ACCT_054787,0.00035668866941782437,0
ACCT_054799,7.995872959802643e-05,0
ACCT_054811,0.0004695105386991492,0
ACCT_054813,0.0032839371652402844,0
ACCT_054818,0.00011301235920877477,0
ACCT_054836,9.425335400729926e-05,0
ACCT_054855,0.006291919892592982,0
ACCT_054857,0.00010511230543558337,0
ACCT_054859,0.00016250821177364103,0
ACCT_054872,0.00047144888904096136,0
ACCT_054875,0.00021053740453228382,0
ACCT_054886,0.0005058710088208687,0
ACCT_054890,0.0012797303964349684,0
ACCT_054892,0.00117621125286602,0
ACCT_054893,0.0003436436088035117,0
ACCT_054913,0.09713265199759583,0
ACCT_054915,0.0003229341293536104,0
ACCT_054927,6.51775901470075e-05,0
ACCT_054928,0.011590540765626517,0
ACCT_054929,0.0009847225261627494,0
ACCT_054952,0.0003356321312966797,0
ACCT_054957,0.00014251368877438693,0
ACCT_054961,0.03223021224550313,0
ACCT_054965,0.0023318117479372096,0
ACCT_054971,0.016534169484902425,0
ACCT_054986,0.5374769424621931,0
ACCT_054993,0.00022516509162576442,0
ACCT_054995,0.00046033577048914756,0
ACCT_054997,0.011198584487833608,0
ACCT_055000,0.0009382629023159037,0
ACCT_055002,0.005515328517305619,0
ACCT_055007,0.00010535178924620898,0
ACCT_055011,0.00460452043743538,0
ACCT_055012,0.00028245442143375705,0
ACCT_055014,0.003694277768078041,0
ACCT_055016,0.005136692726180276,0
ACCT_055053,0.005467414895929018,0
ACCT_055054,0.12807005156018322,0
ACCT_055056,0.007130587075221256,0
ACCT_055057,0.00020267659625126204,0
ACCT_055066,0.001021686754124991,0
ACCT_055070,0.0017366284607090378,0
ACCT_055078,5.4953882553655944e-05,0
ACCT_055087,0.0009347233389245264,0
ACCT_055092,0.01654629114166601,0
ACCT_055097,0.00016152730350910645,0
ACCT_055098,0.0015323903872712648,0
ACCT_055104,0.0002842989897480395,0
ACCT_055122,0.0029114543114198547,0
ACCT_055123,0.0003492353321064396,0
ACCT_055151,0.008303242764592064,0
ACCT_055152,0.0024382932350411556,0
ACCT_055160,0.003631707634921514,0
ACCT_055167,0.0016372426926541195,0
ACCT_055172,0.0006756300793566422,0
ACCT_055188,0.07836873842096413,0
ACCT_055190,0.0005191813384970199,0
ACCT_055204,0.005952747139398414,0
ACCT_055216,0.0022404096260860225,0
ACCT_055220,0.00013265739321637656,0
ACCT_055229,6.710652410653528e-05,0
ACCT_055232,0.00046951049862332337,0
ACCT_055236,0.0029636304365792112,0
ACCT_055239,5.0030706123052344e-05,0
ACCT_055261,1.8894647590102273e-05,0
ACCT_055279,0.003292489355355095,0
ACCT_055284,0.0010828387652512777,0
ACCT_055287,0.0019081787746855366,0
ACCT_055291,0.004090552653612539,0
ACCT_055308,0.002921463320330511,0
ACCT_055318,0.09903766053194438,0
ACCT_055319,0.0007344167334633618,0
ACCT_055340,0.006592845504086613,0
ACCT_055367,0.00022982007635663192,0
ACCT_055369,0.0004977912796400777,0
ACCT_055377,0.0016044090211075619,0
ACCT_055390,0.0006087520917543205,0
ACCT_055405,3.3947734953939727e-05,0
ACCT_055419,0.04533650065423893,0
ACCT_055423,0.0038731750186744816,0
ACCT_055438,0.001738608274543778,0
ACCT_055452,6.583120820453089e-05,0
ACCT_055481,0.00010665904682020815,0
ACCT_055488,0.0033661087388094746,0
ACCT_055495,0.00021716918859147243,0
ACCT_055497,0.005155585041623268,0
ACCT_055516,0.0011815704510968804,0
ACCT_055525,0.00023469351253199708,0
ACCT_055527,0.001536694294809452,0
ACCT_055543,0.0036059356773863855,0
ACCT_055549,0.0013170283897212993,0
ACCT_055553,0.0011526281469821911,0
ACCT_055560,0.0016634969331575705,0
ACCT_055563,0.004322650433285216,0
ACCT_055575,0.0012337110311012422,0
ACCT_055591,4.3757284162499576e-05,0
ACCT_055607,0.00038595490446797945,0
ACCT_055608,0.0016477137981562974,0
ACCT_055618,0.24529118688951276,0
ACCT_055640,0.0006923190524023094,0
ACCT_055648,0.00106942395324653,0
ACCT_055652,0.003961182660788081,0
ACCT_055662,0.00017665282295687234,0
ACCT_055665,0.0021044397887703837,0
ACCT_055677,0.0008212703681788577,0
ACCT_055700,0.003995749162470155,0
ACCT_055704,0.00027665935759539395,0
ACCT_055745,0.00015667303871549844,0
ACCT_055757,8.995084170627463e-05,0
ACCT_055759,0.0011502853482332756,0
ACCT_055768,0.003934531903504606,0
ACCT_055777,0.04256640005333788,0
ACCT_055792,0.0003442723067991519,0
ACCT_055796,0.00021148610255662602,0
ACCT_055815,0.04506381713619256,0
ACCT_055818,0.0004318267217849627,0
ACCT_055820,0.005336303180437027,0
ACCT_055828,0.00012251013231846515,0
ACCT_055829,0.0006843018692190425,0
ACCT_055835,0.008091071371486278,0
ACCT_055843,0.00029434256499477726,0
ACCT_055844,0.0022366256390468115,0
ACCT_055849,0.02482879326967179,0
ACCT_055850,0.0021541826046960716,0
ACCT_055861,0.003399590905432394,0
ACCT_055870,0.00043790558118287265,0
ACCT_055900,0.0003541296207823087,0
ACCT_055907,0.0004289084188993038,0
ACCT_055912,0.9823051275705872,1
ACCT_055920,0.0007309992137385187,0
ACCT_055925,0.002484318499034168,0
ACCT_055927,0.0035561081961280345,0
ACCT_055943,0.02002004030673029,0
ACCT_055948,0.00012219018578065165,0
ACCT_055956,0.02718035667582492,0
ACCT_055967,0.004246955980522978,0
ACCT_055973,0.0009654174561484445,0
ACCT_055982,0.0014369025035335466,0
ACCT_055987,3.198499820274933e-05,0
ACCT_055988,0.0003134273249886839,0
ACCT_056016,4.9882996893313375e-06,0
ACCT_056023,0.000156114478141808,0
ACCT_056032,0.001205735377836791,0
ACCT_056037,7.978727775121908e-05,0
ACCT_056059,0.0028121783653467266,0
ACCT_056065,0.4831576138802312,0
ACCT_056086,0.00020908235639031597,0
ACCT_056092,0.03192780857779544,0
ACCT_056101,0.0007168323517809351,0
ACCT_056107,0.003749692351088953,0
ACCT_056111,0.012977638373607246,0
ACCT_056115,0.0033603130423638067,0
ACCT_056118,0.0023443526668737256,0
ACCT_056123,0.005019405387785051,0
ACCT_056133,6.43649112885977e-05,0
ACCT_056135,0.0016756467694284713,0
ACCT_056136,0.00044188599402556996,0
ACCT_056141,0.0001761644022397234,0
ACCT_056151,0.0017027604580825853,0
ACCT_056166,0.00011045384619391472,0
ACCT_056181,0.0035391726516649483,0
ACCT_056191,0.00011462676062393918,0
ACCT_056198,0.002601475503170901,0
ACCT_056208,0.0006447314125554788,0
ACCT_056209,0.0008533021031861478,0
ACCT_056213,0.0006811294193763463,0
ACCT_056218,0.007379250580526437,0
ACCT_056225,0.025016284291531885,0
ACCT_056227,0.00013833580864366747,0
ACCT_056237,0.18501512948677057,0
ACCT_056242,0.0026777453054255863,0
ACCT_056254,0.0072328660415062,0
ACCT_056256,0.5099524574409706,1
ACCT_056264,0.0001477509353719598,0
ACCT_056265,0.005389373843025809,0
ACCT_056279,0.0007886669575260335,0
ACCT_056280,0.00036451963665246024,0
ACCT_056282,0.004420686646905133,0
ACCT_056283,0.00276793582393478,0
ACCT_056284,0.050918391601492065,0
ACCT_056307,0.00018190756655868373,0
ACCT_056314,0.0038437215253764707,0
ACCT_056316,0.00199309755664745,0
ACCT_056328,0.0005731755717867018,0
ACCT_056355,0.0012408870196828862,0
ACCT_056357,0.00181034181828393,0
ACCT_056358,0.0022744716396093136,0
ACCT_056362,0.004239765109362618,0
ACCT_056380,0.0038813963524168345,0
ACCT_056384,0.0010869198715326369,0
ACCT_056391,0.0020893889398924453,0
ACCT_056401,0.0005765702188659761,0
ACCT_056436,6.433005979891909e-05,0
ACCT_056439,0.0007713706808691546,0
ACCT_056445,4.917893494020329e-05,1
ACCT_056454,0.0025244598446385277,0
ACCT_056456,2.8804587858768944e-05,0
ACCT_056461,0.02870011489619604,0
ACCT_056463,0.0003434437491281254,0
ACCT_056474,0.0002433539215586426,0
ACCT_056489,0.0006600484493418664,0
ACCT_056502,0.0008627848193882539,0
ACCT_056524,0.00031192835620468164,0
ACCT_056526,0.0001675451348612336,0
ACCT_056532,0.0008549931078479763,0
ACCT_056549,0.00020440319832533099,0
ACCT_056556,0.00035669095839963803,0
ACCT_056558,0.018402205388267666,0
ACCT_056569,0.00030364522358408686,0
ACCT_056574,0.0004607515888361454,0
ACCT_056585,0.00014120561579316764,0
ACCT_056587,0.00013808316834857355,0
ACCT_056588,0.0028932926739673945,0
ACCT_056601,0.006507628575517391,0
ACCT_056618,0.005425552104100312,0
ACCT_056621,0.0017074325983986783,0
ACCT_056622,0.00271541694052966,0
ACCT_056626,0.010656359912399927,0
ACCT_056637,0.007924039725652088,0
ACCT_056640,0.00023032370715007563,0
ACCT_056654,0.006067767921142574,0
ACCT_056674,0.001360447691290075,0
ACCT_056683,0.0003748403621384357,0
ACCT_056704,0.00027050437581909164,0
ACCT_056727,0.00021420354370489233,0
ACCT_056728,0.00031227010096809474,0
ACCT_056730,0.0006664930132281258,0
ACCT_056731,0.003538172327818779,0
ACCT_056732,0.0002294285783006445,0
ACCT_056734,0.0001935334552073493,0
ACCT_056741,0.0030186149978520486,0
ACCT_056751,4.071126964110063e-05,0
ACCT_056766,0.0044468754149213485,1
ACCT_056779,1.715395451866779e-05,0
ACCT_056789,0.0001373052347082944,0
ACCT_056794,0.0003360472591439054,0
ACCT_056795,0.004368600823875876,0
ACCT_056796,0.019946746666498327,0
ACCT_056802,0.00034032072441354073,0
ACCT_056806,0.0007848469786027315,0
ACCT_056809,0.0017389466105022968,0
ACCT_056812,0.0001377679025970478,0
ACCT_056829,0.0003472042038974345,0
ACCT_056842,0.0024980752873692605,0
ACCT_056845,7.593500743054966e-05,0
ACCT_056885,0.010720215665941366,0
ACCT_056887,3.146882444873713e-05,0
ACCT_056890,0.0017057033702336287,0
ACCT_056932,0.001987695915503606,0
ACCT_056933,0.014166520793157084,0
ACCT_056934,4.419414008937399e-05,0
ACCT_056947,0.0004702018646159817,0
ACCT_056975,0.004848504677856194,0
ACCT_056989,0.0026422712175725904,0
ACCT_056997,0.004028484587384483,0
ACCT_056999,7.072750608275798e-05,0
ACCT_057019,0.007843475712432366,0
ACCT_057023,0.00041895704749893373,0
ACCT_057024,0.006554161669727606,0
ACCT_057042,0.002499940377761914,0
ACCT_057052,0.003913784371512616,0
ACCT_057074,7.92175482909036e-05,0
ACCT_057078,0.2022094200824937,0
ACCT_057085,0.0035758447277182293,0
ACCT_057091,0.00028845114201681276,0
ACCT_057100,0.0009426953074440193,0
ACCT_057106,0.0003693070012573791,0
ACCT_057110,0.0013682546228844408,0
ACCT_057121,6.68398912709265e-05,0
ACCT_057124,4.281002030950139e-05,0
ACCT_057147,0.009315039058133485,0
ACCT_057150,0.02671436581084754,0
ACCT_057151,0.0023990536766234807,0
ACCT_057166,0.001815222544601398,0
ACCT_057168,0.00030514841621872175,0
ACCT_057177,0.0026129683996218823,0
ACCT_057178,3.90758872600665e-05,0
ACCT_057195,0.002502364148730212,0
ACCT_057199,0.005617974391123334,0
ACCT_057204,0.0005633297220694597,0
ACCT_057218,0.04747996513266705,0
ACCT_057224,0.0001619033640298476,0
ACCT_057225,0.0005173502331280434,0
ACCT_057227,4.09602901448775e-05,0
ACCT_057238,0.012254790998000713,0
ACCT_057248,0.000231006534189488,0
ACCT_057253,0.015588961516058854,0
ACCT_057260,0.05739032735942911,0
ACCT_057261,0.00039732063099468423,0
ACCT_057262,0.0013137257866415893,0
ACCT_057263,0.0014291609330017428,0
ACCT_057272,0.00018244577910984233,0
ACCT_057273,0.0013938508954709228,0
ACCT_057274,0.0005914456800880374,0
ACCT_057278,0.0004381720443502421,0
ACCT_057287,0.008672583759380924,0
ACCT_057292,0.00019524491705889555,0
ACCT_057297,0.005606441492795907,0
ACCT_057320,0.018544689377041512,0
ACCT_057321,0.004889066086620714,0
ACCT_057323,0.000233192043650993,0
ACCT_057331,0.00012532918514704316,0
ACCT_057334,0.02187624286051933,0
ACCT_057335,0.00042740346490651484,0
ACCT_057337,0.008829147146945156,0
ACCT_057348,0.00047307393490749063,0
ACCT_057351,0.0002154295440231793,0
ACCT_057367,0.00012802246323721477,0
ACCT_057369,9.60264593975014e-05,0
ACCT_057387,0.0007039791823451898,0
ACCT_057391,0.014628577470985843,0
ACCT_057393,0.00016475513950147132,0
ACCT_057394,0.0007309200101303514,0
ACCT_057395,0.0005675902885365348,0
ACCT_057404,0.001415241905980251,0
ACCT_057432,0.0003734454714625752,0
ACCT_057437,0.0145432115896225,0
ACCT_057453,6.826707554764319e-06,0
ACCT_057468,0.0003347950314536476,0
ACCT_057475,4.256362859478236e-05,0
ACCT_057482,0.006163649215188589,0
ACCT_057497,0.0014632495048377625,0
ACCT_057513,0.00029538450598699025,0
ACCT_057520,0.0004244210282409461,0
ACCT_057522,0.0006029182020886301,0
ACCT_057526,0.00025250996485499694,0
ACCT_057532,9.416482009516645e-06,0
ACCT_057539,0.0038201074944700713,0
ACCT_057543,0.005039020284345131,0
ACCT_057555,0.0008382316668793209,0
ACCT_057557,0.0003862007522047428,0
ACCT_057562,0.00031280569279409963,0
ACCT_057568,0.0015254977243294534,0
ACCT_057571,0.0001442013264187611,0
ACCT_057581,0.138428785967424,0
ACCT_057586,0.0023405632640308006,0
ACCT_057598,0.0008145284901874342,0
ACCT_057612,0.0007248173966609587,0
ACCT_057622,9.07159484076192e-05,0
ACCT_057631,0.0013736392441642952,0
ACCT_057638,6.9562676787449e-06,0
ACCT_057642,0.002521574321231728,0
ACCT_057643,0.07532188629838754,0
ACCT_057653,0.00037145340735452256,0
ACCT_057665,7.216025683829057e-05,0
ACCT_057674,0.0013978545900950744,0
ACCT_057675,0.006520146753522907,0
ACCT_057677,0.00038130606030279394,0
ACCT_057689,0.00019099042366297323,0
ACCT_057695,0.02022957436981498,0
ACCT_057718,0.0019414137977957554,0
ACCT_057723,0.00010235296648538716,0
ACCT_057737,0.006208434399174452,0
ACCT_057740,0.00478272981905279,0
ACCT_057744,5.592178500074103e-05,0
ACCT_057753,7.541146513680543e-05,0
ACCT_057758,0.00016530633778164697,0
ACCT_057766,0.0026571118635614808,0
ACCT_057773,0.02020937006943974,0
ACCT_057783,4.298832298849004e-05,0
ACCT_057787,0.0005076548498462257,0
ACCT_057830,0.0006417031784054257,0
ACCT_057844,4.8370350380067e-05,0
ACCT_057850,0.00014985535354528938,0
ACCT_057855,0.006772485352864466,0
ACCT_057861,0.09705412227290411,0
ACCT_057863,0.058617469832507575,0
ACCT_057877,0.0016818069545145526,0
ACCT_057878,0.0002704852681406763,0
ACCT_057883,0.0061155798417601385,0
ACCT_057915,0.0018613345123195488,0
ACCT_057919,0.00017619312227582117,0
ACCT_057924,0.006722557535588861,0
ACCT_057930,5.55045969453187e-05,0
ACCT_057940,0.40051706207380355,0
ACCT_057947,0.001500163536378727,0
ACCT_057962,0.00023198172497205532,0
ACCT_057978,0.0021004543613457535,0
ACCT_057988,0.0012447437357498042,0
ACCT_057993,0.0007079884077380833,0
ACCT_058001,0.0025055876119964003,0
ACCT_058011,0.2021982200153228,0
ACCT_058045,0.002667690968736554,0
ACCT_058053,5.031377423246834e-05,0
ACCT_058059,0.00020906964036789775,0
ACCT_058061,0.0004347485431903884,0
ACCT_058095,7.353028377486986e-05,0
ACCT_058098,0.00016672946384232404,0
ACCT_058100,0.00010516187893616603,0
ACCT_058105,0.004962428832407241,0
ACCT_058117,0.00838687151327418,0
ACCT_058132,0.0055852214845253205,0
ACCT_058134,0.002294054688543025,0
ACCT_058136,0.013238609054613156,0
ACCT_058150,0.0017974229036778523,0
ACCT_058152,0.006710669877598833,0
ACCT_058164,0.923222751823183,1
ACCT_058166,1.369918111311941e-05,0
ACCT_058174,0.7155917365944353,0
ACCT_058186,7.131521176663827e-05,0
ACCT_058191,0.001110059074231281,0
ACCT_058196,0.026328176356567107,0
ACCT_058198,0.00248003317404921,0
ACCT_058206,0.0009338063696876722,0
ACCT_058211,0.008137492602420419,0
ACCT_058218,0.000549222334189585,0
ACCT_058220,0.0003347818390494229,0
ACCT_058226,0.0010900295565459256,0
ACCT_058228,0.0012263688390529955,0
ACCT_058238,0.0008986516344166591,0
ACCT_058256,0.0056585308431349865,0
ACCT_058263,0.010814252300423403,0
ACCT_058268,0.000742616127242384,0
ACCT_058273,0.00014290424797982573,0
ACCT_058277,0.0013209224184652375,0
ACCT_058281,0.014103434262204905,0
ACCT_058282,0.003194242982537952,0
ACCT_058299,0.0009513047501335076,0
ACCT_058301,0.0002806965289924583,0
ACCT_058316,1.780426751855417e-05,0
ACCT_058328,0.2713723805685729,0
ACCT_058329,0.000444837463279925,0
ACCT_058333,0.00018472831880557192,0
ACCT_058349,0.00024527023205194235,0
ACCT_058369,0.0015089339552297031,0
ACCT_058381,0.0016852632214867877,0
ACCT_058409,0.10079247775144379,0
ACCT_058411,0.0001094024159710183,0
ACCT_058415,0.0018141599162079453,0
ACCT_058434,0.0018095859082811565,0
ACCT_058441,0.0008504475856589575,0
ACCT_058442,0.0018494644126900368,0
ACCT_058464,0.0037846327051176513,0
ACCT_058469,0.022357412496253427,0
ACCT_058482,0.015411645537312795,0
ACCT_058494,0.004180615930052663,0
ACCT_058504,0.16201578185748663,0
ACCT_058505,0.0014026585908479248,0
ACCT_058506,0.008228865621059357,0
ACCT_058518,8.416281879518123e-05,0
ACCT_058522,0.0062635063776078585,0
ACCT_058537,0.00018963099447119318,0
ACCT_058545,0.0006533353704425598,0
ACCT_058554,3.099820981528083e-05,0
ACCT_058556,0.00032053264391926605,0
ACCT_058565,0.0004482762877493681,0
ACCT_058584,0.00032022459020910547,0
ACCT_058589,0.0007846590558892782,0
ACCT_058590,0.0022167974619295614,0
ACCT_058591,2.9213116516035223e-05,0
ACCT_058594,0.008744434051402638,0
ACCT_058600,0.0009167438483824723,0
ACCT_058621,0.001936508426052459,0
ACCT_058628,0.006451080451453868,0
ACCT_058646,0.00037178208882200197,0
ACCT_058662,0.001789083699954737,0
ACCT_058667,0.0010195681754681424,0
ACCT_058680,0.00030490960330230256,0
ACCT_058689,0.00011532823283820044,0
ACCT_058695,0.012840522009354663,0
ACCT_058710,0.017055663942871696,0
ACCT_058712,0.0011924503854838146,0
ACCT_058713,0.004551997185541807,0
ACCT_058714,0.00016865232161042073,0
ACCT_058732,0.00014999488313325766,0
ACCT_058765,0.0001590157786894006,0
ACCT_058781,0.00013938573915727584,0
ACCT_058789,0.02316068583449669,0
ACCT_058796,0.004700957921859544,0
ACCT_058806,5.927194734341674e-05,0
ACCT_058836,0.0008915691359447722,0
ACCT_058837,1.0951018140351547e-05,0
ACCT_058840,8.39332555862698e-05,0
ACCT_058852,0.03973515504629057,0
ACCT_058873,0.0017379335497945993,0
ACCT_058877,0.00016571007400420292,0
ACCT_058884,0.0020695137168233496,0
ACCT_058907,3.644763756073563e-05,0
ACCT_058909,0.0014512213500602982,0
ACCT_058918,0.00024103105769166886,0
ACCT_058927,0.007753087343281462,0
ACCT_058929,0.0031283619148961255,0
ACCT_058930,0.009081231689716845,0
ACCT_058944,0.1924517029223896,1
ACCT_058947,0.0008201224799401364,0
ACCT_058953,0.0012471888509027061,0
ACCT_058956,5.2466734211704775e-05,0
ACCT_058957,0.00015421392264241735,0
ACCT_058962,0.013355223385425127,0
ACCT_058963,0.00012221454958809817,0
ACCT_058968,0.00015309492031929963,0
ACCT_058974,0.0020015971359205855,0
ACCT_058977,0.0043234304137114935,0
ACCT_058986,6.376199911056648e-05,0
ACCT_058988,0.9241830972630227,0
ACCT_058991,6.788315995480029e-05,0
ACCT_058999,0.00011054743728264314,0
ACCT_059003,0.0022532500311458733,0
ACCT_059013,7.624097031029369e-05,0
ACCT_059018,2.2779355062413637e-05,0
ACCT_059022,0.00023907024306435074,0
ACCT_059027,7.071651369098415e-05,0
ACCT_059051,0.0003163669537380823,0
ACCT_059053,0.3431348995346099,0
ACCT_059054,0.002952050371069257,0
ACCT_059067,0.0012569075033324344,0
ACCT_059072,0.0004931210156855139,0
ACCT_059077,7.548323925939159e-06,0
ACCT_059078,0.000487100761681507,0
ACCT_059090,2.9437214001803897e-05,0
ACCT_059092,0.0020084172564647394,0
ACCT_059097,0.00015196075714639474,0
ACCT_059105,0.0011770555377233895,0
ACCT_059108,0.0003396639919778893,0
ACCT_059110,0.0004096225148601594,0
ACCT_059113,0.0020668264090950403,0
ACCT_059123,0.002431468942161644,0
ACCT_059126,0.04310777410588394,0
ACCT_059132,0.0015309230182607395,0
ACCT_059140,0.005753298827843537,0
ACCT_059149,0.0017358380782144195,0
ACCT_059159,0.0077047540572527,0
ACCT_059164,0.0019018850083107521,0
ACCT_059194,0.012878531176648082,0
ACCT_059204,0.001931297712030151,0
ACCT_059205,0.019470128184330925,0
ACCT_059217,0.001905730734919243,0
ACCT_059220,0.00019162135433098198,0
ACCT_059230,0.0003798337914867572,0
ACCT_059234,0.0011146598929061364,0
ACCT_059244,0.000890878425178178,0
ACCT_059246,0.00038669647921574566,0
ACCT_059260,4.3303660499636235e-05,0
ACCT_059267,0.1019121700951361,0
ACCT_059275,0.0008642770500432355,0
ACCT_059281,0.013673531684058587,0
ACCT_059292,0.0005425861500377422,0
ACCT_059297,0.001393802362751806,0
ACCT_059303,0.0012337521719061446,0
ACCT_059310,0.00019566224861848112,0
ACCT_059319,0.042634658521140255,0
ACCT_059325,0.00016500793100508466,0
ACCT_059332,0.001611669217617291,0
ACCT_059338,0.0006053192494472931,0
ACCT_059339,0.0038148480151068433,0
ACCT_059348,0.00018841493495476026,0
ACCT_059359,0.00013080653352868184,0
ACCT_059361,5.6737822795585905e-05,0
ACCT_059363,0.021295664486501057,0
ACCT_059364,3.458788526844207e-05,0
ACCT_059378,0.010571531509611194,0
ACCT_059392,0.0005795850921501177,0
ACCT_059401,0.00018283047995491436,0
ACCT_059419,0.00012361541809416526,0
ACCT_059434,0.00011250950583576282,0
ACCT_059443,0.003537871728929635,0
ACCT_059447,0.0005063477523141009,0
ACCT_059455,0.0014622651734082887,0
ACCT_059457,0.02549996949805823,0
ACCT_059462,0.014051874709050996,0
ACCT_059464,0.00011663399491330721,0
ACCT_059468,0.0025888397484131608,0
ACCT_059510,0.00012238594544951997,0
ACCT_059522,0.0025163986054693613,0
ACCT_059532,3.791626678120956e-05,0
ACCT_059534,0.07182313365230536,0
ACCT_059539,9.40537663130081e-05,0
ACCT_059575,9.394405325748734e-05,0
ACCT_059580,0.004772166810883569,0
ACCT_059601,0.00025483823565822906,0
ACCT_059602,0.0007772211381966123,0
ACCT_059608,0.008032425163371406,0
ACCT_059629,0.000172683976725028,0
ACCT_059648,0.0013559586441609492,0
ACCT_059650,0.001506725105320328,0
ACCT_059654,0.8996708361661583,1
ACCT_059663,0.00031153639558225104,0
ACCT_059671,0.0003546677434358479,0
ACCT_059694,0.00040320170030733616,0
ACCT_059695,0.0015520963436002793,0
ACCT_059703,0.007849845568637501,0
ACCT_059706,0.00011105433016151327,0
ACCT_059707,0.03177622782068602,0
ACCT_059709,0.013152972093610611,0
ACCT_059713,4.9671150820521205e-05,0
ACCT_059714,0.00011252220332984822,0
ACCT_059720,0.00041112202439597915,0
ACCT_059722,4.54705140550083e-06,0
ACCT_059724,0.02312851848095925,0
ACCT_059732,0.0003315605241009265,0
ACCT_059734,0.007355775024889858,0
ACCT_059754,0.0011838030298303884,0
ACCT_059759,9.704791612030739e-05,0
ACCT_059766,9.57914495619425e-05,0
ACCT_059781,0.0029593149072426645,0
ACCT_059785,0.0011176784672022452,0
ACCT_059795,0.0005326696565282501,0
ACCT_059798,3.2592059750176794e-05,0
ACCT_059799,2.5319527281662878e-05,0
ACCT_059806,0.05100399430930435,0
ACCT_059810,0.0028460340633480025,0
ACCT_059833,1.6389969753056826e-05,0
ACCT_059848,0.0041583899648057416,0
ACCT_059854,0.00038086696204641974,0
ACCT_059867,0.005237981412343279,0
ACCT_059870,0.0011118965417722209,0
ACCT_059872,0.008163117566195848,0
ACCT_059879,0.0012133987723431333,0
ACCT_059882,0.002462602182548923,0
ACCT_059887,4.072101128959672e-05,0
ACCT_059889,0.002929560834147148,0
ACCT_059892,0.0005147300942425397,0
ACCT_059898,2.7043382000488033e-05,0
ACCT_059912,0.0148362453563538,0
ACCT_059914,0.0028210185220280863,0
ACCT_059935,0.0007342265622601378,0
ACCT_059937,0.0029987454452014527,0
ACCT_059940,0.013832058349033902,0
ACCT_059951,0.00011558770318597667,0
ACCT_059953,3.341886955422215e-05,0
ACCT_059955,0.00030158522086373425,0
ACCT_059964,0.000280582472023469,0
ACCT_059988,7.950779821436374e-05,0
ACCT_059995,0.004602435572328389,0
ACCT_060025,0.0004658125908806696,0
ACCT_060037,0.00017079438968493224,0
ACCT_060059,0.007454432699961134,0
ACCT_060066,0.0020696370948862933,0
ACCT_060069,0.02344614821417019,0
ACCT_060090,0.000746429582147869,0
ACCT_060097,0.0006738514942829604,0
ACCT_060105,0.00011118089332856271,0
ACCT_060106,0.0004962576293652482,0
ACCT_060107,0.0001506312312065936,0
ACCT_060122,0.0005148024515482198,0
ACCT_060126,0.08577664075076333,0
ACCT_060136,0.0003900185699277254,0
ACCT_060141,0.00014478898691522017,0
ACCT_060142,0.025297424402713885,0
ACCT_060146,0.005589235394431583,0
ACCT_060149,0.008044986606115896,0
ACCT_060162,4.99272173337581e-05,0
ACCT_060164,0.0005262353596128369,0
ACCT_060172,0.0046358160851458375,0
ACCT_060181,0.0006396164554770588,0
ACCT_060182,0.0020295099557341135,0
ACCT_060190,0.0007832900592718749,0
ACCT_060205,0.010969811392602063,0
ACCT_060214,0.0016720432859189307,0
ACCT_060215,0.003615489624116477,0
ACCT_060231,0.00013519504727889988,0
ACCT_060242,0.019263908094052533,0
ACCT_060271,0.00018359068971784777,0
ACCT_060278,0.007592553541441504,0
ACCT_060285,0.001150712083685914,0
ACCT_060286,0.0002387616878001137,0
ACCT_060306,0.003371210062698651,0
ACCT_060308,0.0009709708019514919,0
ACCT_060317,0.0005405379846136489,0
ACCT_060323,0.0012046942158041357,0
ACCT_060330,0.0004351496671113338,0
ACCT_060331,0.010691321886798904,0
ACCT_060332,0.0001634989131765622,0
ACCT_060333,0.008235197637713378,0
ACCT_060336,0.00014386459531433727,0
ACCT_060341,0.010132240263977393,0
ACCT_060350,0.022609973925163573,0
ACCT_060362,0.00014072704463688378,0
ACCT_060367,0.03608947015810139,0
ACCT_060368,0.00022291208926066014,0
ACCT_060372,4.083550251786178e-05,0
ACCT_060376,0.0014979048785717492,0
ACCT_060381,0.0004948650856366911,0
ACCT_060384,0.0014131599407850848,0
ACCT_060386,0.0011610876405620408,0
ACCT_060392,0.0022807257031717747,0
ACCT_060404,2.470393304789424e-05,0
ACCT_060406,2.8018549627891206e-05,0
ACCT_060407,0.00023670560019437226,0
ACCT_060432,0.004135642587880999,0
ACCT_060434,0.003907668776911913,0
ACCT_060443,0.0007973947245167734,0
ACCT_060445,0.0028231144752922438,0
ACCT_060451,0.0003118707813449001,0
ACCT_060461,0.04111899396047774,0
ACCT_060462,0.0018491750947285453,0
ACCT_060474,0.005039615923647557,0
ACCT_060479,0.00011524488672972686,0
ACCT_060489,0.0012616273986252936,0
ACCT_060502,0.0017318358426043879,0
ACCT_060507,0.0029107978330139474,0
ACCT_060518,0.00116320249363633,0
ACCT_060523,0.004867258055247214,0
ACCT_060529,9.872460159300828e-05,0
ACCT_060589,0.0018889270406196364,0
ACCT_060590,0.0039909114884736545,0
ACCT_060600,0.002815369985518222,0
ACCT_060631,4.610298787007642e-05,0
ACCT_060642,0.0013694592064686603,0
ACCT_060647,5.137517819986926e-05,0
ACCT_060664,0.00010184170659044981,0
ACCT_060674,0.0008067968334182231,0
ACCT_060684,0.0009568477450937353,0
ACCT_060688,0.0011686940840575756,0
ACCT_060694,0.0013850797728019177,0
ACCT_060701,0.004639354892544726,0
ACCT_060715,0.1766234216043537,0
ACCT_060716,1.9255054353418804e-05,0
ACCT_060718,0.0002036784799579487,0
ACCT_060725,0.05486783494924888,0
ACCT_060748,0.0017371563796221455,0
ACCT_060749,5.780678119140344e-05,0
ACCT_060750,0.0012315692132657732,0
ACCT_060758,0.00032570373466440575,0
ACCT_060763,0.0017368889135362473,0
ACCT_060767,0.005124043344831988,0
ACCT_060768,0.00019809698106284802,0
ACCT_060777,0.009855350402212361,0
ACCT_060785,0.0001021438337886807,0
ACCT_060787,0.005522226272584841,0
ACCT_060800,0.010105014245114056,0
ACCT_060810,0.0025301241674444554,0
ACCT_060812,4.136190926905825e-05,0
ACCT_060815,5.429568401154926e-05,0
ACCT_060818,0.009715551864390614,0
ACCT_060868,1.2819112694517088e-05,0
ACCT_060882,4.156430964176228e-05,0
ACCT_060887,0.0018616101097355267,0
ACCT_060893,0.0002900035558170888,0
ACCT_060919,0.0011153106708436306,0
ACCT_060920,0.0008520423149436893,0
ACCT_060921,0.005121014018562724,0
ACCT_060924,0.2105833813785384,0
ACCT_060936,0.08712869793384535,0
ACCT_060937,0.0004313509597715745,0
ACCT_060954,0.00015257559989256106,0
ACCT_060958,0.0010626639950316696,0
ACCT_060966,0.005788624327872116,0
ACCT_060986,0.00011580406676214081,0
ACCT_060992,0.00030747133936738237,0
ACCT_060993,0.002141457322655789,0
ACCT_061001,5.196898052071382e-05,0
ACCT_061005,0.0030068541032121014,0
ACCT_061010,0.0003626054472105829,0
ACCT_061021,0.00014679398896488683,0
ACCT_061025,0.0017299299500669752,0
ACCT_061041,0.00011222766389854181,0
ACCT_061062,0.0025797042570904383,0
ACCT_061067,0.0016867765978614208,0
ACCT_061074,8.952620483585887e-05,0
ACCT_061081,0.0014801946830458536,0
ACCT_061085,2.27719366410286e-05,0
ACCT_061093,0.0007397112772599022,0
ACCT_061124,0.0026449703167982868,0
ACCT_061128,0.0001818375981623841,0
ACCT_061138,4.417875713437858e-05,0
ACCT_061147,0.0001257766025418593,0
ACCT_061150,0.002821080036321094,0
ACCT_061156,9.029718192258077e-05,0
ACCT_061157,0.004773578556102264,0
ACCT_061162,1.903213573605152e-05,0
ACCT_061166,9.356771262657309e-05,0
ACCT_061183,0.00029504476686842174,0
ACCT_061192,0.02776342349614975,0
ACCT_061200,0.00010898716676600566,0
ACCT_061205,0.003278231680012092,0
ACCT_061207,0.0001452883716782124,0
ACCT_061209,7.903371113711415e-06,0
ACCT_061212,9.929281665389248e-05,0
ACCT_061223,0.0006269750893909867,0
ACCT_061224,0.20081842614448722,0
ACCT_061232,0.0006671392218183319,0
ACCT_061234,0.002002497160406615,0
ACCT_061237,0.01832610447315272,0
ACCT_061247,0.004283919301705815,0
ACCT_061250,0.028579452825688495,0
ACCT_061251,9.332983609234786e-05,0
ACCT_061276,0.017100199914543826,0
ACCT_061277,0.00021422902268673126,0
ACCT_061286,0.0009635141334053919,0
ACCT_061287,0.00047487731596763705,0
ACCT_061307,0.0006440367185700165,0
ACCT_061308,0.004087033124217018,0
ACCT_061317,0.07884033988106101,0
ACCT_061330,0.0005372064641859911,0
ACCT_061336,0.07779071479163191,0
ACCT_061353,0.020889625916943762,0
ACCT_061359,0.0005645992294286889,0
ACCT_061362,0.0029600767646498567,0
ACCT_061373,0.0005160797804447261,0
ACCT_061379,0.11246183609319708,0
ACCT_061380,0.0016640922946206988,0
ACCT_061382,0.00013506252035925173,0
ACCT_061384,8.914898382940109e-05,0
ACCT_061400,0.005074091030271867,0
ACCT_061412,0.00047895574940675224,0
ACCT_061435,0.0013892514002756377,0
ACCT_061444,0.0001096698733878401,0
ACCT_061469,0.0001663546530508447,0
ACCT_061473,6.287934933647798e-05,0
ACCT_061476,0.00020815898407788863,0
ACCT_061480,0.0023186171017648832,0
ACCT_061506,0.0010674741697528688,0
ACCT_061516,0.00017850760010105213,0
ACCT_061525,0.0006262121870892987,0
ACCT_061555,0.00048503018393320944,0
ACCT_061559,0.0011880629721512728,0
ACCT_061561,0.0021789986542950705,0
ACCT_061562,0.0018378703290339866,0
ACCT_061570,0.00013444695948741284,0
ACCT_061571,0.0012277456935063339,0
ACCT_061573,0.0003624576084644204,0
ACCT_061577,0.0010709575554137562,0
ACCT_061588,0.0003422189069643799,0
ACCT_061591,0.00018049977314306398,0
ACCT_061593,0.0014995870213838143,0
ACCT_061597,0.0001508788590544154,0
ACCT_061608,0.005948911013880568,0
ACCT_061623,0.015494861414882937,0
ACCT_061624,0.00020665222204038983,0
ACCT_061625,0.0006911601756006926,0
ACCT_061626,0.0007168439578173177,0
ACCT_061633,0.00010954580853788241,0
ACCT_061642,0.01760641275227581,0
ACCT_061654,0.003313573008618488,0
ACCT_061657,0.1192219332285579,0
ACCT_061681,0.0054815777048214465,0
ACCT_061692,0.0003584227734402396,0
ACCT_061697,0.01699648119639714,0
ACCT_061714,0.0001567066007839304,0
ACCT_061715,0.01854483618575034,0
ACCT_061725,0.000887300330304184,0
ACCT_061732,0.00017410117962268453,0
ACCT_061736,0.00011683515266542859,0
ACCT_061737,0.0009880735208614643,0
ACCT_061744,0.0005488117620704438,0
ACCT_061748,0.00033864153096370165,0
ACCT_061761,0.0015416861018386142,0
ACCT_061766,0.00014486501663445213,0
ACCT_061786,0.0001730246433539105,0
ACCT_061791,0.0022829185878678487,0
ACCT_061806,4.6618175641624685e-05,0
ACCT_061808,6.948253669035809e-05,0
ACCT_061824,0.0001839506708620574,0
ACCT_061826,0.00026433473950977446,0
ACCT_061827,0.007978721844455762,0
ACCT_061833,0.006639499871415829,0
ACCT_061838,0.0014744905639618978,0
ACCT_061840,0.0011040303067521996,0
ACCT_061856,0.030310044965050492,0
ACCT_061872,1.175125578266475e-05,0
ACCT_061873,0.0010879515254591677,0
ACCT_061921,0.000273705420223166,0
ACCT_061929,0.0006693770933971294,0
ACCT_061951,0.00021898227682288723,0
ACCT_061956,2.252465589570797e-05,0
ACCT_061957,0.0008422184282710536,0
ACCT_061972,0.6651925755304696,0
ACCT_061977,0.0010556307634043964,0
ACCT_061983,0.0003595848754825871,0
ACCT_061997,0.0021858739307747685,0
ACCT_062006,0.005516787981840627,0
ACCT_062033,0.0019553003791970467,0
ACCT_062055,0.0006156335765515659,0
ACCT_062060,0.0027013558654695132,0
ACCT_062071,0.02896343849411374,0
ACCT_062075,0.0014852226254837187,0
ACCT_062082,0.020163264440574962,0
ACCT_062092,0.00025574594162713595,0
ACCT_062099,0.0016807696829065062,0
ACCT_062105,0.0002907384271334508,0
ACCT_062109,2.7309851718144504e-05,0
ACCT_062119,0.007503685072617712,0
ACCT_062120,0.017380273132311264,0
ACCT_062122,0.00025399890540921187,0
ACCT_062129,0.0008092987327304991,0
ACCT_062133,0.0005346727579415312,0
ACCT_062143,0.04571479961126101,0
ACCT_062160,0.00024027552238664937,0
ACCT_062170,0.0038988836321046418,0
ACCT_062174,0.002685227866848406,0
ACCT_062177,0.0036970936139250885,0
ACCT_062180,0.0003082779450933756,0
ACCT_062185,0.00368196873927283,0
ACCT_062189,0.0012463467555284078,0
ACCT_062192,0.00011795000375464248,0
ACCT_062205,0.008697832747207129,0
ACCT_062208,3.816776548669141e-05,0
ACCT_062214,0.00010578759893294698,0
ACCT_062217,0.00026252547771839197,0
ACCT_062218,0.005429122150058168,0
ACCT_062229,0.001288073593251205,0
ACCT_062238,0.8695603736224536,1
ACCT_062250,0.00019451698170030603,0
ACCT_062254,0.0011253995450043917,0
ACCT_062256,0.0012751926159716366,0
ACCT_062257,0.0007379148906953034,0
ACCT_062268,0.0013174911767941074,0
ACCT_062275,0.0016959563554443718,0
ACCT_062290,0.0008606366046027278,0
ACCT_062296,0.0014843985942060614,0
ACCT_062302,0.00017302415237249117,0
ACCT_062305,3.276780928891386e-05,0
ACCT_062309,0.02475861046607328,0
ACCT_062318,0.00017665298176681264,0
ACCT_062343,0.0004523569515980222,0
ACCT_062348,0.0002791244759177726,0
ACCT_062350,0.0008646167078544172,0
ACCT_062353,0.0027588563653676073,0
ACCT_062356,0.003750409562103732,0
ACCT_062380,0.0026991527147369825,0
ACCT_062381,0.00036495950853589524,0
ACCT_062382,0.0006261035606839352,0
ACCT_062394,0.00015712078952116203,0
ACCT_062406,0.006400050678503219,0
ACCT_062409,0.00016199719200104136,0
ACCT_062433,0.0005733481799701636,0
ACCT_062438,0.0016928969303494255,0
ACCT_062442,0.0003193343350897526,0
ACCT_062453,0.0003864627751392226,0
ACCT_062457,0.5279427749630315,0
ACCT_062458,0.007995567403931758,0
ACCT_062460,0.00024128943334716346,0
ACCT_062464,0.00024321772926950072,0
ACCT_062469,0.0009476559655506873,0
ACCT_062477,0.00045067043710546035,0
ACCT_062487,0.3153470333190573,0
ACCT_062507,0.0006322796470679077,0
ACCT_062513,0.00015027984512432395,0
ACCT_062527,0.0006398446131835347,0
ACCT_062532,0.0014452682326427887,0
ACCT_062544,0.0032618707511346038,0
ACCT_062559,0.37025278105448445,0
ACCT_062564,0.0065838394474320066,0
ACCT_062576,0.6226088881356193,0
ACCT_062583,0.00018126838719585863,0
ACCT_062601,7.785563802218083e-05,0
ACCT_062626,0.0026507803893681416,0
ACCT_062634,0.0006105029162650177,0
ACCT_062636,3.741902532870939e-05,0
ACCT_062637,0.017924209144103347,0
ACCT_062647,0.06854561029711354,0
ACCT_062648,0.001255845990089424,0
ACCT_062658,0.00516977871120393,0
ACCT_062671,1.5262265003219012e-05,0
ACCT_062672,0.0007088537584420116,0
ACCT_062699,0.0024983760103767026,0
ACCT_062705,0.0017594652196179894,0
ACCT_062716,4.958866241952009e-05,0
ACCT_062720,0.01101968311460253,0
ACCT_062723,0.0008332613687976014,0
ACCT_062731,0.000155074681297755,0
ACCT_062732,0.0021563527382764906,0
ACCT_062735,0.007566738270448946,0
ACCT_062736,0.0014879716852407422,0
ACCT_062737,0.0001411688597897915,0
ACCT_062757,0.00011233603728761903,0
ACCT_062762,0.000643550235470601,0
ACCT_062765,7.925312338073507e-05,0
ACCT_062771,0.002247428013596629,0
ACCT_062773,0.005168556563915356,0
ACCT_062775,0.0006445956879735825,0
ACCT_062776,0.0010310097033830986,0
ACCT_062780,0.0005704132561092423,0
ACCT_062799,0.070207475798639,0
ACCT_062808,6.793183519315136e-05,0
ACCT_062832,0.0033281761655540244,0
ACCT_062835,0.0001688276705286141,0
ACCT_062854,0.0013531452746944155,0
ACCT_062873,0.003381570505751455,0
ACCT_062874,0.0002171177386666046,0
ACCT_062886,0.04440989425667366,0
ACCT_062905,7.023856815847663e-05,0
ACCT_062911,2.9473715776384538e-05,0
ACCT_062917,0.000661644416361983,0
ACCT_062934,6.975984585993518e-05,0
ACCT_062943,0.00025061085889942463,0
ACCT_062953,0.0008017902375190952,0
ACCT_062956,0.0009891970855730055,0
ACCT_062957,0.0009605832529366791,0
ACCT_062970,0.060522121746162,0
ACCT_062978,0.00021703389592664588,0
ACCT_063003,0.003865835955033489,0
ACCT_063015,8.220602069816277e-05,0
ACCT_063028,0.004474242395603454,0
ACCT_063030,0.002599321228624449,0
ACCT_063032,4.6490167940970474e-05,0
ACCT_063034,0.002585111479700792,0
ACCT_063047,0.0072408316439635054,0
ACCT_063056,0.002314640064379048,0
ACCT_063064,0.0009035628694777774,0
ACCT_063071,0.0004302288787691991,0
ACCT_063088,0.002951461573951306,0
ACCT_063093,0.011979633166479462,0
ACCT_063098,0.0022057124141578546,0
ACCT_063108,0.0359506171248522,0
ACCT_063119,0.0011539928757145362,0
ACCT_063129,0.23819475474807453,0
ACCT_063136,0.0016327794547089651,0
ACCT_063138,0.0004896946740881665,0
ACCT_063148,0.005395953364340924,0
ACCT_063149,0.0009114786247308048,0
ACCT_063160,0.004414852139151805,0
ACCT_063170,0.000860184402219941,0
ACCT_063172,0.0006779483630865098,0
ACCT_063177,0.001213444882546453,0
ACCT_063187,0.0002373485827981906,0
ACCT_063197,0.00014767489519482773,0
ACCT_063201,0.0007355512577121385,0
ACCT_063211,0.0004117889276305573,0
ACCT_063216,0.0007869259069749376,0
ACCT_063240,1.3725682422641628e-05,0
ACCT_063242,0.00046255755511138405,0
ACCT_063249,0.012683869667044115,0
ACCT_063254,0.0005955176024900217,0
ACCT_063265,0.0003950390120836609,0
ACCT_063272,0.0023881121718002307,0
ACCT_063298,0.0008206146927500325,0
ACCT_063303,0.0012539731930223284,0
ACCT_063305,0.11306352357415118,0
ACCT_063318,0.002055876409224357,0
ACCT_063319,0.015961285602882746,0
ACCT_063331,0.0013944831473183391,0
ACCT_063334,0.00028984255955585137,0
ACCT_063336,0.0005617478547311621,0
ACCT_063347,0.0003715433716361268,0
ACCT_063351,0.005637067763957216,0
ACCT_063362,0.0014668901928499855,0
ACCT_063363,0.0014767924864611578,0
ACCT_063372,0.00048264783241692733,0
ACCT_063376,0.1526457750917825,0
ACCT_063380,0.0006628834576065583,0
ACCT_063393,0.000492443819577107,0
ACCT_063408,0.0009473519617959893,0
ACCT_063409,0.029417251561058858,0
ACCT_063420,0.0015930191916621872,0
ACCT_063422,0.0002817290084247762,0
ACCT_063436,0.0002735939796981314,0
ACCT_063437,0.02567634321785417,0
ACCT_063442,0.22772561406661743,0
ACCT_063445,0.5275935565864782,0
ACCT_063453,0.010342870974981223,0
ACCT_063459,0.0014942866251146873,0
ACCT_063465,5.3476654175596106e-05,0
ACCT_063466,2.7050598620211032e-05,0
ACCT_063475,0.022600687462383542,0
ACCT_063480,0.015155466981707106,0
ACCT_063486,5.81690748211346e-05,0
ACCT_063487,0.00019208503813903115,0
ACCT_063488,0.0009972964806290977,0
ACCT_063490,0.00022987696149524936,0
ACCT_063502,0.032878226369839836,0
ACCT_063508,0.0299883799582074,0
ACCT_063522,0.960332047973658,0
ACCT_063527,8.950652861635102e-05,0
ACCT_063539,0.04084260321357972,0
ACCT_063546,0.0004608440427686987,0
ACCT_063548,0.0004807733970148856,0
ACCT_063559,0.0001982851225025055,0
ACCT_063564,0.00027796053421459617,0
ACCT_063598,0.004007550307466187,0
ACCT_063610,0.00014743960334515291,0
ACCT_063618,0.013210054184478216,0
ACCT_063658,0.014079479278730494,0
ACCT_063662,0.186343495301801,0
ACCT_063663,1.183994598276235e-05,0
ACCT_063665,0.00010423726688354465,0
ACCT_063669,6.941534436275908e-05,0
ACCT_063671,0.0007800707927273023,0
ACCT_063684,0.002128972366743512,0
ACCT_063691,0.09353970645765652,0
ACCT_063701,4.1867823661304726e-05,0
ACCT_063712,0.001134712252206725,0
ACCT_063714,0.0004493796807802525,0
ACCT_063715,0.0002832871837211859,0
ACCT_063720,0.0002716262726598591,0
ACCT_063724,0.0006367867885474886,0
ACCT_063734,0.0024936896229848463,0
ACCT_063737,0.001111112194943267,0
ACCT_063743,0.002455939260122886,0
ACCT_063747,0.013845528052644654,0
ACCT_063750,0.00714815640496242,0
ACCT_063752,2.828463740562939e-05,0
ACCT_063754,0.001049891764393318,0
ACCT_063757,0.0012927153141562523,0
ACCT_063760,0.006615393631132157,0
ACCT_063761,0.0008440475493136741,0
ACCT_063776,0.09182397873557334,0
ACCT_063779,0.03145878803182612,0
ACCT_063782,0.004339228692611006,0
ACCT_063785,0.007095404815596228,0
ACCT_063788,0.000909619646898891,0
ACCT_063796,0.0033119041036426262,0
ACCT_063797,0.018472628381594577,0
ACCT_063799,0.0020301540713009523,0
ACCT_063809,0.0011121879871874437,0
ACCT_063812,0.005941180439137397,0
ACCT_063815,0.00791376034863017,0
ACCT_063822,0.0023321833670895548,0
ACCT_063829,0.0040334598613743595,0
ACCT_063860,0.0001046673605243732,0
ACCT_063867,0.01902429777678513,0
ACCT_063875,0.007030754366783766,0
ACCT_063889,0.0017432715797824727,0
ACCT_063908,0.0010237387654892063,0
ACCT_063914,0.0008567346298030547,0
ACCT_063921,0.000967366282500163,0
ACCT_063931,0.0015586294716052331,0
ACCT_063946,0.00017009968923805026,0
ACCT_063950,0.019308091822474286,0
ACCT_063959,1.3781074814987356e-05,0
ACCT_063975,0.0005962511059782944,0
ACCT_063979,0.0014799007756499645,0
ACCT_063981,0.0002118766512479627,0
ACCT_063982,0.00029926061099459544,0
ACCT_063985,0.059790638863998415,0
ACCT_063990,0.005960204044490889,0
ACCT_063992,7.352374582963912e-05,0
ACCT_063998,0.022623957828730994,0
ACCT_064002,0.0003437209911412574,0
ACCT_064008,7.327689397222799e-05,0
ACCT_064026,0.0022701635369603815,0
ACCT_064038,0.0003013741279736629,0
ACCT_064042,0.00014785896316963428,0
ACCT_064048,4.512348206480254e-05,0
ACCT_064049,0.00010845966715728683,0
ACCT_064053,4.532347038378649e-05,0
ACCT_064055,0.000122080187719728,0
ACCT_064057,0.000599713777890475,0
ACCT_064060,0.0008348206532044428,0
ACCT_064068,0.06053677738564385,0
ACCT_064069,0.0006040871352400824,0
ACCT_064077,0.31905519810090904,0
ACCT_064078,8.317066119446954e-05,0
ACCT_064080,0.0006665354143430509,0
ACCT_064087,0.0014643002226973484,0
ACCT_064091,0.0008957163316762018,0
ACCT_064096,0.001191668544619276,0
ACCT_064105,0.000991573473501109,0
ACCT_064116,0.00028369554878462754,0
ACCT_064136,0.000111165217704893,0
ACCT_064145,0.0007311805715283322,0
ACCT_064148,0.0025491409047276236,0
ACCT_064151,0.004007598705152433,0
ACCT_064170,0.00021160917766463008,0
ACCT_064182,0.007606966503748977,0
ACCT_064189,0.0004261142503625454,0
ACCT_064190,4.7236604020448106e-05,0
ACCT_064226,0.0008880289000205204,0
ACCT_064249,0.01659600727290373,0
ACCT_064256,0.00038615345734218916,0
ACCT_064258,0.0012445559062136664,0
ACCT_064259,0.0004082256503293194,0
ACCT_064265,0.000994652057276242,0
ACCT_064272,9.499807276675009e-05,0
ACCT_064284,0.0008024131667614584,0
ACCT_064300,6.0153904048349824e-05,0
ACCT_064303,0.0037441540303022095,0
ACCT_064306,0.007308088758441474,0
ACCT_064320,0.01072694220774065,0
ACCT_064330,2.346887817093999e-05,0
ACCT_064334,0.00042254192971386527,0
ACCT_064338,0.00019095287598455232,0
ACCT_064347,0.004286108226725412,0
ACCT_064355,0.0008847472908909713,0
ACCT_064356,0.048784317148422005,0
ACCT_064367,0.001434489300698647,0
ACCT_064372,0.0027515966703646907,0
ACCT_064373,0.00035979667678702324,0
ACCT_064376,0.007765384673373579,0
ACCT_064380,0.000247837688689801,0
ACCT_064384,0.005233244757676932,0
ACCT_064388,0.014217012790617677,0
ACCT_064393,0.0005196589089694263,0
ACCT_064425,0.0010684030666093705,0
ACCT_064448,0.004179966966049903,0
ACCT_064449,0.0011735607356920918,0
ACCT_064493,0.09499107474071701,0
ACCT_064497,0.003820671251077765,0
ACCT_064503,1.4743302170814294e-05,0
ACCT_064506,0.005671236057826874,0
ACCT_064509,0.0023705281648930066,0
ACCT_064527,0.03297569314107524,0
ACCT_064541,0.004862213904005878,0
ACCT_064561,0.0016927121386742733,0
ACCT_064572,0.3491650741331992,0
ACCT_064577,7.719834664441635e-05,0
ACCT_064578,0.0006529501038400188,0
ACCT_064595,0.83358933552207,0
ACCT_064602,0.0007590464565024486,0
ACCT_064604,0.000852806438313985,0
ACCT_064612,0.00047034616282115414,0
ACCT_064620,0.0002446374197607921,0
ACCT_064626,0.0003724501865284236,0
ACCT_064631,4.1875378614713875e-05,0
ACCT_064646,0.011075094487455514,0
ACCT_064659,0.0011004809309147871,0
ACCT_064688,0.00012534077196346485,0
ACCT_064691,0.000486363361076812,0
ACCT_064700,0.000244065858099475,0
ACCT_064702,0.00022216301477395582,0
ACCT_064705,0.00018517511958638673,0
ACCT_064714,0.0011099201048030444,0
ACCT_064725,3.937226930921261e-05,1
ACCT_064728,0.00016408855394190678,0
ACCT_064730,0.4620175662069095,0
ACCT_064748,0.0018586585498184566,0
ACCT_064750,0.0072431874398714525,0
ACCT_064757,0.0004426174786727435,0
ACCT_064767,0.02735924387317951,0
ACCT_064773,0.024385490011491835,0
ACCT_064774,0.00020870174847706022,0
ACCT_064777,0.00015205789128038946,0
ACCT_064789,0.007065028969459481,0
ACCT_064792,0.00990457000569557,0
ACCT_064797,0.0005697429544118374,0
ACCT_064799,4.302628521017409e-05,0
ACCT_064811,0.0007530146365536631,0
ACCT_064819,0.00010567018370504688,0
ACCT_064827,0.0003977521319425331,0
ACCT_064840,0.006775628305496972,0
ACCT_064847,0.0036506347890032952,0
ACCT_064853,0.000918503291667697,0
ACCT_064854,0.0006610782138631734,0
ACCT_064860,0.00381300304671514,0
ACCT_064867,1.2514690717763388e-05,0
ACCT_064872,8.495738260052969e-05,0
ACCT_064876,0.0001734354326432516,0
ACCT_064888,0.0006579791875278275,0
ACCT_064896,0.001645063783873574,0
ACCT_064936,0.00021175716895991477,0
ACCT_064940,9.670664267012536e-05,0
ACCT_064944,0.003049379532729508,0
ACCT_064948,0.0002740480135585577,0
ACCT_064951,0.00022420927463548702,0
ACCT_064971,0.000501675636813741,0
ACCT_064980,0.00032054017015198464,0
ACCT_064999,0.003742228436837816,0
ACCT_065014,0.00018697850146854074,0
ACCT_065015,0.19891154193230423,0
ACCT_065026,0.0004273725703010342,0
ACCT_065031,0.5357827079753573,0
ACCT_065040,0.11500251965007662,0
ACCT_065042,0.0008738103494891999,0
ACCT_065053,0.0023883211721199143,0
ACCT_065054,0.00012745393952009248,0
ACCT_065079,0.001612413396824741,0
ACCT_065080,0.0006064628632335245,0
ACCT_065103,0.0006370774911765042,0
ACCT_065108,0.009444978368748963,0
ACCT_065116,0.004676649151362513,0
ACCT_065117,0.00021695969124610758,0
ACCT_065118,0.00018906474270712827,0
ACCT_065120,6.95192735203869e-05,0
ACCT_065132,0.001224527590412167,0
ACCT_065145,0.007112127965141118,0
ACCT_065161,0.000313300873523914,0
ACCT_065163,0.015640992046048966,0
ACCT_065165,0.00045235212250802157,0
ACCT_065166,0.00617673494842619,0
ACCT_065181,0.00018386328198617184,0
ACCT_065185,0.0018140205733494276,0
ACCT_065186,0.0016335033273809263,0
ACCT_065197,0.19861201351242394,0
ACCT_065206,0.00807251644868511,0
ACCT_065210,0.0046186818920479706,0
ACCT_065271,0.0012209693081181722,0
ACCT_065277,0.005373066981817774,0
ACCT_065280,0.0036697643685728795,0
ACCT_065309,2.9404708858430923e-05,0
ACCT_065312,0.0027638618047873993,0
ACCT_065327,0.0024149444445094983,0
ACCT_065342,0.00014641744272955262,0
ACCT_065345,0.009362969670621906,0
ACCT_065369,0.00013165311452523838,0
ACCT_065374,0.060640171592743514,0
ACCT_065385,0.0002010021047776285,0
ACCT_065387,0.005096794886953371,0
ACCT_065397,0.007168505300718429,0
ACCT_065398,0.000155482403372993,0
ACCT_065408,0.0003055099888065705,0
ACCT_065411,0.01230781688551437,0
ACCT_065417,0.00022515060958347926,0
ACCT_065419,0.004428384127350125,0
ACCT_065422,0.003116734378214724,0
ACCT_065428,0.004550882580893554,0
ACCT_065429,0.0007220682165073988,0
ACCT_065431,0.0024882732045721136,0
ACCT_065458,5.9964799412857244e-05,0
ACCT_065467,0.00013849004952051183,0
ACCT_065473,2.11279995463574e-06,0
ACCT_065491,0.029676792825414612,0
ACCT_065505,0.002809018829923938,0
ACCT_065524,0.0004340372233721784,0
ACCT_065530,0.001308031577383147,0
ACCT_065537,0.004229792421091545,0
ACCT_065547,0.001232533829251708,0
ACCT_065548,0.0012180689647216167,0
ACCT_065562,0.006996243769022573,0
ACCT_065563,0.0010631846755535814,0
ACCT_065564,0.0010552401108683473,0
ACCT_065582,0.0016388564447728704,0
ACCT_065588,0.006200330105014036,0
ACCT_065616,0.036039289725236665,0
ACCT_065640,0.0010568342683577885,0
ACCT_065649,0.0011951597545978225,0
ACCT_065682,0.002503573407382759,0
ACCT_065686,0.0011955774975920409,0
ACCT_065691,0.004306702526884744,0
ACCT_065703,0.0035319448672874875,0
ACCT_065721,0.002486953561936532,0
ACCT_065740,8.218033926853395e-05,0
ACCT_065742,0.00044674385271935757,0
ACCT_065749,0.009237434462385808,0
ACCT_065757,0.0009733211039987911,0
ACCT_065758,0.00013118838874844247,0
ACCT_065764,0.004415016902787585,0
ACCT_065780,0.0027823328566715134,0
ACCT_065785,0.0001066198932517847,0
ACCT_065786,0.004613760229995829,0
ACCT_065796,0.00817612388497933,0
ACCT_065840,0.0013109880236043877,0
ACCT_065846,4.748645762275602e-06,0
ACCT_065851,0.011813914465819626,0
ACCT_065876,0.005402462545655432,0
ACCT_065896,0.00043416504248420965,0
ACCT_065905,0.02321637561403491,0
ACCT_065907,0.0003078566231931258,0
ACCT_065933,0.003838951975054668,0
ACCT_065943,0.00216332685990267,0
ACCT_065962,0.01875365388427248,0
ACCT_065974,0.0012213561021817707,0
ACCT_065975,4.672055274887765e-05,0
ACCT_065979,0.00020374499058850703,0
ACCT_065981,0.003958624836590427,0
ACCT_065989,0.5620471468210627,0
ACCT_065991,0.13247104779420227,0
ACCT_065996,0.0026008875132923787,0
ACCT_066005,0.00118864436745704,0
ACCT_066010,0.004212834949241554,0
ACCT_066034,0.00034314178963186173,0
ACCT_066037,0.0003851927551934911,0
ACCT_066045,0.0011789966084839942,0
ACCT_066053,0.005435126103213152,0
ACCT_066056,0.0004380219904525292,0
ACCT_066058,0.000731987131165628,0
ACCT_066059,0.0004013422568844653,0
ACCT_066061,0.00017922750910514228,0
ACCT_066062,0.0038720589930218642,0
ACCT_066065,0.00011356684563995414,0
ACCT_066071,0.0008177957998446342,0
ACCT_066072,0.0004881638631238708,0
ACCT_066073,0.002993575358188048,0
ACCT_066078,0.0005898444372011511,0
ACCT_066086,0.005571478520398673,0
ACCT_066094,0.0007988335889332938,0
ACCT_066102,0.00048375675060288335,0
ACCT_066112,0.00018397865003957746,0
ACCT_066121,0.00013161863592405437,0
ACCT_066135,0.0009363852286008462,0
ACCT_066136,0.013271893287540467,0
ACCT_066148,0.005361521926143237,0
ACCT_066152,0.00016907936315870706,0
ACCT_066153,0.000221355754537543,0
ACCT_066174,0.00017538190878844346,0
ACCT_066181,0.00018479947924862847,0
ACCT_066185,0.009805300757225424,0
ACCT_066189,0.00020436855367043924,0
ACCT_066210,0.0008224247774320589,0
ACCT_066222,0.04415132951676433,0
ACCT_066228,0.0009105655960746357,0
ACCT_066232,0.21632631394587823,0
ACCT_066234,0.0012183490653949914,0
ACCT_066237,0.00031985181778758777,0
ACCT_066239,8.489706773312251e-05,0
ACCT_066243,0.0025454270952354765,0
ACCT_066248,1.7265582165394923e-05,0
ACCT_066252,0.002034714303616474,0
ACCT_066255,0.0026858193250731484,0
ACCT_066258,0.0003183248368844522,0
ACCT_066275,8.560345040734543e-05,0
ACCT_066312,0.047495463394831766,0
ACCT_066322,0.00446151815364088,0
ACCT_066328,0.000283673585901889,0
ACCT_066330,7.085749504676957e-05,0
ACCT_066331,0.04495441897701949,0
ACCT_066332,5.401760755362304e-05,0
ACCT_066356,0.0012364031820669902,0
ACCT_066385,0.0007414419068640094,0
ACCT_066386,0.00039044928299930505,0
ACCT_066397,0.0002880802763446773,0
ACCT_066401,0.0001987556407110513,0
ACCT_066402,0.004048283831904382,0
ACCT_066421,0.0006771328431648758,0
ACCT_066426,0.00027430832284188275,0
ACCT_066432,0.005992155524781876,0
ACCT_066440,7.117501656792487e-05,0
ACCT_066470,0.002385887000100873,0
ACCT_066475,0.0047820752866538025,0
ACCT_066490,0.0001743281370295068,0
ACCT_066504,0.00011183474480665591,0
ACCT_066508,0.00048823795453949636,0
ACCT_066516,0.0027460888100128097,0
ACCT_066524,0.0005097078420273541,0
ACCT_066527,0.0014581887645956112,0
ACCT_066580,0.00632512098853521,0
ACCT_066586,0.0004829082225000783,0
ACCT_066599,0.008167365168139075,0
ACCT_066609,0.031621103723675506,0
ACCT_066621,0.0011343872690444104,0
ACCT_066631,0.0006974622600935694,0
ACCT_066643,0.020962612257045342,0
ACCT_066653,0.0004218407716192645,0
ACCT_066655,0.00015486448900299253,0
ACCT_066659,6.829528147391902e-05,0
ACCT_066661,0.0011929060860844754,0
ACCT_066673,0.000260676955888239,0
ACCT_066686,0.0035907495377345503,0
ACCT_066690,0.00042625495819871795,0
ACCT_066691,0.0002247190043527517,0
ACCT_066696,0.012385164251646224,0
ACCT_066715,0.000768361802805058,0
ACCT_066724,0.021068055574801726,0
ACCT_066772,0.03327801029239276,0
ACCT_066773,0.0006332207980133055,0
ACCT_066775,0.001402029969581079,0
ACCT_066778,0.00032912050845609447,0
ACCT_066786,6.080126504114736e-05,0
ACCT_066803,0.0001991024675660737,0
ACCT_066807,0.0009799636616608562,0
ACCT_066814,0.00020498324421553955,0
ACCT_066817,0.0025855910314423465,0
ACCT_066818,4.914147518659561e-05,0
ACCT_066819,0.0009354731982028875,0
ACCT_066828,0.00036987724663929553,0
ACCT_066830,0.0041202313985520015,0
ACCT_066831,0.0110095993563797,0
ACCT_066838,0.00011979544892134937,0
ACCT_066842,0.002470373273921867,0
ACCT_066847,0.00017348326406165743,0
ACCT_066855,0.00208108212375458,0
ACCT_066859,0.00043688111234880395,0
ACCT_066861,0.0024363055405206145,0
ACCT_066864,0.0003873451253777098,0
ACCT_066870,0.0014580905545225746,0
ACCT_066881,0.0028740607309842713,0
ACCT_066883,0.0025365980999752596,0
ACCT_066893,0.00037903575883198423,0
ACCT_066894,0.0011719778219478878,0
ACCT_066903,0.001832056769561656,0
ACCT_066904,0.001673730752355919,0
ACCT_066916,6.786355379899014e-05,0
ACCT_066919,0.07276454619450058,0
ACCT_066921,0.002636984126853088,0
ACCT_066922,0.00037049510493332585,0
ACCT_066934,0.006250255915545906,0
ACCT_066936,0.3378779347741799,0
ACCT_066942,0.00031657647447677883,0
ACCT_066945,0.0006932404111660167,0
ACCT_066948,0.001089925293411404,0
ACCT_066961,0.0001787896857357115,0
ACCT_066962,0.0009661145122839953,0
ACCT_066965,0.0004201773011207039,0
ACCT_066970,0.00010919322641167693,0
ACCT_066972,0.00020954803882373524,0
ACCT_066975,0.00014540198534993256,0
ACCT_066977,0.005626892555500454,0
ACCT_066982,4.9005899023748664e-05,0
ACCT_066985,0.0004710344972679493,0
ACCT_066998,0.0007989289159913246,0
ACCT_067001,9.110266711800303e-05,0
ACCT_067005,0.0010146171257716704,0
ACCT_067010,0.0005614394605988152,0
ACCT_067022,0.0011376947256641935,0
ACCT_067037,0.0002515246223138151,0
ACCT_067038,0.0005699116266077463,0
ACCT_067043,0.0004290306266020004,0
ACCT_067044,0.008226298408950993,0
ACCT_067048,0.002022034001311426,0
ACCT_067049,0.0007277058666946109,0
ACCT_067056,0.00012189505793931805,0
ACCT_067060,0.00011986583907644162,0
ACCT_067068,0.001102229282883841,0
ACCT_067070,0.002575948933992962,0
ACCT_067113,0.002450625880518104,0
ACCT_067118,9.995838773923073e-05,0
ACCT_067121,0.003239647563320718,0
ACCT_067123,0.000259462787287555,0
ACCT_067127,0.0025164782127135637,0
ACCT_067132,6.413369000560901e-05,0
ACCT_067139,0.00028540503145662986,0
ACCT_067151,0.016771462307847877,0
ACCT_067157,1.1638429052586953e-05,0
ACCT_067186,0.0005892468902311297,0
ACCT_067202,0.02866162577036244,0
ACCT_067211,0.005004665937957562,0
ACCT_067213,0.00011683993969109249,0
ACCT_067223,0.04013064258890539,0
ACCT_067229,0.005096608862864109,0
ACCT_067235,0.0020976461830660795,0
ACCT_067247,0.00037321412243666993,0
ACCT_067249,3.80333508523813e-05,0
ACCT_067250,5.858509257236818e-05,0
ACCT_067252,0.00011339650908115895,0
ACCT_067269,0.0025068773042862774,0
ACCT_067282,0.022034224298482136,0
ACCT_067292,0.0011295038484870862,0
ACCT_067296,0.0012955062386587894,0
ACCT_067298,8.116242183068627e-05,0
ACCT_067303,0.015803653643260425,0
ACCT_067305,2.4520413750572915e-05,0
ACCT_067306,0.0014103605894201026,0
ACCT_067307,0.0068333094372747824,0
ACCT_067328,0.0368238915136464,0
ACCT_067363,0.003172237569579918,0
ACCT_067365,0.0005421567116341119,0
ACCT_067377,0.011082134009884803,0
ACCT_067379,0.19397878359450374,0
ACCT_067382,0.0035221103219133494,0
ACCT_067389,4.7660677879456785e-05,0
ACCT_067395,0.0001220793768590102,0
ACCT_067397,0.0002223716891433666,0
ACCT_067402,0.09525283044231758,0
ACCT_067407,0.0056089055853055835,0
ACCT_067420,5.0507952107772495e-05,0
ACCT_067427,5.94073571650482e-05,0
ACCT_067433,0.0005529731861744798,0
ACCT_067443,0.0001339248849666193,0
ACCT_067457,0.0014621858446402915,0
ACCT_067461,0.0006931836229725467,0
ACCT_067463,0.009987521990769105,0
ACCT_067477,0.002070568652640428,0
ACCT_067478,0.0012082192078890861,0
ACCT_067492,0.0013171925830042384,0
ACCT_067500,0.0019145851806940705,0
ACCT_067501,0.0004187562408788707,0
ACCT_067510,0.006019462846001316,0
ACCT_067521,0.0004945265692274776,0
ACCT_067532,0.00016497686612480198,0
ACCT_067542,0.00014465793574658855,0
ACCT_067545,0.004945568427442431,0
ACCT_067547,0.0002702378908428056,0
ACCT_067552,0.0003517960004762524,0
ACCT_067556,0.002781734785392359,0
ACCT_067561,0.0015371992275570122,0
ACCT_067572,0.00011661225362180874,0
ACCT_067576,0.0028601281537773164,0
ACCT_067577,0.01628375056051,0
ACCT_067578,0.001697047539827698,0
ACCT_067587,0.0007514967391202139,0
ACCT_067601,0.0004927168632596785,0
ACCT_067638,0.06183304142617888,0
ACCT_067679,0.030752563346458078,0
ACCT_067685,0.00039251710359759344,0
ACCT_067686,0.00037685099279964975,0
ACCT_067692,0.004917183232450584,0
ACCT_067721,0.0005804078774664517,0
ACCT_067739,0.0006940655611254885,0
ACCT_067741,0.0008323169480751193,0
ACCT_067742,0.02220012021012334,0
ACCT_067743,0.001479147294213707,0
ACCT_067771,0.00032914034532359227,0
ACCT_067782,0.0006557011082127283,0
ACCT_067791,0.0001945722353252321,0
ACCT_067801,0.0010463312934926603,0
ACCT_067802,0.0010151418482412546,0
ACCT_067814,0.000594884017626711,0
ACCT_067819,0.002396331925566704,0
ACCT_067821,6.021416390852302e-05,0
ACCT_067822,0.0005761083747988948,0
ACCT_067830,0.00024581231965990736,0
ACCT_067834,0.01075621584620056,0
ACCT_067836,0.01159436986667678,0
ACCT_067840,0.1052965283550346,0
ACCT_067841,0.0006591034723113807,0
ACCT_067843,0.0020285047477243984,0
ACCT_067861,0.00021163331088112957,0
ACCT_067870,0.0058187866819630505,0
ACCT_067872,0.07327030350160356,0
ACCT_067873,2.4147234937954545e-06,0
ACCT_067880,0.02396511945784423,0
ACCT_067884,0.00016642940274468653,0
ACCT_067893,0.0008602386527669918,0
ACCT_067903,0.004423813445023701,0
ACCT_067913,0.0006082251651350324,0
ACCT_067914,0.00149982924373853,0
ACCT_067915,3.523171000058509e-05,0
ACCT_067917,0.00039091556522167755,0
ACCT_067926,0.0347088417845308,0
ACCT_067928,0.00025691493193955776,0
ACCT_067946,0.0005570906139527889,0
ACCT_067947,0.0002943437597629756,0
ACCT_067950,0.0016358178552758488,0
ACCT_067957,0.0035124942190957057,0
ACCT_067964,0.0008510499482902085,0
ACCT_067972,0.0016694591318915646,0
ACCT_067981,0.010165242497662864,0
ACCT_067984,6.515627991353765e-05,0
ACCT_067997,7.553651175100689e-06,0
ACCT_068007,7.922025211286208e-05,0
ACCT_068018,0.0009126534995151165,1
ACCT_068051,0.0012024259963807112,0
ACCT_068054,0.0012830569955939678,0
ACCT_068055,0.000441644385858093,0
ACCT_068062,0.00015445326856967492,0
ACCT_068066,0.0009660923018150799,0
ACCT_068067,0.20057340612311353,0
ACCT_068077,0.9667125123366401,1
ACCT_068081,0.012658119329965412,0
ACCT_068091,0.001404824535852183,0
ACCT_068100,0.0048766507326866255,0
ACCT_068110,0.0002335393513345517,0
ACCT_068114,0.0001665557087479171,0
ACCT_068126,0.0007574224074169665,0
ACCT_068134,0.0017032150067732414,0
ACCT_068143,0.00022616840514313823,0
ACCT_068145,0.0012653457037258363,0
ACCT_068150,0.0012178456944946649,0
ACCT_068168,0.00011481624831619392,0
ACCT_068175,0.0004206661443078274,0
ACCT_068178,1.5135496219953699e-05,0
ACCT_068183,0.00021851807871065614,0
ACCT_068215,0.0001148520924026793,0
ACCT_068218,0.0010685409317666335,0
ACCT_068221,0.9093588613182687,0
ACCT_068252,0.0029317703948853083,0
ACCT_068255,0.0011114382863164373,0
ACCT_068257,9.640376552042456e-06,0
ACCT_068258,0.003975791099050591,0
ACCT_068270,0.00036917925901220407,0
ACCT_068280,0.00017447104687690578,0
ACCT_068301,0.0007472216925263194,0
ACCT_068305,0.0008948436283169284,0
ACCT_068306,0.004899897961342897,0
ACCT_068326,0.013446732280743265,0
ACCT_068330,0.001207749702575932,0
ACCT_068343,0.0021530105099850042,0
ACCT_068345,0.0001371205123001141,0
ACCT_068355,0.00325759024097803,0
ACCT_068361,0.0010227279424126455,0
ACCT_068375,0.00020138565621432322,0
ACCT_068380,0.0047756536314965,0
ACCT_068382,0.0006321334074803243,0
ACCT_068386,0.0019660993246202537,0
ACCT_068394,0.0006749454777734386,0
ACCT_068397,0.0037839910650851387,0
ACCT_068400,0.005054755700586791,0
ACCT_068422,0.0025578912610143426,0
ACCT_068470,0.00021566845533197947,0
ACCT_068494,0.004152594433536389,0
ACCT_068495,0.0004896188148109576,0
ACCT_068506,0.03078000258795514,0
ACCT_068513,0.00036049260204862706,0
ACCT_068515,0.0003991394370411353,0
ACCT_068518,0.0017082024926488833,0
ACCT_068526,0.06276148931938046,0
ACCT_068532,5.127301652954889e-05,0
ACCT_068533,0.00776067820914256,0
ACCT_068548,0.00041274854898675644,0
ACCT_068552,0.9402003998057397,1
ACCT_068557,0.00017000433142767523,0
ACCT_068567,0.02392088624476939,0
ACCT_068589,0.003718385542877754,0
ACCT_068596,0.0007193235801373606,0
ACCT_068604,0.0008909718480335297,0
ACCT_068678,0.010931663514798089,0
ACCT_068683,0.00015614084161319012,0
ACCT_068686,0.0007230905721430262,0
ACCT_068689,0.539045624221009,0
ACCT_068695,2.291841709726845e-05,0
ACCT_068702,0.0012398451984394275,0
ACCT_068714,8.760480700871759e-05,0
ACCT_068723,0.0001328577841170241,0
ACCT_068730,0.0007256482310395593,0
ACCT_068743,0.00011556036496320432,0
ACCT_068755,0.0020757134986613105,0
ACCT_068756,0.0020155212020823016,0
ACCT_068763,0.0003999644434586059,0
ACCT_068770,0.0016704553586272637,0
ACCT_068780,9.186595470151956e-05,0
ACCT_068799,0.00027806376140440556,0
ACCT_068802,2.6733695538911307e-05,0
ACCT_068810,0.0038233389344893313,0
ACCT_068822,0.002962070519577227,0
ACCT_068830,0.022943765839086132,0
ACCT_068843,0.03314535663836228,0
ACCT_068845,0.0024553043726050715,0
ACCT_068846,0.0017698019619253073,0
ACCT_068866,0.8768202849936084,0
ACCT_068867,0.001088431892597476,0
ACCT_068870,0.002734240535469992,0
ACCT_068881,0.0003794357307966436,0
ACCT_068892,0.0019021672362561572,0
ACCT_068901,0.0005605186392444523,0
ACCT_068913,4.364284911210185e-05,0
ACCT_068916,0.0007087078856923997,0
ACCT_068925,0.00018260778825004005,0
ACCT_068939,0.0003534420046466715,0
ACCT_068942,0.006256270197853407,0
ACCT_068946,2.7352089433129734e-05,0
ACCT_068954,6.189623985687727e-05,0
ACCT_068963,0.005836477257905201,0
ACCT_068986,0.0001528055885372518,0
ACCT_068997,0.011600880093054754,0
ACCT_068999,0.00029179233155649426,0
ACCT_069009,0.000522701194487438,0
ACCT_069021,0.00027895084663961896,0
ACCT_069026,4.185014684641698e-05,0
ACCT_069027,0.0056013675951635655,0
ACCT_069028,0.0009298968314686803,0
ACCT_069033,0.0004360804553437108,0
ACCT_069037,5.074840256809422e-05,0
ACCT_069041,0.0001307336657994878,0
ACCT_069049,0.021443733926709202,0
ACCT_069054,6.100329582756076e-05,0
ACCT_069057,0.0013574905221480193,0
ACCT_069061,6.619379274244564e-05,0
ACCT_069073,0.0002509054607752626,0
ACCT_069096,0.00025661614961692875,0
ACCT_069097,0.0003474237127288293,0
ACCT_069105,0.0003308288646057384,0
ACCT_069120,6.503466586340631e-05,0
ACCT_069147,0.003723576939946183,0
ACCT_069163,4.9267333261175215e-05,0
ACCT_069196,0.0018695322330471605,0
ACCT_069199,0.0014305123350693216,0
ACCT_069204,0.002276126582967352,0
ACCT_069214,0.0003234312521411898,0
ACCT_069221,0.0007076184672661201,0
ACCT_069222,6.630141615979701e-05,0
ACCT_069235,0.0001739475685125453,0
ACCT_069246,0.0005781802537427049,0
ACCT_069250,0.00015103537753999324,0
ACCT_069256,3.381747379463252e-05,0
ACCT_069267,0.0002869935403148214,0
ACCT_069289,0.0018473991983416155,0
ACCT_069298,0.000682400208223714,0
ACCT_069301,0.0010980567743160586,0
ACCT_069305,5.057050832012148e-05,0
ACCT_069309,0.002100516605548372,0
ACCT_069319,3.697920306675338e-05,0
ACCT_069321,0.0007832545236508343,0
ACCT_069334,0.00011123626277143556,0
ACCT_069343,0.0007608158292673494,0
ACCT_069364,0.0008239749413532622,0
ACCT_069370,0.015810782672076956,0
ACCT_069375,0.000392769448841266,0
ACCT_069391,0.00029644514851060404,0
ACCT_069395,0.00034508297356279286,0
ACCT_069402,0.00046739180263394693,0
ACCT_069411,4.894097744250317e-05,0
ACCT_069429,0.00087804805914255,0
ACCT_069432,0.001678852514570656,0
ACCT_069443,0.00020439172384963166,0
ACCT_069446,0.02513327424497652,0
ACCT_069449,1.8668667945679596e-05,0
ACCT_069450,0.9565538368580947,1
ACCT_069462,0.0013268581961203933,0
ACCT_069478,7.463657749315096e-05,0
ACCT_069493,0.00011022176334665502,0
ACCT_069513,0.0012075051343740152,0
ACCT_069514,0.0004928916773200329,0
ACCT_069515,0.016733647743917508,0
ACCT_069521,0.0005234840018686214,0
ACCT_069529,0.0027629424801359566,0
ACCT_069530,0.0035712923053701556,0
ACCT_069550,5.9499001571777025e-05,0
ACCT_069557,0.0009156666202571771,0
ACCT_069569,0.007171754403818455,0
ACCT_069574,0.03339084932242682,0
ACCT_069586,8.392297136282022e-05,0
ACCT_069594,0.01257746957807084,0
ACCT_069601,0.0012378241917660178,0
ACCT_069604,0.002252872603067119,0
ACCT_069606,0.04008796262365386,0
ACCT_069618,0.0033743698025371963,0
ACCT_069623,0.0012629385110371207,0
ACCT_069630,0.0002130905277161365,0
ACCT_069646,0.022092816843052327,0
ACCT_069650,0.005878125450002139,0
ACCT_069657,0.0001291277550758672,0
ACCT_069677,0.02124262052227747,0
ACCT_069679,0.09544696243602899,0
ACCT_069683,0.00010617615783319197,0
ACCT_069685,0.05271541088349689,0
ACCT_069688,7.499266849071133e-05,0
ACCT_069691,0.0004135947437004109,0
ACCT_069696,0.0072709118649141626,0
ACCT_069723,0.13257548718381743,0
ACCT_069725,0.0023011057960216864,0
ACCT_069731,0.0022487292008403627,0
ACCT_069744,0.004799432210566422,0
ACCT_069748,0.006776689085058246,0
ACCT_069758,0.032909928723361834,0
ACCT_069770,0.01165385619275178,0
ACCT_069774,3.910710329522198e-05,0
ACCT_069779,0.14783950358646292,0
ACCT_069791,0.00022905505131729255,0
ACCT_069804,0.0006779063253971674,0
ACCT_069810,0.010568739421091326,0
ACCT_069819,0.0006067596359584676,0
ACCT_069828,0.0037794374309452236,0
ACCT_069838,0.0023417362510449254,0
ACCT_069839,0.0002290713140655049,0
ACCT_069843,0.0032055473407105856,0
ACCT_069844,0.00010400491389452225,0
ACCT_069854,0.0001499289741677357,0
ACCT_069856,4.5904945996053566e-05,0
ACCT_069879,0.0002423340616571179,0
ACCT_069885,0.0032210818510971565,0
ACCT_069888,0.0022820086437858635,0
ACCT_069891,4.8275046512309305e-05,0
ACCT_069901,0.0025964878225609336,0
ACCT_069908,0.006333393199332514,0
ACCT_069920,0.000698769249734628,0
ACCT_069928,0.0012948396541739172,0
ACCT_069936,0.00442708494899158,0
ACCT_069941,7.587530837072957e-05,0
ACCT_069942,0.0009040384652533339,0
ACCT_069944,0.0009023187072241622,0
ACCT_069958,0.0004791852752776307,0
ACCT_069961,0.005377603065737447,0
ACCT_069969,0.006025402008822506,0
ACCT_069972,0.0021911153582837854,0
ACCT_069977,0.0007610466857870285,0
ACCT_069978,0.0007773502885363695,0
ACCT_069979,0.008552328698769427,0
ACCT_069980,0.00030644483442801394,0
ACCT_069989,0.0002267762428226383,0
ACCT_069997,0.012172057813263526,0
ACCT_070000,0.124260393035371,0
ACCT_070003,0.0004620073153340116,0
ACCT_070005,0.0010097151857487452,0
ACCT_070006,0.00011585107020626807,0
ACCT_070045,0.001534959946601833,0
ACCT_070053,0.05387237867132924,0
ACCT_070071,0.0009435967909241093,0
ACCT_070076,0.00010760845382223065,0
ACCT_070080,2.739617643190199e-05,0
ACCT_070083,0.0023274636190127895,0
ACCT_070085,0.017992369670506946,0
ACCT_070088,1.889373773442493e-05,0
ACCT_070093,0.016643627743443475,0
ACCT_070112,1.9020669031411777e-05,0
ACCT_070158,0.0002784914409558712,0
ACCT_070164,0.00037548108820154307,0
ACCT_070166,0.10216483931574376,0
ACCT_070180,0.004253468378812342,0
ACCT_070184,0.009697964126420934,0
ACCT_070187,0.00045645989786451704,0
ACCT_070188,0.0001464652474485725,0
ACCT_070196,0.0020081240039012188,0
ACCT_070204,0.018367083159976774,0
ACCT_070207,0.001471897957457971,0
ACCT_070210,0.001559525467151485,0
ACCT_070228,0.026423327245899533,0
ACCT_070232,0.0011906729622295793,0
ACCT_070234,8.98865048287185e-05,0
ACCT_070239,0.019440932761734888,0
ACCT_070243,7.300309007654643e-05,0
ACCT_070244,0.000887056414404548,0
ACCT_070250,0.0006573550320462404,0
ACCT_070254,8.225995669945919e-06,0
ACCT_070256,0.00023444832925201463,0
ACCT_070257,4.0926059493269165e-05,0
ACCT_070259,0.00044336151321338604,0
ACCT_070263,4.034680387004464e-05,0
ACCT_070274,0.000415713348496047,0
ACCT_070287,0.000435860426593835,0
ACCT_070291,0.00032645811537573654,0
ACCT_070294,0.001331626752469742,0
ACCT_070311,0.0013388402196967489,0
ACCT_070316,0.0009273431948522738,0
ACCT_070319,0.0009609852006521554,0
ACCT_070336,0.0006657560264616337,0
ACCT_070337,0.00023778862524552176,0
ACCT_070362,0.0005330458660163049,0
ACCT_070367,0.0014194310687125281,0
ACCT_070373,3.206907038715219e-05,0
ACCT_070381,0.0001227747053451211,0
ACCT_070384,0.0010528485148434865,0
ACCT_070385,0.00014309469042191305,0
ACCT_070401,0.0009252057352043265,0
ACCT_070416,0.0010138718480339982,0
ACCT_070420,0.0005449941012667002,0
ACCT_070425,0.05733076314872367,0
ACCT_070432,0.0004893367163943386,0
ACCT_070434,0.0004562266656120657,0
ACCT_070435,0.0010094409272805272,0
ACCT_070437,0.0010468639603678717,0
ACCT_070445,5.005417269113603e-05,0
ACCT_070453,0.0003109569753975815,0
ACCT_070465,0.010127175612053656,0
ACCT_070472,0.00012206616982416217,0
ACCT_070474,0.0003258406528889601,0
ACCT_070487,0.003205361398835829,0
ACCT_070489,0.0004191709984467833,0
ACCT_070490,0.00023353684856161505,0
ACCT_070496,0.0013562421710196148,0
ACCT_070503,0.014554436711739883,0
ACCT_070504,0.0010267652320682071,0
ACCT_070519,0.012572024299924689,0
ACCT_070521,0.02040811257276927,0
ACCT_070537,0.00013252487982364202,0
ACCT_070549,0.00047622240242318575,0
ACCT_070555,0.0009005367253354237,0
ACCT_070557,0.004945755601947119,0
ACCT_070558,6.01422638129102e-05,0
ACCT_070572,0.001540370901741262,0
ACCT_070576,6.028380002672129e-05,0
ACCT_070580,8.840431112606154e-05,0
ACCT_070602,0.0005431977115512581,0
ACCT_070604,0.00494644642058466,0
ACCT_070609,0.001137546546104368,0
ACCT_070615,0.2329324237010796,0
ACCT_070617,4.054920644348043e-05,0
ACCT_070619,0.00013554340486964555,0
ACCT_070636,0.014915928321567212,0
ACCT_070638,3.648673989150542e-05,0
ACCT_070643,0.007669559013237528,0
ACCT_070649,0.0008875008763426845,0
ACCT_070650,2.2813394030718735e-05,0
ACCT_070660,0.0003866544363919899,0
ACCT_070663,2.335834117264246e-05,0
ACCT_070676,4.306907826247111e-05,0
ACCT_070677,0.002502915970075559,0
ACCT_070692,0.4727344698181596,0
ACCT_070711,0.00033173873592582287,0
ACCT_070712,0.00032025756107474575,0
ACCT_070718,0.00035133899851021595,0
ACCT_070724,0.0003951025371219735,0
ACCT_070733,0.0016314084424683397,0
ACCT_070749,0.0038877993490535425,0
ACCT_070766,0.0006465873529753829,0
ACCT_070776,0.00010604732026894714,0
ACCT_070777,0.0008367274039415374,0
ACCT_070784,0.004502031496198306,0
ACCT_070789,0.0005964052527035576,0
ACCT_070798,0.003986728811513898,0
ACCT_070803,0.002488934906958975,0
ACCT_070805,0.0025277330578023613,0
ACCT_070841,0.0010625394983795934,0
ACCT_070855,0.22418484641852887,0
ACCT_070860,0.01957585012417157,0
ACCT_070866,0.0009705053140994818,0
ACCT_070878,0.03357931385786662,0
ACCT_070903,0.00587601347300266,0
ACCT_070914,0.01599552396860503,0
ACCT_070922,0.001263677828676155,0
ACCT_070924,0.0007468362394579323,0
ACCT_070928,0.02542473476580594,0
ACCT_070939,2.4502713159820562e-05,0
ACCT_070948,0.006087607754779767,0
ACCT_070960,0.0004876271977092824,0
ACCT_070961,0.002210340102397741,0
ACCT_070962,0.002984561070535663,0
ACCT_070967,0.0005941477436758078,0
ACCT_070986,0.0011862389270687643,0
ACCT_070998,0.002137502532928667,0
ACCT_071011,0.0009857420162799845,0
ACCT_071019,0.0001935720872666338,0
ACCT_071026,0.0006505446177212558,0
ACCT_071030,0.006426215130676292,0
ACCT_071031,0.001509333429421401,0
ACCT_071032,0.0003438779647342899,0
ACCT_071034,0.03534047366309887,0
ACCT_071042,0.004299986871821523,0
ACCT_071049,0.0005887615786338255,0
ACCT_071069,0.01066990966437235,0
ACCT_071096,0.00027335356642117694,0
ACCT_071105,0.02052160009778506,0
ACCT_071108,0.00015249004971345574,0
ACCT_071109,0.005074143146184279,0
ACCT_071128,0.002253126125812363,0
ACCT_071139,4.9248800299041e-05,0
ACCT_071145,0.17998452347835256,0
ACCT_071147,0.05129101334800782,0
ACCT_071155,0.0003184192169154798,0
ACCT_071164,8.74809522641989e-05,0
ACCT_071168,4.8986471186880855e-05,0
ACCT_071170,0.00019021095508643183,0
ACCT_071180,0.0005200902686063718,0
ACCT_071194,0.00118489128308329,0
ACCT_071202,0.03429537168771967,0
ACCT_071205,6.120625703180862e-05,0
ACCT_071211,0.00019022911105912529,0
ACCT_071221,0.0003396216535141155,0
ACCT_071222,0.0013042945739337895,0
ACCT_071235,0.00012257627526224862,0
ACCT_071240,0.0009848566166055035,0
ACCT_071243,0.00036466712190931716,0
ACCT_071247,0.004783582657298013,0
ACCT_071249,0.00016468482845476197,0
ACCT_071254,0.0019583651236106045,0
ACCT_071257,0.0014752539958415537,0
ACCT_071258,0.003537151977477237,0
ACCT_071267,5.5618935121659016e-05,0
ACCT_071278,0.001439059391244156,0
ACCT_071279,0.000680979358575221,0
ACCT_071287,0.16962129451019217,1
ACCT_071289,0.00027134797371303004,0
ACCT_071295,0.0017025494887338774,0
ACCT_071307,0.008305453864246802,0
ACCT_071318,0.00014821608635928111,0
ACCT_071323,2.5458983112973455e-05,0
ACCT_071333,0.0006708933613446508,0
ACCT_071343,0.00018663389597146614,0
ACCT_071356,0.0011570546916975794,0
ACCT_071363,0.001635185639253675,0
ACCT_071364,0.002457068062269804,0
ACCT_071390,0.0005542696755939693,0
ACCT_071395,0.0005103859641078328,0
ACCT_071403,5.249867977730787e-05,0
ACCT_071410,0.0018425114108446355,0
ACCT_071427,6.34919167888902e-05,0
ACCT_071434,0.0022980330941887762,0
ACCT_071441,8.261309013102702e-05,0
ACCT_071443,0.2203469507126293,0
ACCT_071445,0.0006884395759221465,0
ACCT_071449,0.0003212446580470664,0
ACCT_071458,0.0002087601037232532,0
ACCT_071486,0.00015881525790073815,0
ACCT_071488,0.024345671434970656,0
ACCT_071492,0.03991087913992122,0
ACCT_071496,0.011241115359498215,0
ACCT_071497,0.00030695176590198254,0
ACCT_071499,0.00033844085949602033,0
ACCT_071513,2.658180635278704e-05,0
ACCT_071519,0.00019304943094180293,0
ACCT_071530,0.0074341766963172415,0
ACCT_071538,0.001785740492644176,0
ACCT_071541,0.005251405602172067,0
ACCT_071542,0.00028807476153654127,0
ACCT_071556,0.00035723536159738487,0
ACCT_071559,0.00011813265066849761,0
ACCT_071566,7.891428446116534e-06,0
ACCT_071578,0.00024099943939713677,0
ACCT_071594,3.2265121178481146e-05,0
ACCT_071611,0.0008048075500742307,0
ACCT_071624,1.3912130489670362e-05,0
ACCT_071627,0.0049292500048458135,0
ACCT_071635,0.0005647165046599442,0
ACCT_071636,0.01585670163769282,0
ACCT_071637,0.00031105340824338706,0
ACCT_071639,0.01946570556773828,0
ACCT_071645,0.010280956650983124,0
ACCT_071648,0.000594913919068542,0
ACCT_071649,0.00012149127115802246,0
ACCT_071653,0.0001779733015400373,0
ACCT_071660,9.171146735802628e-05,0
ACCT_071673,0.01891987609952481,0
ACCT_071697,0.01002083221758703,0
ACCT_071704,0.0016547448583522518,0
ACCT_071713,0.002803926938955489,0
ACCT_071731,0.004045631241977239,0
ACCT_071734,0.0001613465863795976,0
ACCT_071742,0.00013005264190431596,0
ACCT_071745,0.009183832580486244,0
ACCT_071746,0.00015730757005596123,0
ACCT_071751,9.143081434480698e-05,0
ACCT_071759,0.0019635955216990696,0
ACCT_071761,0.0005397176012643509,0
ACCT_071765,0.0112528685124455,0
ACCT_071775,0.14406545431169382,0
ACCT_071790,0.0001960321749718223,0
ACCT_071792,4.0397110507965144e-05,0
ACCT_071796,0.002148106024845205,0
ACCT_071801,0.0004683013825062842,0
ACCT_071813,0.0004771324620723713,0
ACCT_071816,0.0021027779541077625,0
ACCT_071830,0.0027797189637618924,0
ACCT_071833,0.00014670197429673897,0
ACCT_071853,9.274576748354989e-05,0
ACCT_071869,0.0003877541306883024,0
ACCT_071887,0.0017232378163459991,0
ACCT_071891,0.001003059078178891,0
ACCT_071896,7.671848481311064e-06,0
ACCT_071897,0.002612758875640129,0
ACCT_071898,0.9869727625991467,1
ACCT_071899,0.10388416139023782,0
ACCT_071902,0.000674004933726695,0
ACCT_071905,0.0011742722525252955,0
ACCT_071909,0.00015342794271841457,0
ACCT_071911,2.7996050305560892e-05,0
ACCT_071913,0.021089811475465157,0
ACCT_071939,0.001116415566525818,0
ACCT_071940,4.324952882767547e-05,0
ACCT_071950,0.00015237602361442855,0
ACCT_071956,0.0008579317880389434,0
ACCT_071957,0.007719987094601624,0
ACCT_071958,0.0001337384049421105,0
ACCT_071966,0.0009910259352110802,0
ACCT_071970,0.004817170233159092,0
ACCT_071975,0.001926636051811946,0
ACCT_071977,0.0002055522278745866,0
ACCT_071992,0.0014203912699541528,0
ACCT_072007,0.004641370532184491,0
ACCT_072015,0.6763653275862971,0
ACCT_072016,0.0002813214474909823,0
ACCT_072033,5.342821965172288e-05,0
ACCT_072038,0.000951653430805066,0
ACCT_072040,0.2876992547504538,0
ACCT_072052,0.00746569045609197,0
ACCT_072055,0.0008083866199113566,0
ACCT_072066,3.343470287331915e-05,0
ACCT_072074,0.0029261213020828577,0
ACCT_072079,0.0005802967361407416,0
ACCT_072093,0.0028086695076987626,0
ACCT_072111,0.0008114424976876526,0
ACCT_072113,0.0043142408112113,0
ACCT_072120,0.0004140169167125607,0
ACCT_072131,0.00017902773218524538,0
ACCT_072137,0.0001420599371387878,0
ACCT_072155,9.86950062145877e-05,0
ACCT_072163,0.013334848746151175,0
ACCT_072179,0.00014874761467561771,0
ACCT_072206,0.12860720935262646,0
ACCT_072223,0.00012987638059410974,0
ACCT_072230,6.162478427242796e-05,0
ACCT_072231,0.0014074914794559678,0
ACCT_072247,5.392226083651055e-05,0
ACCT_072248,0.007076190711315683,0
ACCT_072267,0.027521192758312062,0
ACCT_072269,0.0016858278913629825,0
ACCT_072275,0.0011906683782223857,0
ACCT_072277,0.0003819496824832325,0
ACCT_072281,0.00023186891773440893,0
ACCT_072297,0.0026410021593360764,0
ACCT_072306,0.002308060372465961,0
ACCT_072308,0.0035629333408411577,0
ACCT_072310,0.002145892282190804,0
ACCT_072323,7.788152416520566e-05,0
ACCT_072336,0.00025614510089209724,0
ACCT_072340,0.0006149986805043683,0
ACCT_072352,0.0011907133749212205,0
ACCT_072365,0.002025937206393478,0
ACCT_072378,0.0006833599852442576,0
ACCT_072383,9.619947321815277e-05,0
ACCT_072387,0.000506073850503942,0
ACCT_072394,0.02718541060753303,0
ACCT_072400,0.0011912085034854133,0
ACCT_072406,0.004744550125822359,0
ACCT_072443,0.004220267293796937,0
ACCT_072450,0.003227840877535853,0
ACCT_072471,0.01503382693598044,0
ACCT_072472,0.003724538271365583,0
ACCT_072475,0.0014413984945199655,0
ACCT_072481,4.8443371562293e-05,0
ACCT_072509,0.0008165966742374407,0
ACCT_072513,0.011565534124306814,0
ACCT_072514,0.0002850507909937601,0
ACCT_072521,0.002306788221087632,0
ACCT_072527,0.005141582294843323,0
ACCT_072535,0.0001474093442829679,0
ACCT_072544,0.0022595951414660395,0
ACCT_072546,0.00032444995270481964,0
ACCT_072559,0.0009779905241903216,0
ACCT_072560,0.002901237733821722,0
ACCT_072562,0.0007426980559143046,0
ACCT_072589,0.00037142281799310993,0
ACCT_072591,0.0005179391760432622,0
ACCT_072597,0.0001266671270381523,0
ACCT_072615,0.00016052837126596597,0
ACCT_072631,0.0012342200640418125,0
ACCT_072648,0.0039635881554819325,0
ACCT_072654,0.5786375199107583,0
ACCT_072661,0.0034144686089687573,0
ACCT_072688,0.0012191942687104483,0
ACCT_072710,0.0038757177421088547,0
ACCT_072718,0.00023575665020340923,0
ACCT_072748,0.0003391796356309302,0
ACCT_072763,0.009569086084322942,0
ACCT_072779,0.0005782338970785689,0
ACCT_072780,0.0040610912303613075,0
ACCT_072782,0.005384084523068801,0
ACCT_072783,0.0025859746870539398,0
ACCT_072784,0.00010839760438612097,0
ACCT_072792,0.0007421786681044007,0
ACCT_072795,0.0008222752063386401,0
ACCT_072798,3.142257368565944e-05,0
ACCT_072809,0.0007405128975641505,0
ACCT_072832,0.004837813438750544,0
ACCT_072846,0.0023899444533916955,0
ACCT_072862,0.00019722632340656997,0
ACCT_072877,0.000691322810160534,0
ACCT_072882,0.0001572117818711645,0
ACCT_072883,0.40378393603712004,0
ACCT_072888,0.0014155464767696157,0
ACCT_072891,0.035325156468598795,0
ACCT_072920,0.006424644655382065,0
ACCT_072928,0.005906296212470458,0
ACCT_072929,0.01312245305336077,0
ACCT_072935,0.0003021024419280684,0
ACCT_072951,0.000750842249893055,0
ACCT_072955,0.0015877693575395931,0
ACCT_072957,0.0001289061079507358,0
ACCT_072969,0.0010520997061618418,0
ACCT_072971,0.012542256915465982,0
ACCT_072977,0.011479372483681805,0
ACCT_072980,0.0004509017479661876,0
ACCT_072984,1.0052414737638156e-05,0
ACCT_072987,0.002085842225853601,0
ACCT_072998,0.00021316394121809293,0
ACCT_073001,0.0012963733179215224,0
ACCT_073003,0.0026258402702112973,0
ACCT_073023,0.0006139617937130787,0
ACCT_073028,0.00012605085189987353,0
ACCT_073034,0.001693263874107776,0
ACCT_073039,0.00043169271976455407,0
ACCT_073053,0.0002199968713284219,0
ACCT_073063,1.0151020919715814e-05,0
ACCT_073066,0.038734897008178594,0
ACCT_073094,0.0038850817728600688,0
ACCT_073103,7.516735642743896e-05,0
ACCT_073104,0.00017355439472434658,0
ACCT_073107,0.03275131368210253,0
ACCT_073114,0.0041311369254912024,0
ACCT_073122,0.0001778447880002849,0
ACCT_073137,6.116246830184123e-06,0
ACCT_073144,0.00016115225152871208,0
ACCT_073152,0.0017704609507705655,0
ACCT_073153,0.0001799489042537378,0
ACCT_073158,0.009823672255857386,0
ACCT_073174,0.0001654877263415108,0
ACCT_073175,7.678665091004818e-05,0
ACCT_073181,0.0042395194566388125,0
ACCT_073222,4.5122587852033245e-05,0
ACCT_073224,8.136471909766732e-05,0
ACCT_073229,0.0004313983314306634,0
ACCT_073252,0.008839789050670012,0
ACCT_073259,0.0003201533418351446,0
ACCT_073282,0.00040501755679799435,0
ACCT_073287,0.0098484226584329,0
ACCT_073290,0.0012187604705453895,0
ACCT_073295,0.0017694235743272388,0
ACCT_073307,0.003916212472207494,0
ACCT_073310,0.0010725735731771011,0
ACCT_073320,0.0010581653131519597,0
ACCT_073322,0.006041632810191884,0
ACCT_073323,0.0021780502000030865,0
ACCT_073324,0.0005548299321885622,0
ACCT_073332,0.00014097756545933363,0
ACCT_073335,0.01929502412003368,0
ACCT_073338,0.0001423703727578075,0
ACCT_073349,0.0003777352338013341,0
ACCT_073353,0.0015694041305597023,0
ACCT_073358,0.0005691369467415939,0
ACCT_073360,0.0008202080005961555,0
ACCT_073370,0.0004830345862076601,0
ACCT_073372,0.02349360450346574,0
ACCT_073375,0.0013063604561556728,0
ACCT_073378,0.00037109733910706255,0
ACCT_073379,0.680273006621925,0
ACCT_073381,0.0018997217008475196,0
ACCT_073386,0.0007019655249745955,0
ACCT_073394,0.004505901585606789,0
ACCT_073398,0.0014311770821605699,0
ACCT_073400,0.00010887694626976401,0
ACCT_073402,0.0002918610597742915,0
ACCT_073406,3.8673370468736025e-05,0
ACCT_073419,0.0002624306338338726,0
ACCT_073445,0.0015793630132411587,0
ACCT_073466,6.697700145399303e-05,0
ACCT_073467,0.0005811830489782456,0
ACCT_073468,0.0003416407812233487,0
ACCT_073472,0.003140835187265159,0
ACCT_073473,0.001587859598816242,0
ACCT_073507,0.0011894145934644885,0
ACCT_073508,0.0006171145922568123,0
ACCT_073532,0.00011863577900530493,0
ACCT_073549,0.01928725678974997,0
ACCT_073550,0.0014568299336962592,0
ACCT_073551,0.00016023416896292155,0
ACCT_073553,0.0008702401732434888,0
ACCT_073557,0.002662686907444598,0
ACCT_073565,0.0007244121623829859,0
ACCT_073573,0.0010732621185102107,0
ACCT_073575,0.3966185086723457,0
ACCT_073585,0.006767920055740507,0
ACCT_073587,0.00017079199086309914,0
ACCT_073631,0.00150011311525584,0
ACCT_073634,0.0009447357421656731,0
ACCT_073637,0.001805648350028444,0
ACCT_073643,0.0007967026689749521,0
ACCT_073644,0.00408843393721509,0
ACCT_073651,0.0027816436615363664,0
ACCT_073656,0.0028873593106282926,0
ACCT_073659,0.002443349562149523,0
ACCT_073666,0.00011052870680887866,0
ACCT_073682,0.009834485296030237,0
ACCT_073686,0.0004535467252520172,0
ACCT_073706,0.0003407893514171542,0
ACCT_073707,0.012303122880267617,0
ACCT_073708,0.0008370287633918598,0
ACCT_073710,4.8586134355287284e-05,0
ACCT_073714,4.696581669338039e-05,0
ACCT_073733,0.0003271327272436562,0
ACCT_073735,0.0008314995307588393,0
ACCT_073748,0.00024648724114999937,0
ACCT_073755,0.0010957789300586793,0
ACCT_073756,0.00017657163398307664,0
ACCT_073761,0.0009186477981597229,0
ACCT_073763,0.00010695533291974399,0
ACCT_073764,0.037131345070698825,0
ACCT_073792,0.0008778287883037275,0
ACCT_073798,2.072632620891867e-05,0
ACCT_073803,0.0006474667509575219,0
ACCT_073822,0.008138952380160944,0
ACCT_073836,0.003173465342293931,0
ACCT_073840,0.0020256874763360314,0
ACCT_073847,0.01701426193377544,0
ACCT_073850,0.0008094436175667837,0
ACCT_073855,0.0026744985645983307,0
ACCT_073864,0.005969811210709901,0
ACCT_073877,0.0003704091127868858,0
ACCT_073881,0.000788862077002784,0
ACCT_073884,5.255690371384958e-05,0
ACCT_073888,0.07274487634681953,0
ACCT_073892,0.000710820841072279,0
ACCT_073896,0.003789905913429767,0
ACCT_073905,0.0008518169741298107,0
ACCT_073912,0.0004918874286348896,0
ACCT_073913,0.0004957796168955564,0
ACCT_073920,0.0014808663338529314,0
ACCT_073921,0.002214605882936842,0
ACCT_073926,0.0024630352064130925,0
ACCT_073932,0.0014645435472359378,0
ACCT_073937,0.0005807056755325636,0
ACCT_073939,0.021024316910800304,0
ACCT_073955,0.00010439718986374152,0
ACCT_073959,0.0020289445065101047,0
ACCT_073965,2.9398174331147566e-05,0
ACCT_073970,0.008721016367255075,0
ACCT_073971,0.005588249402637163,0
ACCT_073974,0.0010711837702471999,0
ACCT_073976,0.0012484717571270387,0
ACCT_073981,5.2154145181752676e-05,0
ACCT_073983,0.0032340827623814,0
ACCT_073987,8.204191067650039e-05,0
ACCT_073992,0.009308182223106762,0
ACCT_074006,0.0016322405767366511,0
ACCT_074009,0.0018945756748114195,0
ACCT_074011,0.002438496171453959,0
ACCT_074024,0.0006327389623808868,0
ACCT_074026,9.144635467480198e-05,0
ACCT_074035,0.015152131053421353,0
ACCT_074057,0.000617661720443577,0
ACCT_074062,0.00011548612017457888,0
ACCT_074063,0.0069456697847625395,0
ACCT_074065,0.002404275392692479,0
ACCT_074070,0.0003462692713674788,0
ACCT_074071,0.0005212893257772615,0
ACCT_074074,0.00042690542260207193,0
ACCT_074082,0.00034276280955385,0
ACCT_074095,0.00026756066367536555,0
ACCT_074096,0.0028112260109822884,0
ACCT_074098,0.004683504046670566,0
ACCT_074102,0.00019234870404278992,0
ACCT_074114,0.022326910409398864,0
ACCT_074118,0.00030023382817886816,0
ACCT_074130,0.0714063187188724,0
ACCT_074142,0.00015488553580098215,0
ACCT_074149,7.737672485476108e-05,0
ACCT_074150,0.00028898603006304746,0
ACCT_074160,0.15127156356246635,0
ACCT_074165,0.0016127445309055844,0
ACCT_074166,0.014004228158743822,0
ACCT_074175,0.012980032147268533,0
ACCT_074185,0.002064888616206438,0
ACCT_074211,8.910022445374182e-05,0
ACCT_074212,0.0007146786195800365,0
ACCT_074218,0.0012437392966861552,0
ACCT_074237,0.00019345566138177848,0
ACCT_074250,0.0001662788890222768,0
ACCT_074251,0.0005082072671049758,0
ACCT_074253,0.0007253304678874902,0
ACCT_074260,0.0002717707031147046,0
ACCT_074265,0.045424185667578734,0
ACCT_074270,0.009947982688506286,0
ACCT_074271,0.000468013118701278,0
ACCT_074272,0.00016952150937719272,0
ACCT_074276,0.0025252841055152563,0
ACCT_074279,9.205221190144202e-05,0
ACCT_074280,0.0004675739116117611,0
ACCT_074290,0.005527317266319208,0
ACCT_074297,0.00013971086582600586,0
ACCT_074299,0.0018663135057773424,0
ACCT_074321,0.0031667246126153327,0
ACCT_074324,0.001953127841760564,0
ACCT_074325,0.0006972372223308705,0
ACCT_074329,0.00019679792366917616,0
ACCT_074338,0.04468518040608978,0
ACCT_074342,0.0002713728099187352,0
ACCT_074355,0.005274839217886546,0
ACCT_074360,0.0043721850458300175,0
ACCT_074362,0.0006257068639958116,0
ACCT_074369,0.0008305361990055798,0
ACCT_074378,0.001664173917968007,0
ACCT_074381,0.0019337296983154607,0
ACCT_074385,0.27004849283273236,0
ACCT_074398,0.0005377982174000323,0
ACCT_074413,0.004244017145521076,0
ACCT_074418,0.002458962092059353,0
ACCT_074423,7.683729018058552e-05,0
ACCT_074435,0.0003577843558510403,0
ACCT_074453,0.00012569151256823882,0
ACCT_074454,0.0635563173828989,0
ACCT_074467,0.018888666737562978,0
ACCT_074482,0.0006263306879522072,0
ACCT_074492,0.0007310823289584483,0
ACCT_074494,0.0001224984642413092,0
ACCT_074495,0.00022064334565582554,0
ACCT_074502,0.00010605871790815955,0
ACCT_074514,0.00015333940204325592,0
ACCT_074519,0.3570519899941867,0
ACCT_074522,0.000253384139462017,0
ACCT_074539,0.0018366977454247486,0
ACCT_074544,0.005035109015624261,0
ACCT_074545,8.531715862409267e-05,0
ACCT_074546,0.054833478881392075,0
ACCT_074554,0.00020360558926276433,0
ACCT_074571,0.0004939328440916215,0
ACCT_074592,0.0004298215151718135,0
ACCT_074602,0.0011096870718773713,0
ACCT_074607,5.478493320732199e-05,0
ACCT_074614,0.0014463895479208569,0
ACCT_074630,0.0012245698570107558,0
ACCT_074636,0.00021534502569862173,0
ACCT_074653,8.29545995002278e-05,0
ACCT_074657,0.001562717090546524,0
ACCT_074658,0.00011841294420905588,0
ACCT_074661,0.0001706617371170403,0
ACCT_074667,0.0002724274569227893,0
ACCT_074668,0.010333959088802339,0
ACCT_074680,0.005269057704169259,0
ACCT_074683,0.07988315254465767,0
ACCT_074685,0.0003611538595632573,0
ACCT_074688,0.0007597905617889519,0
ACCT_074707,0.0009867537120762564,0
ACCT_074708,0.00440476490490192,0
ACCT_074709,0.00022509809416187412,0
ACCT_074712,0.00014238783617554252,0
ACCT_074716,0.00010051953682577843,0
ACCT_074724,0.6232146302743627,0
ACCT_074733,0.0033527937511684345,0
ACCT_074737,0.0004437740773298279,0
ACCT_074739,0.010291478006523436,0
ACCT_074760,0.0008815144980411612,0
ACCT_074773,0.0006695763311867885,0
ACCT_074780,0.014128686471988037,0
ACCT_074806,0.007938122169621984,0
ACCT_074825,0.0004651660009975704,0
ACCT_074857,0.0004876881473258919,0
ACCT_074858,2.1254472829699e-05,0
ACCT_074862,0.0034905468263423437,0
ACCT_074870,0.00037935918984409575,0
ACCT_074894,0.000445521599394965,0
ACCT_074895,0.0008173835120869496,0
ACCT_074897,4.81672900900369e-05,0
ACCT_074898,0.0002973266839022894,0
ACCT_074900,0.31606400069065044,0
ACCT_074917,0.0015008482583829873,0
ACCT_074919,0.00022976758068158284,0
ACCT_074924,0.06549788039737622,0
ACCT_074938,0.0008482434126146274,0
ACCT_074948,0.0004955548446139233,0
ACCT_074958,0.00028794206292252555,0
ACCT_074978,3.1736442322766206e-05,0
ACCT_074981,0.012523215532415052,0
ACCT_074984,0.016501362539578835,0
ACCT_074990,9.220462463524922e-06,0
ACCT_074993,0.004945997246963904,0
ACCT_074998,0.00030355998836902704,0
ACCT_074999,0.005592182251195944,0
ACCT_075003,4.1560277962449995e-05,0
ACCT_075008,0.002618211012239715,0
ACCT_075010,0.0010403607272977467,0
ACCT_075020,0.022303721786815927,0
ACCT_075028,0.000580031779223907,0
ACCT_075038,0.06944920674370586,0
ACCT_075052,0.0007750614536240044,0
ACCT_075067,0.0029121434024772276,0
ACCT_075068,0.009480349618900753,0
ACCT_075069,0.0009633351361808754,0
ACCT_075072,0.00014444977811107354,0
ACCT_075073,0.015214503399815555,0
ACCT_075074,0.0002160313011926102,0
ACCT_075080,0.004728093522128187,0
ACCT_075099,0.004147747064202772,0
ACCT_075101,0.009394435033628237,0
ACCT_075103,0.002928738776681595,0
ACCT_075113,0.00701981956886144,0
ACCT_075159,0.002437439737227442,0
ACCT_075163,0.00027014771484795463,0
ACCT_075164,0.00436948909056642,0
ACCT_075168,0.025864733495070596,0
ACCT_075184,0.4169485303717195,0
ACCT_075186,0.00027959113873032826,0
ACCT_075191,0.10372933557895907,0
ACCT_075199,0.00016647897198099383,0
ACCT_075214,0.011376627726092051,0
ACCT_075218,0.0006938905324709562,0
ACCT_075230,0.0004779062920674137,0
ACCT_075237,6.990300071597718e-05,0
ACCT_075244,0.0002213311443932674,0
ACCT_075245,2.3009154185445498e-05,0
ACCT_075255,0.006025195641267626,0
ACCT_075259,0.001022142713841013,0
ACCT_075266,8.248689852703039e-05,0
ACCT_075279,0.07951338796914946,0
ACCT_075290,0.0034668913648143737,0
ACCT_075292,0.0010963897138681444,0
ACCT_075296,0.0005411028588896298,0
ACCT_075305,0.028828928200819125,0
ACCT_075307,0.0046560536068855265,0
ACCT_075308,0.00023048085234411668,0
ACCT_075312,0.0004824067773007426,0
ACCT_075321,0.0026078253631897173,0
ACCT_075322,0.0022657113353588237,0
ACCT_075338,0.0008116558735873784,0
ACCT_075341,0.0012776981701147904,0
ACCT_075346,0.05754211743034999,0
ACCT_075349,0.004572889910896308,0
ACCT_075354,0.004576296006796128,0
ACCT_075358,0.00140946173328979,0
ACCT_075360,0.00028383572905272544,0
ACCT_075364,0.0002292933998325984,0
ACCT_075369,0.00022208082520571397,0
ACCT_075383,0.00028365666805368363,0
ACCT_075388,0.0008283974639394306,0
ACCT_075409,0.000675167693657463,0
ACCT_075410,7.793687184942524e-05,0
ACCT_075435,0.00020286179834268215,0
ACCT_075441,0.0017913046670429743,0
ACCT_075444,0.0006179545229060047,0
ACCT_075471,0.03545497690985319,0
ACCT_075474,0.0020637687502690232,0
ACCT_075484,8.364472517798982e-05,0
ACCT_075494,0.004347317823984034,0
ACCT_075499,0.0010609723529900882,0
ACCT_075524,0.00364713325545791,0
ACCT_075530,0.00010805270455555687,0
ACCT_075531,0.0003298726600272741,0
ACCT_075537,0.000538862619368504,0
ACCT_075553,0.001021503763670336,0
ACCT_075562,0.0007957155287628771,0
ACCT_075564,0.0003166234260027733,0
ACCT_075565,0.0005715514466879495,0
ACCT_075571,0.0022565393749062125,0
ACCT_075577,0.08522491827116159,0
ACCT_075578,0.0005212736486718652,0
ACCT_075587,0.00016645231368073063,0
ACCT_075595,0.002898953962271757,0
ACCT_075604,0.0006758234397710081,0
ACCT_075607,4.50356712405386e-05,0
ACCT_075611,0.03902707057529621,0
ACCT_075612,0.19475425604490307,0
ACCT_075636,0.00024447123322180684,0
ACCT_075639,0.000421554588272911,0
ACCT_075655,0.0003878742377833938,0
ACCT_075659,0.03581004437268722,0
ACCT_075663,0.00018215979154193748,0
ACCT_075670,0.0009481486787130389,0
ACCT_075672,0.0011783123771540948,0
ACCT_075675,0.0006193587884696834,0
ACCT_075686,0.0024354014777280253,0
ACCT_075694,0.00315743388218693,0
ACCT_075700,3.301204112578968e-05,0
ACCT_075708,0.0010216817435632591,0
ACCT_075711,0.0020053444718670316,0
ACCT_075712,9.052121057632792e-05,0
ACCT_075718,0.00024155338436023983,0
ACCT_075722,0.00013798247073986032,0
ACCT_075727,0.11963183391255906,0
ACCT_075728,0.01632602604247697,0
ACCT_075736,0.05805072231076605,0
ACCT_075741,0.019621520726469336,0
ACCT_075745,0.00017673565407479473,0
ACCT_075748,0.14443515288940972,1
ACCT_075753,0.003127918352519568,0
ACCT_075754,0.00038034792083506527,0
ACCT_075763,0.08488608856952223,0
ACCT_075801,0.008787166215260383,0
ACCT_075803,9.946880150699732e-05,0
ACCT_075811,0.00034101914544259674,0
ACCT_075818,0.011749054523207753,0
ACCT_075819,0.0013491744912541253,0
ACCT_075821,0.003921357908717202,0
ACCT_075824,0.009106231199750141,0
ACCT_075831,9.905889326598225e-05,0
ACCT_075832,0.0021051392121765864,0
ACCT_075838,0.00036800086801946387,0
ACCT_075843,0.00017343287231161758,0
ACCT_075846,0.011079373400071509,0
ACCT_075857,0.003261533019591969,0
ACCT_075868,0.0027393928982242114,0
ACCT_075900,0.0019988526260302265,0
ACCT_075906,4.449356342910735e-05,0
ACCT_075916,3.285851667239809e-05,0
ACCT_075917,0.001846181731277976,0
ACCT_075936,0.023213855056290422,0
ACCT_075947,0.0005551318293766696,0
ACCT_075948,0.0008299421093650193,0
ACCT_075950,9.684280377818745e-05,0
ACCT_075952,0.003753053237917235,0
ACCT_075956,4.512044232239098e-05,0
ACCT_075975,0.004876685155048794,0
ACCT_075984,0.016244213518349385,0
ACCT_075989,0.019155895721745992,0
ACCT_075990,0.0010444474797953929,0
ACCT_076019,0.028357610888361515,0
ACCT_076023,3.956507949899623e-05,0
ACCT_076042,0.0014375873643832577,0
ACCT_076055,0.07222622462203948,0
ACCT_076057,0.0004745377543938343,0
ACCT_076060,0.003681633895359534,0
ACCT_076074,0.00010308650485090724,0
ACCT_076080,0.003382223577425519,0
ACCT_076081,0.00018695482954857518,0
ACCT_076102,0.00177611485135951,0
ACCT_076108,0.07726101237260945,0
ACCT_076138,0.001060913817458501,0
ACCT_076141,0.0029798074279022394,0
ACCT_076158,0.0019733798858902933,0
ACCT_076163,3.159327416457372e-05,0
ACCT_076166,0.0003293830153322935,0
ACCT_076179,8.113795276913226e-05,0
ACCT_076188,3.806710466379975e-05,0
ACCT_076200,0.0002647345219643941,0
ACCT_076223,0.023700273297896018,0
ACCT_076232,3.4595748547910707e-06,0
ACCT_076234,0.0026808934927458564,0
ACCT_076250,0.00013806077829365597,0
ACCT_076256,0.00398938451671026,0
ACCT_076284,0.005496932096300087,0
ACCT_076286,0.001145238901575886,0
ACCT_076292,0.0029146391087692355,0
ACCT_076302,0.0010507532065041438,0
ACCT_076324,0.00024929489569516295,0
ACCT_076330,0.0001543757375337539,0
ACCT_076341,0.00013916192273803678,0
ACCT_076373,0.0001586220142886153,0
ACCT_076375,0.00014473388668546295,0
ACCT_076384,0.0006385522718978863,0
ACCT_076388,5.551756647225717e-05,0
ACCT_076392,2.5718382424739787e-05,0
ACCT_076422,0.0005888419935697638,0
ACCT_076431,0.013816013249760388,0
ACCT_076436,0.007912436596790967,0
ACCT_076437,0.002542592852713293,0
ACCT_076451,0.00140199364058405,0
ACCT_076454,0.0007736559591667437,0
ACCT_076456,0.0004798763114004298,0
ACCT_076476,0.007502198493711566,0
ACCT_076506,0.001040375816731792,0
ACCT_076515,0.00032155771600913906,0
ACCT_076517,0.00011269785764008259,0
ACCT_076523,0.18837917239847143,0
ACCT_076530,0.0004223862689944388,0
ACCT_076531,0.0009236483210344608,0
ACCT_076532,0.019033203069971458,0
ACCT_076537,0.00019375564211584578,0
ACCT_076542,0.00017654512642971157,0
ACCT_076552,6.711652828464763e-05,0
ACCT_076573,0.00029764190937907233,0
ACCT_076594,7.216376773774406e-05,0
ACCT_076596,0.0003471071669782894,0
ACCT_076598,0.000734806423703958,0
ACCT_076603,0.002987343330011112,0
ACCT_076607,0.0009071902256518084,0
ACCT_076610,0.9178365413350301,0
ACCT_076620,4.0662397949226955e-05,0
ACCT_076625,0.033318038813418736,0
ACCT_076633,0.001706841953878987,0
ACCT_076636,0.0017111996900378566,0
ACCT_076637,0.00284920148189893,0
ACCT_076642,0.02762662412861678,0
ACCT_076658,0.00012723719939347272,0
ACCT_076677,0.00032248900694201215,0
ACCT_076679,0.01944028609077015,0
ACCT_076687,0.17005221589697575,0
ACCT_076689,0.0684595693862037,0
ACCT_076693,0.01589965927297955,0
ACCT_076703,0.021123194509888754,0
ACCT_076705,0.0011651375840060973,0
ACCT_076707,0.00033090809751791945,0
ACCT_076709,0.027048847465206513,0
ACCT_076712,0.0034257164222263113,0
ACCT_076715,0.00010053898433660988,0
ACCT_076717,0.026013676447679348,0
ACCT_076721,0.027973206306921312,0
ACCT_076731,0.22640032559634543,0
ACCT_076735,0.0029277931877015307,0
ACCT_076753,0.00017650376973460058,0
ACCT_076755,0.03697535401522247,0
ACCT_076756,0.004950386920556966,0
ACCT_076764,0.013503136731990713,0
ACCT_076767,0.0028486731297433197,0
ACCT_076771,0.00491923867076121,0
ACCT_076772,0.0006970377567966031,0
ACCT_076789,0.005521598416456229,0
ACCT_076791,0.00043668632891930275,0
ACCT_076801,0.13343416019546087,0
ACCT_076811,0.0004489747009549217,0
ACCT_076814,0.0649228178076117,0
ACCT_076842,0.2608957671093717,0
ACCT_076843,0.003427612709199146,0
ACCT_076857,3.3208889898513804e-05,0
ACCT_076858,0.00044534728640028274,0
ACCT_076870,0.0011347811381264426,0
ACCT_076906,0.016271719899422013,1
ACCT_076929,0.0010683239335891298,0
ACCT_076934,0.0005394057025622923,0
ACCT_076947,0.0010901495021953,0
ACCT_076948,0.650743127803312,0
ACCT_076954,0.011730965808862629,0
ACCT_076961,0.13510692496283264,0
ACCT_076976,0.0008243573759944039,0
ACCT_076977,0.054609570782109255,0
ACCT_076982,0.007888135676012795,0
ACCT_076991,0.004798036856624509,0
ACCT_076995,0.00019979419387531713,0
ACCT_076996,0.005676814392226101,0
ACCT_077005,0.00030463275173890603,0
ACCT_077012,0.06176714219810344,0
ACCT_077014,0.029298069702652207,0
ACCT_077021,0.0006299566220737908,0
ACCT_077028,0.00029027318254351586,0
ACCT_077029,4.2348184397652355e-05,0
ACCT_077039,0.004474180419942124,0
ACCT_077040,0.6988282542205432,0
ACCT_077047,0.040876303793223843,0
ACCT_077061,0.0008583259050514865,0
ACCT_077067,0.0010736478985910174,0
ACCT_077070,0.0032123363321871156,0
ACCT_077071,0.0005777413295286722,0
ACCT_077081,0.002436075146543075,0
ACCT_077084,0.00375232007876816,0
ACCT_077085,0.01034939437238819,0
ACCT_077086,0.0027512943876765615,0
ACCT_077098,0.0002799595272533561,0
ACCT_077104,0.0002311619180321068,0
ACCT_077109,0.010967022239651923,0
ACCT_077140,0.0008958074102489617,0
ACCT_077141,0.0069527535513175115,0
ACCT_077145,0.0002013416791848363,0
ACCT_077155,0.0004439732714241066,0
ACCT_077169,0.0029404215008779454,0
ACCT_077177,3.422500698361087e-05,0
ACCT_077180,6.777398605568315e-05,0
ACCT_077205,0.018410716611886927,0
ACCT_077208,0.0005229453357207938,0
ACCT_077210,0.011848240815900706,0
ACCT_077224,0.0008351367632441956,0
ACCT_077225,0.00015652110382249505,0
ACCT_077233,0.00040906214418636903,0
ACCT_077237,0.00020790887659339575,0
ACCT_077241,0.0022080576931897957,0
ACCT_077242,0.00016204014639117017,0
ACCT_077245,0.00013712291623464874,0
ACCT_077258,0.0016718309417376306,0
ACCT_077264,0.0019260217798077268,0
ACCT_077267,0.0002335722778263246,0
ACCT_077273,0.0006033008733935779,0
ACCT_077279,0.0001137729854000783,0
ACCT_077296,0.000389041621647204,0
ACCT_077299,3.045236437897946e-05,0
ACCT_077301,0.0003082232393044848,0
ACCT_077304,0.0016555223716311304,0
ACCT_077307,0.0008672334708765548,0
ACCT_077308,0.00042147534206646753,0
ACCT_077325,0.002996126841599648,0
ACCT_077326,0.0005775872746546135,0
ACCT_077331,0.0005565856100864693,0
ACCT_077363,0.004318097624424993,0
ACCT_077364,0.00024405605098300816,0
ACCT_077365,0.00016880130992226125,0
ACCT_077373,0.0014421887054355549,0
ACCT_077378,0.000993428061994269,0
ACCT_077390,0.001047422494880222,0
ACCT_077402,0.0005883817907212606,0
ACCT_077438,0.00047570612381209355,0
ACCT_077448,0.04425616979884519,0
ACCT_077473,0.0007277929848301946,0
ACCT_077477,0.0003171704688994603,0
ACCT_077487,0.008814865790758533,0
ACCT_077501,0.00020127299343827842,0
ACCT_077512,1.5960315852997253e-05,0
ACCT_077513,0.0035647300432768043,0
ACCT_077522,0.0022925674041210046,0
ACCT_077551,0.06639701300471194,0
ACCT_077565,0.011330473052944849,0
ACCT_077597,0.0033737374248446333,0
ACCT_077604,9.971425112008449e-05,0
ACCT_077614,0.009812637776859525,0
ACCT_077621,0.0073609244789906965,0
ACCT_077636,3.763964167202025e-05,0
ACCT_077639,0.00012898600714061475,0
ACCT_077642,0.0003051535576288417,0
ACCT_077644,0.0008118000533062933,0
ACCT_077649,0.0010371959775436683,0
ACCT_077653,0.00017434789188159198,0
ACCT_077657,0.000656104519424193,0
ACCT_077676,0.004039423010028416,0
ACCT_077689,0.0016620013085141888,0
ACCT_077695,0.013813064708223662,0
ACCT_077705,0.0028986245509390095,0
ACCT_077706,7.877608194805502e-05,0
ACCT_077713,0.0012685820053172977,0
ACCT_077732,0.4402324628688055,0
ACCT_077757,0.0007344588962705847,0
ACCT_077758,0.0007012667247765069,0
ACCT_077768,0.034145956062765694,0
ACCT_077776,0.000493742350810575,0
ACCT_077785,0.005719092791506828,0
ACCT_077791,0.04699195418918263,0
ACCT_077798,0.00011998520752581013,0
ACCT_077810,0.0009319534325933986,0
ACCT_077815,0.004635380705867649,0
ACCT_077818,0.07023233220482236,0
ACCT_077837,0.00018480362767634827,0
ACCT_077840,0.00014052152309037273,0
ACCT_077884,0.0010181616218272297,0
ACCT_077887,0.0001688577742407512,0
ACCT_077896,0.0011112086972643784,0
ACCT_077900,0.016530104135646186,0
ACCT_077907,2.3647201701180913e-05,0
ACCT_077919,0.1461796975547926,0
ACCT_077922,0.9812050750203095,1
ACCT_077925,0.011509258521018197,0
ACCT_077943,0.0003650903905857214,0
ACCT_077954,0.0013944763576832413,0
ACCT_077978,0.0007799077073904252,0
ACCT_077980,0.001045035666196956,0
ACCT_077985,0.002676252557331822,0
ACCT_077987,0.009918029857878591,0
ACCT_077994,5.946738993378833e-05,0
ACCT_077995,0.0003676458033434584,0
ACCT_078001,0.003915922423832221,0
ACCT_078026,0.0001524418838259293,0
ACCT_078032,0.00036509952106983563,0
ACCT_078033,0.019749012598545345,0
ACCT_078036,0.0010151398304810524,0
ACCT_078039,0.0028173621385867834,0
ACCT_078046,0.024599341029636873,0
ACCT_078072,0.020528724180001522,0
ACCT_078085,0.00046907465962639673,0
ACCT_078093,0.0003500843797126308,0
ACCT_078097,0.00035558115286934327,0
ACCT_078103,0.0012979686433576922,0
ACCT_078104,0.0008869283040758444,0
ACCT_078106,7.92261352497984e-05,0
ACCT_078111,9.333619033605067e-05,0
ACCT_078113,0.030764942430187424,0
ACCT_078118,0.0010292965570350833,0
ACCT_078122,0.00027237395201482517,0
ACCT_078135,0.0005248554879299741,0
ACCT_078139,0.00019334348799446123,0
ACCT_078141,0.00033470592464878796,0
ACCT_078151,0.00021825620934621658,0
ACCT_078152,0.0008943947597364829,0
ACCT_078155,0.00205734892576531,0
ACCT_078158,0.005623969830411618,0
ACCT_078169,0.00024367155487736432,0
ACCT_078179,0.00037107510201714474,0
ACCT_078182,5.217662603529651e-05,0
ACCT_078192,0.06818999508673532,0
ACCT_078203,0.004875195787634287,0
ACCT_078210,0.00015847886137283177,0
ACCT_078212,0.0053049271610384465,0
ACCT_078255,0.000849965650723133,0
ACCT_078256,0.02781326493067884,0
ACCT_078259,0.0021708307993557096,0
ACCT_078260,7.558077474037025e-05,0
ACCT_078263,0.0037310503553378417,0
ACCT_078275,0.0006047465319023112,0
ACCT_078277,6.505171455849425e-05,0
ACCT_078280,0.0012875721308210901,0
ACCT_078283,0.0020676311350795846,0
ACCT_078288,0.44944649899164774,0
ACCT_078293,3.2478182838492687e-06,0
ACCT_078304,0.0007085822292497547,0
ACCT_078311,0.0030465881052474057,0
ACCT_078312,3.949004850380416e-05,0
ACCT_078337,0.00010873049094675647,0
ACCT_078338,0.0002705383948060611,0
ACCT_078343,0.0005434421354660743,0
ACCT_078344,0.4386004172611895,0
ACCT_078351,0.00028508848640408586,0
ACCT_078358,0.0002858254553747397,0
ACCT_078364,0.0013972305311311052,0
ACCT_078372,0.0017160405983879577,0
ACCT_078376,0.04444122494398467,1
ACCT_078378,0.0005796538401391073,0
ACCT_078384,0.001180168986246187,0
ACCT_078397,0.002536280066354749,0
ACCT_078438,0.003457091921843525,0
ACCT_078447,0.00048655059131743375,0
ACCT_078449,0.0005618342350102374,0
ACCT_078450,0.0021568253842800143,0
ACCT_078455,0.000712978173637838,0
ACCT_078469,0.0014465030508686583,0
ACCT_078475,0.004335883631974565,0
ACCT_078487,0.003791800588544021,0
ACCT_078490,0.02517785216635466,0
ACCT_078493,0.0007192443683352651,0
ACCT_078494,0.0002312931560317761,0
ACCT_078501,0.0004487089497757245,0
ACCT_078503,0.00012096384211766901,0
ACCT_078522,0.0005509431330108948,0
ACCT_078524,0.000686170430768247,0
ACCT_078529,0.00043531129702127224,0
ACCT_078536,0.00031828674085364626,0
ACCT_078541,0.00029975166700011867,0
ACCT_078551,0.18877657552859137,0
ACCT_078564,0.0008382464179500053,0
ACCT_078572,0.00041312918275633105,0
ACCT_078584,0.00018754865635823892,0
ACCT_078585,0.00048368683669070206,0
ACCT_078588,0.00024534313930676656,0
ACCT_078600,0.0009344160274971014,0
ACCT_078602,0.09302674371132391,0
ACCT_078612,0.0010128689717387308,0
ACCT_078620,0.003060114157927036,0
ACCT_078623,0.7122322380656724,0
ACCT_078643,0.0017159052448169868,0
ACCT_078659,0.0007991513046272167,0
ACCT_078665,0.004786951226066765,0
ACCT_078667,0.0005399759464524082,0
ACCT_078670,0.009070598985630306,0
ACCT_078672,0.0003774784579785236,0
ACCT_078675,0.0005434015321557011,0
ACCT_078694,0.003347860665897165,0
ACCT_078702,0.001459190381196623,0
ACCT_078710,0.00021689071143283232,0
ACCT_078718,0.0063430219972658965,0
ACCT_078723,0.0030447141035803028,0
ACCT_078725,0.0008472586489096818,0
ACCT_078732,0.0035563744570636185,0
ACCT_078745,0.012163397124022248,0
ACCT_078761,0.25769003384280875,0
ACCT_078762,0.00031070728858833337,0
ACCT_078783,0.11231193608149986,0
ACCT_078786,0.0006746342174508761,0
ACCT_078802,9.019351879503269e-05,0
ACCT_078803,0.06616114950839981,0
ACCT_078821,0.0001689385585093862,0
ACCT_078827,0.004753196969241903,0
ACCT_078832,0.0014003511379341135,0
ACCT_078840,6.88362294954786e-05,0
ACCT_078843,0.0017923028406872767,0
ACCT_078854,0.00017993271151400814,0
ACCT_078876,0.0002243036783012405,0
ACCT_078882,0.13085850825391904,0
ACCT_078919,0.00015291831462090844,0
ACCT_078922,0.00016829290334079483,0
ACCT_078957,0.0008257655059430971,0
ACCT_078960,0.0014272886717705457,0
ACCT_078972,0.016813938045099425,0
ACCT_078974,9.77473081418075e-05,0
ACCT_078976,8.018497275206003e-05,0
ACCT_078977,0.00200223665267962,0
ACCT_078984,0.00042070902554693963,0
ACCT_078989,0.001400442520690704,0
ACCT_078990,0.0007501824483768841,0
ACCT_078993,0.00010522883335725835,0
ACCT_079004,0.0004396734050176239,0
ACCT_079008,0.03712420031870345,0
ACCT_079013,0.0001552394099150854,0
ACCT_079023,0.0009744966101518902,0
ACCT_079026,0.00594540521313813,0
ACCT_079027,0.00016707761727206973,0
ACCT_079036,0.0025210961289458176,0
ACCT_079037,0.0002494830573428321,0
ACCT_079043,7.139138805383606e-05,0
ACCT_079057,0.0009886426110705744,0
ACCT_079081,0.0012404717537245291,0
ACCT_079085,0.005492614045732079,0
ACCT_079089,0.0008050634719192742,0
ACCT_079098,0.001421272144533675,0
ACCT_079101,0.0006980644103163571,0
ACCT_079103,0.00018777144757144054,0
ACCT_079114,0.0013943319183569729,0
ACCT_079120,0.004008265354977563,0
ACCT_079122,0.0003026290119925347,0
ACCT_079123,0.002638670667482236,0
ACCT_079127,0.0006337786507651421,0
ACCT_079134,0.0010911697472955864,0
ACCT_079136,0.0004219306653070114,0
ACCT_079145,0.10899647761396047,0
ACCT_079153,0.00018902737820073907,0
ACCT_079159,9.257097574097012e-05,0
ACCT_079166,0.0007057228637671317,0
ACCT_079169,0.12110436790018343,0
ACCT_079171,0.0006132724493202276,0
ACCT_079172,0.0007325144404561018,0
ACCT_079173,0.017002397449516513,0
ACCT_079181,0.00013222550523864422,0
ACCT_079183,0.007189109951710715,0
ACCT_079211,0.0003157395969233112,0
ACCT_079218,0.002562511943655271,0
ACCT_079224,0.001307776526418517,0
ACCT_079232,0.005449520281294439,0
ACCT_079237,0.008353733825765947,0
ACCT_079251,0.0015287687004802502,0
ACCT_079254,0.0013878975573611738,0
ACCT_079255,0.001269585510929734,0
ACCT_079262,0.002692767327130257,0
ACCT_079264,0.3260648991439501,0
ACCT_079272,0.010746580278493591,0
ACCT_079274,0.0009588653239298496,0
ACCT_079294,0.01739466987728929,0
ACCT_079295,2.64490648857427e-05,0
ACCT_079302,0.0008021714093640406,0
ACCT_079303,0.00016926541333060527,0
ACCT_079311,0.005965673045092061,0
ACCT_079316,0.021398986330951716,0
ACCT_079317,0.0001795524360971724,0
ACCT_079349,0.000141549784243331,0
ACCT_079356,0.00021273929544003456,0
ACCT_079361,0.15218552713414216,0
ACCT_079364,9.80768233366948e-05,0
ACCT_079368,0.00024438737247518843,0
ACCT_079371,3.423016755233392e-05,0
ACCT_079372,0.0020419159479709826,0
ACCT_079376,0.0001840895197873135,0
ACCT_079377,0.003505710241045039,0
ACCT_079405,0.0026163118784177735,0
ACCT_079412,0.008089801444248092,0
ACCT_079420,0.0008386234748919713,0
ACCT_079427,0.005633547093453751,0
ACCT_079432,0.05523892852982372,0
ACCT_079453,0.00030864274644851864,0
ACCT_079465,9.938910088106024e-05,0
ACCT_079469,0.0014772921267507718,0
ACCT_079470,0.0014448156381404913,0
ACCT_079473,0.004451074248896641,0
ACCT_079480,0.0019495346868984567,0
ACCT_079482,0.0003758112687352559,0
ACCT_079484,0.00043780432893214565,0
ACCT_079499,0.02044322957126756,0
ACCT_079500,0.0005343086606766397,0
ACCT_079509,0.0013094696631514445,0
ACCT_079516,9.626109922647155e-05,0
ACCT_079518,0.007599932832609742,0
ACCT_079521,0.28278347099232876,0
ACCT_079524,4.422217512113789e-05,0
ACCT_079537,0.013319946493318044,0
ACCT_079541,0.00039481948290293176,0
ACCT_079550,0.0015779518507754648,0
ACCT_079560,0.06156794404113497,0
ACCT_079568,7.49601232394706e-05,0
ACCT_079572,0.0008350185599724632,0
ACCT_079584,6.802597976477341e-06,0
ACCT_079593,9.552215022433607e-05,0
ACCT_079596,0.0030365826805497957,0
ACCT_079601,0.015068865702197249,0
ACCT_079611,0.0012485969812732185,0
ACCT_079625,0.02724684249932836,0
ACCT_079628,0.0013248344492657917,0
ACCT_079647,9.321587821960675e-05,0
ACCT_079652,0.004096622221406562,0
ACCT_079656,0.0010577257532864935,0
ACCT_079674,0.1168871821768897,0
ACCT_079677,0.0032201812247053736,0
ACCT_079684,0.00552692938136448,0
ACCT_079687,0.007129450546032476,0
ACCT_079694,0.0002902530242554135,0
ACCT_079729,0.0032215826058730494,0
ACCT_079733,4.743338487411005e-05,0
ACCT_079750,0.00011943868680357991,0
ACCT_079760,0.001050258880545619,0
ACCT_079776,0.00013553520098324358,0
ACCT_079778,0.0013496097501295545,0
ACCT_079799,0.0010947989604224802,0
ACCT_079806,0.010663947666313671,0
ACCT_079809,0.0004717701147200381,0
ACCT_079819,0.0001030806018662383,0
ACCT_079830,0.0004977172754703878,0
ACCT_079861,0.05338570334666859,0
ACCT_079886,0.0005964241593118257,0
ACCT_079904,0.016172988428774016,0
ACCT_079905,0.06466506267864998,0
ACCT_079910,0.0010413426245418518,0
ACCT_079941,0.0007909247725873436,0
ACCT_079959,0.2702796470036005,0
ACCT_079961,0.0007708571413237678,0
ACCT_079969,0.0023771203007576123,0
ACCT_079976,0.000504250223186324,0
ACCT_079980,0.0003652290074649999,0
ACCT_080006,0.5024491754628138,0
ACCT_080008,0.00366735265999449,0
ACCT_080012,0.00022643684069975466,0
ACCT_080013,9.185527680316155e-05,0
ACCT_080015,4.91333582393958e-05,0
ACCT_080016,0.07233488207743971,0
ACCT_080025,0.000292090334521787,0
ACCT_080028,1.7732493284120496e-05,0
ACCT_080031,0.00015672088870962318,0
ACCT_080046,5.2407467001341665e-05,0
ACCT_080053,0.0004346452107071635,0
ACCT_080054,1.8496340670865785e-05,0
ACCT_080063,0.012366910289142245,0
ACCT_080084,0.0016579184447386615,0
ACCT_080100,0.00010210866710965614,0
ACCT_080109,0.07818525203766154,0
ACCT_080111,2.6773110656474238e-05,0
ACCT_080125,9.192864761289699e-05,0
ACCT_080140,0.0011742691291078194,0
ACCT_080148,0.00013855610543898203,0
ACCT_080154,0.004866295493675041,0
ACCT_080157,0.024346403877771417,0
ACCT_080183,0.0666171673940012,1
ACCT_080193,8.559357881597913e-05,0
ACCT_080211,0.0029157177761940235,0
ACCT_080217,0.00015928500403784686,0
ACCT_080227,0.00044418757078364146,0
ACCT_080232,0.0005534864515774335,0
ACCT_080235,0.42745706040595144,0
ACCT_080265,0.14461964025350124,0
ACCT_080271,0.0032882449972510158,0
ACCT_080301,0.09629521034168298,0
ACCT_080310,0.00044423293154679784,0
ACCT_080316,0.00013618966807422115,0
ACCT_080320,0.013779433410356206,0
ACCT_080328,0.003345673297226377,0
ACCT_080332,0.0010218521700500428,0
ACCT_080348,0.00505111779495643,0
ACCT_080358,0.3754702499198532,0
ACCT_080376,0.03341375271770658,0
ACCT_080407,0.0004524783759957747,0
ACCT_080432,0.00035016483549680697,0
ACCT_080440,0.01943645700649969,0
ACCT_080445,0.008750250624614526,0
ACCT_080453,0.0020838011906221363,0
ACCT_080463,0.0012093489191217393,0
ACCT_080464,0.000758879566336887,0
ACCT_080466,0.008126268954156825,0
ACCT_080475,0.010922495741235301,0
ACCT_080486,0.00339029418147797,0
ACCT_080493,0.0006501872884288165,0
ACCT_080501,0.00235755949349838,0
ACCT_080508,0.0016672984923105396,0
ACCT_080520,0.01727699873708018,0
ACCT_080522,0.0030921565481829556,0
ACCT_080523,0.0025552407304418497,0
ACCT_080526,0.0001341364627934625,0
ACCT_080532,0.0002519147068182424,0
ACCT_080542,0.0006531209234835247,0
ACCT_080552,0.00172412955198771,0
ACCT_080589,0.0053840022078043516,0
ACCT_080615,0.003091384200768874,0
ACCT_080618,0.0014100351731494232,0
ACCT_080628,4.025989801215083e-05,0
ACCT_080633,0.0009772917582362268,0
ACCT_080636,0.0004567470885430407,0
ACCT_080637,0.0003847619583653362,0
ACCT_080638,0.04305745594124677,0
ACCT_080644,9.198546306104908e-05,0
ACCT_080660,0.0007259893906482402,0
ACCT_080662,0.00044105609050525693,0
ACCT_080671,0.0007414689339799611,0
ACCT_080686,0.00039470803954279944,0
ACCT_080694,0.00030064277675881265,0
ACCT_080712,0.00647852524723318,0
ACCT_080728,0.0029334154619401163,0
ACCT_080755,0.054877973141954396,0
ACCT_080769,3.256724853481959e-05,0
ACCT_080776,5.9286240519177696e-05,0
ACCT_080796,0.0003246528344068735,0
ACCT_080799,0.001116674260737013,0
ACCT_080801,0.022555586976576263,0
ACCT_080813,0.00048094433420766666,0
ACCT_080816,0.006628252288860217,0
ACCT_080830,0.012018698925794956,0
ACCT_080844,0.0004904866721168087,0
ACCT_080859,0.0001260702598719461,0
ACCT_080872,8.399633633940091e-05,0
ACCT_080900,0.003139328203570103,0
ACCT_080904,0.0014407616102883238,0
ACCT_080925,0.009408869002893717,0
ACCT_080932,0.0008286607019076626,0
ACCT_080940,0.0020376020121792428,0
ACCT_080942,0.007132458851143232,0
ACCT_080945,0.0015957340525377204,0
ACCT_080971,0.0010817736217637135,0
ACCT_080973,0.017955831486566775,0
ACCT_080975,0.005554015422239796,0
ACCT_080992,0.0006093438909986133,0
ACCT_080995,0.00010731848815475133,0
ACCT_081003,0.0011342782758605968,0
ACCT_081005,0.007038931860603745,0
ACCT_081014,0.012818997484100104,0
ACCT_081019,0.014266327968530118,0
ACCT_081030,0.0021600593630302883,0
ACCT_081039,0.0014075167250091117,0
ACCT_081040,0.0013004594365464389,0
ACCT_081046,0.010111796510155565,0
ACCT_081064,0.004494873089157432,0
ACCT_081067,0.0002619779116579808,0
ACCT_081068,0.00021875785093588025,0
ACCT_081091,0.9977718524951884,1
ACCT_081094,0.00040598301228556087,0
ACCT_081109,0.028656984655790835,0
ACCT_081112,3.0693593479274126e-05,0
ACCT_081113,0.00028229115864175614,0
ACCT_081122,0.00020323700716395752,0
ACCT_081134,0.0011091467376503458,0
ACCT_081146,0.01687889476323397,0
ACCT_081158,0.00043855288126849577,0
ACCT_081167,0.0001450010445107831,0
ACCT_081178,0.00015564954208663066,0
ACCT_081184,0.1628449962589498,0
ACCT_081188,0.0009967996676419149,0
ACCT_081202,3.917399940180374e-05,0
ACCT_081234,0.19598086392908282,0
ACCT_081236,0.005074997302292946,0
ACCT_081244,0.009494875770112914,0
ACCT_081246,0.001118518905807211,0
ACCT_081259,0.0006621887038711601,0
ACCT_081263,0.5428117811889515,0
ACCT_081265,0.0004035638784327228,0
ACCT_081272,0.00048434838972115157,0
ACCT_081278,0.0001891561270085593,0
ACCT_081280,0.0008073794162983593,0
ACCT_081329,0.002989304703996382,0
ACCT_081337,0.0007814243735476861,0
ACCT_081347,0.0007473819310048695,0
ACCT_081352,0.00019182042449774735,0
ACCT_081358,0.000612041390741849,0
ACCT_081365,0.001998384136716693,0
ACCT_081367,0.0003144491792771944,0
ACCT_081371,0.0004697630775614716,0
ACCT_081390,0.00013827495878538783,0
ACCT_081395,0.0012602446489140603,0
ACCT_081422,0.0005927558749649838,0
ACCT_081429,0.0026367332831985536,0
ACCT_081433,0.009148934270828218,0
ACCT_081447,0.001456032219211935,0
ACCT_081461,0.003958476883712471,0
ACCT_081468,0.000836368331642193,0
ACCT_081474,0.00014789395218802533,0
ACCT_081482,0.00013464385464187996,0
ACCT_081487,0.0010376761945150197,0
ACCT_081517,0.0012265393842446398,0
ACCT_081536,0.00018433017816069759,0
ACCT_081540,0.002110842108079323,0
ACCT_081543,0.0001686088202521965,0
ACCT_081552,0.0007524128872973548,0
ACCT_081566,0.0005449972683398517,0
ACCT_081587,2.2918129817042512e-05,0
ACCT_081595,6.200209405135994e-05,0
ACCT_081597,0.00016672507973541695,0
ACCT_081598,0.14383332244081384,1
ACCT_081621,0.0009058601660260647,0
ACCT_081622,0.1374887599610211,0
ACCT_081652,0.030562755285701515,0
ACCT_081654,0.0003570539319477757,0
ACCT_081662,0.0004388057844639674,0
ACCT_081667,0.0026564125439910357,0
ACCT_081668,0.0004290428018775661,0
ACCT_081679,0.0018374033847523112,0
ACCT_081682,0.005218386321570055,0
ACCT_081695,0.00032603151759189785,0
ACCT_081700,0.0011955398645270951,0
ACCT_081701,0.011573551637411755,0
ACCT_081717,0.00010163131537930567,0
ACCT_081732,0.0020050524694842876,0
ACCT_081751,0.0005239868830011633,0
ACCT_081766,9.296408569336572e-05,0
ACCT_081769,0.0014017486299095962,0
ACCT_081770,0.0003132086903974005,0
ACCT_081774,0.0013479440007383929,0
ACCT_081785,0.00026259714521714153,0
ACCT_081795,0.0009633976317373684,0
ACCT_081796,0.0028068600639858192,0
ACCT_081798,7.177953879546196e-05,0
ACCT_081799,0.0021240604565602806,0
ACCT_081804,0.0008658465792983893,0
ACCT_081809,0.022499376452952104,0
ACCT_081828,0.00018823077645628664,0
ACCT_081861,0.0015855844138396233,0
ACCT_081863,0.000980963060565272,0
ACCT_081875,0.004206538258891613,0
ACCT_081893,0.24014257269980688,0
ACCT_081900,0.0005052961542791186,0
ACCT_081906,0.14368856045328274,0
ACCT_081908,0.0007917755518992672,0
ACCT_081911,0.1783083883960964,0
ACCT_081917,0.028802125097624413,0
ACCT_081927,0.00380186524835447,0
ACCT_081941,0.0006815827790453919,0
ACCT_081942,0.006888140937092462,0
ACCT_081962,0.009082917638829409,0
ACCT_081967,0.00037467703652911883,0
ACCT_081980,0.010116873486313405,0
ACCT_081981,3.8257916394926756e-05,0
ACCT_081994,0.0010519501881279853,0
ACCT_082004,0.012438959221128653,0
ACCT_082017,0.0018383899193384686,0
ACCT_082020,7.642932110928777e-05,0
ACCT_082036,0.0003550578717826691,0
ACCT_082048,0.00014053218610745802,0
ACCT_082052,9.803807463579811e-05,0
ACCT_082064,0.00045894421227067145,0
ACCT_082067,0.00013942486173578738,0
ACCT_082073,0.00010777744542225844,0
ACCT_082080,0.00023672235345872797,0
ACCT_082085,0.0003797787535570148,0
ACCT_082087,0.0010510584269331977,0
ACCT_082089,0.0003223265050941755,0
ACCT_082100,0.0005870874804097969,0
ACCT_082104,0.0015664779486935624,0
ACCT_082111,0.00029744149225911993,0
ACCT_082121,0.0676313991755866,0
ACCT_082124,0.0008496358030350447,0
ACCT_082125,0.5595839717844471,0
ACCT_082138,0.010789800750204631,0
ACCT_082139,0.21700969655119404,0
ACCT_082140,0.003991985160939479,0
ACCT_082144,0.000309536410513112,0
ACCT_082150,0.7309709240624229,0
ACCT_082162,0.0005047167264554684,0
ACCT_082199,0.00014194149651992075,0
ACCT_082203,0.001877079079717794,0
ACCT_082218,0.0012672468773937463,0
ACCT_082243,0.0032389982223934685,0
ACCT_082253,0.0005030520695306073,0
ACCT_082258,7.845548016132684e-05,0
ACCT_082259,0.0028128168570253076,0
ACCT_082277,0.13123154781739074,0
ACCT_082286,0.00026655304067018596,0
ACCT_082293,0.0024397300350172788,0
ACCT_082311,0.0008089335138530968,0
ACCT_082325,0.00017942617478928127,0
ACCT_082330,0.007064409670351189,0
ACCT_082341,1.4385127015372724e-05,0
ACCT_082343,0.0011924003287382835,0
ACCT_082352,0.020311032894204134,0
ACCT_082359,0.0010275672744638074,0
ACCT_082364,0.029027032053534903,0
ACCT_082369,0.0008966561603525235,0
ACCT_082377,0.0010788621744695092,0
ACCT_082379,0.0005538564006746079,0
ACCT_082392,0.00019674846693150508,0
ACCT_082398,0.20526495520025415,0
ACCT_082401,0.00021019059950793905,0
ACCT_082404,0.0008069275913264771,0
ACCT_082406,9.785058459602074e-05,0
ACCT_082408,0.001914435651931065,0
ACCT_082427,0.00020150483371986363,0
ACCT_082436,0.0021997766359276275,0
ACCT_082445,0.004399117914789355,0
ACCT_082450,0.0003535397790806659,0
ACCT_082452,0.013475203569306074,0
ACCT_082462,0.0024281748085350848,0
ACCT_082468,0.030973007711144515,0
ACCT_082473,0.007605190373775352,0
ACCT_082482,0.03153711900752421,0
ACCT_082484,0.00012932832157568509,0
ACCT_082486,0.00010174875498886139,0
ACCT_082496,0.05422161051804611,0
ACCT_082498,0.0006805124125782189,0
ACCT_082516,0.00015347049760144337,0
ACCT_082521,0.0017702984658349956,0
ACCT_082523,0.006487649894209546,0
ACCT_082533,0.002214890672971458,0
ACCT_082534,0.0015654094089742356,0
ACCT_082542,0.012140858650796272,0
ACCT_082560,0.00023008945150981134,0
ACCT_082567,0.07148528059212415,1
ACCT_082572,0.00015616690519153586,0
ACCT_082585,0.00015558762547440512,0
ACCT_082586,0.00926649050507611,0
ACCT_082593,0.00011116565028565575,0
ACCT_082597,0.0018046630877452867,0
ACCT_082607,0.0037618820028713965,0
ACCT_082613,0.0004009884018448313,0
ACCT_082614,0.011162295805408205,0
ACCT_082616,0.001767297624956363,0
ACCT_082618,0.0006119891160765352,0
ACCT_082627,0.00010107798456097516,0
ACCT_082628,0.00010225706511787826,0
ACCT_082632,0.0001546132489732585,0
ACCT_082639,0.00034382914920544225,0
ACCT_082649,0.005151669785663436,0
ACCT_082665,0.0008287704984311923,0
ACCT_082673,0.0004971282094015331,0
ACCT_082679,6.566401139708387e-05,0
ACCT_082680,3.295502826294046e-05,0
ACCT_082683,0.000445574206663904,0
ACCT_082701,0.009240024477230517,0
ACCT_082705,0.0005783055861651221,0
ACCT_082724,0.8129520703595811,0
ACCT_082726,0.0002138316739436632,0
ACCT_082742,0.007280690295641079,0
ACCT_082757,0.0010667210483964063,0
ACCT_082760,0.0016393034131373255,0
ACCT_082761,0.0014641858734896981,0
ACCT_082779,0.017396820911935375,0
ACCT_082786,0.021769634707969786,0
ACCT_082787,0.0008920041825828534,0
ACCT_082798,0.0006027994083569514,0
ACCT_082825,0.00029853135070237756,0
ACCT_082828,0.009490354699839698,0
ACCT_082831,0.9461751482033153,1
ACCT_082838,0.000618847615713203,0
ACCT_082841,0.0002479714921325913,0
ACCT_082843,0.002251935565614292,0
ACCT_082844,0.000841628450485852,0
ACCT_082847,9.542504713754813e-05,0
ACCT_082848,0.0006904447127718436,0
ACCT_082856,0.00028152516302658407,0
ACCT_082909,0.0004273080126070304,0
ACCT_082911,0.0036391311548664433,0
ACCT_082912,0.21099761962556748,0
ACCT_082915,0.0021466161871643817,0
ACCT_082936,0.0002087489942240991,0
ACCT_082938,0.04335022434768368,0
ACCT_082950,7.305533964113009e-05,0
ACCT_082951,4.918490262381624e-05,0
ACCT_082953,9.585264885587099e-05,0
ACCT_082961,1.4880288550965904e-05,0
ACCT_082963,0.0006168118150683161,0
ACCT_082966,0.0002447714034112699,0
ACCT_082976,5.923905644790155e-05,0
ACCT_082978,0.009597130282741279,0
ACCT_082992,0.0011514549747041719,0
ACCT_082995,0.006162180322515328,0
ACCT_082998,0.000965587333739018,0
ACCT_083001,0.0004639195446412615,0
ACCT_083006,0.0002755382488665746,0
ACCT_083007,0.00014694237166316577,0
ACCT_083018,3.479397560399747e-05,0
ACCT_083028,0.00028196675203519733,0
ACCT_083055,0.006559586079548444,0
ACCT_083057,0.0009221542339869947,0
ACCT_083071,0.0012735934810785474,0
ACCT_083072,0.03358550662423026,0
ACCT_083088,0.003463070535147656,0
ACCT_083091,0.0006960566321420781,0
ACCT_083094,0.00015800059917336773,0
ACCT_083100,0.00038798307422583484,0
ACCT_083113,0.0002347973456420592,0
ACCT_083114,0.003065531795935949,0
ACCT_083136,0.00018563713675563042,0
ACCT_083151,0.002403590332696888,0
ACCT_083154,0.00022868960437844726,0
ACCT_083155,0.0004766493292997202,0
ACCT_083165,0.012348175815509937,0
ACCT_083174,0.0017620793329292041,0
ACCT_083186,0.0009850062061838802,0
ACCT_083189,0.0004323692306658603,0
ACCT_083196,0.002595168214362729,0
ACCT_083200,3.4702224873415967e-06,0
ACCT_083204,0.02824506374722675,0
ACCT_083209,0.0037573682268461192,0
ACCT_083219,0.00017563376760780432,0
ACCT_083225,0.02376585539827672,0
ACCT_083235,0.001114382786310378,0
ACCT_083241,0.012785443824607244,0
ACCT_083244,0.0008220783197070326,0
ACCT_083273,0.0008427637335568155,0
ACCT_083297,0.0049977492519646316,0
ACCT_083302,0.0006010751266720053,0
ACCT_083304,0.05787661332486198,0
ACCT_083318,0.00016190848850478203,0
ACCT_083320,0.008219872542231723,0
ACCT_083328,0.0048999847915495226,0
ACCT_083357,0.0018376274949547912,0
ACCT_083370,0.000768730307509575,0
ACCT_083374,0.0015044820813655893,0
ACCT_083391,0.0006710349060101169,0
ACCT_083412,0.009544899446657797,0
ACCT_083420,0.012608858874213534,0
ACCT_083430,0.03428206641011931,0
ACCT_083446,0.001944744441287579,0
ACCT_083449,0.0017718469853530265,0
ACCT_083468,0.0004955522073666322,0
ACCT_083475,4.170198566015223e-05,0
ACCT_083481,0.0016870673656641697,0
ACCT_083489,0.0002433913124248111,0
ACCT_083491,0.0002257257535141961,0
ACCT_083501,0.0005264180094892941,0
ACCT_083510,0.0066123991745420906,0
ACCT_083519,0.000983800640808124,0
ACCT_083523,0.00018923927835161816,0
ACCT_083530,0.03470051267984665,0
ACCT_083536,0.735616004519564,0
ACCT_083545,0.0007019301880341759,0
ACCT_083550,0.0016702710520596963,0
ACCT_083562,0.0055646866587036525,0
ACCT_083566,0.00045562692428254557,0
ACCT_083570,0.917153062575966,1
ACCT_083572,0.00010202376619928166,0
ACCT_083579,9.111795515711282e-05,0
ACCT_083581,0.0062745545014970235,0
ACCT_083596,0.005909554643760826,0
ACCT_083597,0.00828775793223687,0
ACCT_083602,0.001654810462330907,0
ACCT_083608,0.03328016698179789,0
ACCT_083623,0.00046572620156171065,0
ACCT_083636,0.0003270298548009349,0
ACCT_083637,4.005664197446035e-05,0
ACCT_083638,0.0017238241358403072,0
ACCT_083639,0.00047312191858899107,0
ACCT_083644,0.0035668794602747487,0
ACCT_083646,0.0005492144996796865,0
ACCT_083653,0.018766538559653562,0
ACCT_083654,0.003915882052491307,0
ACCT_083664,0.0013196229902677039,0
ACCT_083667,0.005237920536610484,0
ACCT_083669,0.005755276752125563,0
ACCT_083672,0.5249531801526054,0
ACCT_083674,0.0098562696144698,0
ACCT_083700,0.0006973944912147545,0
ACCT_083736,0.00016536381717362051,0
ACCT_083744,0.000556400737626671,0
ACCT_083758,0.00019932779930341,0
ACCT_083763,0.006641519177485202,0
ACCT_083771,0.8659936857137909,1
ACCT_083776,0.002287999389022783,0
ACCT_083789,0.0006395430619314986,0
ACCT_083800,0.009081881803898068,0
ACCT_083808,0.008770699826226682,0
ACCT_083828,0.002330748400438359,0
ACCT_083831,0.005781323841800612,0
ACCT_083833,0.002625562547908503,0
ACCT_083843,0.009959319485602008,0
ACCT_083850,0.053191851175619476,0
ACCT_083852,0.005473753260114851,0
ACCT_083877,0.0004337254463119629,0
ACCT_083878,0.01851534948419195,0
ACCT_083898,0.05538610714516755,0
ACCT_083899,0.00019513888889776955,0
ACCT_083901,0.0003557213489232916,0
ACCT_083939,0.11492969498206324,1
ACCT_083953,0.00047747230019940933,0
ACCT_083954,0.003027138723093581,0
ACCT_083956,0.0007694239703493846,0
ACCT_083969,0.0015398907595091896,0
ACCT_083970,0.24543916125424925,0
ACCT_083975,0.0016848699782951151,0
ACCT_083977,0.09641476700586037,0
ACCT_083996,0.00033838661022388253,0
ACCT_083999,0.0030388233249688005,0
ACCT_084007,0.0004601162013234222,0
ACCT_084015,0.00013532496845637652,0
ACCT_084020,2.1486631004448258e-05,0
ACCT_084040,0.0004228222475765772,0
ACCT_084046,3.0422647267757195e-05,0
ACCT_084055,0.0006721822704526503,0
ACCT_084056,2.4522743868099175e-06,0
ACCT_084067,0.0032020787044848174,0
ACCT_084069,0.011993211702100957,0
ACCT_084075,0.0007474574439390281,0
ACCT_084081,0.1233778451466855,0
ACCT_084093,8.294845985190774e-05,0
ACCT_084113,0.0022339464673083306,0
ACCT_084122,0.0010913736309794636,0
ACCT_084141,0.018361428596637804,0
ACCT_084145,0.017220608185946312,0
ACCT_084149,0.0004007484834158047,0
ACCT_084162,0.0129170869048331,0
ACCT_084186,0.00026486551517163347,0
ACCT_084192,0.00013908394494454906,0
ACCT_084208,0.0034508353552353053,0
ACCT_084216,0.0019416590205169717,0
ACCT_084219,0.001622357367821693,0
ACCT_084221,0.00025937420453206244,0
ACCT_084224,0.006332505219301111,1
ACCT_084226,0.0028086568405019763,0
ACCT_084228,0.4372657567387227,0
ACCT_084235,0.0011967455326854159,0
ACCT_084239,0.012960342300034303,0
ACCT_084240,0.0015343242785300078,0
ACCT_084268,0.0013893066229664142,0
ACCT_084269,0.006078334078786485,0
ACCT_084281,0.001604448886782548,0
ACCT_084301,0.0075991894264191865,0
ACCT_084304,0.0007035921896285103,0
ACCT_084311,0.004261972469781553,0
ACCT_084331,0.0020068322931696193,0
ACCT_084343,0.001874358405853566,0
ACCT_084345,0.0007368683182583148,0
ACCT_084363,0.0639422015672619,0
ACCT_084366,0.0003143720174689326,0
ACCT_084372,5.552700677685411e-05,0
ACCT_084377,0.000684569227393443,0
ACCT_084381,0.002533902694634822,0
ACCT_084382,0.000657766252998427,0
ACCT_084387,0.02673201326902061,0
ACCT_084392,0.0005727907268573248,0
ACCT_084396,0.01160763311530803,0
ACCT_084402,1.897091238646115e-05,0
ACCT_084421,0.00625164773021083,0
ACCT_084434,0.01875668108308136,0
ACCT_084440,0.002946896174671603,0
ACCT_084449,0.011705869188979711,0
ACCT_084454,0.21430953102193814,0
ACCT_084455,0.010281541818991933,0
ACCT_084473,0.000731056907771444,0
ACCT_084477,0.0011116824936264283,0
ACCT_084478,0.008484464887675385,0
ACCT_084483,0.020747040595957618,0
ACCT_084490,0.0013880445140826189,0
ACCT_084498,0.0033815101577951137,0
ACCT_084501,0.0012214795619106618,0
ACCT_084522,4.246692243165177e-05,0
ACCT_084524,0.0069686213989140254,0
ACCT_084530,0.0002351184038644899,0
ACCT_084534,0.0005171113005317082,0
ACCT_084551,0.0046373347824478425,0
ACCT_084556,0.0007317245361915445,0
ACCT_084567,0.0002164199652379524,0
ACCT_084574,0.0002638960176472614,0
ACCT_084579,0.0007829404340679019,1
ACCT_084582,0.006224341211461453,0
ACCT_084596,0.00027771545720583585,0
ACCT_084605,0.0007551603985234852,0
ACCT_084619,0.017462819292243803,0
ACCT_084621,0.0003349867935749471,0
ACCT_084622,0.00024344821108020023,0
ACCT_084628,0.00026300482303264194,0
ACCT_084639,0.000735535476898981,0
ACCT_084650,0.000262144808079081,0
ACCT_084651,0.0007043588180496383,0
ACCT_084661,0.0014958864683282285,0
ACCT_084670,0.0018869036209881924,0
ACCT_084673,0.00044969774668397874,0
ACCT_084685,0.0007809934688492042,0
ACCT_084688,0.0037492015999270665,0
ACCT_084689,0.0032533022459901926,0
ACCT_084700,0.0006081195587513438,0
ACCT_084729,0.0008400794399737191,0
ACCT_084730,0.0006255821916603847,0
ACCT_084763,0.0011509668220005128,0
ACCT_084765,0.00026676715762395285,0
ACCT_084782,0.0005290942684881548,0
ACCT_084792,0.032606555970082655,1
ACCT_084802,0.002238887976203019,0
ACCT_084834,0.0672608184058078,0
ACCT_084846,0.0006614388804334132,0
ACCT_084847,0.006022828640758716,0
ACCT_084858,0.0003427017151906964,0
ACCT_084871,0.0002099191337899065,0
ACCT_084874,0.0006663261052572518,0
ACCT_084881,0.009811883658136244,0
ACCT_084895,0.0001652444993680966,0
ACCT_084902,0.0016335451622888028,0
ACCT_084913,0.2754789263303978,0
ACCT_084916,0.005188651191028473,0
ACCT_084928,0.00010281057539613666,0
ACCT_084929,0.000646657646257015,0
ACCT_084939,0.0002612731080078675,0
ACCT_084951,0.0002523958981796214,0
ACCT_084952,0.00029527086616435377,0
ACCT_084964,0.0015826763437935547,0
ACCT_084970,0.0003758931498493754,0
ACCT_084981,0.23922106431754156,0
ACCT_084982,0.00015212516238400034,0
ACCT_084984,6.0087462596549475e-05,0
ACCT_084987,0.25544620119407563,0
ACCT_085000,0.002698068390541375,0
ACCT_085026,0.0006559874937050331,0
ACCT_085038,0.003714728309477627,0
ACCT_085046,8.045625490003062e-05,0
ACCT_085053,0.00042823314045607714,0
ACCT_085080,7.072711064617781e-05,0
ACCT_085081,0.00034961721788735143,0
ACCT_085083,0.0020516861758517967,0
ACCT_085087,9.972101829960809e-05,0
ACCT_085092,0.025266935784932457,0
ACCT_085094,0.010067876834598444,0
ACCT_085106,0.0012553489159486076,0
ACCT_085118,4.46364568272839e-05,0
ACCT_085128,0.001877160765348737,0
ACCT_085129,0.000830096066927863,0
ACCT_085139,0.0006069046043020601,0
ACCT_085153,9.716910699366541e-05,0
ACCT_085156,0.0009153588254045349,0
ACCT_085157,0.006810846389469194,0
ACCT_085167,0.00017173753905807093,0
ACCT_085172,0.00014984911918718973,0
ACCT_085193,0.0008426031722587244,0
ACCT_085207,5.0070780399234594e-05,0
ACCT_085208,0.0001429027842749358,0
ACCT_085230,0.03500040064106716,0
ACCT_085232,0.0002572647747037337,0
ACCT_085243,0.004214828807331587,0
ACCT_085251,0.00029494988646841037,0
ACCT_085258,0.000978332386219393,0
ACCT_085263,0.00014641020233816248,0
ACCT_085298,0.000421904205565317,0
ACCT_085306,0.0011210599699028297,0
ACCT_085312,0.002506895983905393,0
ACCT_085317,0.001857737965146275,0
ACCT_085339,0.005386035180934013,0
ACCT_085342,0.0003248246688386282,0
ACCT_085346,0.0003143273998035378,0
ACCT_085356,0.055569398753707235,0
ACCT_085369,0.055126055769679376,0
ACCT_085370,0.1284125414870317,0
ACCT_085374,0.000454287151645941,0
ACCT_085376,0.004545839501482007,0
ACCT_085379,0.09926815985604331,0
ACCT_085388,0.0005957073745081317,0
ACCT_085425,0.004138960133685255,0
ACCT_085445,0.0005926961557039402,0
ACCT_085446,0.00023592588415146987,0
ACCT_085458,0.06078215747789239,0
ACCT_085472,0.0015672740304733157,0
ACCT_085510,0.03375558646858592,0
ACCT_085520,0.0005587422409578133,0
ACCT_085528,0.0007860754628771502,0
ACCT_085546,0.0010897757786220966,0
ACCT_085547,0.0024763132478218585,0
ACCT_085553,0.6785965749806369,0
ACCT_085568,0.0006018585674765578,0
ACCT_085584,0.00016685990426409505,0
ACCT_085627,3.610625017696813e-05,0
ACCT_085640,0.001393815354173651,0
ACCT_085652,0.000982505680664665,0
ACCT_085658,1.4625994021980634e-05,0
ACCT_085659,0.0008919235018244826,0
ACCT_085660,0.001733614718414649,0
ACCT_085662,0.00012533495830542362,0
ACCT_085669,0.001864727306567307,0
ACCT_085671,0.00041944845949039376,0
ACCT_085681,4.795743671019903e-05,0
ACCT_085683,3.106869582243457e-05,0
ACCT_085697,0.00012821819855677853,0
ACCT_085702,0.0129651151224842,0
ACCT_085714,0.00014416840719293778,0
ACCT_085716,0.0037143444710702207,0
ACCT_085725,3.4136109846946236e-05,0
ACCT_085735,0.0002422576565565576,0
ACCT_085755,0.0041385035703791154,0
ACCT_085757,0.0017909099597319706,0
ACCT_085767,0.0007271593379817091,0
ACCT_085770,0.002628372957861933,0
ACCT_085781,0.0001103802679590438,0
ACCT_085786,4.9962792934549056e-05,0
ACCT_085795,8.215935455302943e-05,0
ACCT_085810,0.0002586203120091494,0
ACCT_085812,0.01609611359636916,0
ACCT_085820,0.00039396478786822813,0
ACCT_085830,7.73611566557672e-05,0
ACCT_085832,0.00011798485810661018,0
ACCT_085837,8.808305699833627e-05,0
ACCT_085840,0.005894570882972966,0
ACCT_085844,0.01574555376241408,0
ACCT_085855,0.008705603665071292,0
ACCT_085860,0.0027728504219080227,0
ACCT_085865,0.02606484054315345,0
ACCT_085866,0.0004252646612427424,0
ACCT_085869,0.022491931008249186,0
ACCT_085875,0.0002993991720570927,0
ACCT_085882,0.00018027505141804143,0
ACCT_085891,0.5408304333698559,0
ACCT_085895,0.003210913881944835,0
ACCT_085919,0.004817067122539435,0
ACCT_085921,0.0032101218844089855,0
ACCT_085937,0.08728500252818577,0
ACCT_085941,1.658845493751105e-05,0
ACCT_085943,0.0006337572054037583,0
ACCT_085944,0.0007001771512519026,0
ACCT_085957,0.002581025710966384,0
ACCT_085960,0.0012400314647690116,0
ACCT_085990,0.0011013814859532074,0
ACCT_085994,0.0013225548140805958,0
ACCT_085997,0.04323177310180183,0
ACCT_085998,2.215570033021415e-05,0
ACCT_086001,1.5237937184016923e-05,0
ACCT_086002,0.00016172357978950396,0
ACCT_086004,0.0004410284000390369,0
ACCT_086013,0.06795170550878442,0
ACCT_086019,0.0006616691839881563,0
ACCT_086023,1.2004748086398486e-05,0
ACCT_086027,0.004216530551645294,0
ACCT_086050,9.912811898237933e-05,0
ACCT_086059,0.00032411204869169547,0
ACCT_086061,5.182625641235893e-05,0
ACCT_086063,0.0004144457411251011,0
ACCT_086066,0.00017688290487071235,0
ACCT_086073,0.0038894449223473996,0
ACCT_086078,0.004633041262509469,0
ACCT_086090,0.000113402180339723,0
ACCT_086092,0.0006544296322217286,0
ACCT_086116,0.013146541391944572,0
ACCT_086146,0.0005056973585935976,0
ACCT_086163,0.010739163189877488,0
ACCT_086165,0.0005845364375790563,0
ACCT_086168,0.052321743414107336,0
ACCT_086178,0.0012600610325508089,0
ACCT_086180,0.0011485019452662584,0
ACCT_086193,0.06628814529150877,0
ACCT_086207,0.0014630225603204903,0
ACCT_086218,0.0002138777116702345,0
ACCT_086225,0.0006111586440917708,0
ACCT_086258,1.4566080467967712e-05,0
ACCT_086259,0.00015655675177659933,0
ACCT_086262,6.63993626429018e-05,0
ACCT_086289,0.001014311889634676,0
ACCT_086293,0.0009548511177366706,0
ACCT_086295,4.708821911815902e-05,0
ACCT_086300,8.914589345326371e-05,0
ACCT_086301,0.0008975750822445397,0
ACCT_086323,0.0013933249735508945,0
ACCT_086329,0.1287857495534966,0
ACCT_086334,0.0008264638554798069,0
ACCT_086375,0.0001826073691060212,0
ACCT_086378,0.001642308690851883,0
ACCT_086395,0.00041677092995229666,0
ACCT_086400,0.017608927470581473,0
ACCT_086405,0.002915466765377422,0
ACCT_086406,9.562179785051737e-06,0
ACCT_086411,0.000323206720915034,0
ACCT_086418,0.0008524127168406863,0
ACCT_086424,0.0008602799182202289,0
ACCT_086425,0.003084800525795156,0
ACCT_086432,0.001622000839833476,0
ACCT_086437,0.0016590141967816354,0
ACCT_086449,0.006569615749549143,0
ACCT_086463,0.0013332080805476543,0
ACCT_086467,0.0037007001412597456,0
ACCT_086489,0.0004711077615402485,0
ACCT_086496,5.554856799174193e-05,0
ACCT_086497,0.001461711207495738,0
ACCT_086507,8.205901283968267e-05,0
ACCT_086511,4.7589882021150644e-05,0
ACCT_086512,0.0008689044421558181,0
ACCT_086513,0.021331943338539983,0
ACCT_086515,0.0028969660303154025,0
ACCT_086527,0.0010726736900631296,0
ACCT_086546,0.022619576368060907,0
ACCT_086555,0.0031791944472281818,0
ACCT_086562,0.00014910777934120392,0
ACCT_086565,0.008389793209426618,0
ACCT_086567,0.017276770983475315,0
ACCT_086568,9.337981560043058e-05,0
ACCT_086569,3.830778801248014e-05,0
ACCT_086574,0.010368243150806939,0
ACCT_086575,0.001011563038241608,0
ACCT_086594,0.0019694540723517906,0
ACCT_086617,0.0008727033299197134,0
ACCT_086622,0.0008367921067868322,0
ACCT_086625,0.0021389373423705235,0
ACCT_086634,0.001262782494538816,0
ACCT_086638,0.000576842725313207,0
ACCT_086641,0.007967945436347343,0
ACCT_086650,9.656257252224473e-05,0
ACCT_086651,8.942228018096365e-05,0
ACCT_086657,0.0012656113352435795,0
ACCT_086659,9.788371077910407e-05,0
ACCT_086689,0.07696028012703225,0
ACCT_086690,0.0013259466207574196,0
ACCT_086695,0.006443333427097683,1
ACCT_086701,0.01153150153809517,0
ACCT_086717,0.0004026879674798075,0
ACCT_086720,6.11577764800952e-05,0
ACCT_086723,0.00012690103349999158,0
ACCT_086744,8.963998016987965e-05,0
ACCT_086748,5.69605101171481e-05,0
ACCT_086758,0.001132991252551764,0
ACCT_086772,4.924988154177629e-06,0
ACCT_086774,0.0012767723290594696,0
ACCT_086780,0.0928142236096261,0
ACCT_086782,0.0032921306729492912,0
ACCT_086802,0.018644400720109026,0
ACCT_086812,0.11522219522188015,0
ACCT_086824,0.0007844188014827113,0
ACCT_086827,0.00014274792927561615,0
ACCT_086843,0.00018436001588072686,0
ACCT_086851,0.008982281561655323,0
ACCT_086852,4.590400976223901e-05,0
ACCT_086853,0.002660804790277987,0
ACCT_086857,0.0033761207258962036,0
ACCT_086858,0.0001959239840568744,0
ACCT_086872,0.00011420488686592398,0
ACCT_086879,0.004088690316119355,0
ACCT_086884,5.65305353049717e-05,0
ACCT_086885,0.003347652087835955,0
ACCT_086887,0.0003536745509002414,0
ACCT_086912,0.008682617479126149,0
ACCT_086919,0.0006783566792476038,0
ACCT_086920,0.11762193916479499,0
ACCT_086930,0.0008283179899956671,0
ACCT_086943,2.5219010070085062e-05,0
ACCT_086969,0.0019766632737294055,0
ACCT_087022,0.00015409728232218937,0
ACCT_087041,8.057262396494394e-05,0
ACCT_087053,0.02720205098250588,0
ACCT_087056,0.0001287971745465474,0
ACCT_087063,0.00039088901736756865,0
ACCT_087064,0.0003599454541874628,0
ACCT_087069,0.00016694885172167945,0
ACCT_087075,0.0012098391857284362,0
ACCT_087076,5.0033085536004685e-05,0
ACCT_087078,0.00043028073952718635,0
ACCT_087094,0.09841990728615098,0
ACCT_087121,0.0027721038320402767,0
ACCT_087127,0.0008315199213298541,0
ACCT_087134,0.001015676931726327,0
ACCT_087141,0.003399355117764983,0
ACCT_087142,0.0018741511866395425,0
ACCT_087155,0.002055328149056993,0
ACCT_087160,0.004431629565146651,0
ACCT_087167,0.0010328984571502165,0
ACCT_087181,0.002059808258652372,0
ACCT_087183,0.008013236222376286,0
ACCT_087208,0.00014321991717910657,0
ACCT_087228,0.0025424807520175855,0
ACCT_087231,0.0034868414443117893,0
ACCT_087234,0.002059085298150371,0
ACCT_087251,0.2939288913966439,0
ACCT_087257,0.000494451264995132,0
ACCT_087261,0.00037380222522499323,0
ACCT_087262,0.0007655490139861641,0
ACCT_087281,0.0015450907102667602,0
ACCT_087282,0.00010262700263969573,0
ACCT_087298,0.010122180417065706,0
ACCT_087299,5.5030934108716355e-05,0
ACCT_087304,0.0007265094556252296,0
ACCT_087314,0.00027674018555107086,0
ACCT_087329,0.00259042571410878,0
ACCT_087358,0.0023403310361169052,0
ACCT_087373,0.40246980939890437,0
ACCT_087376,0.0013285343443331028,0
ACCT_087389,0.0002628460154149366,0
ACCT_087391,0.0008114260387280077,0
ACCT_087394,0.00015724869693941866,0
ACCT_087395,0.02303335942208981,0
ACCT_087398,0.8524480355609824,0
ACCT_087402,0.0017741211681823992,0
ACCT_087403,0.0005553215301904175,0
ACCT_087416,0.008048628130272503,0
ACCT_087429,0.01851080233635659,0
ACCT_087435,0.14754457664858026,0
ACCT_087436,0.0003645630252779155,0
ACCT_087448,0.00011424822655927504,0
ACCT_087450,0.000640972355192037,0
ACCT_087454,0.0001908732287997743,0
ACCT_087456,9.630810041850241e-05,0
ACCT_087470,0.0036285150077304835,0
ACCT_087487,7.711122627512142e-05,0
ACCT_087500,0.0013388825503949677,0
ACCT_087503,0.42009545920615904,0
ACCT_087506,0.05023946429191143,0
ACCT_087516,0.0006668019824708456,0
ACCT_087521,0.0002658593476441686,0
ACCT_087535,0.0002829256631687288,0
ACCT_087539,0.0005559071233985146,0
ACCT_087549,0.024994162002268255,0
ACCT_087563,0.00019892826414306082,0
ACCT_087574,0.0004110080423787049,0
ACCT_087577,0.004165891991763387,0
ACCT_087588,0.100613915187179,0
ACCT_087591,0.006234175589451501,0
ACCT_087596,0.00031318011553976903,0
ACCT_087598,0.0007384227952213028,0
ACCT_087605,0.0003013767058776624,0
ACCT_087607,0.0029814455977989025,0
ACCT_087609,0.0006083688454075054,0
ACCT_087610,8.788455765203523e-05,0
ACCT_087613,0.0027388947980370357,0
ACCT_087625,9.301602020354026e-05,0
ACCT_087661,0.005419229317665155,0
ACCT_087672,8.338915987882846e-05,0
ACCT_087679,0.008187312144800186,0
ACCT_087681,0.00037807220705035946,0
ACCT_087687,0.008891702870382268,0
ACCT_087690,3.339616653231295e-05,0
ACCT_087698,0.0024704022660500934,0
ACCT_087706,0.0001677672273300662,0
ACCT_087714,0.05295211824798254,0
ACCT_087731,8.730159855446674e-05,0
ACCT_087757,0.0008876465243246784,0
ACCT_087760,0.05552859442262659,0
ACCT_087763,0.00019428715392086834,0
ACCT_087764,0.00034535760259677843,0
ACCT_087775,0.008891952887629577,0
ACCT_087777,4.190496428880095e-05,0
ACCT_087781,0.00020663764434150907,0
ACCT_087789,0.0003055958517533851,0
ACCT_087793,9.548919895369189e-06,0
ACCT_087798,0.0010258221691708791,0
ACCT_087805,0.0002275515441652376,0
ACCT_087814,0.0014830292962573204,0
ACCT_087818,0.0002541396308188508,0
ACCT_087824,0.0005992439421625771,0
ACCT_087844,0.00014791386444678472,0
ACCT_087847,8.76504945006438e-05,0
ACCT_087855,0.00021997025492392642,0
ACCT_087875,0.007866740828661825,0
ACCT_087878,0.0025973598280235304,0
ACCT_087884,0.0004736863812168317,0
ACCT_087885,3.111579602955349e-05,0
ACCT_087892,0.0019023067125395973,0
ACCT_087913,0.0004271438227857547,0
ACCT_087918,0.0013105068813908866,0
ACCT_087931,0.0009696121191466583,0
ACCT_087935,6.600493223350748e-05,0
ACCT_087945,0.00038385991065816326,0
ACCT_087949,0.02099100733968392,0
ACCT_087960,5.4762568818524924e-05,0
ACCT_087961,0.013253773649429278,0
ACCT_087966,0.0011454296698387846,0
ACCT_087968,0.0005891335857089084,0
ACCT_087969,0.0011194297121888005,0
ACCT_087974,0.00011462959876401573,0
ACCT_088012,0.0030840065636273638,0
ACCT_088032,0.00011296712762917384,0
ACCT_088040,0.00031738966712252455,0
ACCT_088064,5.355320619502128e-05,0
ACCT_088068,0.00025507240574935546,0
ACCT_088070,0.002595972705009799,0
ACCT_088086,0.00018163718198255707,0
ACCT_088098,0.00023029472084952244,0
ACCT_088104,0.008164215321263716,0
ACCT_088109,0.009331421486361225,0
ACCT_088123,0.004489896643320125,0
ACCT_088136,0.004754839170688667,0
ACCT_088141,0.0005242873998447677,0
ACCT_088144,0.00022616698211035317,0
ACCT_088147,0.0030819107542522394,0
ACCT_088161,0.0006976746498533042,0
ACCT_088162,0.00036545239771275617,0
ACCT_088163,0.0020337637386845108,0
ACCT_088176,0.002026650591038266,0
ACCT_088184,0.0013554933310746407,0
ACCT_088187,0.0011922620398702188,0
ACCT_088189,0.00021890955873540607,0
ACCT_088209,5.046203412147507e-05,0
ACCT_088211,0.00016391534493294017,0
ACCT_088214,0.006041781436922937,0
ACCT_088215,0.0006424001983842093,0
ACCT_088221,2.882944995068184e-05,0
ACCT_088225,0.006566795788706532,0
ACCT_088230,0.002351258526196351,0
ACCT_088248,0.9598341637240108,0
ACCT_088253,0.001497928720725041,0
ACCT_088265,0.00348679446607612,0
ACCT_088268,0.0007359422795264779,0
ACCT_088278,0.004444395216189286,0
ACCT_088279,0.01827521037452342,0
ACCT_088283,0.0001483974426436617,0
ACCT_088284,0.00019173087411580573,0
ACCT_088291,0.0009612229661428088,0
ACCT_088300,0.0007858098413854086,0
ACCT_088309,0.023507932428291682,0
ACCT_088311,0.0004434262961544839,0
ACCT_088314,0.007720279923323751,0
ACCT_088315,0.00048418710756131144,0
ACCT_088330,0.0036259605833775135,0
ACCT_088338,9.823648071489913e-05,0
ACCT_088351,0.009839172093229783,0
ACCT_088358,0.00017533586442483503,0
ACCT_088360,0.00046268350274556396,0
ACCT_088381,0.0006135702461489202,0
ACCT_088386,0.007184850447044847,0
ACCT_088388,0.0006499010616679691,0
ACCT_088389,0.0057488851461664665,0
ACCT_088400,0.03224619831715107,0
ACCT_088403,0.004943925010735912,0
ACCT_088421,0.001222282437225476,0
ACCT_088422,0.0029580852780495795,0
ACCT_088435,0.11114042298006971,0
ACCT_088448,0.0020223709141695633,0
ACCT_088452,0.00019439108506370218,0
ACCT_088460,0.0009153558205197962,0
ACCT_088462,0.004439525311681784,0
ACCT_088473,0.00935540456971973,0
ACCT_088475,0.0022871491618773197,0
ACCT_088481,0.00030891126695342994,0
ACCT_088482,0.00020421441407127418,0
ACCT_088486,0.013730794318859322,0
ACCT_088488,0.008336550714644406,0
ACCT_088489,5.471718054717625e-05,0
ACCT_088499,0.001031634789020704,0
ACCT_088509,0.0018670334260983907,0
ACCT_088510,0.006268576379848727,0
ACCT_088512,0.001390426452967001,0
ACCT_088515,0.0005888344674057322,0
ACCT_088519,0.0032603731816057005,0
ACCT_088527,5.777278286204321e-05,0
ACCT_088534,0.00562499104527269,0
ACCT_088539,0.012167907207680736,0
ACCT_088547,0.00013091193079343933,0
ACCT_088549,0.030384548925205118,0
ACCT_088575,0.0013140218001860262,0
ACCT_088589,0.011099901697433762,0
ACCT_088591,0.00299306674877895,0
ACCT_088598,0.0012771962291387837,0
ACCT_088600,0.004494593462810507,0
ACCT_088608,0.006458871675733583,0
ACCT_088613,0.0001873234952137032,0
ACCT_088619,0.0005237804016540493,0
ACCT_088623,0.0012071893233389927,0
ACCT_088626,0.003284389849036767,0
ACCT_088628,0.0018483743560970655,0
ACCT_088631,0.00011324294661001527,0
ACCT_088635,0.0004803799829561196,0
ACCT_088638,0.0027238067461287717,0
ACCT_088651,0.0002546194249595495,0
ACCT_088660,0.0001196873207424021,0
ACCT_088666,0.0026183190268239697,0
ACCT_088685,0.0015160465110273557,0
ACCT_088695,4.110350865822737e-05,0
ACCT_088697,0.0016838151676067915,0
ACCT_088699,0.0005743461184889371,0
ACCT_088702,7.639468550729476e-05,0
ACCT_088716,0.0003949146431576821,0
ACCT_088730,0.00035272429422996256,0
ACCT_088741,0.00026832444080615657,0
ACCT_088743,0.0031698798680020713,0
ACCT_088751,0.0016666761854245067,0
ACCT_088767,0.03777043873262328,0
ACCT_088784,0.002551427519397559,0
ACCT_088789,0.02594673700409362,0
ACCT_088823,0.00026228124192927463,0
ACCT_088824,0.00958232290931189,0
ACCT_088825,0.0003784926796948715,0
ACCT_088833,0.0012737954961075956,0
ACCT_088858,0.0003941125103182012,0
ACCT_088871,0.0007669208303081224,0
ACCT_088873,0.00021642688918787581,0
ACCT_088880,0.001973796980627847,0
ACCT_088886,0.010796628876811615,0
ACCT_088890,0.0009942040827209458,0
ACCT_088905,0.015133780919916486,0
ACCT_088908,0.000207794804247231,0
ACCT_088915,0.010542423232817639,0
ACCT_088918,0.16305679511693444,0
ACCT_088924,0.1326642074329992,0
ACCT_088940,0.14681936749477775,0
ACCT_088946,0.001715910947775113,0
ACCT_088951,0.00046962325392503796,0
ACCT_088975,0.001077020922979975,0
ACCT_088987,0.011650331991409772,0
ACCT_088992,5.391688953437602e-05,0
ACCT_088997,0.001631075350575918,0
ACCT_089023,0.0018571901440382153,0
ACCT_089027,0.00013646588897288175,0
ACCT_089031,0.00016944901041289782,0
ACCT_089032,0.00016934917230715632,0
ACCT_089033,0.00208973397564436,0
ACCT_089036,0.0009923445427225854,0
ACCT_089050,0.0008224519787521206,0
ACCT_089053,0.0201697186592,0
ACCT_089058,0.0481113520661625,0
ACCT_089065,0.002157347983632747,0
ACCT_089067,0.0009518397081223032,0
ACCT_089075,0.0010031773391475287,0
ACCT_089078,0.012298418618459634,0
ACCT_089082,8.248418699267699e-05,0
ACCT_089092,0.0007948451198617432,0
ACCT_089118,0.0002594118232630515,0
ACCT_089120,0.0013262628631853372,0
ACCT_089121,0.0007135419072820086,0
ACCT_089126,0.006394585510259067,0
ACCT_089136,0.001418366465954916,0
ACCT_089140,0.22117057310824187,0
ACCT_089144,0.09109596345937093,0
ACCT_089145,0.001510794822619621,0
ACCT_089151,0.001028495178330365,0
ACCT_089152,0.004736746605376041,0
ACCT_089153,0.0035302436413855234,0
ACCT_089158,0.002555124370440304,0
ACCT_089171,0.038083219207657636,0
ACCT_089187,0.00012112547127979305,0
ACCT_089188,0.08278835697871495,0
ACCT_089192,0.00030279140246503966,0
ACCT_089194,0.0004342076846817704,0
ACCT_089196,0.1462139367887717,0
ACCT_089199,0.0008488029214621991,0
ACCT_089201,0.0012003242109932765,0
ACCT_089206,0.03533948762257216,0
ACCT_089224,0.04542005094131876,0
ACCT_089227,0.00036743803912676464,0
ACCT_089237,0.0006568809172198892,0
ACCT_089239,0.00040841310162214076,0
ACCT_089241,0.0005347247450745092,0
ACCT_089248,0.009380924168832887,0
ACCT_089255,0.00042241457605322414,0
ACCT_089258,6.436831664531006e-05,0
ACCT_089278,0.0005424260836261082,0
ACCT_089279,0.6339215539692712,1
ACCT_089281,9.60742516223602e-05,0
ACCT_089283,0.005324079311246247,0
ACCT_089306,0.0004105532265550096,0
ACCT_089311,7.759301384448475e-05,0
ACCT_089316,3.985989322826137e-05,0
ACCT_089317,4.992499221026546e-05,0
ACCT_089319,0.0026685978861424164,0
ACCT_089329,0.0009830491736246853,0
ACCT_089332,0.0007094706664602128,0
ACCT_089343,0.00633300512982668,0
ACCT_089345,0.007710337404136834,0
ACCT_089349,0.0007965212055156108,0
ACCT_089357,9.612757809271619e-05,0
ACCT_089363,0.003009190461906922,0
ACCT_089364,8.559391402952799e-05,0
ACCT_089366,0.0037521808952280106,0
ACCT_089388,0.031314621359723356,0
ACCT_089395,0.001448662897068898,0
ACCT_089434,0.002479498760820846,0
ACCT_089450,0.005040338401190958,0
ACCT_089453,0.014151608797575271,0
ACCT_089457,0.0031444649894896114,0
ACCT_089470,5.9786216512836875e-05,0
ACCT_089473,4.5876757579580576e-05,0
ACCT_089474,0.0012153756666255329,0
ACCT_089480,0.013714571848061546,0
ACCT_089481,0.005045520469439212,0
ACCT_089483,0.019679678611493067,0
ACCT_089492,0.01008936141716627,0
ACCT_089504,0.00029290459643878624,0
ACCT_089505,0.00016048291325387897,0
ACCT_089507,0.00029092617106532683,0
ACCT_089521,0.0005337153181519764,0
ACCT_089523,0.0004263811541657374,0
ACCT_089524,0.00026641531249641215,0
ACCT_089527,0.0028960092440345614,0
ACCT_089548,0.1763190592930679,0
ACCT_089552,0.0003298174335481344,0
ACCT_089562,0.005878620737217268,0
ACCT_089565,5.765680080327726e-05,0
ACCT_089567,0.0002984689502251066,0
ACCT_089596,0.00040933465924309796,0
ACCT_089613,0.0002895234187653973,0
ACCT_089619,0.00019129592067088888,0
ACCT_089624,0.004584475096297209,0
ACCT_089627,0.005929321524847862,0
ACCT_089632,0.00022497118088884673,0
ACCT_089633,0.0033866843412013073,0
ACCT_089639,0.007149397426015215,0
ACCT_089642,0.013062045529736869,0
ACCT_089654,0.06261424264487588,0
ACCT_089661,0.0005612299656484532,0
ACCT_089668,0.0001424697418579711,0
ACCT_089723,0.0009835454395390297,0
ACCT_089725,0.023921949524177796,0
ACCT_089740,8.412708994430164e-05,0
ACCT_089749,0.006686903925938437,0
ACCT_089758,0.00018397236608571306,0
ACCT_089765,0.019152896634482358,0
ACCT_089788,0.00171689750233133,0
ACCT_089792,0.0005013132174648514,0
ACCT_089799,0.058141744171981063,0
ACCT_089809,0.962610509115794,1
ACCT_089831,0.0007206932930041412,0
ACCT_089835,0.0023257446262670207,0
ACCT_089863,0.002356530051889198,0
ACCT_089879,0.004639985671151994,0
ACCT_089885,0.00047926836048493463,0
ACCT_089889,0.011714668708178859,0
ACCT_089902,0.00040013066281498015,0
ACCT_089906,0.001060759679308733,0
ACCT_089912,0.0012219209098891012,0
ACCT_089924,0.026195648712487384,0
ACCT_089930,0.000426588241864073,0
ACCT_089940,0.003935775275449225,0
ACCT_089943,2.9520629092979358e-05,0
ACCT_089947,0.005318036458725079,0
ACCT_089950,0.00011457466838533108,0
ACCT_089956,0.0016797446299188696,0
ACCT_089958,0.01653166529821924,0
ACCT_089969,0.009896747040517682,0
ACCT_089979,0.005352775822088868,0
ACCT_089992,0.0005252441045115533,0
ACCT_090001,0.0005084851749848289,0
ACCT_090013,0.12004470875670244,0
ACCT_090019,2.1335998168908807e-05,0
ACCT_090030,0.09411254360904804,0
ACCT_090031,3.375381835150869e-05,0
ACCT_090034,0.02401226578102174,0
ACCT_090042,0.9275498010370472,1
ACCT_090061,0.0032112872586403745,0
ACCT_090070,0.0016121424382025626,0
ACCT_090109,0.0002992520976481983,0
ACCT_090112,4.0865216411172005e-05,0
ACCT_090114,0.0036122615748075,0
ACCT_090118,0.003351710133202079,0
ACCT_090131,0.0021878893478651093,0
ACCT_090152,5.734719198295211e-05,0
ACCT_090155,0.00023981683547617618,0
ACCT_090166,0.10889158942984259,0
ACCT_090172,0.00010552113018734407,0
ACCT_090179,0.000660698306248829,0
ACCT_090203,0.0054638243444282315,0
ACCT_090205,0.0056187282959033495,0
ACCT_090207,0.004822545620650172,0
ACCT_090220,0.0008912732842471539,0
ACCT_090234,0.0008677594339211632,0
ACCT_090241,1.9403820959601597e-05,0
ACCT_090249,0.0005046938866769597,0
ACCT_090269,0.0010979345462513198,0
ACCT_090295,0.00036927289290349905,0
ACCT_090299,0.0006184341188173834,0
ACCT_090300,0.00451518755499641,0
ACCT_090318,0.0006310830419415452,0
ACCT_090328,0.0012261224884590667,0
ACCT_090339,0.00029526755561060493,0
ACCT_090345,0.00032761484305965144,0
ACCT_090347,0.00018623419701316283,0
ACCT_090366,0.0020561484496323503,0
ACCT_090379,0.003985997918344349,0
ACCT_090410,0.020288711203511684,0
ACCT_090417,0.0022798288385806682,0
ACCT_090420,0.0008937656189235591,0
ACCT_090421,0.0023152086290857098,0
ACCT_090423,0.00013619817833792816,0
ACCT_090424,0.003652063964073048,0
ACCT_090429,4.481792427102106e-05,0
ACCT_090431,0.004118718576292738,0
ACCT_090434,8.841850492152949e-05,0
ACCT_090435,0.0027130479027271857,0
ACCT_090437,0.0001433997558444827,0
ACCT_090444,0.01078993534334235,0
ACCT_090446,0.00031549545739709806,0
ACCT_090451,0.0010573644449116545,0
ACCT_090452,6.23178761866499e-05,0
ACCT_090456,0.001158839131268989,0
ACCT_090457,0.0016587046870169097,0
ACCT_090468,0.0004241866623510295,0
ACCT_090478,0.0010578283474773273,0
ACCT_090497,4.6066039597292285e-05,0
ACCT_090507,0.005725696832769458,0
ACCT_090512,0.002005427615775083,0
ACCT_090523,0.012817960046727103,0
ACCT_090534,0.0014130315836365483,0
ACCT_090552,4.818400350967008e-05,0
ACCT_090564,0.00024309984237150684,0
ACCT_090573,7.54367561133336e-05,0
ACCT_090577,1.70963009421357e-05,0
ACCT_090578,0.18285100144959446,0
ACCT_090582,0.0034511687641017403,0
ACCT_090585,0.02497163951406415,0
ACCT_090593,0.0009237504186247895,0
ACCT_090595,0.0004590226260699514,0
ACCT_090604,4.118017723146622e-05,0
ACCT_090605,0.9226062160391245,1
ACCT_090610,5.418492164750281e-05,0
ACCT_090611,2.267670922907358e-05,0
ACCT_090616,0.000159279997531159,0
ACCT_090629,0.0025786398033629844,0
ACCT_090633,0.00013277740567406063,0
ACCT_090635,0.002589848007606365,0
ACCT_090651,0.0001335556567488657,0
ACCT_090656,0.0001998191462949729,0
ACCT_090658,0.0033587184749669535,0
ACCT_090660,0.0007160404873551503,0
ACCT_090674,0.00031766898536379914,0
ACCT_090676,0.002261587118240162,0
ACCT_090681,0.0002617715407090042,0
ACCT_090694,0.00046790463440890404,0
ACCT_090697,0.00027436196394183736,0
ACCT_090699,0.003510042333775046,0
ACCT_090716,0.001468875303112332,0
ACCT_090719,0.00021264175596709422,0
ACCT_090722,0.0002406809253678561,0
ACCT_090740,0.0039458405387470166,0
ACCT_090750,0.004705715765028167,0
ACCT_090757,0.0007201194519411246,0
ACCT_090766,0.025190898343116417,0
ACCT_090778,0.03755405771598968,0
ACCT_090784,0.0006043168986680299,0
ACCT_090799,0.010729043032740374,0
ACCT_090802,0.003850528150618834,0
ACCT_090803,0.0012259737425956633,0
ACCT_090806,0.0007159266551697161,0
ACCT_090826,0.0002930846083199505,0
ACCT_090827,0.00027081901604973657,0
ACCT_090845,0.014301805073639767,0
ACCT_090853,0.0033267532195152367,0
ACCT_090854,3.1066802248606336e-05,0
ACCT_090860,0.0027798729039490697,0
ACCT_090863,0.0011690193110591271,0
ACCT_090869,0.0008379032229858149,0
ACCT_090875,0.00018693724727427644,0
ACCT_090877,0.0011270752776705777,0
ACCT_090878,0.002492200848918669,0
ACCT_090881,0.03986622078382297,0
ACCT_090882,4.916536454532379e-05,0
ACCT_090885,3.595366346273208e-05,0
ACCT_090891,0.007604697430987535,0
ACCT_090899,7.671032484864374e-05,0
ACCT_090902,0.0001351727575970381,0
ACCT_090921,1.861245125780198e-05,0
ACCT_090938,0.0013349128060357852,0
ACCT_090939,0.00033666131609723723,0
ACCT_090964,0.0014060886775450771,0
ACCT_090966,0.0015169213540034748,0
ACCT_090982,7.857066663210953e-05,0
ACCT_090983,0.0019493642787130313,0
ACCT_090986,0.008445132002080982,0
ACCT_091003,0.015619416186286943,0
ACCT_091020,0.001419254949481321,0
ACCT_091024,0.0006293418860515567,0
ACCT_091034,0.001140389365180962,0
ACCT_091039,0.07232195458847802,0
ACCT_091068,0.0032795252231675926,0
ACCT_091072,0.004512590399682117,0
ACCT_091073,0.047087001789002735,0
ACCT_091076,8.652908496968904e-05,0
ACCT_091081,5.4321518376801374e-05,0
ACCT_091105,0.0008528977377173088,0
ACCT_091107,0.02512034390210842,0
ACCT_091134,0.0005228551899535426,0
ACCT_091136,0.000696633851417255,0
ACCT_091138,0.906413274768589,1
ACCT_091148,0.0003741938673177926,0
ACCT_091155,0.0038896596886378986,0
ACCT_091161,0.00013588374669023205,0
ACCT_091167,0.0003535328713237564,0
ACCT_091168,0.0029943042607285825,0
ACCT_091180,0.0006857049642601361,0
ACCT_091186,0.00243645278634856,0
ACCT_091187,0.006417406870363796,0
ACCT_091188,0.00154956224647015,0
ACCT_091194,0.0021998467752761615,0
ACCT_091222,0.012726623644989561,0
ACCT_091225,0.0006736773757812229,0
ACCT_091254,0.00614266839627588,0
ACCT_091257,9.076845184612228e-05,0
ACCT_091260,0.0004919997341772213,0
ACCT_091261,0.010604772069713938,0
ACCT_091263,0.00016715545230968693,0
ACCT_091271,0.0008919506120595689,0
ACCT_091294,7.600761056784272e-05,0
ACCT_091295,0.00036691776189215155,0
ACCT_091301,0.0017423793607395607,0
ACCT_091307,0.0220650137659313,0
ACCT_091312,4.824374642549945e-05,0
ACCT_091328,0.00010010118952883953,0
ACCT_091339,0.021250868597939038,0
ACCT_091344,0.0008330056272177393,0
ACCT_091345,0.001823524487087122,0
ACCT_091347,0.0009558963425914985,0
ACCT_091358,0.020202691595288945,0
ACCT_091371,0.013891086905138563,0
ACCT_091392,0.026020357989122826,0
ACCT_091404,9.43303031037438e-05,0
ACCT_091409,0.002543992948027875,0
ACCT_091410,0.011882986359600382,0
ACCT_091426,0.0006842909870822353,0
ACCT_091429,6.130856837447429e-05,0
ACCT_091433,0.15422432705418707,0
ACCT_091444,0.00024136350946333824,0
ACCT_091463,0.007129375565295156,0
ACCT_091466,5.7999177617785766e-05,0
ACCT_091467,5.661128932660094e-06,0
ACCT_091469,0.0005467587607967793,0
ACCT_091470,4.793831223117763e-05,0
ACCT_091485,0.059676611876528625,0
ACCT_091491,0.00012366622571137445,0
ACCT_091500,0.00011415575236471375,0
ACCT_091505,0.0005747070052224957,0
ACCT_091509,0.002254435141967978,0
ACCT_091513,5.2189626584476536e-05,0
ACCT_091523,0.002871431221031609,0
ACCT_091533,0.0004356303038163969,0
ACCT_091534,0.0009562712318907973,0
ACCT_091536,0.5533313315114391,0
ACCT_091539,0.0004234295343590956,0
ACCT_091553,0.00016468383982279567,0
ACCT_091569,0.0010570634645012313,0
ACCT_091571,0.01098125987916904,0
ACCT_091573,0.008702591232804863,0
ACCT_091584,0.10691481107603995,1
ACCT_091602,0.0006864781305467683,0
ACCT_091606,0.0002812890493823788,0
ACCT_091608,0.0006065871835667776,0
ACCT_091612,0.00010212953927300197,0
ACCT_091617,0.0006155969189548615,0
ACCT_091618,0.0001611205754849114,0
ACCT_091619,0.0005385765598485856,0
ACCT_091632,0.007278390649381043,0
ACCT_091635,0.00278395059486985,0
ACCT_091645,0.0008648728697884547,0
ACCT_091656,4.15813577472029e-05,0
ACCT_091669,0.000521177665867345,0
ACCT_091692,3.468494069024212e-05,0
ACCT_091715,0.0005644583594187872,0
ACCT_091731,0.0005726647277854054,0
ACCT_091742,0.0007603489818818288,0
ACCT_091744,0.0005178280243867597,0
ACCT_091764,0.0003933132006686963,0
ACCT_091765,0.0006497219274633105,0
ACCT_091769,0.06180291477751179,0
ACCT_091782,0.032774902130067625,0
ACCT_091785,8.184665844009916e-05,0
ACCT_091828,0.19751616443512415,0
ACCT_091838,0.020901454838495776,0
ACCT_091843,0.004978983051144814,0
ACCT_091849,0.00032782802916426,0
ACCT_091850,0.0003199640801029378,0
ACCT_091859,3.3251838200268373e-05,0
ACCT_091862,5.567163417833657e-05,0
ACCT_091863,0.0003420786333383309,0
ACCT_091864,0.00018974486141398587,0
ACCT_091872,0.0011054896418749825,0
ACCT_091878,0.0013132852193483379,0
ACCT_091897,2.4762113692139587e-05,0
ACCT_091899,0.0005729418408041859,0
ACCT_091905,5.114853108915832e-05,0
ACCT_091907,0.14031183158306704,0
ACCT_091909,0.021891573694679645,0
ACCT_091920,4.094939536660865e-05,0
ACCT_091923,0.0029941930838025023,0
ACCT_091947,0.0031622509879739016,0
ACCT_091949,0.00042457069454044575,0
ACCT_091968,0.006054112051871367,0
ACCT_091986,0.2469189187857906,0
ACCT_091989,0.0006017066458001854,0
ACCT_091991,0.0019500152334857898,0
ACCT_092001,0.0017558160345607099,0
ACCT_092023,0.00187017689918064,0
ACCT_092027,0.005560162293141536,0
ACCT_092034,0.00028995920287314407,0
ACCT_092039,0.00011283956758766599,0
ACCT_092047,0.0008563576447001574,0
ACCT_092049,0.004554624142267149,0
ACCT_092063,0.0005478938667172101,0
ACCT_092064,0.0016691250138714754,0
ACCT_092076,0.0004387377596255863,0
ACCT_092083,0.0003858909082522931,0
ACCT_092101,0.003773583844817161,0
ACCT_092109,0.1845101358787009,0
ACCT_092111,5.513462937605875e-05,0
ACCT_092122,0.005030318905569823,0
ACCT_092141,5.891506405497458e-05,0
ACCT_092144,0.0031254066485557476,0
ACCT_092149,0.0030110937133136094,0
ACCT_092156,0.0007857773959086153,0
ACCT_092159,0.031241799780001692,0
ACCT_092165,0.0009432054902661259,0
ACCT_092174,0.8607836007993085,0
ACCT_092190,0.0009039129870278844,0
ACCT_092197,0.00016841727254737486,0
ACCT_092202,0.00038352287272332977,0
ACCT_092214,0.00028289839677584814,0
ACCT_092231,0.0009008152735864328,0
ACCT_092233,0.00016159119477727132,0
ACCT_092238,0.002569491200082894,0
ACCT_092248,0.0007013733206752088,0
ACCT_092251,0.004725200042474554,0
ACCT_092264,0.00041922859588230173,0
ACCT_092270,0.00015541264802061236,0
ACCT_092272,0.0054860926411518605,0
ACCT_092279,0.00010913043241833899,0
ACCT_092280,0.023685180228275107,0
ACCT_092283,0.0004157699140959197,0
ACCT_092295,0.00014008767327308475,0
ACCT_092315,0.0910766452831975,0
ACCT_092326,0.027082361271391214,0
ACCT_092328,0.0011260913075247434,0
ACCT_092367,0.00053187631831092,0
ACCT_092368,0.5736106742799335,1
ACCT_092375,0.011422737787418428,0
ACCT_092385,0.21234154023855464,0
ACCT_092394,0.00015046460334643952,0
ACCT_092397,0.08946815047563299,0
ACCT_092415,0.0028254753793929394,0
ACCT_092428,0.02091742076010744,0
ACCT_092433,0.0003812700430552758,0
ACCT_092434,0.00023291753313206117,0
ACCT_092448,0.0006943837528304204,0
ACCT_092450,0.0022417224217613353,0
ACCT_092471,0.0007795468027986556,0
ACCT_092477,0.6134593444720303,1
ACCT_092480,0.0001344310118247067,0
ACCT_092484,0.00600364905900211,0
ACCT_092491,7.996519944083268e-05,0
ACCT_092492,0.0015711842144584163,0
ACCT_092496,0.0015302584669763916,0
ACCT_092514,0.012367693443149029,0
ACCT_092515,0.0007730339486348715,0
ACCT_092532,0.004724710019914091,0
ACCT_092533,0.00013811554885941719,0
ACCT_092540,0.00031415447350150756,0
ACCT_092542,0.0017064443215095422,0
ACCT_092550,5.600601258544059e-05,0
ACCT_092554,0.008431803881894797,0
ACCT_092572,0.00032527830242041615,0
ACCT_092573,1.9526201269122946e-05,0
ACCT_092574,0.032036481356636164,0
ACCT_092583,0.0073258379868376584,0
ACCT_092592,0.5936299601330858,0
ACCT_092614,0.027974735729848176,0
ACCT_092621,6.528871124238144e-05,0
ACCT_092624,0.0003665131699149988,0
ACCT_092635,0.00035524335211592055,0
ACCT_092647,0.0006080571216308803,0
ACCT_092669,0.0008515678878816649,0
ACCT_092673,0.001358490202018828,0
ACCT_092692,0.008295400144685805,0
ACCT_092708,0.004710139460591131,0
ACCT_092710,0.0024995418299528804,0
ACCT_092712,0.00019330809913690675,0
ACCT_092714,0.00039183106764659344,0
ACCT_092718,0.00043749911693408746,0
ACCT_092739,0.0006033785236591916,0
ACCT_092749,8.285678480916973e-06,0
ACCT_092751,0.005205821170640095,0
ACCT_092755,0.0006849439642890939,0
ACCT_092757,0.0011170196676823967,0
ACCT_092759,0.0014984358198134897,0
ACCT_092760,7.792725488412263e-05,0
ACCT_092762,0.0013844611250468136,0
ACCT_092763,0.05774877214894083,0
ACCT_092769,0.001278755506386067,0
ACCT_092778,0.0013480695752481687,0
ACCT_092779,0.140675961537415,0
ACCT_092780,0.00029882185211918446,0
ACCT_092787,0.005303635359945159,0
ACCT_092793,0.0005991636859283023,0
ACCT_092794,0.0021048470383206496,0
ACCT_092795,0.0006351746805468639,0
ACCT_092796,0.0007363008821641427,0
ACCT_092804,0.21131772001171475,0
ACCT_092806,0.0021376837339896395,0
ACCT_092811,0.0001693727605812758,0
ACCT_092813,0.0001041923567489302,0
ACCT_092816,0.0002968213296675904,0
ACCT_092817,0.0015502501046947724,0
ACCT_092823,0.014343578100820506,0
ACCT_092825,0.0012604233674007542,0
ACCT_092840,0.00015875253946055095,0
ACCT_092849,0.002788993215029807,0
ACCT_092857,0.0009364284458659964,0
ACCT_092864,0.024211219207204725,0
ACCT_092871,0.002232150150404045,0
ACCT_092881,0.0008961943990900848,0
ACCT_092896,7.110024876633874e-05,0
ACCT_092900,0.0010231009889841679,0
ACCT_092906,0.00020698200269827986,0
ACCT_092908,0.0015108216713962737,0
ACCT_092924,0.0013098464381172369,0
ACCT_092926,0.02625841625252495,0
ACCT_092927,0.00019710981591186091,0
ACCT_092928,0.0014646372201331799,0
ACCT_092948,0.002001210465208984,0
ACCT_092950,0.0029249387212809943,0
ACCT_092951,0.09243918526118138,1
ACCT_092958,0.0006736520213380168,0
ACCT_092971,0.0009034355457807189,0
ACCT_092980,0.0005497062656197368,0
ACCT_092987,3.276027619972343e-05,0
ACCT_092995,0.00023572515786585745,0
ACCT_092998,9.423626761595598e-05,0
ACCT_093000,0.00045390921136100526,0
ACCT_093001,0.9819613111667216,1
ACCT_093012,0.00042379772014404786,0
ACCT_093014,3.509788885122648e-05,0
ACCT_093017,0.0015251659636342843,0
ACCT_093023,0.027897028868986477,0
ACCT_093024,4.5848108352588944e-05,0
ACCT_093025,0.0058982936763996175,0
ACCT_093046,0.0005745966872112611,0
ACCT_093052,1.6222247478342244e-05,0
ACCT_093062,0.0012729720358772368,0
ACCT_093064,0.0003152412844797738,0
ACCT_093068,9.553726616275952e-05,0
ACCT_093072,0.000566193113691609,0
ACCT_093090,0.0025287831334587754,0
ACCT_093094,0.0072497187866450005,0
ACCT_093115,0.00012706440019079535,0
ACCT_093117,9.642322451184359e-05,0
ACCT_093119,0.00433121093306625,0
ACCT_093137,0.0005735307920708262,0
ACCT_093145,0.0001347416554920652,0
ACCT_093152,0.02025001100574777,0
ACCT_093161,0.0008820612667905205,0
ACCT_093181,0.0439980212877538,0
ACCT_093185,0.005520883414654891,0
ACCT_093186,0.25178563306171886,0
ACCT_093190,0.0004732489780393121,0
ACCT_093192,0.00022367451292794018,0
ACCT_093200,0.0001197026970565702,0
ACCT_093206,4.0829757415926797e-05,0
ACCT_093212,0.0001107612958250722,0
ACCT_093214,0.018919651937894452,0
ACCT_093221,6.875817429490352e-05,0
ACCT_093226,0.014384876393708824,0
ACCT_093240,0.00033094978365055865,0
ACCT_093244,0.006594535696570198,0
ACCT_093252,0.0006487674215723658,0
ACCT_093254,0.0012156228104259433,0
ACCT_093270,0.0026260005845087455,0
ACCT_093275,0.004551751881909775,0
ACCT_093281,0.0006374817242968654,0
ACCT_093297,9.206738903250707e-05,0
ACCT_093298,0.03604617525918753,0
ACCT_093319,0.00041100420284070763,0
ACCT_093321,0.0005082044246836327,0
ACCT_093325,0.0028864696326240044,0
ACCT_093326,0.00039154787215499504,0
ACCT_093329,4.65966862765819e-05,0
ACCT_093336,0.0009305026616713615,0
ACCT_093343,0.0025672108145464567,0
ACCT_093349,0.006476864983037268,0
ACCT_093363,0.0003087380212569159,0
ACCT_093370,0.0005697823203896768,0
ACCT_093371,0.0013064009608570537,0
ACCT_093380,0.00019553710069800738,0
ACCT_093381,0.008350131016252173,0
ACCT_093388,9.582695953064171e-05,0
ACCT_093392,0.019991658249455833,0
ACCT_093393,0.00046114832220161547,0
ACCT_093397,0.0004554289851549414,0
ACCT_093398,9.559407613026288e-05,0
ACCT_093404,0.00040670669269050696,0
ACCT_093410,0.002427121393855941,0
ACCT_093418,0.003276313680958907,0
ACCT_093422,0.00028172817150767007,0
ACCT_093432,0.001003460944963104,0
ACCT_093433,0.00035871584435909605,0
ACCT_093464,0.0006695888071314673,0
ACCT_093468,0.0007065348272903614,0
ACCT_093473,0.005465564468622108,0
ACCT_093483,0.00019494114163648514,0
ACCT_093486,0.004834331879791839,0
ACCT_093497,0.001206538659370898,0
ACCT_093498,0.00649790439846296,0
ACCT_093512,0.005816350952818862,0
ACCT_093523,0.005609532827262825,0
ACCT_093548,0.0030450745670184804,0
ACCT_093553,0.0005987829326232911,0
ACCT_093558,0.030321076439825467,0
ACCT_093561,0.00036973248286606387,0
ACCT_093580,0.13257969708546055,0
ACCT_093584,0.01573627012137127,0
ACCT_093600,0.0006148782451359024,0
ACCT_093604,0.01345327775817177,0
ACCT_093609,0.6805952645477475,0
ACCT_093616,0.00044256207844514027,0
ACCT_093617,0.002150763518347068,0
ACCT_093623,2.2278117857790736e-05,0
ACCT_093626,0.003343469251831646,0
ACCT_093632,0.08465785557797961,0
ACCT_093642,0.001040746441498,0
ACCT_093667,0.001507198549334386,0
ACCT_093673,0.00027847398888530107,0
ACCT_093680,5.624682648200903e-05,0
ACCT_093681,0.0006397691018802192,0
ACCT_093686,0.04537716841952943,0
ACCT_093691,0.008162089518758067,0
ACCT_093693,0.0005553971348899037,0
ACCT_093702,0.003779093862089463,0
ACCT_093713,0.0008780483855200837,0
ACCT_093714,0.0020695211778372345,0
ACCT_093723,0.0020503332597287395,0
ACCT_093728,9.319935287900847e-05,0
ACCT_093745,0.0002121645806126435,0
ACCT_093761,0.0003396640656679691,0
ACCT_093769,0.000880461132952435,0
ACCT_093800,0.0001546621525612696,0
ACCT_093812,0.0012721883078396826,0
ACCT_093817,0.0024126818462830717,0
ACCT_093825,0.0006130720381292243,0
ACCT_093834,0.0006677488627598708,0
ACCT_093845,0.0006737795153839188,0
ACCT_093869,0.003745033904357814,0
ACCT_093872,0.0044537110407638055,0
ACCT_093881,0.0004555892305519139,0
ACCT_093886,0.03226184761539163,0
ACCT_093892,0.00025023309439139806,0
ACCT_093900,0.00014855315675809782,0
ACCT_093908,0.006307205650051572,0
ACCT_093909,0.0008207856629393914,0
ACCT_093922,0.001955187402853856,0
ACCT_093927,8.743345789499128e-05,0
ACCT_093953,0.009508219122975338,0
ACCT_093958,0.00015906842503289883,0
ACCT_093961,0.0073213573808135965,0
ACCT_093968,0.003636051101062804,0
ACCT_093975,8.713114456782785e-05,0
ACCT_093994,0.5639369966251354,0
ACCT_094016,0.07019847802965008,0
ACCT_094029,0.013379088608783748,0
ACCT_094036,0.04332686360261952,0
ACCT_094054,0.0068003351498789385,0
ACCT_094062,0.0008438709955276895,0
ACCT_094063,0.006875168544202895,0
ACCT_094075,0.0014648580924768125,0
ACCT_094078,0.007228975027997488,0
ACCT_094081,0.0027229950807744724,0
ACCT_094090,0.0004508974087616544,0
ACCT_094094,0.0004214204040444051,0
ACCT_094103,0.0001333710202938767,0
ACCT_094109,0.2520956052388179,0
ACCT_094112,0.0014022818636003154,0
ACCT_094135,0.0002057925939740005,0
ACCT_094139,0.02365200386404009,0
ACCT_094144,0.010741528624982831,0
ACCT_094162,0.0059019149804040725,0
ACCT_094166,0.0009577447152253371,0
ACCT_094168,0.0005302368350719582,1
ACCT_094170,0.00025767137643301405,0
ACCT_094172,4.477245630105598e-05,0
ACCT_094189,0.00020530190800140873,0
ACCT_094196,5.64770421502263e-05,0
ACCT_094201,0.0028027136449952903,0
ACCT_094228,0.0010638886298379123,0
ACCT_094239,0.006935629274389483,0
ACCT_094241,0.008306661273602314,0
ACCT_094266,0.004905041962069826,0
ACCT_094287,0.007608554706689925,0
ACCT_094292,0.00010803977592783164,0
ACCT_094294,0.7022343691768923,1
ACCT_094299,0.02971060129603209,0
ACCT_094311,0.0024239452618882293,0
ACCT_094318,6.234563653347462e-05,0
ACCT_094340,0.0008723971782966334,0
ACCT_094353,0.0055620516017270295,0
ACCT_094354,0.0019904861772800588,0
ACCT_094360,0.0011211261454915926,0
ACCT_094377,0.004071979278874196,0
ACCT_094380,0.024401912879036234,0
ACCT_094392,0.0065334161173413756,0
ACCT_094396,0.00013755738182035147,0
ACCT_094406,0.0007235231156147014,0
ACCT_094408,0.0027871318128042653,0
ACCT_094409,0.001233613752324675,0
ACCT_094412,0.0010565111924341457,0
ACCT_094418,0.0003150468736862957,0
ACCT_094424,0.003383692092117289,0
ACCT_094428,0.0001556816490525756,0
ACCT_094434,0.00013439332170754885,0
ACCT_094442,0.001153199266057467,0
ACCT_094445,0.00042373997386649056,0
ACCT_094452,0.0018702131703952566,0
ACCT_094454,0.0021633810048802835,0
ACCT_094462,0.0004777481457969514,0
ACCT_094469,3.5393604783575574e-05,0
ACCT_094470,0.0017760621313028025,0
ACCT_094474,4.9786233892291827e-05,0
ACCT_094477,0.0018622894336803903,0
ACCT_094479,0.0005062185696904467,0
ACCT_094488,9.869930767229546e-05,0
ACCT_094494,9.770408986169927e-05,0
ACCT_094499,0.0027249347123340594,0
ACCT_094510,0.001743016902613042,0
ACCT_094520,0.04835993871141085,0
ACCT_094529,0.09262184946983575,0
ACCT_094541,0.0003532795126230867,0
ACCT_094545,0.0017621083177361088,0
ACCT_094555,0.00019774473468952617,0
ACCT_094567,0.00614987646106858,0
ACCT_094584,0.0189769984592615,0
ACCT_094595,0.0001842149425545797,0
ACCT_094602,0.005651515285844821,0
ACCT_094643,0.025649434521339862,0
ACCT_094648,0.2305426494545025,0
ACCT_094655,0.00011621476926865931,0
ACCT_094663,0.0012883588896953778,0
ACCT_094665,0.004292375098974579,0
ACCT_094668,0.0068439736441240845,0
ACCT_094689,0.0007564651134623534,0
ACCT_094692,0.0013637026985382605,0
ACCT_094695,0.00016641878473485592,0
ACCT_094717,0.0010225583378423147,0
ACCT_094719,0.25362480396515397,0
ACCT_094725,0.010592555749845219,0
ACCT_094726,9.296639428923798e-05,0
ACCT_094728,0.0007954705392111377,0
ACCT_094755,0.0004889778591299553,0
ACCT_094756,0.0009672617372624663,0
ACCT_094757,0.29476879233821496,0
ACCT_094761,0.00038804148478957783,0
ACCT_094762,0.00024761022120877075,0
ACCT_094769,0.006539745189237734,0
ACCT_094777,0.0007961930040569143,0
ACCT_094794,0.00024370091953583112,0
ACCT_094805,0.011067102330969508,0
ACCT_094808,4.120717192328017e-05,0
ACCT_094813,0.00028473940474827146,0
ACCT_094814,0.0005859065836693565,0
ACCT_094842,0.06422786166975024,0
ACCT_094843,1.0535485601831881e-05,0
ACCT_094850,0.0002626214644425553,0
ACCT_094851,0.011802619942568718,0
ACCT_094872,1.8264337807876076e-05,1
ACCT_094878,0.011456607492764425,1
ACCT_094889,0.00258420244087153,0
ACCT_094899,5.982208281069722e-05,0
ACCT_094905,0.0016462545748553174,0
ACCT_094912,0.000549289428799173,0
ACCT_094945,0.0007969774993447904,0
ACCT_094949,0.0016265382399756633,0
ACCT_094956,0.0006966728043894369,0
ACCT_094966,0.001689171220740766,0
ACCT_094982,0.0020287329240394874,0
ACCT_094995,0.0027332753776378557,0
ACCT_095010,0.0005382688939678993,0
ACCT_095017,0.00024804648061970373,0
ACCT_095019,0.00010598261092892948,0
ACCT_095025,0.00015257369880620185,0
ACCT_095040,0.0009511928817066261,0
ACCT_095041,0.0017524256894748576,0
ACCT_095051,0.00017010321407548667,0
ACCT_095052,5.938518221937696e-05,0
ACCT_095054,0.01718623522407245,0
ACCT_095058,0.00021682190627232524,0
ACCT_095069,0.0010434505023526322,0
ACCT_095108,0.0004958171689689141,0
ACCT_095113,0.000507959829782024,0
ACCT_095131,0.0015486058142410715,0
ACCT_095150,3.516034187136293e-05,0
ACCT_095164,0.002751725396679984,0
ACCT_095172,0.0003766602459333093,0
ACCT_095180,0.0057988149446037505,0
ACCT_095186,0.00010585119391215867,0
ACCT_095187,0.008226054946692981,0
ACCT_095193,0.0004175887861181579,0
ACCT_095199,0.0009109983729332118,0
ACCT_095219,0.04157791364755531,0
ACCT_095223,0.002016130420387489,0
ACCT_095239,9.799687877697535e-06,0
ACCT_095250,0.0009692815915022796,0
ACCT_095265,0.0012883754177116236,0
ACCT_095267,0.0007657367710880899,0
ACCT_095284,0.0002862292613761069,0
ACCT_095288,0.008527618920619779,0
ACCT_095295,0.0005119264087895374,0
ACCT_095301,0.005157306701359319,0
ACCT_095335,0.0024939057601375426,0
ACCT_095337,0.001943363040212963,0
ACCT_095340,0.041968270590331334,0
ACCT_095369,0.00045762834061291007,0
ACCT_095371,0.002516054734823985,0
ACCT_095378,0.073879866317506,0
ACCT_095381,4.8055936337354995e-05,0
ACCT_095383,0.002280878896840074,0
ACCT_095388,0.0018134767094971711,0
ACCT_095397,0.0005940426601865313,0
ACCT_095401,0.0015585018541247483,0
ACCT_095402,6.329070920760944e-05,0
ACCT_095404,0.009960299324336602,0
ACCT_095411,0.01159858197401932,0
ACCT_095437,0.0001856491749022104,0
ACCT_095482,4.593318136118866e-05,0
ACCT_095497,7.099176219015119e-05,0
ACCT_095502,0.0004425813814697849,0
ACCT_095511,0.028185628777126433,0
ACCT_095524,0.03338308426224172,0
ACCT_095535,0.0032195603528570827,0
ACCT_095536,0.0004106415855271322,0
ACCT_095542,0.0013377263150575653,0
ACCT_095545,7.130915941241154e-06,0
ACCT_095558,0.0060572734062218974,0
ACCT_095563,0.0005471840641103193,0
ACCT_095579,0.0002205840455329028,0
ACCT_095603,0.000564302223236821,0
ACCT_095609,0.0006220787086015123,0
ACCT_095616,0.00032853406381617853,0
ACCT_095619,0.9502869496485087,1
ACCT_095627,0.0018185651124524931,0
ACCT_095629,0.0004122823006003839,0
ACCT_095631,0.004138086929016298,0
ACCT_095633,0.0001304251345744832,0
ACCT_095654,0.0067674689180096175,0
ACCT_095655,0.0013766181107736709,0
ACCT_095657,0.011187323153429672,0
ACCT_095659,0.0020817151375050703,0
ACCT_095672,0.000490277029511068,0
ACCT_095682,0.005187396278180571,0
ACCT_095693,0.00010581821442613186,0
ACCT_095694,0.0004431243206609556,0
ACCT_095695,0.0020705297892756195,0
ACCT_095698,0.019379373363342705,0
ACCT_095701,0.0004260141398327697,0
ACCT_095702,0.00012115444119546959,0
ACCT_095714,2.885409830359727e-05,0
ACCT_095723,0.00011913229234391069,0
ACCT_095727,7.70602287073231e-05,0
ACCT_095731,0.00019849599345042991,0
ACCT_095742,0.003298881819086307,0
ACCT_095760,0.0002444792485491301,0
ACCT_095774,0.5607277638729404,0
ACCT_095779,0.0005898367140317082,0
ACCT_095784,0.0010501753454507838,0
ACCT_095791,0.00046576607936328537,0
ACCT_095796,0.0006770373651479575,0
ACCT_095802,0.0014493176545845525,0
ACCT_095807,0.0014176290581546524,0
ACCT_095813,0.006665524385003589,0
ACCT_095816,0.0001547178830702514,0
ACCT_095828,8.719689260317753e-05,0
ACCT_095833,0.013167418036283844,0
ACCT_095835,0.0003667247046278853,0
ACCT_095839,0.00042067278426257207,0
ACCT_095842,0.00010179503077140135,0
ACCT_095844,0.00017766272744129284,0
ACCT_095853,0.0020875974892740445,0
ACCT_095858,9.712926953720703e-05,0
ACCT_095874,0.004466854793195319,0
ACCT_095882,0.0010342425011215229,0
ACCT_095892,0.0001293488404430405,0
ACCT_095906,0.0017751456262363212,0
ACCT_095916,8.947569081022662e-05,0
ACCT_095919,0.0017595160277094374,0
ACCT_095927,0.00010489429265928183,0
ACCT_095940,0.008639621238550691,0
ACCT_095945,0.013043693429081236,0
ACCT_095951,0.0002557690639921439,0
ACCT_095973,0.00828460165109647,0
ACCT_095976,0.001072649769933473,0
ACCT_095982,4.846384338246106e-05,0
ACCT_095985,0.00036262413267451024,0
ACCT_095986,3.6024726505152234e-05,0
ACCT_096001,0.0002044443890762482,0
ACCT_096019,0.0002813186240101929,0
ACCT_096028,0.00047547284421819964,0
ACCT_096035,0.00035801599380688856,0
ACCT_096065,0.0011762501621939453,0
ACCT_096068,0.0019276801563225458,0
ACCT_096072,5.888899489290305e-05,0
ACCT_096095,0.0007729828555907601,0
ACCT_096101,0.00023409251634885832,0
ACCT_096102,1.0451635364240196e-05,0
ACCT_096103,0.06182985817407121,0
ACCT_096104,0.0014487707812784177,0
ACCT_096123,0.00011156707500104734,0
ACCT_096125,0.01561549370708769,0
ACCT_096126,3.522163971848015e-05,0
ACCT_096152,0.00038593770475648607,0
ACCT_096175,0.0003503294747959087,0
ACCT_096177,0.000561143808002523,0
ACCT_096196,0.0019217462077520953,0
ACCT_096199,0.0006438369392768576,0
ACCT_096203,0.00327368370093701,0
ACCT_096214,0.001537697408417084,0
ACCT_096217,0.0008574513222524113,0
ACCT_096226,0.014438289296844929,0
ACCT_096234,0.0016191311579810189,0
ACCT_096237,0.0010770644496537727,0
ACCT_096248,0.0034130407211377736,0
ACCT_096255,0.001528881284213966,0
ACCT_096276,0.006572935632299776,0
ACCT_096287,0.7076928104338214,0
ACCT_096309,0.00015792554790028705,0
ACCT_096310,0.0006041521741617564,0
ACCT_096315,0.00016108549079392313,0
ACCT_096329,0.00038796586024519283,0
ACCT_096330,0.0004983715146854515,0
ACCT_096332,0.0014850366378751673,0
ACCT_096349,0.00010206649692755644,0
ACCT_096351,4.174150293102486e-05,0
ACCT_096359,0.0004951776900072662,0
ACCT_096378,0.0014368076544972674,0
ACCT_096384,0.00010862566480434516,0
ACCT_096386,0.0005231877142121978,0
ACCT_096399,0.0059766577729092355,0
ACCT_096407,0.002200494914172981,0
ACCT_096425,0.00837433076579009,0
ACCT_096427,0.0006363186054060227,0
ACCT_096434,0.0028988370504047264,0
ACCT_096442,0.0032022277185316146,0
ACCT_096450,0.000311953068640621,0
ACCT_096452,1.7787357580002e-05,0
ACCT_096459,0.0038814221633762694,0
ACCT_096463,0.005530292866877273,0
ACCT_096490,0.07326097650632635,0
ACCT_096494,0.00031744531449991203,0
ACCT_096496,0.11185738314920347,0
ACCT_096509,0.006561014993682512,0
ACCT_096514,0.0012381067335751202,0
ACCT_096543,0.009122383695942702,0
ACCT_096560,0.0009752882498027359,0
ACCT_096562,0.00010309491902695718,0
ACCT_096568,0.006562856509576183,0
ACCT_096585,0.0011181924451986716,0
ACCT_096591,0.0003370440843181328,0
ACCT_096604,0.0024717889589920775,0
ACCT_096606,0.0013766880211935164,0
ACCT_096618,0.01114566945143274,0
ACCT_096620,0.00038109829310129043,0
ACCT_096629,0.00011088539803777316,0
ACCT_096634,0.0003715234053109458,0
ACCT_096654,0.0003235995726349722,0
ACCT_096656,0.00023448321628330437,0
ACCT_096663,0.0014518767374541658,0
ACCT_096686,0.012185954595858278,0
ACCT_096694,0.0001331856303882325,0
ACCT_096701,0.19728049838238565,0
ACCT_096702,0.003960589175626478,0
ACCT_096704,0.002206937127378566,0
ACCT_096719,0.0005031275394298956,0
ACCT_096735,4.917119533027738e-05,0
ACCT_096739,0.0028277657154536762,0
ACCT_096750,0.00021430986865139263,0
ACCT_096755,0.000332030397659754,0
ACCT_096756,0.00861908989526802,0
ACCT_096757,0.0004171554308413404,0
ACCT_096758,0.0004887940648041813,0
ACCT_096766,0.019374809958511676,1
ACCT_096774,0.013121758691686173,0
ACCT_096790,0.0011626829795005809,0
ACCT_096794,0.0008827352666593095,0
ACCT_096797,0.0070329013375861355,0
ACCT_096801,0.0004056525235229051,0
ACCT_096802,0.00012615952724020384,0
ACCT_096812,0.0004851090958288001,0
ACCT_096828,0.00020457658149165898,0
ACCT_096837,6.096049761074494e-05,0
ACCT_096844,0.0010369540899507288,0
ACCT_096851,0.01485164697116619,0
ACCT_096853,0.050227683457463215,0
ACCT_096858,0.000329637784165507,0
ACCT_096866,0.000167326173823696,0
ACCT_096884,0.01296823063227666,0
ACCT_096892,0.0017427040617204437,0
ACCT_096894,0.0026062325306682103,0
ACCT_096895,0.0001920953988826042,0
ACCT_096898,0.02022842724592858,0
ACCT_096899,8.161121132257995e-05,0
ACCT_096905,0.353597796798553,0
ACCT_096910,0.005229516566709945,0
ACCT_096920,2.3351760997384276e-05,0
ACCT_096927,0.0004819909911992657,0
ACCT_096932,9.517779348326946e-05,0
ACCT_096953,0.00021461852347569733,0
ACCT_096958,0.0009718701991749016,0
ACCT_096966,0.0013086206743289392,0
ACCT_096967,0.011961113008429013,0
ACCT_096975,0.00032562990707873306,0
ACCT_096981,0.03765367075387908,0
ACCT_096983,0.0006618548915426084,0
ACCT_096987,0.0001924577736631498,0
ACCT_096990,0.0015407303813533273,0
ACCT_096991,0.5715505057947008,0
ACCT_096996,0.00011129179845757076,0
ACCT_097005,0.00373343730601131,0
ACCT_097009,0.00019040607849432834,0
ACCT_097016,0.000947710778346037,0
ACCT_097017,0.00016328725436397468,0
ACCT_097024,0.00849310206043675,0
ACCT_097025,0.19294603456121037,0
ACCT_097041,0.00010064801599287674,0
ACCT_097042,0.0002679651372838905,0
ACCT_097049,0.0004716379163824922,0
ACCT_097050,0.028469043775118077,0
ACCT_097059,0.0014846637320558265,0
ACCT_097061,0.0007297676216569379,0
ACCT_097079,0.004910787626977929,0
ACCT_097080,0.027858064406529475,0
ACCT_097081,0.00803924550094968,0
ACCT_097098,0.06952208146724212,0
ACCT_097100,0.01240833088873681,0
ACCT_097101,0.0003580001225673047,0
ACCT_097107,0.0017250211549847078,0
ACCT_097119,0.0011668771290166322,0
ACCT_097125,3.805999395256842e-05,0
ACCT_097126,0.005304839491196728,0
ACCT_097135,0.006987503405277796,0
ACCT_097145,0.0012288930940496214,0
ACCT_097166,0.005879683974682983,0
ACCT_097171,4.931520444993433e-05,0
ACCT_097181,0.0003800389935174337,0
ACCT_097182,0.00025046505699377245,0
ACCT_097193,0.0004018754456172411,0
ACCT_097218,0.09763368097370083,0
ACCT_097220,0.0006753843144894421,1
ACCT_097233,0.003612846993694752,0
ACCT_097246,0.07257552526672363,0
ACCT_097253,0.0023032477188671017,0
ACCT_097268,0.0028465520186932085,0
ACCT_097269,1.4380329109459989e-05,0
ACCT_097275,0.009307257386949935,0
ACCT_097277,0.0017262775196070523,0
ACCT_097278,0.00020484831568677093,0
ACCT_097282,0.0037256460075779626,0
ACCT_097285,0.000205102639311232,0
ACCT_097288,0.0001844193509929975,0
ACCT_097290,0.0006418906405628721,0
ACCT_097292,0.0008529975473749255,0
ACCT_097300,0.05153460308734059,0
ACCT_097302,0.0035403866787722463,0
ACCT_097314,0.00011937188088404265,0
ACCT_097315,0.0003491726329378612,0
ACCT_097318,0.0074279984407199335,0
ACCT_097332,1.843315836984056e-05,0
ACCT_097337,0.00028139486252472707,0
ACCT_097341,0.061906436208465636,0
ACCT_097343,0.00019499540363672127,0
ACCT_097344,2.6969245441165637e-05,0
ACCT_097353,0.06067539732962705,0
ACCT_097357,6.215776242409349e-05,0
ACCT_097369,0.09633669828719922,0
ACCT_097375,0.021262397907737596,0
ACCT_097402,0.00015504115326051492,0
ACCT_097406,0.29975395210609745,0
ACCT_097420,0.0011894830596307642,0
ACCT_097423,0.003142938758403775,0
ACCT_097433,9.112471118574762e-06,0
ACCT_097445,0.0002020979199662332,0
ACCT_097447,0.0002590909099328328,0
ACCT_097451,0.0002879391533161812,0
ACCT_097453,0.001370650055886796,0
ACCT_097467,0.00022791018661358467,0
ACCT_097469,0.003193025956408815,0
ACCT_097477,0.0003576877626616261,0
ACCT_097481,3.843880274920466e-05,0
ACCT_097493,0.0104500465194912,0
ACCT_097514,4.905481396737179e-05,0
ACCT_097522,7.511985421700147e-05,0
ACCT_097537,0.006256292690104888,0
ACCT_097544,0.04131207859899128,0
ACCT_097556,0.00010027859274443558,0
ACCT_097565,0.006658653490801958,0
ACCT_097572,0.0001412547376966335,0
ACCT_097573,0.0007270007256287103,0
ACCT_097575,0.0006895098772051336,0
ACCT_097593,0.0018032168026361197,0
ACCT_097605,0.0006251192630296606,0
ACCT_097612,0.002214546622590559,0
ACCT_097616,0.0002566824858753987,0
ACCT_097617,0.04581268294372007,0
ACCT_097618,0.0006563978329364724,0
ACCT_097647,0.002205663020412514,0
ACCT_097648,0.001428718380272531,0
ACCT_097656,0.0033040904788092435,0
ACCT_097662,0.0005352247612770793,0
ACCT_097664,0.00048395778063205875,0
ACCT_097666,6.1026639469945225e-05,0
ACCT_097679,0.002431598689114249,0
ACCT_097682,0.0030119171192356333,0
ACCT_097692,8.010736882130258e-05,0
ACCT_097698,0.00013863964054915815,0
ACCT_097700,0.0014172912369899743,0
ACCT_097706,0.0007501746647237134,0
ACCT_097710,0.010890520237338388,0
ACCT_097717,0.0002656261547743955,0
ACCT_097728,0.17779930407419156,0
ACCT_097738,4.2956123823803265e-06,0
ACCT_097744,0.0003635091733299321,0
ACCT_097748,0.005175726703774694,0
ACCT_097751,0.0031506935757528737,0
ACCT_097756,0.00022487755606180455,0
ACCT_097757,0.0039782006085566455,0
ACCT_097759,0.0012827208845466954,0
ACCT_097760,0.00475463034955421,0
ACCT_097766,0.0002228908102419309,0
ACCT_097770,0.0005777941953063313,0
ACCT_097797,0.022864020840370845,0
ACCT_097830,0.0007778224372110129,0
ACCT_097845,0.00039132421488296626,0
ACCT_097853,0.013229438824000664,0
ACCT_097860,0.0010094468780308678,0
ACCT_097862,0.010348468724244627,0
ACCT_097873,0.0001535805630935858,0
ACCT_097874,0.0008246056961824054,0
ACCT_097879,0.00017853141019334742,0
ACCT_097882,0.0012280049383071958,0
ACCT_097899,0.001863030900561594,0
ACCT_097913,0.00016454308111563871,0
ACCT_097917,0.00011742224379314203,0
ACCT_097974,0.048295431017818094,0
ACCT_097978,0.00022454178239625155,0
ACCT_097980,0.019571136561591016,0
ACCT_097992,0.008062001972781056,0
ACCT_098000,0.00023146164167888844,0
ACCT_098002,0.0004606255465755131,0
ACCT_098006,0.0010800325670459615,0
ACCT_098010,0.003771979927574179,0
ACCT_098020,0.0005355054876114007,0
ACCT_098031,0.004876394208871184,0
ACCT_098035,0.00060690385996068,0
ACCT_098053,0.00035482257541159963,0
ACCT_098057,0.0018235679167219049,0
ACCT_098076,0.00020155028526588328,0
ACCT_098084,0.08125131040058683,0
ACCT_098086,4.6514764993997004e-05,0
ACCT_098095,0.01125782735809607,0
ACCT_098100,0.0004735425046421895,0
ACCT_098105,0.006297613283070967,0
ACCT_098107,0.5526338524189293,0
ACCT_098109,0.0013489072659444983,0
ACCT_098117,0.021440807306217488,0
ACCT_098121,0.00010645173615338578,0
ACCT_098131,0.00024037590101985554,0
ACCT_098161,0.0005074468719551933,0
ACCT_098163,0.00022617307507851638,0
ACCT_098165,0.0009869212603640558,0
ACCT_098201,0.006831615617062466,0
ACCT_098203,0.004052244097498858,0
ACCT_098213,0.0013017061923926748,0
ACCT_098231,0.0005693938975890612,0
ACCT_098239,0.003249639817066611,0
ACCT_098241,0.0029492973929642883,0
ACCT_098247,8.716398479432819e-05,0
ACCT_098261,0.0027661416487772088,0
ACCT_098270,0.0002989394895196175,0
ACCT_098279,0.0015736148467019372,0
ACCT_098282,0.0006995565102049109,0
ACCT_098300,0.0005417286431830612,0
ACCT_098306,0.00018060466596238916,0
ACCT_098310,0.008799179899370789,0
ACCT_098315,0.19144649222745852,1
ACCT_098317,0.0004797048273899033,0
ACCT_098324,0.0015651113108139081,0
ACCT_098327,0.006302802926298153,0
ACCT_098340,0.002912699061106745,0
ACCT_098343,0.00010092238396355628,0
ACCT_098350,0.0002578739409431675,0
ACCT_098352,0.0003262639719360784,0
ACCT_098353,0.00042824289136239043,0
ACCT_098354,0.5516677075546187,0
ACCT_098362,0.004114776672977007,0
ACCT_098376,0.0010525341248490993,0
ACCT_098386,0.0004112470342031861,0
ACCT_098391,0.00012146853869902759,0
ACCT_098393,0.0003668675648059716,0
ACCT_098417,0.00017194036204989092,0
ACCT_098425,0.004389164240591152,0
ACCT_098432,0.0005469902326223985,0
ACCT_098436,0.0019634411075132134,0
ACCT_098437,0.02813473612542424,0
ACCT_098440,0.0004222744796994611,0
ACCT_098444,0.0003462153166024887,0
ACCT_098446,0.0006589299605817005,0
ACCT_098448,0.0006693033057106177,0
ACCT_098451,0.00443259442946747,0
ACCT_098467,0.0019902550190666435,0
ACCT_098477,0.0015665743952168838,0
ACCT_098478,0.0015121520270152324,0
ACCT_098480,0.0005181088346197517,0
ACCT_098493,0.0007721866003801623,0
ACCT_098494,0.0007800776776843699,0
ACCT_098499,1.107542064342924e-05,0
ACCT_098508,0.00021573719062175926,0
ACCT_098511,0.0014271018615478741,0
ACCT_098512,0.0009977573463353063,0
ACCT_098521,0.003282779541972795,0
ACCT_098524,0.13411008695539914,0
ACCT_098532,0.00048329898435249985,0
ACCT_098544,0.0005272802076075259,0
ACCT_098546,0.001101340083048608,0
ACCT_098550,0.00032910168772577297,0
ACCT_098553,0.001808686646764684,0
ACCT_098557,0.0017202394701241706,0
ACCT_098570,0.0007676932819983138,0
ACCT_098571,0.0033924175783963603,0
ACCT_098576,0.00029917206497845545,0
ACCT_098604,0.0002878515101090393,0
ACCT_098619,0.0008615745463670884,0
ACCT_098627,0.0008797929617894416,0
ACCT_098640,0.01108542308580573,0
ACCT_098649,0.0013482690439962442,0
ACCT_098657,0.00026410752815525886,0
ACCT_098673,0.000941778193840606,0
ACCT_098681,0.0051430846409017275,0
ACCT_098682,0.02737766304705216,0
ACCT_098691,0.0004110115247040735,0
ACCT_098693,0.03705789125415673,0
ACCT_098706,0.00010307973451998004,0
ACCT_098715,0.0008325169952195047,0
ACCT_098721,0.0018699739062335917,0
ACCT_098737,0.0034997882578280386,0
ACCT_098738,0.0005926684904199571,0
ACCT_098760,0.0007480594510101489,0
ACCT_098769,3.27217524780274e-05,0
ACCT_098772,0.0025448298125065284,0
ACCT_098780,0.006072463475177273,0
ACCT_098801,0.0002536861299383294,0
ACCT_098805,0.001164304512948322,0
ACCT_098807,0.0003326380508982665,0
ACCT_098822,0.005157387363948801,0
ACCT_098829,0.0002775394973657189,0
ACCT_098831,0.011810045126503133,0
ACCT_098833,0.0005467006419139428,0
ACCT_098834,0.0006261155990848686,0
ACCT_098859,0.019191818902418004,0
ACCT_098860,0.00597854786709398,0
ACCT_098862,0.0009841516473299344,0
ACCT_098879,0.005775239920422147,0
ACCT_098892,0.02409663225353944,0
ACCT_098900,0.0008103380170078028,0
ACCT_098905,0.0005428226326952887,0
ACCT_098919,0.00018459420954290538,0
ACCT_098936,7.631848574493192e-05,0
ACCT_098937,0.0025093901756240117,0
ACCT_098956,0.002924370738710568,0
ACCT_098962,0.0020596129244827032,0
ACCT_098963,0.019102806578314258,0
ACCT_098965,0.0003613500643825583,0
ACCT_098969,0.0032225340088793586,0
ACCT_098982,0.0007447954727612474,0
ACCT_098989,0.3674084051324929,0
ACCT_098993,0.0005897509136981367,0
ACCT_099001,0.0004647416261942122,0
ACCT_099013,0.001012036667487713,0
ACCT_099025,0.0011405286069468927,0
ACCT_099029,0.001032562862641937,0
ACCT_099031,0.0010876075473473532,0
ACCT_099051,0.0004166025902103069,0
ACCT_099057,2.9970915581007955e-05,0
ACCT_099061,0.000165890883964609,0
ACCT_099100,0.0031940652821154645,0
ACCT_099119,0.0010249928110833717,0
ACCT_099144,0.0015582416586630806,0
ACCT_099149,0.13174595604311642,0
ACCT_099151,0.000525573326778702,0
ACCT_099171,0.00019440618249254651,0
ACCT_099179,0.002422297965613306,0
ACCT_099187,0.00027153290012521634,0
ACCT_099192,0.0005409593887553234,0
ACCT_099201,0.01325690028410394,0
ACCT_099202,0.0013386337244768328,0
ACCT_099211,0.0006718480192762639,0
ACCT_099215,0.00014915210383093045,0
ACCT_099242,0.005636001874920083,0
ACCT_099243,0.00023960353716659957,0
ACCT_099247,0.001367801231851487,0
ACCT_099252,0.012258914146362074,0
ACCT_099258,0.0030802749604203314,0
ACCT_099268,1.4848106177602977e-05,0
ACCT_099320,0.00034604922640727587,0
ACCT_099334,0.00030707916225085124,0
ACCT_099340,0.14708936067360853,0
ACCT_099341,0.00019384185129764933,0
ACCT_099354,4.064956660051187e-05,0
ACCT_099366,0.0008066586236487484,0
ACCT_099371,0.002363499521723556,0
ACCT_099378,0.3961087182678339,0
ACCT_099379,0.002550425478746798,0
ACCT_099381,0.003950113220079236,0
ACCT_099384,0.00021230211419864342,0
ACCT_099392,0.0353301549028451,0
ACCT_099413,0.020465994493144565,0
ACCT_099415,0.0002318227139850508,0
ACCT_099433,0.0010506401402833882,0
ACCT_099438,0.0066722261165643995,0
ACCT_099459,0.001327685279871459,0
ACCT_099467,0.00021323334329171665,0
ACCT_099468,0.00031286511297925384,0
ACCT_099470,0.0004577852752126663,0
ACCT_099490,0.0029202729686626763,0
ACCT_099513,0.006020814662196021,0
ACCT_099517,6.58079058586115e-05,0
ACCT_099520,0.0010396254262776455,0
ACCT_099523,0.00017995017252765724,0
ACCT_099529,0.019301443155676928,0
ACCT_099534,0.00022543889939834717,0
ACCT_099542,6.44386685234338e-05,0
ACCT_099547,0.0037747144709396343,0
ACCT_099550,0.015281731325605273,0
ACCT_099560,0.002971890282183727,0
ACCT_099562,0.0001136026339095647,0
ACCT_099569,0.0004957227744581093,0
ACCT_099575,0.031080900092136536,0
ACCT_099587,0.0003143844510557608,0
ACCT_099592,0.008899513812091042,0
ACCT_099593,0.00018591383669572253,0
ACCT_099603,0.0001696943475253988,0
ACCT_099606,0.008091253267431089,0
ACCT_099611,0.0037722822437717923,0
ACCT_099622,0.003720582815669673,0
ACCT_099629,0.0016721695794464783,0
ACCT_099632,0.004710536303313782,0
ACCT_099640,7.058727254883685e-05,0
ACCT_099644,2.712064777029623e-05,0
ACCT_099654,0.006251656815276188,0
ACCT_099657,0.008215957197428772,0
ACCT_099664,0.01828156414556833,0
ACCT_099667,0.0019961386418053916,0
ACCT_099669,0.005925836820872323,0
ACCT_099673,0.0003845730994631942,0
ACCT_099678,9.293508992940097e-05,0
ACCT_099696,0.00016926674456890133,0
ACCT_099709,0.0004522773053033034,0
ACCT_099710,0.00019184361552546995,0
ACCT_099713,0.00022723243101780766,0
ACCT_099721,0.0016228963081915092,0
ACCT_099732,0.003372680782450539,0
ACCT_099740,0.07250396493144974,0
ACCT_099765,0.00103218523071217,0
ACCT_099772,0.0002647544596236054,0
ACCT_099780,0.004467165919362884,0
ACCT_099787,0.0033388151563519507,0
ACCT_099788,0.06977175577949064,0
ACCT_099795,0.004242694309550897,0
ACCT_099802,0.0009107037010431648,0
ACCT_099804,0.0012943292512621147,0
ACCT_099805,0.0010700897816303965,0
ACCT_099827,0.000673724748137602,0
ACCT_099834,0.0022903329324082573,0
ACCT_099838,0.005143848845098676,0
ACCT_099854,0.0004274922075865301,0
ACCT_099865,0.00012228078852999128,0
ACCT_099866,0.0003971476906422421,0
ACCT_099885,0.0017586534957793182,0
ACCT_099886,0.0005742345160752625,0
ACCT_099896,0.003032155288293882,0
ACCT_099900,0.014079927517479149,0
ACCT_099907,0.0008316612827759277,0
ACCT_099937,0.0001490129595129378,0
ACCT_099941,0.012732471378073075,0
ACCT_099949,0.0005335042445386138,0
ACCT_099962,0.00014538907839292767,0
ACCT_099969,0.00031763935408528685,0
ACCT_099974,0.00261500400905073,0
ACCT_099982,0.0003297557715630059,0
ACCT_099994,0.0004378837636332877,0
ACCT_099997,0.006632914925238182,0
ACCT_100003,0.0013731684364214347,0
ACCT_100005,0.001278956875957169,0
ACCT_100013,0.0010161834705945721,0
ACCT_100016,0.0018548411667141727,0
ACCT_100030,0.009313196676032027,0
ACCT_100038,7.715494245662854e-06,0
ACCT_100041,8.112874320312303e-05,0
ACCT_100058,0.006900606678962715,0
ACCT_100073,0.005998125279705963,0
ACCT_100115,0.3658142062052707,0
ACCT_100121,0.0007856525555878662,0
ACCT_100122,0.00035965139344553267,0
ACCT_100125,0.00029338620792681056,0
ACCT_100147,0.0007605326366784075,0
ACCT_100149,0.0477966620801577,0
ACCT_100154,0.006775292565713897,0
ACCT_100157,0.04266860674537688,0
ACCT_100160,0.0005944843378135775,0
ACCT_100169,0.00035023342564310445,0
ACCT_100170,0.0006063023976900372,0
ACCT_100173,0.00012924967024573671,0
ACCT_100177,0.0008758796791006069,1
ACCT_100193,4.041540765887482e-05,0
ACCT_100201,0.002049361413903662,0
ACCT_100221,7.023957691749516e-05,0
ACCT_100230,0.00039660685805089165,0
ACCT_100231,2.5194760133903687e-05,0
ACCT_100252,0.0013403552647206713,0
ACCT_100253,0.0009717470707519992,0
ACCT_100279,0.00017375066652613745,0
ACCT_100285,5.0863894655891224e-05,0
ACCT_100303,0.0030303689649894385,0
ACCT_100305,0.0010630397528272441,0
ACCT_100306,0.008423276055860417,0
ACCT_100311,0.0002860131644349034,0
ACCT_100320,0.0691791108898928,0
ACCT_100330,0.00019143976937692212,0
ACCT_100331,0.0001592419044942908,0
ACCT_100342,0.0019057226623852956,0
ACCT_100347,0.09659421644235276,0
ACCT_100348,0.001345533278508485,0
ACCT_100363,0.00010869169007910995,0
ACCT_100383,0.002777238672827805,0
ACCT_100397,0.001064496228105919,0
ACCT_100398,0.0005314579891179178,0
ACCT_100405,0.005712816343549525,0
ACCT_100406,0.0021085926638953877,0
ACCT_100413,0.00019388817398884915,0
ACCT_100415,0.00345806286260031,0
ACCT_100417,0.0004282021663205344,0
ACCT_100421,0.24403551962375516,0
ACCT_100447,0.00048172081474863107,0
ACCT_100461,0.0021349141111121654,0
ACCT_100467,0.6797027549297507,0
ACCT_100480,0.00017379233913808237,0
ACCT_100481,0.0005104753901878081,0
ACCT_100497,0.006490164707713928,0
ACCT_100503,0.001204447066764243,0
ACCT_100505,0.010484827222025796,0
ACCT_100513,0.00074790408554479,0
ACCT_100526,0.0005337912837828289,0
ACCT_100529,0.017743150722641914,0
ACCT_100536,2.3421022286271686e-05,0
ACCT_100553,0.00044691483683699854,0
ACCT_100563,0.014741419348678054,0
ACCT_100565,3.0104351349136862e-05,0
ACCT_100585,0.0018642877395464142,0
ACCT_100600,0.006272798738280274,0
ACCT_100608,1.6497019577233126e-05,0
ACCT_100611,0.002550935332795186,0
ACCT_100613,0.19176768810710293,0
ACCT_100617,4.209921246145509e-05,0
ACCT_100618,0.031155163714861957,0
ACCT_100628,0.00044121193956847256,0
ACCT_100640,0.0008225713410213359,0
ACCT_100642,0.0016439239977222991,0
ACCT_100652,6.993924896793653e-05,0
ACCT_100659,0.0013351205702578205,0
ACCT_100667,0.00011001165553846548,0
ACCT_100683,0.000944013933531876,0
ACCT_100696,0.022146528435477996,0
ACCT_100699,0.0001401428720079541,0
ACCT_100700,2.9920353127887877e-05,0
ACCT_100708,0.003629825583171354,0
ACCT_100719,1.3535207746639758e-05,0
ACCT_100721,0.0020910651988055827,0
ACCT_100731,0.018004841592844396,0
ACCT_100735,0.5850806045843171,0
ACCT_100738,0.0012983807803239901,0
ACCT_100739,0.0005787415103987833,0
ACCT_100753,0.012375594335920673,0
ACCT_100755,0.0029473711495869998,0
ACCT_100769,3.198870099606245e-05,0
ACCT_100771,0.0011581774814919492,0
ACCT_100793,0.0029277567727895993,0
ACCT_100796,0.00017464823075997142,0
ACCT_100799,0.001165679495454573,0
ACCT_100803,3.457907279156057e-05,0
ACCT_100808,0.014527957069383564,0
ACCT_100822,0.0004785010434684732,0
ACCT_100837,5.5689439907833497e-05,0
ACCT_100842,0.003658797226500251,0
ACCT_100856,0.0005240099646398048,0
ACCT_100872,0.00038590432845297316,0
ACCT_100875,0.00042621584515819107,0
ACCT_100878,0.00011225266382223905,0
ACCT_100879,3.645395038657118e-05,0
ACCT_100884,0.001058093714444795,0
ACCT_100900,0.0031338979636388177,0
ACCT_100920,0.00010878015697019967,0
ACCT_100934,0.0004956554861816961,0
ACCT_100942,0.046320457322487296,0
ACCT_100945,0.0019193962360059991,0
ACCT_100950,0.00029872799990642176,0
ACCT_100951,0.000749277213360829,0
ACCT_100956,0.0006571486774400375,0
ACCT_100958,0.00011529578360830457,0
ACCT_100963,0.0019860870700022467,0
ACCT_100985,0.0057779156213759045,0
ACCT_100990,0.00015523013310629602,0
ACCT_100992,0.001471972679764542,0
ACCT_100994,0.009862339302771842,0
ACCT_101000,0.00018585167144788517,0
ACCT_101002,2.1367232175735307e-06,0
ACCT_101022,0.00015106437041357196,0
ACCT_101024,0.09183384974224104,0
ACCT_101052,0.04520344750347003,0
ACCT_101057,0.02509576585968615,0
ACCT_101071,0.0007799086473639354,0
ACCT_101081,0.00016770600922849635,0
ACCT_101083,0.02549355465981608,0
ACCT_101101,0.00023132483826094783,0
ACCT_101104,0.004481210729873055,0
ACCT_101110,0.0013455828194725772,0
ACCT_101112,0.006806420282315195,0
ACCT_101126,2.80882944526835e-05,0
ACCT_101139,0.26604751610701255,0
ACCT_101140,0.0006120087084559478,0
ACCT_101151,0.0022587633302557112,0
ACCT_101155,0.0005791831929368071,0
ACCT_101156,0.0008305104184465831,0
ACCT_101164,0.00013029318641617576,0
ACCT_101168,0.00045792656469127426,0
ACCT_101180,0.00023645158635372742,0
ACCT_101188,0.0009591627849120084,0
ACCT_101194,0.00013289899699729188,0
ACCT_101195,0.003426345100644742,0
ACCT_101205,0.0006186889984449959,0
ACCT_101212,0.004375549470901176,0
ACCT_101216,0.00011156092245688301,0
ACCT_101228,0.00029606665079493226,0
ACCT_101237,2.5105025329109247e-05,0
ACCT_101239,0.00962530959541687,0
ACCT_101243,0.0008830104890844796,0
ACCT_101255,0.0005206545693848632,0
ACCT_101257,0.0008471774887996474,0
ACCT_101265,0.017987343878914874,0
ACCT_101267,0.0008094918246060515,0
ACCT_101288,0.0002027920079655022,0
ACCT_101300,0.00013264850994894076,0
ACCT_101305,1.0948966854480139e-05,0
ACCT_101314,0.0005633367081602337,0
ACCT_101322,0.0016647397700891783,0
ACCT_101329,0.0030667875305934638,0
ACCT_101332,0.00013673924840545306,0
ACCT_101343,0.00019116275305571225,0
ACCT_101344,0.0027030792779221603,0
ACCT_101351,0.003126413328988397,0
ACCT_101352,0.02084841809920702,0
ACCT_101356,0.00014976049454196625,0
ACCT_101370,0.0016549381423971556,0
ACCT_101376,0.004194831419653149,0
ACCT_101385,0.006247666248880601,0
ACCT_101390,0.0038151796597358507,0
ACCT_101399,0.023681171222547235,0
ACCT_101423,0.00010910073803045288,0
ACCT_101445,0.0003833765914780632,0
ACCT_101449,0.0007272094912140582,0
ACCT_101451,0.000922926032105582,0
ACCT_101458,0.00019551310435237076,0
ACCT_101474,0.00034389123806747137,0
ACCT_101476,0.023261773081880165,0
ACCT_101482,0.017293358521972314,0
ACCT_101505,0.0030392283677888416,0
ACCT_101510,0.0008897804313934437,0
ACCT_101521,1.2160187423184932e-05,0
ACCT_101528,0.0038923080410834918,0
ACCT_101535,0.00039335624828923155,0
ACCT_101544,0.00016234270273284525,0
ACCT_101556,0.0036294680538541133,0
ACCT_101561,0.00462457568067422,0
ACCT_101565,0.016208208260932125,0
ACCT_101569,0.023306750918000767,0
ACCT_101594,0.0003555561342944401,0
ACCT_101614,0.007095356254476772,0
ACCT_101616,0.000240758571027079,0
ACCT_101622,0.0005841491268661585,0
ACCT_101640,0.0019121294129250226,0
ACCT_101641,0.00146553860539035,0
ACCT_101645,5.767655766196717e-05,0
ACCT_101658,0.0005041845586432359,0
ACCT_101669,0.01690201758163301,0
ACCT_101672,0.0012506338159507166,0
ACCT_101678,0.00015616355434580062,0
ACCT_101687,0.004952781009811865,0
ACCT_101690,0.0004838071705428711,0
ACCT_101697,0.00043710755659879077,0
ACCT_101725,0.002069768644087336,0
ACCT_101740,0.034327285861687,0
ACCT_101743,0.00016574146549219265,0
ACCT_101754,3.7083821243326155e-05,0
ACCT_101756,0.0006008079230827166,0
ACCT_101769,0.00010070261577846682,0
ACCT_101770,0.000817312939505847,0
ACCT_101773,0.0007676862511728519,0
ACCT_101783,5.564160727407162e-05,0
ACCT_101784,5.312713483654183e-05,0
ACCT_101786,0.00020737798123408435,0
ACCT_101794,0.0023153755383452396,0
ACCT_101800,0.029612067727036843,0
ACCT_101802,0.00020493016268246977,0
ACCT_101809,0.000324667291203553,0
ACCT_101834,0.011772056544089209,0
ACCT_101838,0.0006572071575341717,0
ACCT_101851,0.014822069268442421,0
ACCT_101858,9.365382366773163e-05,0
ACCT_101873,0.0002098874879595917,0
ACCT_101874,0.001615228718264299,0
ACCT_101881,0.0006426802969866076,0
ACCT_101889,0.004097442211444108,0
ACCT_101899,0.00902599049538009,0
ACCT_101905,0.0014260092999452375,0
ACCT_101911,0.00045046681751058793,0
ACCT_101915,0.025057682232288356,0
ACCT_101922,8.210658568054513e-05,0
ACCT_101932,0.002470653098595017,0
ACCT_101938,0.0006322671275647517,0
ACCT_101945,0.007249056124115347,0
ACCT_101946,3.37709643487566e-05,0
ACCT_101956,0.0006603812807621848,0
ACCT_101967,0.0001311935179979067,0
ACCT_101974,0.00018420689060393404,0
ACCT_101986,0.0005252260964921033,0
ACCT_101993,0.012740859189399135,0
ACCT_101995,0.0005949939214006785,0
ACCT_102048,0.0017557488264487073,0
ACCT_102049,0.00011213650591629077,0
ACCT_102056,0.0019351148825929579,0
ACCT_102063,0.05861369753560986,0
ACCT_102064,0.0004789855129927582,0
ACCT_102066,0.00016734003991316694,0
ACCT_102092,0.00016375093860979768,0
ACCT_102099,2.3481504813308486e-05,0
ACCT_102100,8.418701280796484e-05,0
ACCT_102105,0.004129643622480513,0
ACCT_102110,0.0033091895987465906,0
ACCT_102116,8.439779145379116e-05,0
ACCT_102122,0.0006311242827020659,0
ACCT_102144,0.004396665908220835,0
ACCT_102145,0.0004164855462749448,0
ACCT_102146,0.00033347095156101563,0
ACCT_102148,0.0002629574936847884,0
ACCT_102149,0.0004708040943880113,0
ACCT_102155,0.0008744702725200816,0
ACCT_102159,0.009078246406427898,0
ACCT_102166,0.0014623334532419745,0
ACCT_102171,0.0011591807826204445,0
ACCT_102201,0.0010773104419655702,0
ACCT_102206,0.0009728270303971749,0
ACCT_102209,0.00010869528975595823,0
ACCT_102216,0.011511597095736651,0
ACCT_102219,0.1022996281483795,0
ACCT_102226,0.003464503973915372,0
ACCT_102233,6.242234632312716e-05,0
ACCT_102235,0.0010311277022143706,0
ACCT_102238,0.0017265016328195102,0
ACCT_102245,0.00012947312097745395,0
ACCT_102253,0.016267697676161385,0
ACCT_102270,0.038593463636373136,0
ACCT_102275,0.00025003979383898567,0
ACCT_102282,5.379068800436805e-05,0
ACCT_102288,0.008707066994626327,0
ACCT_102301,0.0015641207508698804,0
ACCT_102320,0.009819367305749161,0
ACCT_102328,0.003869312374115596,0
ACCT_102332,0.00037658243311490135,0
ACCT_102334,0.0008422538668668375,0
ACCT_102337,0.005637962916900977,0
ACCT_102353,3.3438022694896954e-05,0
ACCT_102357,0.00025715143890800776,0
ACCT_102366,0.07105975411287009,0
ACCT_102383,0.00010030985401602903,0
ACCT_102390,0.002695250662962338,0
ACCT_102398,0.0033011615225171857,0
ACCT_102408,0.0005002587082609108,0
ACCT_102412,0.0002506138244306293,0
ACCT_102424,0.046215640560220844,0
ACCT_102430,6.402237776581756e-05,0
ACCT_102431,2.9774818650520288e-05,0
ACCT_102437,0.0009461275037690725,0
ACCT_102443,6.565908583049246e-05,0
ACCT_102450,0.002246274043115619,0
ACCT_102452,0.003730484734580041,0
ACCT_102468,0.0009161297322936823,0
ACCT_102477,0.001632693537794706,0
ACCT_102478,0.0038948920679586557,0
ACCT_102487,0.00011368766711460916,0
ACCT_102488,0.00036659368838088096,0
ACCT_102490,0.005481830662183053,0
ACCT_102498,0.03125982555198745,0
ACCT_102511,0.02079326472183742,0
ACCT_102527,0.0008864232921971862,0
ACCT_102544,0.0004321431286176485,0
ACCT_102551,0.00013587920612257253,0
ACCT_102563,0.00036773153058924094,0
ACCT_102572,0.001972098085112153,0
ACCT_102581,0.003759783520667002,0
ACCT_102590,0.000787442623223157,0
ACCT_102591,0.0013511517317783804,0
ACCT_102593,0.0008088324533645959,0
ACCT_102598,1.0317650775681536e-05,0
ACCT_102599,0.000904242710880079,0
ACCT_102604,0.00048656664331483355,0
ACCT_102606,0.0018533599718689407,0
ACCT_102608,0.007638238400071363,0
ACCT_102612,0.0037228026529287778,0
ACCT_102614,0.007874286561304216,0
ACCT_102625,0.0007254219408372267,0
ACCT_102636,0.0038305582901845625,0
ACCT_102640,0.000708439415825,0
ACCT_102642,0.0007412045792623436,0
ACCT_102648,0.0001571774893508479,0
ACCT_102650,3.3718268890326175e-05,0
ACCT_102659,0.0017594943386814402,0
ACCT_102660,3.7092051006769924e-05,0
ACCT_102661,0.001509693424195508,0
ACCT_102662,0.008561424616135556,0
ACCT_102668,0.00016926023347317085,0
ACCT_102670,0.016755105376513292,0
ACCT_102674,0.0002326860263476037,0
ACCT_102678,2.5837711742966942e-05,0
ACCT_102680,0.00039487451530586306,0
ACCT_102686,0.3269710406371349,0
ACCT_102705,0.0025904368710192934,0
ACCT_102708,0.015657874958464636,0
ACCT_102721,0.05531523556101299,0
ACCT_102724,0.18282543087126477,0
ACCT_102745,0.06575457609767929,0
ACCT_102757,0.005015949645842846,0
ACCT_102762,0.0004935309489233066,0
ACCT_102787,0.0008304908666763091,0
ACCT_102795,0.0005159289662380378,0
ACCT_102808,0.02519780071554202,0
ACCT_102832,0.0015265413195013886,0
ACCT_102833,0.0002986799975662196,0
ACCT_102839,0.006825815797000748,0
ACCT_102844,7.957177909085166e-05,0
ACCT_102845,0.019937912740039098,0
ACCT_102846,0.003076353336176359,0
ACCT_102848,0.005277874352121127,0
ACCT_102849,0.00029509945115330883,0
ACCT_102868,0.0009462850735206709,0
ACCT_102877,0.0007502082562984969,0
ACCT_102878,0.00010433998552304036,0
ACCT_102882,0.0010184895450653314,0
ACCT_102886,0.0005951135334675554,0
ACCT_102898,0.00027171003675762227,0
ACCT_102917,0.0006086058761504598,0
ACCT_102931,0.009660466535460424,0
ACCT_102933,0.004702136368230807,0
ACCT_102938,7.814914792409956e-05,0
ACCT_102939,0.0015736875503475525,0
ACCT_102941,0.0004468472671568666,0
ACCT_102947,4.174038534764932e-05,0
ACCT_102959,0.0003598969372924173,0
ACCT_102994,0.0009044918541855216,0
ACCT_102995,0.0011278617245904412,0
ACCT_102996,2.3725376327713157e-05,0
ACCT_102997,0.06071165359669189,0
ACCT_103002,0.017423791495912402,0
ACCT_103013,0.00025525980560718126,0
ACCT_103015,4.087862505600807e-05,0
ACCT_103018,0.010346159489678512,0
ACCT_103020,0.0035795497491977434,0
ACCT_103030,0.0006154023029141345,0
ACCT_103031,6.777029042778474e-05,0
ACCT_103046,0.0030786159849156246,0
ACCT_103047,0.00010218094118892381,0
ACCT_103078,0.9380149092605504,0
ACCT_103079,0.009615277942943744,0
ACCT_103089,0.00019282749184284438,0
ACCT_103099,2.6777698831875248e-06,0
ACCT_103101,0.00011751500832400564,0
ACCT_103102,3.778796251076448e-05,0
ACCT_103120,2.5148520508177694e-05,0
ACCT_103121,0.0007287269977773718,0
ACCT_103130,0.00027352504249345596,0
ACCT_103148,0.0005973669609380104,0
ACCT_103162,6.55099460932343e-05,0
ACCT_103172,7.1724854517929e-05,0
ACCT_103182,0.0013974573609523634,0
ACCT_103188,0.0007888076195368328,0
ACCT_103193,0.008435774933426048,0
ACCT_103206,0.0006207326009141394,0
ACCT_103214,7.016066110042796e-05,0
ACCT_103217,0.0008640276934310294,0
ACCT_103219,0.004863906329960491,0
ACCT_103231,0.0006888569204471422,0
ACCT_103239,8.921559003901245e-05,0
ACCT_103242,0.0011383748514557548,0
ACCT_103243,0.00048516839994101755,0
ACCT_103253,0.000168454109314675,0
ACCT_103256,0.0012277411686649243,0
ACCT_103260,0.025964184683708348,0
ACCT_103275,0.0005060876366199026,0
ACCT_103281,0.009228670400494009,0
ACCT_103285,0.001427508244618488,0
ACCT_103318,0.0008619445992713952,0
ACCT_103347,0.02267660587864939,0
ACCT_103352,6.523955529304059e-06,0
ACCT_103360,0.009000933487274689,0
ACCT_103368,0.0008212026662303135,0
ACCT_103369,0.0024513438361367,0
ACCT_103371,0.0019791238810910714,0
ACCT_103376,0.00026361346930399676,0
ACCT_103382,0.00039850883374504214,0
ACCT_103393,0.004851561358246536,0
ACCT_103397,0.9720826109320343,0
ACCT_103398,0.043769600739844663,0
ACCT_103401,0.011181691049453362,0
ACCT_103409,0.0004404025640444548,0
ACCT_103414,0.033619768512014515,0
ACCT_103460,0.0032316859025431914,0
ACCT_103464,0.029850601772311507,0
ACCT_103468,0.00018833881112338032,0
ACCT_103469,0.001041573605945834,0
ACCT_103485,0.9583781304703766,1
ACCT_103517,0.0005848517662647045,0
ACCT_103524,0.00015880661063218205,0
ACCT_103531,0.00023253454405069697,0
ACCT_103541,0.027664016092146894,0
ACCT_103544,0.06187865403115766,0
ACCT_103545,0.0028016333974721576,0
ACCT_103550,0.00034546527549808587,0
ACCT_103553,0.0006658465401687578,0
ACCT_103564,0.0014718276938207127,0
ACCT_103566,0.012800712155507448,0
ACCT_103579,0.0014192482790768009,0
ACCT_103584,3.475591336279974e-05,0
ACCT_103586,0.0006865363200618272,0
ACCT_103588,0.0005600076210507497,0
ACCT_103609,0.05659993615132013,0
ACCT_103610,0.0011464469151443422,0
ACCT_103622,0.00015192884529445272,0
ACCT_103637,0.032694101008733926,0
ACCT_103644,0.00023801328059025573,0
ACCT_103653,0.0004221205158661554,0
ACCT_103660,0.012947940968328808,0
ACCT_103663,0.0028311605311771206,0
ACCT_103670,0.0011966295551406056,0
ACCT_103702,0.001062788063017499,0
ACCT_103719,0.0005743712136015631,0
ACCT_103720,0.0016968953114600825,0
ACCT_103724,6.586219675015262e-05,0
ACCT_103731,2.8613537630536995e-05,0
ACCT_103733,9.015294616439405e-05,0
ACCT_103762,0.821300893442414,0
ACCT_103773,0.00018103087315130502,0
ACCT_103777,0.002035898794902355,0
ACCT_103780,7.667156126823508e-05,0
ACCT_103814,5.0652471820958695e-05,0
ACCT_103818,0.000696745226382051,0
ACCT_103825,9.260539696177595e-05,0
ACCT_103828,0.030039688272451428,0
ACCT_103829,0.000429978160156069,0
ACCT_103831,0.0028797861236374653,0
ACCT_103835,0.0040153171296067195,0
ACCT_103838,7.371859815406564e-05,0
ACCT_103862,1.0887012431168673e-05,0
ACCT_103864,0.006787567714901446,0
ACCT_103866,0.001184530729614879,0
ACCT_103869,0.005359734506511761,0
ACCT_103892,0.0025571824199902733,0
ACCT_103894,0.00041763560443458986,0
ACCT_103899,0.0015210764823353213,0
ACCT_103911,0.0002631576999924686,0
ACCT_103925,0.00380845061373047,0
ACCT_103939,0.00021517615890938104,0
ACCT_103945,0.0002459681773472092,0
ACCT_103959,0.008296670338655408,0
ACCT_103960,0.0005482127994775604,0
ACCT_103963,3.3632490168240835e-05,0
ACCT_103968,0.002843856833067431,0
ACCT_103971,0.0034033318782375733,0
ACCT_103973,0.6240001318311769,0
ACCT_103974,0.0017986462874309246,0
ACCT_103976,3.103140479294298e-05,0
ACCT_103978,0.004197931480593199,0
ACCT_104002,0.00020865189390464238,0
ACCT_104012,0.004125574724872383,0
ACCT_104017,0.006728325321534902,0
ACCT_104022,0.00016498423689830844,0
ACCT_104038,7.112031245434591e-05,0
ACCT_104041,0.004007996535338114,0
ACCT_104063,0.0031476083091505503,0
ACCT_104088,0.002322066725295959,0
ACCT_104099,0.0009305280703061396,0
ACCT_104102,0.0003592852384431814,0
ACCT_104106,0.0011328213492828333,0
ACCT_104121,0.00012510460980379268,0
ACCT_104127,0.00018582791021713502,0
ACCT_104137,0.13799337419091343,0
ACCT_104147,0.006736558655242376,0
ACCT_104157,4.742940312563766e-05,0
ACCT_104170,0.00019103887638607277,0
ACCT_104173,4.7250942226863186e-05,0
ACCT_104176,0.0013045079157676855,0
ACCT_104181,0.0026551310976329606,0
ACCT_104185,0.001152016622601659,0
ACCT_104198,0.0004130338012187227,0
ACCT_104200,0.0010255194753743238,0
ACCT_104210,0.0041396331960513,0
ACCT_104222,0.0004831754736003189,0
ACCT_104225,0.06142823446075008,0
ACCT_104227,0.00037292795331941565,0
ACCT_104241,0.000396804647727509,0
ACCT_104254,0.0006346098782531955,0
ACCT_104255,0.0017798466129500053,0
ACCT_104259,0.003602000882351123,0
ACCT_104261,0.003562336307989526,0
ACCT_104266,0.0007568595519964279,0
ACCT_104274,0.0019103037006520346,0
ACCT_104275,0.0002610547610256752,0
ACCT_104297,0.00027593520495517424,0
ACCT_104301,0.0016179138332610146,0
ACCT_104320,0.0009746535113612521,0
ACCT_104335,0.00020063464006972283,0
ACCT_104345,0.05487814080190236,0
ACCT_104348,4.033492062467181e-05,0
ACCT_104356,0.0027797409894437,0
ACCT_104360,0.42734584620239896,0
ACCT_104382,0.012968853763532311,0
ACCT_104387,0.0016878850743068906,0
ACCT_104395,0.005686812532246344,0
ACCT_104396,0.0011188543341281753,0
ACCT_104405,0.0006782930064596591,0
ACCT_104407,0.000542537160902237,0
ACCT_104421,0.0001464080748358421,0
ACCT_104428,8.568134742768704e-05,0
ACCT_104433,0.010399565570543372,0
ACCT_104443,0.0005706762826750621,0
ACCT_104453,4.1096764416305334e-05,0
ACCT_104458,0.00017119822572778562,0
ACCT_104464,0.0006843814365201231,0
ACCT_104467,0.0004169679113155497,0
ACCT_104470,6.225871085896678e-05,0
ACCT_104474,0.00019861985219863393,0
ACCT_104478,1.6285444842265062e-05,0
ACCT_104483,1.1812456225643238e-05,0
ACCT_104490,1.674913549147305e-05,0
ACCT_104494,0.0007396371248816032,0
ACCT_104508,0.016640308599791525,0
ACCT_104513,0.0034007998348730443,0
ACCT_104539,0.0003923299294166654,0
ACCT_104541,7.026964340616201e-05,0
ACCT_104547,0.0004359570225764601,0
ACCT_104555,4.721186902637686e-05,0
ACCT_104565,0.004687956224763991,0
ACCT_104568,0.008037268381893834,0
ACCT_104573,0.0005123276725734504,0
ACCT_104577,9.965677583705916e-05,0
ACCT_104580,7.3941636900014625e-06,0
ACCT_104599,0.0007425749037996773,0
ACCT_104609,0.008453932962977128,0
ACCT_104611,0.002690139330540165,0
ACCT_104612,0.08531352856378796,0
ACCT_104640,0.00021404288307822934,0
ACCT_104645,0.0029067115326057743,0
ACCT_104646,0.0010802813668245577,0
ACCT_104650,0.00045151152297190453,0
ACCT_104669,0.0008040910380144529,0
ACCT_104678,0.000186550195875693,0
ACCT_104689,0.0005977832270207277,0
ACCT_104714,0.0007215809021132254,0
ACCT_104723,0.0014743556612530609,0
ACCT_104728,0.009326998032180222,0
ACCT_104730,0.0004423969246814625,0
ACCT_104736,0.044810429360874024,0
ACCT_104758,0.0016558284540318352,0
ACCT_104766,0.00020142743625191955,0
ACCT_104767,0.0003379547045838722,0
ACCT_104789,0.0002418350257656485,0
ACCT_104793,0.001279756379166482,0
ACCT_104809,0.000259571839627175,0
ACCT_104814,0.0005625361840654191,0
ACCT_104817,0.0012307706853516547,0
ACCT_104826,0.0026086957663770676,0
ACCT_104830,0.0006984873030219359,0
ACCT_104844,9.843694402847684e-05,0
ACCT_104849,0.02384360503113818,0
ACCT_104858,3.561410534305808e-05,0
ACCT_104861,0.0005177785713381109,0
ACCT_104870,0.014548173932590766,0
ACCT_104877,0.005718247881282566,0
ACCT_104883,0.00034028321736761635,0
ACCT_104898,0.00018999975899713272,0
ACCT_104920,0.0038951073474833534,0
ACCT_104922,0.00234373746562947,0
ACCT_104945,0.0009429050011528575,0
ACCT_104951,0.0009975202210157402,0
ACCT_104961,0.0010782261022711087,0
ACCT_104963,0.00012536873605244978,0
ACCT_104964,0.001035112003160145,0
ACCT_104965,0.30589607798799645,0
ACCT_104974,0.00040446209300005673,0
ACCT_104999,0.0008657011394159907,0
ACCT_105002,4.045525593652503e-05,0
ACCT_105009,0.013480631924539972,0
ACCT_105017,2.8590492196142837e-05,0
ACCT_105018,0.00876818611273719,0
ACCT_105025,0.00017477569001065347,0
ACCT_105032,0.001727469106418608,0
ACCT_105058,0.0009471138934784795,0
ACCT_105071,0.0003460371803026407,0
ACCT_105079,0.010411408518040916,0
ACCT_105080,0.002271669762195649,0
ACCT_105084,0.003966425299649107,0
ACCT_105094,0.06871475417104264,0
ACCT_105098,0.005268541918379999,0
ACCT_105105,7.999048816387424e-05,0
ACCT_105106,0.007203691999072143,0
ACCT_105109,0.060772390468721696,0
ACCT_105110,0.0011159012838533539,0
ACCT_105122,0.0025846672854324543,0
ACCT_105126,0.011879464085470123,0
ACCT_105138,0.006972975889588722,0
ACCT_105141,0.15832784003958147,0
ACCT_105143,3.497410782238334e-05,0
ACCT_105153,7.0460812795796066e-06,0
ACCT_105166,0.000847696609795285,0
ACCT_105167,0.09980413598135345,0
ACCT_105181,0.01733977531073844,0
ACCT_105182,0.05529383912909533,0
ACCT_105188,7.891337312192506e-05,0
ACCT_105209,0.0005317555310443739,0
ACCT_105217,0.0003093187470097222,0
ACCT_105223,9.67777653124402e-05,0
ACCT_105225,0.010722508475112564,0
ACCT_105269,0.0025954669260116847,0
ACCT_105280,5.8727447606666665e-05,0
ACCT_105290,0.00036333457656203833,0
ACCT_105292,0.0002299496440202339,0
ACCT_105293,0.016186587678690707,0
ACCT_105299,0.0011300335429240132,0
ACCT_105302,0.0011364825029462442,0
ACCT_105312,0.0035028258776237664,0
ACCT_105320,0.0001917457956693733,0
ACCT_105331,1.883767771976881e-05,0
ACCT_105334,0.0003140484410447483,0
ACCT_105339,0.0002983211494415164,0
ACCT_105345,0.00012846387379592743,0
ACCT_105346,0.0022420745214569906,0
ACCT_105363,0.006731088869291145,0
ACCT_105378,2.5785505624198412e-05,0
ACCT_105388,0.004705195397869508,0
ACCT_105414,0.07669644434221537,0
ACCT_105435,0.0001614149541083811,0
ACCT_105455,6.388611183386601e-05,0
ACCT_105459,5.4370959500352004e-05,0
ACCT_105463,0.00027538929231575175,0
ACCT_105465,0.0021250960333877794,0
ACCT_105471,0.0071304996909380535,0
ACCT_105487,0.0018741389966835612,0
ACCT_105492,0.00033260236818287154,0
ACCT_105493,0.0029910321749217293,0
ACCT_105496,0.04572008086257284,0
ACCT_105508,2.5767126576294746e-05,0
ACCT_105516,0.003201980424209717,0
ACCT_105526,0.00825802070790043,0
ACCT_105533,0.00011941820921209738,0
ACCT_105537,0.0010785919794975725,0
ACCT_105541,0.0012408549458640013,0
ACCT_105542,0.010683058135377904,0
ACCT_105551,0.0012549363037873214,0
ACCT_105578,0.0007006958904274346,0
ACCT_105588,0.0002771128925485392,0
ACCT_105599,0.0068114371462143705,0
ACCT_105601,0.003414674706914364,0
ACCT_105607,0.027740590946629225,0
ACCT_105609,0.000403852501114987,0
ACCT_105625,0.0002453995820499767,0
ACCT_105633,0.0003115038808480941,0
ACCT_105635,0.0002517440916817607,0
ACCT_105638,0.00020959767600074839,0
ACCT_105652,0.0006911004046755663,0
ACCT_105655,0.00036951310225094943,0
ACCT_105656,2.081975516639205e-05,0
ACCT_105671,0.00013047203947084285,0
ACCT_105685,0.016386192929625586,0
ACCT_105686,0.006527436424350627,0
ACCT_105687,0.00031053245739247104,0
ACCT_105688,0.020416171267478165,0
ACCT_105704,7.75024376504929e-05,0
ACCT_105742,0.0020630115197747424,0
ACCT_105746,0.027421662567425852,0
ACCT_105756,0.03345293360582844,0
ACCT_105770,0.003402605527083859,0
ACCT_105773,0.000989736597410395,0
ACCT_105774,0.001959341422002268,0
ACCT_105776,0.0011892040167056613,0
ACCT_105783,0.000916385582888703,0
ACCT_105787,2.0232853980218252e-05,0
ACCT_105790,0.00025535431784547396,0
ACCT_105809,0.00023850631275971598,0
ACCT_105813,0.000848151434049176,0
ACCT_105820,0.00016079997195370983,0
ACCT_105830,0.021814003725216333,0
ACCT_105839,0.0010868048095032648,0
ACCT_105850,0.0030688695299010975,0
ACCT_105851,0.0026918568877295477,0
ACCT_105857,0.8599658274446497,1
ACCT_105881,0.00033098503492449895,0
ACCT_105885,1.3814744076418625e-05,0
ACCT_105915,0.016942356897506974,0
ACCT_105921,0.08977161409235836,0
ACCT_105939,4.1013370094326884e-05,0
ACCT_105940,0.00042022095604906154,0
ACCT_105947,0.0006398673647731418,0
ACCT_105951,0.0006424186739319308,0
ACCT_105957,0.0007253709408172471,0
ACCT_105973,0.0018543792679169577,0
ACCT_105977,0.005920915259845518,0
ACCT_105982,0.00021393298522532218,0
ACCT_105984,0.003408750748664451,0
ACCT_105988,0.001962319747006549,0
ACCT_105992,0.0001492485004220403,0
ACCT_106000,0.00016159942268149322,0
ACCT_106019,6.431639642837098e-05,0
ACCT_106048,0.012926867298010021,0
ACCT_106049,0.004692166511139749,0
ACCT_106051,0.0001648888717409045,0
ACCT_106070,0.0004362671324489148,0
ACCT_106083,0.0008809414213773374,0
ACCT_106087,0.01192683290513937,0
ACCT_106114,0.0012295257021326398,0
ACCT_106126,0.0009067038348650151,0
ACCT_106127,0.03249846952988898,0
ACCT_106135,0.00010086228561444104,0
ACCT_106153,0.0002037346129032339,0
ACCT_106154,0.0008648553513051667,0
ACCT_106169,0.0004357387141233623,0
ACCT_106177,6.737449383749776e-05,0
ACCT_106186,0.06544138878230969,0
ACCT_106194,0.0007033178640278803,0
ACCT_106197,7.52364829289108e-05,0
ACCT_106211,0.0013937330579291507,0
ACCT_106212,0.04527301254201974,0
ACCT_106219,0.7972449606741273,0
ACCT_106242,0.00010653598910288924,0
ACCT_106254,0.01387699643649215,0
ACCT_106263,0.004896288928357941,0
ACCT_106278,0.00015238894167832672,0
ACCT_106280,0.001121031651010562,0
ACCT_106283,0.00047055037953421517,0
ACCT_106286,4.200020995850527e-05,0
ACCT_106288,7.470921080052842e-05,0
ACCT_106306,0.001050875484800253,0
ACCT_106310,0.0012334379624096175,0
ACCT_106313,0.0006721354768216826,0
ACCT_106314,0.00015247652274124037,0
ACCT_106322,0.003121469677832784,0
ACCT_106326,0.0004459851384059893,0
ACCT_106338,0.00020418493949676114,0
ACCT_106340,0.00016224432228644235,0
ACCT_106342,0.00023975565045958558,0
ACCT_106353,0.0001049497287387005,0
ACCT_106377,0.002252181441661922,0
ACCT_106393,0.01262618322710977,0
ACCT_106396,0.011272487494621881,0
ACCT_106402,0.000961285933582826,0
ACCT_106403,0.003378863229798928,0
ACCT_106439,0.00020795044598896092,0
ACCT_106443,0.004256551002474355,0
ACCT_106444,0.0007217186715230769,0
ACCT_106452,0.0002935067918727676,0
ACCT_106460,0.002418722493344675,0
ACCT_106479,0.004345362036760315,0
ACCT_106482,0.006171188173578354,0
ACCT_106487,0.00014197557261076517,0
ACCT_106502,0.0005204193621196901,0
ACCT_106504,0.30296460928101204,0
ACCT_106507,0.0004945412837294425,0
ACCT_106508,0.0008607006478270987,0
ACCT_106543,0.0021265238902265092,0
ACCT_106548,2.365419784712384e-05,0
ACCT_106549,0.00014588117514409226,0
ACCT_106561,0.0075600480053828354,0
ACCT_106571,7.592896871323575e-05,0
ACCT_106580,6.185204491215553e-05,0
ACCT_106589,0.00022607407325851247,0
ACCT_106590,0.037096398855202654,0
ACCT_106592,0.004767310923341453,0
ACCT_106606,0.0006972020309367495,0
ACCT_106615,0.0003790279498875663,0
ACCT_106637,0.00015773766772840723,0
ACCT_106650,0.00023917852515682958,0
ACCT_106653,0.0012771017908783599,0
ACCT_106655,0.00027145805324180075,0
ACCT_106667,0.0007739498838650075,0
ACCT_106670,7.160598066432668e-05,0
ACCT_106677,0.00035190488637972553,0
ACCT_106687,0.0011304916911983672,0
ACCT_106688,9.55769222600691e-05,0
ACCT_106705,0.0018169509798121365,0
ACCT_106706,0.0011432445437028968,0
ACCT_106712,0.000416357657142178,0
ACCT_106721,0.0003190140933786143,0
ACCT_106727,0.014543124985414985,0
ACCT_106730,0.1338555094142292,0
ACCT_106738,0.25422936766299775,0
ACCT_106741,9.332616439175011e-05,0
ACCT_106756,0.0012378635599112502,0
ACCT_106781,0.0003981816282959374,0
ACCT_106786,0.0011554556025201166,0
ACCT_106792,0.001791022657488686,0
ACCT_106794,0.00015311192258403406,0
ACCT_106806,0.002737584898436786,0
ACCT_106816,0.0029364855596453188,0
ACCT_106823,0.008735313521845263,0
ACCT_106835,0.0123128270312533,0
ACCT_106837,0.049340582689008615,0
ACCT_106852,0.010201367252950002,0
ACCT_106855,0.0021958394015837465,0
ACCT_106857,0.0021535226139387043,0
ACCT_106860,0.012741997354086267,0
ACCT_106863,0.005698631610171065,0
ACCT_106871,0.002491817298122282,0
ACCT_106875,0.15022196338984134,0
ACCT_106884,0.0016728447200734327,0
ACCT_106889,0.003549905308732237,0
ACCT_106891,0.006259953286028018,0
ACCT_106903,9.565304535426502e-05,0
ACCT_106905,0.0037492009927787237,0
ACCT_106915,0.0008439884787460635,0
ACCT_106926,0.009063471509231726,0
ACCT_106930,0.000504656963338159,0
ACCT_106939,0.0003670918243732444,0
ACCT_106940,0.0026244167182676234,0
ACCT_106941,0.006423454688557928,0
ACCT_106962,0.0021841480794424395,0
ACCT_106965,0.003393720268072952,0
ACCT_106972,0.007270521032544718,0
ACCT_106974,1.7570584692794004e-05,0
ACCT_106987,0.0423171128478131,0
ACCT_107014,0.03594549212734842,0
ACCT_107024,0.0003754035123520302,0
ACCT_107045,0.00045494583863558286,0
ACCT_107046,0.0001473884270289061,0
ACCT_107052,0.0022018457233375856,0
ACCT_107057,6.634519623882866e-05,0
ACCT_107066,0.0002857266625479455,0
ACCT_107095,0.002621807537236267,0
ACCT_107098,0.012558539136803146,0
ACCT_107112,0.0219503895693392,0
ACCT_107135,0.00017818951704371604,0
ACCT_107144,0.0019826360043123993,0
ACCT_107146,0.0010868476527658927,0
ACCT_107156,0.0004967980994028286,0
ACCT_107161,0.0027106831431474203,0
ACCT_107164,0.0010236932569133567,0
ACCT_107171,0.00642585504131391,0
ACCT_107184,0.0002904710419772275,0
ACCT_107188,0.0009531282351408618,0
ACCT_107198,0.003001410176810051,0
ACCT_107199,4.240663126729558e-05,0
ACCT_107200,0.010931599497108481,0
ACCT_107206,5.7659876304952665e-05,0
ACCT_107210,0.00038346480294892824,0
ACCT_107218,0.00014014416875461836,0
ACCT_107221,0.019699504078302624,0
ACCT_107230,0.005356160250365331,0
ACCT_107235,4.33599308449666e-05,0
ACCT_107244,0.03811174858191241,0
ACCT_107261,0.0004614474062126512,0
ACCT_107267,0.000857067274710495,0
ACCT_107271,0.016172278889259747,0
ACCT_107275,2.4288489421284138e-05,0
ACCT_107284,6.285485747439415e-06,0
ACCT_107299,0.0006599042427931704,0
ACCT_107308,2.0758174133569038e-05,0
ACCT_107309,4.7068968643149046e-05,0
ACCT_107314,0.0013198684876040056,0
ACCT_107319,0.0001618308528560659,0
ACCT_107321,0.001686648747651965,0
ACCT_107371,0.009222811845793627,0
ACCT_107374,0.004098769941287654,0
ACCT_107376,8.705487336004256e-06,0
ACCT_107383,0.001139258410558935,0
ACCT_107384,5.11684132400193e-05,0
ACCT_107400,1.240751634337952e-06,0
ACCT_107411,0.002406916306069934,0
ACCT_107418,0.000294759852762323,0
ACCT_107421,0.014623932356735625,0
ACCT_107423,0.000658072417765151,0
ACCT_107461,0.00046669544861090487,0
ACCT_107468,0.001882392559444691,0
ACCT_107476,0.00023032766537090798,0
ACCT_107487,0.0005178327207316572,0
ACCT_107518,6.783823730035703e-05,0
ACCT_107527,0.0001289909425665568,0
ACCT_107529,0.0023269387825880137,0
ACCT_107537,0.00031630979201551797,0
ACCT_107551,0.007351621080909579,0
ACCT_107555,0.001382536888784737,0
ACCT_107567,0.0007851268619737819,0
ACCT_107576,0.00010822078122659279,0
ACCT_107596,0.09765453508785521,0
ACCT_107602,0.0002097046401191424,0
ACCT_107620,0.0005458207895490675,0
ACCT_107624,0.004141923317083536,0
ACCT_107626,0.0010762289196225737,0
ACCT_107644,0.00035620153557774974,0
ACCT_107646,0.0001268471474544494,0
ACCT_107650,0.004694951995925386,0
ACCT_107651,0.0009646432849616762,0
ACCT_107653,0.0019726698375085593,0
ACCT_107677,0.0024058065747854206,0
ACCT_107683,5.880869763594155e-05,0
ACCT_107692,0.0011140569090981804,0
ACCT_107703,0.0003210651379491179,0
ACCT_107714,0.042314395343100025,0
ACCT_107718,0.00013118778417259654,0
ACCT_107721,0.0006136476748668855,0
ACCT_107732,0.00034290411266191706,0
ACCT_107734,1.0206785262060614e-05,0
ACCT_107747,0.00027219020568707377,0
ACCT_107748,0.00019498194108536152,0
ACCT_107761,0.05818298987740889,0
ACCT_107762,0.6164708689593598,0
ACCT_107766,0.022292974630950396,0
ACCT_107769,0.0012142921999139186,0
ACCT_107788,2.949825767042891e-05,0
ACCT_107796,0.009739218668234623,0
ACCT_107798,8.21779428639204e-05,0
ACCT_107802,0.0007177330895613805,0
ACCT_107806,0.005074582968393345,0
ACCT_107817,0.020466938004045806,0
ACCT_107830,0.0006480752159387957,0
ACCT_107838,0.0003397362799324101,0
ACCT_107856,0.000215516522203974,0
ACCT_107865,0.0006567464756198512,0
ACCT_107872,0.00039924520858588164,0
ACCT_107887,0.019394346911116155,0
ACCT_107890,0.0008796569694219642,0
ACCT_107894,0.00020037100268978058,0
ACCT_107897,0.0030153248466629813,0
ACCT_107906,0.0001763098288757109,0
ACCT_107907,0.0021959709672641635,0
ACCT_107917,0.0002625632708093699,0
ACCT_107922,0.0003751747059439084,0
ACCT_107924,0.004504574161429789,0
ACCT_107927,0.0002838263887395891,0
ACCT_107936,0.009845417882615138,0
ACCT_107942,0.0007629589396858329,0
ACCT_107954,4.018684038997061e-06,0
ACCT_107964,0.0009590274750936388,0
ACCT_107983,9.93572884929765e-05,0
ACCT_107998,0.003409011275303322,0
ACCT_108004,0.00169450587885082,0
ACCT_108007,0.01152001885157952,0
ACCT_108018,0.01035464193770868,0
ACCT_108020,0.001738531333862946,0
ACCT_108021,0.00024289410058685998,0
ACCT_108024,1.0492424891963758e-05,0
ACCT_108041,7.435929216128664e-05,0
ACCT_108054,0.10608350949441485,0
ACCT_108068,0.004627036435105685,0
ACCT_108070,0.003502340522501673,0
ACCT_108077,0.00033187112306627334,0
ACCT_108081,0.011448212074691908,0
ACCT_108082,0.0002687068007428945,0
ACCT_108086,0.871097446392531,0
ACCT_108102,0.04869545244073036,0
ACCT_108103,0.0005951333257075774,0
ACCT_108110,0.005588066487043801,0
ACCT_108117,0.20446408436245941,0
ACCT_108139,0.00014158880326510946,0
ACCT_108173,0.00031835784592732224,0
ACCT_108190,0.005511233492333759,0
ACCT_108230,0.0029930776914656324,0
ACCT_108237,0.004391340908072626,0
ACCT_108244,9.292514828211118e-05,0
ACCT_108251,0.021839099555250593,0
ACCT_108259,0.0006738178953382612,0
ACCT_108266,0.0012352737503629526,0
ACCT_108274,0.0013641465294883573,0
ACCT_108279,2.747480506114348e-05,0
ACCT_108285,0.0001386316214494439,0
ACCT_108288,0.00048077183285925813,0
ACCT_108291,0.005950875107424068,0
ACCT_108304,0.00017852112040481988,0
ACCT_108307,0.002833222274644487,0
ACCT_108311,0.00038344565531539824,0
ACCT_108312,0.0009277671736485258,0
ACCT_108322,0.002669924957033685,0
ACCT_108330,0.0005237042609541095,0
ACCT_108342,0.0005914575943161848,0
ACCT_108352,0.0033362936370282966,0
ACCT_108368,0.0015316890537804958,0
ACCT_108372,0.001000084812826127,0
ACCT_108375,0.0024312305596979117,0
ACCT_108388,0.00028170723469574094,0
ACCT_108398,0.004449196314264985,0
ACCT_108402,0.0013041508627036095,0
ACCT_108403,2.7907961070131215e-05,0
ACCT_108412,0.0001582844959372663,0
ACCT_108418,8.244536648227324e-05,0
ACCT_108425,0.004632424732871198,0
ACCT_108426,0.00425515293453856,0
ACCT_108435,0.3302375143567546,0
ACCT_108442,0.0026576834796604096,0
ACCT_108450,0.006843840080824368,0
ACCT_108455,0.0009890250134454912,0
ACCT_108461,3.8011401534258153e-05,0
ACCT_108463,0.0009850006890548965,0
ACCT_108469,0.06369595555332785,0
ACCT_108471,0.007210485782974956,0
ACCT_108505,0.0005119449884329326,0
ACCT_108513,0.0006856002761717289,0
ACCT_108514,0.001737584361030731,0
ACCT_108530,0.0033764617621188982,0
ACCT_108535,0.0005608906431554915,0
ACCT_108539,0.0022181390646886833,0
ACCT_108566,3.80443243077187e-05,0
ACCT_108643,0.0002101891194653722,0
ACCT_108656,0.001005266690708637,0
ACCT_108664,0.004505521982265873,0
ACCT_108672,0.00867517723569023,0
ACCT_108674,0.0025394899600989515,0
ACCT_108687,0.000559071280971488,0
ACCT_108692,0.0007853645273826219,0
ACCT_108695,0.012809006672484458,0
ACCT_108698,0.0363844732712269,0
ACCT_108708,0.0009538083142872369,0
ACCT_108712,0.0010117196196678785,0
ACCT_108713,0.00033504075932658543,0
ACCT_108715,0.00036289689343323113,0
ACCT_108722,0.020850836375840124,0
ACCT_108724,0.0007615460679835584,0
ACCT_108733,0.003095449223034288,0
ACCT_108741,0.003155867970456326,0
ACCT_108746,0.0017234304080633001,0
ACCT_108748,0.0001335238997821184,0
ACCT_108749,0.012581998309612928,0
ACCT_108762,0.00038100331459126323,0
ACCT_108768,0.00036600983933660677,0
ACCT_108786,0.0013910078497866313,0
ACCT_108791,0.00024797463157436776,0
ACCT_108792,0.0026285878392037203,0
ACCT_108795,0.5749635058286222,0
ACCT_108798,0.0002531778048514848,0
ACCT_108811,0.0015751607686670757,0
ACCT_108813,0.013041272237317549,0
ACCT_108814,0.037031537047038626,0
ACCT_108826,0.0007115504766081869,0
ACCT_108833,0.001021143238197804,0
ACCT_108836,0.0007921298365353191,0
ACCT_108860,8.849058550621518e-05,0
ACCT_108861,0.001943930767424731,0
ACCT_108870,0.00020832150969812501,0
ACCT_108874,0.002922952901647017,0
ACCT_108882,0.0036562356571116696,0
ACCT_108885,0.03823676677510497,0
ACCT_108887,0.00044067687313951504,0
ACCT_108917,0.0012050797388325452,0
ACCT_108927,0.0019919510900779673,0
ACCT_108932,0.0008766393659046749,0
ACCT_108934,6.613987194447845e-05,0
ACCT_108940,0.0002958653390449003,0
ACCT_108944,0.00013476027720823436,0
ACCT_108948,1.0207776917215428e-05,0
ACCT_108976,0.0003652079726151408,0
ACCT_108990,0.023555741945231655,0
ACCT_108991,0.0001371678501397823,0
ACCT_109000,0.0012345548785923203,0
ACCT_109006,0.0006214514861568067,0
ACCT_109021,0.00013562127788622604,0
ACCT_109083,0.0017410056241956775,0
ACCT_109092,0.04143062890042621,0
ACCT_109096,0.0014978353576232614,0
ACCT_109098,5.910757011076186e-06,0
ACCT_109099,0.00035591066781097457,0
ACCT_109105,0.0290254848002591,0
ACCT_109108,0.0003535048211563216,0
ACCT_109109,0.0027845791810715077,0
ACCT_109113,0.0032061902134868678,0
ACCT_109134,0.0009954296944186091,0
ACCT_109143,0.001129947405666939,0
ACCT_109158,0.002513756102563356,0
ACCT_109173,0.0015946294028589142,0
ACCT_109181,0.0023543613340522443,0
ACCT_109187,0.003093926327370035,0
ACCT_109192,0.003465893909938539,0
ACCT_109193,0.00030302062850821453,0
ACCT_109194,0.00019193798312641116,0
ACCT_109208,4.475972784318444e-05,0
ACCT_109214,0.017131382913612204,0
ACCT_109217,0.02098088123340902,0
ACCT_109222,0.0015422250771321613,0
ACCT_109252,0.0004900052395257604,0
ACCT_109255,0.02031366550654061,0
ACCT_109259,0.006366856820634461,0
ACCT_109264,0.0002310872685279063,0
ACCT_109270,0.091313234502042,0
ACCT_109273,0.0007745313112853413,0
ACCT_109280,0.05427376917989421,0
ACCT_109286,4.079869223743173e-05,0
ACCT_109308,0.018291659480766213,0
ACCT_109338,0.0017478740698451524,0
ACCT_109351,0.0009647939992201566,0
ACCT_109361,0.000534133182504132,0
ACCT_109366,0.0009752320331103471,0
ACCT_109370,0.0023415427290180116,0
ACCT_109377,0.001311548215858089,0
ACCT_109378,1.761207349104777e-05,0
ACCT_109382,0.005627079355801609,0
ACCT_109394,0.05039986011339108,0
ACCT_109407,0.001262888485733663,0
ACCT_109411,0.0007109307550584937,0
ACCT_109414,0.0030490607069625095,0
ACCT_109416,4.475409380121282e-05,0
ACCT_109420,9.895707051916147e-05,0
ACCT_109433,0.002230792407313896,0
ACCT_109434,0.005504703018660581,0
ACCT_109449,0.002121309563402243,0
ACCT_109469,0.007212111890028312,0
ACCT_109473,0.00047735722523498017,0
ACCT_109481,0.021380330081896742,0
ACCT_109492,0.0009712867910829268,0
ACCT_109494,0.051509728080673736,0
ACCT_109504,0.0001169406612290312,0
ACCT_109506,0.036590724449623274,0
ACCT_109508,0.002129391058137533,0
ACCT_109509,0.0014491568083996962,0
ACCT_109512,0.008987198681819018,0
ACCT_109523,7.853633062611199e-05,0
ACCT_109532,0.0010546767673362976,0
ACCT_109539,0.19144219701970383,0
ACCT_109543,0.00030302000941769013,0
ACCT_109553,0.00043135612689859204,0
ACCT_109562,6.761528942118309e-05,0
ACCT_109566,2.6173178555780907e-05,0
ACCT_109567,0.00044173591300373876,0
ACCT_109569,0.0001254155105096072,0
ACCT_109574,0.00023552323817289616,0
ACCT_109598,0.0012817984001004736,0
ACCT_109612,0.0038021960322594047,0
ACCT_109617,0.011355340244731473,0
ACCT_109619,0.0018937232247915547,0
ACCT_109629,8.031379236622609e-05,0
ACCT_109630,0.0010681981882272838,0
ACCT_109648,0.0003466459097026782,0
ACCT_109652,0.0012428279226514322,0
ACCT_109662,8.710852235596964e-05,0
ACCT_109664,0.008285333055498913,0
ACCT_109668,0.008419942099353568,0
ACCT_109679,0.0002847544052337988,0
ACCT_109694,6.822771896690538e-05,0
ACCT_109699,8.04167561029514e-05,0
ACCT_109713,0.0007374144814827616,0
ACCT_109716,0.00028445357048157994,0
ACCT_109721,0.0012303138299555982,0
ACCT_109724,0.000517172402011661,0
ACCT_109754,0.002667822327956503,0
ACCT_109759,0.00033655911322554835,0
ACCT_109775,0.008977099779152663,0
ACCT_109796,0.002670852834106429,0
ACCT_109802,0.0004082417823687048,0
ACCT_109824,0.00043232743208380866,0
ACCT_109828,0.0004035928678650278,0
ACCT_109830,9.449079463485435e-05,0
ACCT_109845,0.014866386939290013,0
ACCT_109849,0.005647523350057685,0
ACCT_109854,0.0003057963996007083,0
ACCT_109858,0.5438297280193137,0
ACCT_109860,0.0003263774566587742,0
ACCT_109866,0.0009921845617523462,0
ACCT_109869,0.00037935041130565406,0
ACCT_109870,0.018817623936829776,0
ACCT_109877,0.0008995916511586384,0
ACCT_109881,0.01705733632898452,0
ACCT_109888,0.0012103956496403619,0
ACCT_109900,0.003086378943761167,0
ACCT_109902,0.013564287907338391,0
ACCT_109909,0.00010697750646351822,0
ACCT_109911,0.0005244031923867482,0
ACCT_109912,0.0022136945896871914,0
ACCT_109982,0.018068609638929714,0
ACCT_109991,0.0008278413314382882,0
ACCT_110003,0.0009107855742710219,0
ACCT_110004,0.003863596416715273,0
ACCT_110018,0.00017978622505133464,0
ACCT_110020,1.9521423155397785e-05,0
ACCT_110026,0.19801736003938794,0
ACCT_110039,0.0035238946966395183,0
ACCT_110056,0.011045126838929822,0
ACCT_110062,0.00013563233672988828,0
ACCT_110085,0.04193565066159943,0
ACCT_110086,0.009514694760115744,0
ACCT_110091,0.0002910167123626572,0
ACCT_110123,0.0001393042771130128,0
ACCT_110148,0.0013006212655089018,0
ACCT_110151,0.0015795886166759968,0
ACCT_110171,0.0001937323580517849,0
ACCT_110173,0.010967592909519432,0
ACCT_110179,0.0007425439494002575,0
ACCT_110199,0.0009005757898038724,0
ACCT_110203,0.0006019771767935617,0
ACCT_110205,0.0032594123621298636,0
ACCT_110210,0.004572539519499432,0
ACCT_110211,0.014118276733672606,0
ACCT_110219,0.0014220219114252346,0
ACCT_110221,0.013130355401855372,0
ACCT_110226,0.22963444522332047,0
ACCT_110233,0.0023615121225665993,0
ACCT_110254,0.01291190959250786,0
ACCT_110269,0.0002051317521769943,0
ACCT_110278,0.0006241043643659672,0
ACCT_110290,0.0019118828753841102,0
ACCT_110302,0.0007130544674752232,0
ACCT_110304,0.0004694552996732517,0
ACCT_110315,0.019086094027926402,0
ACCT_110322,3.1762725359726106e-05,0
ACCT_110324,0.016051706401826023,0
ACCT_110328,0.0024715290064930224,0
ACCT_110331,0.008856014559661396,0
ACCT_110335,0.003905098545370561,0
ACCT_110336,0.00039084835838878833,0
ACCT_110347,0.001273164139428653,0
ACCT_110348,0.002406579194147243,0
ACCT_110357,0.005229169617317306,0
ACCT_110359,0.0005997380797768067,0
ACCT_110361,0.0011551137765046311,0
ACCT_110362,0.0005133878008166212,0
ACCT_110364,0.0010336505717978832,0
ACCT_110372,7.065153727314692e-05,0
ACCT_110380,0.00014002951506294806,0
ACCT_110381,0.01650253682993828,0
ACCT_110383,0.00011961188103373328,0
ACCT_110384,4.779881501425632e-05,0
ACCT_110394,0.036621387726607856,0
ACCT_110398,0.002608244721937312,0
ACCT_110401,5.8938293007542746e-05,0
ACCT_110402,0.006586313290781189,0
ACCT_110407,0.00029998184865229525,0
ACCT_110408,3.393153483126445e-05,0
ACCT_110440,0.0004290907044244834,0
ACCT_110460,0.0002576488532474629,0
ACCT_110462,0.0008573716629573961,0
ACCT_110475,0.0002581388954509049,0
ACCT_110499,0.000446410470571028,0
ACCT_110516,0.00010409956565406027,0
ACCT_110523,0.011367483807959957,0
ACCT_110540,3.727432651016606e-05,0
ACCT_110541,0.00783830600020899,0
ACCT_110546,0.0003600219080118727,0
ACCT_110553,0.0007464776179259036,0
ACCT_110570,0.00010906470474669972,0
ACCT_110572,0.00024479564955476286,0
ACCT_110575,0.00025891986551719365,0
ACCT_110579,0.0005946897383462677,0
ACCT_110588,0.04945288040110055,0
ACCT_110589,1.5755174737830255e-05,0
ACCT_110596,0.0002524170877028206,0
ACCT_110610,5.468340140802082e-05,0
ACCT_110618,0.02169407010522721,0
ACCT_110631,0.007278028109598292,0
ACCT_110635,0.00040101425073432826,0
ACCT_110648,0.0010397559440798797,0
ACCT_110652,6.847898443967004e-05,0
ACCT_110671,0.008053053996433652,0
ACCT_110673,0.0006128088856054439,0
ACCT_110676,0.000332333013593932,0
ACCT_110678,1.6104532668805986e-05,0
ACCT_110686,0.0001041943115650862,0
ACCT_110689,0.00935303984729424,0
ACCT_110696,0.14510189408456942,0
ACCT_110706,0.18405681167526997,0
ACCT_110708,0.0004348568931262536,0
ACCT_110709,0.00021501109694717628,0
ACCT_110727,0.0005078858873571061,0
ACCT_110728,0.008590058320177034,0
ACCT_110739,3.470988692205387e-05,0
ACCT_110744,0.0009747842058772052,0
ACCT_110750,0.00014795007960005926,0
ACCT_110754,0.00012561355425836252,0
ACCT_110776,0.00973923788387246,0
ACCT_110778,4.021592533142851e-05,0
ACCT_110779,0.007976566754389526,0
ACCT_110782,6.090192728673728e-05,0
ACCT_110788,0.020199286248498035,0
ACCT_110799,0.004254236465557263,0
ACCT_110800,0.0001878176742077223,0
ACCT_110801,0.009738065739891262,0
ACCT_110802,0.001191249667590526,0
ACCT_110805,0.001225581328988156,0
ACCT_110811,0.04152941188370056,0
ACCT_110824,0.0015160653638665019,0
ACCT_110827,0.0002251867528144322,0
ACCT_110828,0.0004692693231368278,0
ACCT_110833,0.000389530420578772,0
ACCT_110844,0.1028979658358778,0
ACCT_110847,0.00031094989753866436,0
ACCT_110852,0.0010264022239560406,0
ACCT_110854,9.861331899964418e-05,0
ACCT_110861,0.002192424904682563,0
ACCT_110865,0.00016466044068400257,0
ACCT_110875,0.0004148494471651531,0
ACCT_110881,0.012971194763136878,0
ACCT_110900,0.0012095042709937315,0
ACCT_110902,0.0072232218394375726,0
ACCT_110917,0.00041542011408923025,0
ACCT_110928,0.0001609204812549868,0
ACCT_110935,0.00019039905936553577,0
ACCT_110936,2.9669453067996484e-05,0
ACCT_110946,0.12543305632056725,0
ACCT_110973,0.0003638036704306731,0
ACCT_110984,0.00020396986791265925,0
ACCT_110989,0.0011073963966465128,0
ACCT_110992,0.23214386038395202,0
ACCT_110993,0.00016277506038083302,0
ACCT_110994,0.00037863558838737425,0
ACCT_111005,0.0005043665168557614,0
ACCT_111014,1.0908231716032465e-05,0
ACCT_111026,0.0002254063874162251,0
ACCT_111027,0.000632343745842541,0
ACCT_111030,0.03462537150639436,0
ACCT_111041,2.1643592702122885e-05,0
ACCT_111052,1.7132214734217276e-05,0
ACCT_111054,0.0005167260206044124,0
ACCT_111058,0.00010983908754577558,0
ACCT_111069,0.11287539705166039,0
ACCT_111072,0.005137465369728,0
ACCT_111084,0.0010406020208688696,0
ACCT_111092,3.7255593619929086e-05,0
ACCT_111096,0.00396429005009972,0
ACCT_111097,1.5834353247188002e-05,0
ACCT_111098,0.00023555118279349418,0
ACCT_111110,0.0005989841779463395,0
ACCT_111117,0.00016426446717801246,0
ACCT_111134,0.0002777086527209232,0
ACCT_111136,0.00015399696707759392,0
ACCT_111143,0.00016228076976214194,0
ACCT_111145,0.003990144668036331,0
ACCT_111146,0.24728340189650516,0
ACCT_111155,9.483839484102294e-05,0
ACCT_111165,0.0013172194076449205,0
ACCT_111179,4.942145852397882e-05,0
ACCT_111185,0.0003283521185978196,0
ACCT_111189,0.022592165282699975,0
ACCT_111191,0.00033562364725274447,0
ACCT_111201,0.00042292370916996946,0
ACCT_111205,0.00641678589493717,0
ACCT_111228,0.00018409378168513757,0
ACCT_111242,0.0005128226225800882,0
ACCT_111245,0.00015509380054134936,0
ACCT_111247,0.00037568996383640046,0
ACCT_111250,0.008142278122630305,0
ACCT_111258,0.0016129332356365777,0
ACCT_111267,0.00016703861354886674,0
ACCT_111269,0.0226487864804546,0
ACCT_111276,0.0008182893570565463,0
ACCT_111283,0.0001028283990989739,0
ACCT_111298,0.25642585112571276,0
ACCT_111307,0.14319187986907206,0
ACCT_111320,0.0012022541796193268,0
ACCT_111330,0.0021478055640519692,0
ACCT_111335,0.0002944420691859964,0
ACCT_111342,0.01891490612592364,0
ACCT_111345,0.020481412559191475,0
ACCT_111353,0.00123741857844149,0
ACCT_111362,0.0003353651026025332,0
ACCT_111370,0.00043265525584284186,0
ACCT_111371,7.195927060632734e-05,0
ACCT_111374,0.001906566393180629,0
ACCT_111381,0.00032229538867608985,0
ACCT_111387,0.9803210459117304,0
ACCT_111396,0.0027785297256212463,0
ACCT_111405,0.00016570447852112097,0
ACCT_111407,0.0019365077059750725,0
ACCT_111411,0.9640029484748143,0
ACCT_111440,0.003319939391520598,0
ACCT_111445,0.0016411389932318545,0
ACCT_111458,0.004342057093571736,0
ACCT_111460,0.00028376283573568135,0
ACCT_111463,0.0011214047414675073,0
ACCT_111476,0.007170166477046491,0
ACCT_111478,0.0002243393549960356,0
ACCT_111499,0.0030258952236339545,0
ACCT_111503,0.001826380812247724,0
ACCT_111506,0.0006574025058052488,0
ACCT_111507,0.0008006331588670272,0
ACCT_111508,0.0016628746782929422,0
ACCT_111532,7.081263158924396e-05,0
ACCT_111553,0.0010872929324781855,0
ACCT_111563,0.006062020003709187,0
ACCT_111587,0.017569795871977698,0
ACCT_111596,0.010977867433219185,0
ACCT_111597,0.008301113876413264,0
ACCT_111600,0.0007587481489983387,0
ACCT_111610,0.009318061177367267,0
ACCT_111618,0.0003996470109413768,0
ACCT_111640,0.0013122474911823178,0
ACCT_111650,0.0001801297858886054,0
ACCT_111675,0.3179234292682796,0
ACCT_111677,0.000368544411339573,0
ACCT_111690,0.0010895578117513897,0
ACCT_111695,0.00011118985632734853,0
ACCT_111696,0.00022197078626649765,0
ACCT_111702,0.00901256819444471,0
ACCT_111710,0.0010069090698484027,0
ACCT_111722,0.0001893749054205837,0
ACCT_111732,0.0004988309709454367,0
ACCT_111737,0.0037560938105080472,0
ACCT_111738,0.0003130368105880604,0
ACCT_111762,8.19660558967969e-06,0
ACCT_111770,0.001664211006629713,0
ACCT_111779,0.0030476444122245062,0
ACCT_111796,0.005132080462539428,0
ACCT_111821,6.821997837789983e-05,0
ACCT_111841,0.016404886912509978,0
ACCT_111860,0.0012749233165928438,0
ACCT_111871,0.002299455704372331,0
ACCT_111874,0.15009605872929008,0
ACCT_111876,0.008283094896021219,0
ACCT_111881,0.019402521109518223,0
ACCT_111890,0.002714806298962921,0
ACCT_111894,0.016627327244185062,0
ACCT_111899,0.00025009514763499194,0
ACCT_111900,0.01832148344034857,0
ACCT_111914,0.005225943228303485,0
ACCT_111918,0.010334123338609988,0
ACCT_111948,6.125853231589053e-05,0
ACCT_111953,0.00015358639521943256,0
ACCT_111954,0.0004477893400812894,0
ACCT_111960,0.0007471510958975381,0
ACCT_111966,0.08069850723259969,0
ACCT_111981,0.06663171666706823,0
ACCT_111991,0.0005238720311527741,0
ACCT_111996,0.0005392506107437135,0
ACCT_112015,0.00036221327343605945,0
ACCT_112017,6.541427106071343e-05,0
ACCT_112020,0.0017452091209958056,0
ACCT_112022,0.0002411696492174099,0
ACCT_112024,0.001121546129836747,1
ACCT_112030,0.0010101618632966949,0
ACCT_112065,0.0002581176148671981,0
ACCT_112081,0.000482833064232141,0
ACCT_112082,6.037010828472805e-05,0
ACCT_112100,0.00039295999833652474,0
ACCT_112103,0.00018787163433022205,0
ACCT_112105,0.001096173283934929,0
ACCT_112109,0.0010186862458947145,0
ACCT_112113,0.0017602333462527974,0
ACCT_112117,0.0019156177659022334,0
ACCT_112133,5.475392745455614e-05,0
ACCT_112137,0.06021309199179946,0
ACCT_112151,0.003260622243196297,0
ACCT_112157,5.744706131405395e-05,0
ACCT_112158,0.08406297098659388,0
ACCT_112161,0.10022275760665943,0
ACCT_112163,0.011712727493060383,0
ACCT_112173,5.7573314595870987e-05,0
ACCT_112182,0.0010513812665447952,0
ACCT_112184,0.005202079717075633,0
ACCT_112192,0.0010346008260069942,0
ACCT_112209,0.002485520689614463,0
ACCT_112215,0.0017054531899524745,0
ACCT_112219,4.061960150916307e-05,0
ACCT_112221,0.0027072411452633196,0
ACCT_112236,0.004820666949455848,0
ACCT_112238,0.02383149030496553,0
ACCT_112254,0.00013994171759825077,0
ACCT_112263,0.00026944197014109917,0
ACCT_112265,0.031894812308722674,0
ACCT_112272,0.0005509870897799652,0
ACCT_112283,0.00031750209922843135,0
ACCT_112290,0.03741069155926959,0
ACCT_112293,0.0010251311930279527,0
ACCT_112301,0.003238175424165125,0
ACCT_112334,0.3757941912980006,0
ACCT_112356,0.001988825711420826,0
ACCT_112359,0.001137424329049312,0
ACCT_112360,0.001023080066841307,0
ACCT_112365,0.00029837500104164727,0
ACCT_112370,0.0433076026495994,0
ACCT_112382,0.0007665104909753606,0
ACCT_112395,0.025987595871418235,0
ACCT_112401,0.03362559213015621,0
ACCT_112409,0.6211247714898912,0
ACCT_112421,0.01579116534542053,0
ACCT_112426,0.0007360451077047845,0
ACCT_112429,0.013124960152036383,0
ACCT_112431,0.04854317717411603,0
ACCT_112444,0.00019369940997012407,0
ACCT_112473,0.006495861506371084,0
ACCT_112477,0.0003474831727652946,0
ACCT_112479,4.678152851986496e-05,0
ACCT_112480,0.35137964013370493,0
ACCT_112493,0.0019415386053547477,0
ACCT_112502,0.004316780312857661,0
ACCT_112506,0.00046856118776842173,0
ACCT_112513,0.0025888907395449808,0
ACCT_112514,0.015055112906014648,0
ACCT_112541,0.00013155358529192378,0
ACCT_112542,0.0008013920289251296,0
ACCT_112543,0.007124515389918722,0
ACCT_112550,0.000698922292270236,0
ACCT_112554,0.005230806422895874,0
ACCT_112556,0.0009292016391038459,0
ACCT_112562,0.0012330170061821053,0
ACCT_112570,0.011453028667211268,0
ACCT_112573,0.00019632129188479016,0
ACCT_112576,0.0004547861805512934,0
ACCT_112579,0.0012301894497285055,0
ACCT_112591,0.0003704574649160266,0
ACCT_112612,0.00794617212226789,0
ACCT_112625,0.0003131648182484789,0
ACCT_112639,0.007601122579554785,0
ACCT_112656,0.0007451717376625883,0
ACCT_112657,0.003317846025407933,0
ACCT_112658,0.0522337715964944,0
ACCT_112668,0.006767622233747414,0
ACCT_112671,0.0009216172780753366,0
ACCT_112678,0.864386395631549,1
ACCT_112686,0.005322245882901386,0
ACCT_112695,0.00010228206091306799,0
ACCT_112699,0.0011650223823883835,0
ACCT_112707,0.0008625618996942161,0
ACCT_112726,0.005067747590595161,0
ACCT_112729,0.0011071550669408136,0
ACCT_112732,0.00022763994932151064,0
ACCT_112745,0.008371881382783443,0
ACCT_112747,0.00030394281636314464,0
ACCT_112753,0.0013342648075348913,0
ACCT_112766,0.0006266496530092414,0
ACCT_112768,0.0034504985437536456,0
ACCT_112773,0.008417969356777433,0
ACCT_112791,0.006863394100666127,0
ACCT_112799,0.001593722531152857,0
ACCT_112805,0.00155965922726211,0
ACCT_112811,0.0010698065106972987,0
ACCT_112815,0.009683513208119816,0
ACCT_112826,0.004654031893338895,0
ACCT_112828,0.008702008017515764,0
ACCT_112829,0.04823650106885528,0
ACCT_112835,0.00296907146845889,0
ACCT_112858,0.00682762166323445,0
ACCT_112860,0.001787312089213682,0
ACCT_112870,0.0016635632842487169,0
ACCT_112871,0.009742270618169417,0
ACCT_112875,0.10065992543817762,1
ACCT_112888,0.00040992973410140365,0
ACCT_112906,0.00024887320829974506,0
ACCT_112913,0.0008549004671207338,0
ACCT_112918,0.00014780109444498482,0
ACCT_112922,0.0020767802013139888,0
ACCT_112930,0.042706941607981413,0
ACCT_112939,0.0007163135238206519,0
ACCT_112942,0.009117987253709893,0
ACCT_112953,0.008791318554439554,0
ACCT_112959,8.277740408939457e-05,0
ACCT_112962,0.5423394136796704,0
ACCT_112969,0.0774057687576604,0
ACCT_112975,0.0008974061935705226,0
ACCT_112986,0.01663573569661535,0
ACCT_112987,0.005224206052053184,0
ACCT_112990,0.0011252871083150518,0
ACCT_112996,0.0007178555560469826,0
ACCT_113004,0.04642733083686118,0
ACCT_113010,5.353432324864456e-05,0
ACCT_113017,0.005173893294447596,0
ACCT_113024,0.00021336243530639394,0
ACCT_113032,0.0006770050326363032,0
ACCT_113036,0.00320293704106692,0
ACCT_113044,0.00425712720842363,0
ACCT_113056,0.0037267684867001993,0
ACCT_113057,6.531165928995507e-05,0
ACCT_113060,0.0025683742143706207,0
ACCT_113064,0.00032325802060809427,0
ACCT_113072,0.00043290142914062204,0
ACCT_113076,0.003741645280337762,0
ACCT_113094,0.000943273268047752,0
ACCT_113103,0.00048780571160012356,0
ACCT_113106,0.006299446329088872,0
ACCT_113111,2.9111296055061095e-05,0
ACCT_113116,0.003322356087827833,0
ACCT_113119,0.0035258567886254214,0
ACCT_113136,0.000212996654962821,0
ACCT_113142,0.00021861071212823607,0
ACCT_113143,0.006493234222490115,0
ACCT_113153,0.026184171136578737,0
ACCT_113157,0.01504892961439256,0
ACCT_113163,0.0003088515593557821,0
ACCT_113171,0.0898108102657958,0
ACCT_113173,0.00042695751871792907,0
ACCT_113178,0.00015282965425966071,0
ACCT_113185,0.007926075891773679,0
ACCT_113192,0.0004218982855728108,0
ACCT_113207,0.0003605798234456591,0
ACCT_113216,0.0053684215784604306,0
ACCT_113224,9.331450203395383e-05,0
ACCT_113228,0.42593552250625427,1
ACCT_113239,0.0035917086410324683,0
ACCT_113247,0.000976335867243947,0
ACCT_113248,4.5187204792234995e-05,0
ACCT_113252,0.0015452835455013543,0
ACCT_113264,0.0022631793533306617,0
ACCT_113269,0.00043221109674467005,0
ACCT_113272,0.04053370667237272,0
ACCT_113282,5.938833883360424e-05,0
ACCT_113285,0.06167127049822763,0
ACCT_113291,0.000838040043182739,0
ACCT_113292,0.0395063370917113,0
ACCT_113295,0.0016193887236813135,0
ACCT_113299,0.000233762146474696,0
ACCT_113301,0.0005610027215158066,0
ACCT_113302,0.0035612210979383387,0
ACCT_113309,0.00020571318707181206,0
ACCT_113320,0.0012680744197567215,0
ACCT_113321,8.095060038460152e-05,0
ACCT_113331,0.0008313102857658765,0
ACCT_113336,0.0004562024966697101,0
ACCT_113378,0.0001639275750103956,0
ACCT_113391,0.0009801227407603861,0
ACCT_113393,0.009119690681286007,0
ACCT_113398,0.00047218995440411767,0
ACCT_113403,8.176816988561533e-05,0
ACCT_113405,0.000527073578532072,0
ACCT_113406,0.009981895972888134,0
ACCT_113420,0.00321779277569767,0
ACCT_113424,0.03842699332913952,0
ACCT_113425,7.356587247671181e-05,0
ACCT_113438,0.00011981395573498608,0
ACCT_113449,8.85691601794386e-05,0
ACCT_113451,0.000316004937313649,0
ACCT_113464,4.647709470851051e-05,0
ACCT_113465,4.057635119183614e-05,0
ACCT_113488,0.003870802492431519,0
ACCT_113494,0.043660359197745274,0
ACCT_113525,0.000745514420220992,0
ACCT_113531,0.325947531068177,0
ACCT_113535,0.026121433652792597,0
ACCT_113558,0.0003562133384450494,0
ACCT_113574,0.002163128548694002,0
ACCT_113579,0.002806888954819623,0
ACCT_113580,0.028352627057847874,0
ACCT_113591,0.00041674064699578293,0
ACCT_113608,0.014390208044498387,0
ACCT_113612,0.010723802868935586,0
ACCT_113613,0.00023868383595566494,0
ACCT_113622,0.0003527389857211595,0
ACCT_113643,0.0036094987593434445,0
ACCT_113649,0.001681936803297774,0
ACCT_113654,0.0023048718935263306,0
ACCT_113656,0.0002061216793531281,0
ACCT_113661,3.2478820651755904e-05,0
ACCT_113663,0.002231747408911306,0
ACCT_113673,0.0005851954243896601,0
ACCT_113685,1.8182035539053166e-05,0
ACCT_113692,0.0024201613197953335,0
ACCT_113695,0.012316403797109418,0
ACCT_113701,0.002374818806460443,0
ACCT_113711,0.0008068131931749911,0
ACCT_113714,0.014722717165268379,0
ACCT_113715,0.0003668345844776456,0
ACCT_113723,0.0003025881864986888,0
ACCT_113732,0.005598291608273692,0
ACCT_113744,0.0003378444640361809,0
ACCT_113747,0.011918793487244254,0
ACCT_113751,2.3358978114077474e-06,0
ACCT_113758,0.0004933778711191547,0
ACCT_113766,0.0019481027457679426,0
ACCT_113778,0.00011903302851734434,0
ACCT_113779,0.06189142419726813,0
ACCT_113798,2.897430498909252e-05,0
ACCT_113838,0.07916207327826351,0
ACCT_113845,0.0005747319896478615,0
ACCT_113846,0.0007533753121570613,0
ACCT_113853,0.011505247455426438,0
ACCT_113873,0.004613420473643431,0
ACCT_113878,0.009867226220896261,0
ACCT_113881,0.002906418550187065,0
ACCT_113884,0.0003905435635036362,0
ACCT_113887,2.7951822703092735e-05,0
ACCT_113888,0.0015197919962161343,0
ACCT_113892,0.00028576462514936406,0
ACCT_113907,0.00012121628003272258,0
ACCT_113914,0.00031178890135606744,0
ACCT_113923,0.0038797425143231386,0
ACCT_113929,0.007101313150249839,0
ACCT_113935,0.0007954064506282653,0
ACCT_113942,7.511457382401254e-05,0
ACCT_113943,0.0005500630099142273,0
ACCT_113951,0.002211735909770033,0
ACCT_113971,0.00043591272635177153,0
ACCT_113978,0.001075111449014742,0
ACCT_113984,0.0006994336041341332,0
ACCT_113987,0.006631558755262049,0
ACCT_113991,0.00013101114065297242,0
ACCT_113993,0.0007632419231161962,0
ACCT_114018,0.0006519766001784099,0
ACCT_114035,0.016097340443504915,0
ACCT_114079,0.0002601287003392368,0
ACCT_114080,2.4692118553899675e-05,0
ACCT_114083,0.0010419583792767614,0
ACCT_114087,0.0008157464918488082,0
ACCT_114096,0.00012050335596492847,0
ACCT_114101,0.0019294705395156819,0
ACCT_114107,0.001152236592188446,0
ACCT_114117,0.0003774752023039238,0
ACCT_114125,0.03201436975424742,0
ACCT_114133,0.0014578068913615803,0
ACCT_114152,0.00017493124884446085,0
ACCT_114194,0.010566718596438405,0
ACCT_114222,3.404301984118582e-05,0
ACCT_114223,0.00713531317526025,0
ACCT_114225,0.005195081765710063,0
ACCT_114232,0.0007249996193132036,0
ACCT_114233,0.00014168096968303543,0
ACCT_114235,0.0002625385880720531,0
ACCT_114244,9.78020951260887e-05,0
ACCT_114254,0.0008210736304726836,0
ACCT_114257,0.003533804490156165,0
ACCT_114266,0.0004984313816639243,0
ACCT_114267,0.007385934706146124,0
ACCT_114271,0.0024638843718584667,0
ACCT_114279,0.002740395646572853,0
ACCT_114286,0.0009262443902727116,0
ACCT_114293,0.0009924114578445428,0
ACCT_114294,7.53970114873161e-05,0
ACCT_114297,0.0001776548352460761,0
ACCT_114298,0.00046175242029229387,0
ACCT_114307,0.00023721986489157106,0
ACCT_114316,0.00018624949929635693,0
ACCT_114325,0.004327931524449643,0
ACCT_114333,0.00010023601081561047,0
ACCT_114335,4.871685407484976e-05,0
ACCT_114356,0.006039710345624735,0
ACCT_114363,1.1423175924857627e-05,0
ACCT_114365,0.0007185691805352582,0
ACCT_114366,0.0008521500622664079,0
ACCT_114376,0.8018277502411586,0
ACCT_114378,6.91346269291359e-05,0
ACCT_114383,0.001961010416496757,0
ACCT_114388,0.0022403506215273013,0
ACCT_114391,0.10333315604616485,0
ACCT_114397,0.0004042538101021194,0
ACCT_114398,9.284293903869048e-05,0
ACCT_114402,0.0016262229490637697,0
ACCT_114409,0.004639777142954672,0
ACCT_114422,3.621240569205554e-05,0
ACCT_114428,0.14455107682907878,0
ACCT_114432,0.04160959063021523,0
ACCT_114441,0.0017137539864729245,0
ACCT_114452,9.549899446677828e-05,0
ACCT_114457,0.006538857273963896,0
ACCT_114464,0.0056504759465108925,0
ACCT_114465,0.000713062073910696,0
ACCT_114472,0.00019202657448921361,0
ACCT_114475,0.08534177975470189,0
ACCT_114478,0.0021180135730294643,0
ACCT_114483,0.001861158738963158,0
ACCT_114486,0.07236422110033784,0
ACCT_114501,0.13045026274255753,0
ACCT_114504,0.0010393381283645548,0
ACCT_114506,5.441460920790517e-05,0
ACCT_114511,0.008780820145048359,0
ACCT_114517,0.00010576088739190775,0
ACCT_114519,0.056406980197596705,0
ACCT_114523,0.10749900144803014,0
ACCT_114530,0.0059712979778899136,0
ACCT_114544,0.0007476883012620406,0
ACCT_114551,0.0001692526384574617,0
ACCT_114566,0.0046186431303647,0
ACCT_114576,0.00011267270051204981,0
ACCT_114577,0.0004650926981940275,0
ACCT_114578,6.435173904665666e-05,0
ACCT_114586,0.00013160912838741334,0
ACCT_114587,0.00682241964771541,0
ACCT_114606,0.012871884423086928,0
ACCT_114611,0.00013368020665171569,0
ACCT_114620,0.0018544582785731136,0
ACCT_114622,0.0010534384776373907,0
ACCT_114624,0.0006763560311583403,0
ACCT_114662,0.0004553802529635207,0
ACCT_114675,0.0007112203050631017,0
ACCT_114707,0.005735436076834874,0
ACCT_114708,0.0006669200707117049,0
ACCT_114714,0.004982510608583062,0
ACCT_114744,0.0002314665398101479,0
ACCT_114747,0.003306400754176844,0
ACCT_114760,0.005548768221063855,0
ACCT_114764,0.0013782961016551398,0
ACCT_114782,0.002407505359901468,0
ACCT_114796,0.0021162461153990614,0
ACCT_114827,0.0019008020322212717,0
ACCT_114836,3.5299630049574886e-05,0
ACCT_114841,0.0012133637481946524,0
ACCT_114851,0.0021049122017273237,0
ACCT_114853,0.0018743759509920832,0
ACCT_114857,0.0034781441404012187,0
ACCT_114864,0.0015141343580247974,0
ACCT_114868,0.0003329416356096899,0
ACCT_114871,0.06452322305665083,0
ACCT_114903,1.105327135714521e-05,0
ACCT_114905,0.0009506971047535028,0
ACCT_114909,0.028957104446707575,0
ACCT_114940,0.0013765643166773318,0
ACCT_114951,0.002694237146124873,0
ACCT_114954,0.0020485762121299836,0
ACCT_114957,0.16357459093419635,0
ACCT_114962,0.017414900939260323,0
ACCT_114983,0.0012818645544105671,0
ACCT_114985,0.002679302527640147,0
ACCT_114992,0.00039087107206653063,0
ACCT_114993,0.0004975587563536061,0
ACCT_114999,0.0008977853227084075,0
ACCT_115000,0.008770560265271874,0
ACCT_115019,0.0005393027393378123,0
ACCT_115047,0.0006300157488482172,0
ACCT_115052,0.002077810618973882,0
ACCT_115062,0.009363663369393494,0
ACCT_115094,0.00016971583922530413,0
ACCT_115097,3.853598065559632e-05,0
ACCT_115101,0.006182946515083475,0
ACCT_115108,0.0012612546481316196,0
ACCT_115113,0.009690717374723826,0
ACCT_115123,2.072447539483727e-05,0
ACCT_115124,0.0015294484185083687,0
ACCT_115131,0.00028005408496070797,0
ACCT_115140,0.0013427780223116803,0
ACCT_115157,0.0009570014341402259,0
ACCT_115161,0.00027086176731234843,0
ACCT_115165,0.011929901039375076,0
ACCT_115167,8.357475432529333e-05,0
ACCT_115171,7.236947399502036e-05,0
ACCT_115176,0.004131332207940385,0
ACCT_115179,0.0026437069603723077,0
ACCT_115190,0.006485840730852037,0
ACCT_115191,0.007178859053024045,0
ACCT_115200,0.0002477498037439518,0
ACCT_115207,0.0005326734902403624,0
ACCT_115208,0.0029370217551444983,0
ACCT_115209,0.03935801930369541,0
ACCT_115210,0.0007536982549446162,0
ACCT_115212,0.0002695376769065749,0
ACCT_115223,0.0003395085603968516,0
ACCT_115238,0.003070667749089706,0
ACCT_115244,0.00013000249453269322,0
ACCT_115253,6.552467260403287e-05,0
ACCT_115257,0.00016330841184124763,0
ACCT_115289,0.0001406698907011704,0
ACCT_115298,0.0001675929710315771,0
ACCT_115308,0.02321000940306859,0
ACCT_115309,0.0016457076511096056,0
ACCT_115310,0.1195863127423492,0
ACCT_115330,0.0007628699834123497,0
ACCT_115347,0.00022204530271912318,0
ACCT_115352,0.002537012851091037,0
ACCT_115355,0.0007309869553317894,0
ACCT_115361,3.2477289448705964e-05,0
ACCT_115362,0.019022113592846984,0
ACCT_115363,0.0003549146966208593,0
ACCT_115371,0.00020706692899052193,0
ACCT_115375,0.003117124210045915,0
ACCT_115378,0.00018159243604904884,0
ACCT_115399,0.00041492147985147605,0
ACCT_115409,0.0011847662373552477,0
ACCT_115434,0.0062259536170428285,0
ACCT_115436,0.002067479051799232,0
ACCT_115444,0.00051556545715552,0
ACCT_115458,0.0024364585715330885,0
ACCT_115464,0.0002249103381714923,0
ACCT_115465,0.0009013648242936903,0
ACCT_115470,0.3261878613872382,0
ACCT_115482,0.003608089598672304,0
ACCT_115490,0.0022467864519314477,0
ACCT_115497,0.0009768247617720888,0
ACCT_115499,0.7830976048893676,1
ACCT_115502,0.00028167930817808365,0
ACCT_115503,0.0012605457494797693,0
ACCT_115506,0.5837084078709239,0
ACCT_115537,2.8267165639504583e-05,0
ACCT_115561,0.0003072201998328248,0
ACCT_115567,0.001006743871940496,0
ACCT_115568,0.0024629838289912586,0
ACCT_115572,0.009179739267521567,0
ACCT_115591,0.30201478162788636,0
ACCT_115601,0.0007203911495471823,0
ACCT_115602,0.00034818435864768276,0
ACCT_115604,0.004646792578709914,0
ACCT_115608,0.000709344226872661,0
ACCT_115610,0.0003064202928070219,0
ACCT_115635,0.0004205087024659432,0
ACCT_115644,0.004301400040530477,0
ACCT_115654,0.0007841546684427021,0
ACCT_115655,0.020091226749183125,0
ACCT_115656,0.00022687696279612683,0
ACCT_115660,0.30037726550439103,0
ACCT_115670,0.00025355988666654004,0
ACCT_115675,8.476179228721161e-05,0
ACCT_115681,0.00017306035193916317,0
ACCT_115683,0.005422249045175099,0
ACCT_115689,0.0052600912414528115,0
ACCT_115706,0.0008786819702279946,0
ACCT_115707,0.0024830741768141797,0
ACCT_115711,0.0013549484073056791,0
ACCT_115713,0.0006538494769337611,0
ACCT_115718,0.00022845515388425708,0
ACCT_115729,0.0006112595892749492,0
ACCT_115731,5.000820003096545e-05,0
ACCT_115737,0.0006312902174435153,0
ACCT_115750,0.010825039203363196,0
ACCT_115770,0.004261024658333832,0
ACCT_115800,0.016699560914785163,0
ACCT_115807,0.0004762052724670283,0
ACCT_115808,0.013206784495895945,0
ACCT_115811,0.0005160392891612418,0
ACCT_115834,0.001169162859399447,0
ACCT_115844,0.001534698600060752,0
ACCT_115856,0.002070017132459278,0
ACCT_115859,0.001317664631988386,0
ACCT_115866,0.001120227962183041,0
ACCT_115869,0.022737991672816968,0
ACCT_115871,6.19062111741934e-05,0
ACCT_115891,0.0001396565290365433,0
ACCT_115895,0.00031760785842272854,0
ACCT_115908,0.00015839133869688921,0
ACCT_115918,0.0050292834551575105,0
ACCT_115919,0.0003717573297975952,0
ACCT_115924,0.00011180237766669757,0
ACCT_115930,0.013089057589648366,0
ACCT_115938,0.003304199895990429,0
ACCT_115939,0.0024242571136053096,0
ACCT_115947,0.00015182226737873062,0
ACCT_115948,0.0001899488317242144,0
ACCT_115972,0.0005716250952400137,0
ACCT_115978,0.11061165746166189,0
ACCT_115982,0.014189058350031593,0
ACCT_115984,0.003363696076051468,0
ACCT_116003,0.00100451867081079,0
ACCT_116009,9.102404565315239e-05,0
ACCT_116020,0.001055536538618433,0
ACCT_116025,0.011439888589547902,0
ACCT_116034,0.004492524517005556,0
ACCT_116066,0.0008747157855519932,0
ACCT_116067,0.03236300821754241,0
ACCT_116079,0.000649368654137544,0
ACCT_116081,0.0005293461301595499,0
ACCT_116083,0.010882365826178637,0
ACCT_116091,0.001201608663333253,0
ACCT_116109,0.00420623821306783,0
ACCT_116110,0.0001687734125029779,0
ACCT_116111,0.027488962854252317,0
ACCT_116113,0.001579958924541239,0
ACCT_116116,8.687699162224071e-05,0
ACCT_116122,7.588145102025725e-05,0
ACCT_116124,0.012385931688964466,0
ACCT_116126,0.0012156086289678535,0
ACCT_116137,0.007619897721226255,0
ACCT_116140,0.03674099574599728,0
ACCT_116157,0.0008969070801395894,0
ACCT_116174,0.0010349116769675928,0
ACCT_116175,0.000771426182979225,0
ACCT_116179,0.003974283627067136,0
ACCT_116181,1.2335576537815071e-05,0
ACCT_116183,0.1533863210664593,0
ACCT_116184,0.0011071325910238115,0
ACCT_116191,0.00014003807327775527,0
ACCT_116206,0.00023484020516228283,0
ACCT_116210,0.0033786576185262395,0
ACCT_116231,0.0003920973805673898,0
ACCT_116234,0.0008677726263904341,0
ACCT_116235,0.0006077019351618543,0
ACCT_116239,0.0017793092842850096,0
ACCT_116248,0.09148704113924974,0
ACCT_116252,0.006880458782014726,0
ACCT_116257,0.0046774237534307475,0
ACCT_116258,0.0003594999085785115,0
ACCT_116272,0.0062220695241224,0
ACCT_116274,0.0026030427384971136,0
ACCT_116293,0.00011651896121423708,0
ACCT_116319,0.0032117940617674306,0
ACCT_116335,0.03490971750868717,0
ACCT_116342,0.16300229564480792,1
ACCT_116357,7.772242241928386e-05,0
ACCT_116358,0.0005489519172686403,0
ACCT_116359,0.0006270424833291067,0
ACCT_116363,0.00022847653623152422,0
ACCT_116366,0.0016679242318703238,0
ACCT_116367,0.0014127688779179113,0
ACCT_116370,0.0016583755225210045,0
ACCT_116376,0.002170412406098856,0
ACCT_116377,0.0033758653043302615,0
ACCT_116381,0.00014950693612532433,0
ACCT_116382,0.0005963323506042692,0
ACCT_116385,0.000979521942242464,0
ACCT_116394,0.0053582668548568975,0
ACCT_116402,0.0018537929046687203,0
ACCT_116403,0.0009917711644769668,0
ACCT_116410,0.0009506589372543949,0
ACCT_116412,0.00039129204549866094,0
ACCT_116415,7.132258195923677e-05,0
ACCT_116423,0.012941254505982255,0
ACCT_116431,0.0033465014587495284,0
ACCT_116435,0.04425479439881448,0
ACCT_116436,0.0011037045181167386,0
ACCT_116441,7.094731460724937e-05,0
ACCT_116459,0.006018990871551884,0
ACCT_116465,0.0014785725069329013,0
ACCT_116466,0.004661487146403886,0
ACCT_116467,0.23748825314411479,0
ACCT_116475,7.643676875651461e-05,0
ACCT_116491,0.00022552965228103482,0
ACCT_116493,0.00397046239355167,0
ACCT_116515,0.0008476010699815079,0
ACCT_116548,0.002361417455105616,0
ACCT_116553,0.01673624493117811,0
ACCT_116569,0.00022680280477617603,0
ACCT_116581,0.009232809979889492,0
ACCT_116602,4.2027644635580724e-05,0
ACCT_116610,0.0004525453552050304,0
ACCT_116614,0.0016885941417053472,0
ACCT_116626,0.0002490963412890343,0
ACCT_116628,0.0006021501099984795,0
ACCT_116662,0.07573157292219654,0
ACCT_116693,0.00011393155665058537,0
ACCT_116698,8.462929076003864e-06,0
ACCT_116701,5.283677378672689e-05,0
ACCT_116706,0.0011028273197486837,0
ACCT_116710,0.0007695411718699613,0
ACCT_116716,0.004711593926368916,0
ACCT_116731,0.0011166970775098003,0
ACCT_116734,0.0004752332992265963,0
ACCT_116761,0.07117873217156209,0
ACCT_116762,0.0021023542906887533,0
ACCT_116771,0.001306208108524749,0
ACCT_116773,6.436131589494488e-05,0
ACCT_116778,0.0005140210832869253,0
ACCT_116799,0.00014810135843470763,0
ACCT_116800,0.0017660339862403856,0
ACCT_116805,0.12640890662232823,1
ACCT_116821,0.0001818786746794071,0
ACCT_116830,6.733407455836167e-05,0
ACCT_116843,0.003520870453975755,0
ACCT_116845,0.0009187665984834647,1
ACCT_116850,0.000438081769781931,0
ACCT_116851,0.0018206028756124273,0
ACCT_116858,0.0001599204260253239,0
ACCT_116872,9.65490281157011e-05,0
ACCT_116882,0.006123580064490409,0
ACCT_116889,0.006736784872790616,0
ACCT_116901,0.000540462830292517,0
ACCT_116908,0.027442580791050178,0
ACCT_116920,0.0016817366417522578,0
ACCT_116939,0.005592915010825527,0
ACCT_116955,0.0006596117290272025,0
ACCT_116979,0.0031982299093048137,0
ACCT_116980,1.6654323662698988e-05,0
ACCT_116992,8.226054407413205e-05,0
ACCT_117001,0.0004151060585229148,0
ACCT_117003,0.0017522559342153185,0
ACCT_117007,0.0015893217874182017,0
ACCT_117017,0.00013221136055691145,0
ACCT_117019,0.008837242385971826,0
ACCT_117025,0.0008550976671113628,0
ACCT_117045,0.00012014234762122834,0
ACCT_117058,0.002398395164053693,0
ACCT_117075,0.002498694335139832,0
ACCT_117089,0.1352095242867751,0
ACCT_117090,0.00711827500623335,0
ACCT_117098,3.943210261034175e-05,0
ACCT_117101,0.0029125922404619913,0
ACCT_117102,3.970210031829975e-05,0
ACCT_117106,0.000147250050893731,0
ACCT_117124,0.00041193136356460267,0
ACCT_117127,0.001811504510327486,0
ACCT_117155,0.000991335270671242,0
ACCT_117157,0.0017476225765771446,0
ACCT_117162,0.00019252350781652302,0
ACCT_117167,0.00018886657072883663,0
ACCT_117168,0.00027263037394195314,0
ACCT_117180,0.0004176517867556897,0
ACCT_117189,0.008545587745624372,0
ACCT_117199,0.003828581160413078,0
ACCT_117200,5.8921067847840445e-05,0
ACCT_117204,0.0036723948562316523,0
ACCT_117218,0.0011991075206942607,0
ACCT_117219,0.003318457453058178,0
ACCT_117232,0.002455670883895791,0
ACCT_117235,0.0005017492046241519,0
ACCT_117237,0.00010584951589194464,0
ACCT_117238,1.0445398841594822e-05,0
ACCT_117244,0.00022764935563507682,0
ACCT_117249,0.0002695915726324953,0
ACCT_117273,0.00047309094563487483,0
ACCT_117279,3.9209336047659436e-05,0
ACCT_117281,0.00046468955256458145,0
ACCT_117293,0.0022365933511411516,0
ACCT_117303,0.0002445043672344415,0
ACCT_117329,1.547043006056819e-05,0
ACCT_117333,0.004316141386874431,0
ACCT_117334,0.33277909457187627,0
ACCT_117343,1.4273699066814685e-05,0
ACCT_117352,0.031973154721939415,0
ACCT_117358,0.0005255462968529839,0
ACCT_117372,7.456154655977837e-05,0
ACCT_117379,0.0021327469653509095,0
ACCT_117385,0.000246403506263225,0
ACCT_117388,0.006314381640732258,0
ACCT_117393,0.00021445845141198798,0
ACCT_117395,0.00038846343529171844,0
ACCT_117401,0.003681767950920533,0
ACCT_117405,0.0014808357434367822,0
ACCT_117406,0.00012115488104161053,0
ACCT_117409,0.00022663730080697367,0
ACCT_117417,0.001819249188914128,0
ACCT_117424,0.5504643404805245,0
ACCT_117438,0.001008324026040675,0
ACCT_117452,0.0006374194996272189,0
ACCT_117466,0.03515158096015286,0
ACCT_117469,0.00020403804646062246,0
ACCT_117479,0.004479770464578924,0
ACCT_117521,0.058978918218060526,0
ACCT_117525,0.0001295351542816284,0
ACCT_117526,0.0012065655990200403,0
ACCT_117533,2.8320360194119926e-05,0
ACCT_117535,0.0016877130605726476,0
ACCT_117539,0.02107226463290084,0
ACCT_117541,0.0014779227535642173,0
ACCT_117548,0.011733242668765666,0
ACCT_117556,0.0013486862195029856,0
ACCT_117569,0.00010698556321426679,0
ACCT_117595,0.0008465097719180183,0
ACCT_117608,0.0005851042830916619,0
ACCT_117621,0.3683231878716726,0
ACCT_117625,0.018122591207327093,0
ACCT_117635,0.013083453241901912,0
ACCT_117642,0.00017073493543170174,0
ACCT_117644,0.05492608307849783,0
ACCT_117647,0.0038792832392068825,0
ACCT_117654,0.0013829132408805823,0
ACCT_117665,0.0003403465163624481,0
ACCT_117672,0.002022148011726039,0
ACCT_117679,0.00016865252274312975,0
ACCT_117688,0.00035708708870718924,0
ACCT_117693,0.00020851665162137885,0
ACCT_117695,0.0003626638341931655,0
ACCT_117705,0.0005078900008322777,0
ACCT_117713,0.03110833757893563,0
ACCT_117726,0.0243211481922387,0
ACCT_117732,0.0006025782366870101,0
ACCT_117741,0.0005668640663791195,0
ACCT_117755,0.0007594713755030594,0
ACCT_117760,0.0018918544588654124,0
ACCT_117767,0.0007362187029188241,0
ACCT_117768,9.574870367390063e-05,0
ACCT_117769,0.04189798407715308,0
ACCT_117776,0.12724041997671093,0
ACCT_117785,0.014315960650522408,0
ACCT_117787,0.10271617877263484,0
ACCT_117789,0.00031205828972169226,0
ACCT_117796,0.00039021253105358937,0
ACCT_117814,0.0015909419756420398,0
ACCT_117824,0.0029786693046046793,0
ACCT_117829,0.0006195017540278662,0
ACCT_117840,0.00042073343818646255,0
ACCT_117845,0.0011919435838614676,0
ACCT_117851,0.0017509355258446399,0
ACCT_117852,0.0030844265685173768,0
ACCT_117856,0.002465265835815661,0
ACCT_117874,0.001203725763093495,0
ACCT_117875,0.0016194616257897746,0
ACCT_117882,0.027115701132624397,0
ACCT_117892,1.9186513014350167e-05,0
ACCT_117908,0.001643705160393589,0
ACCT_117914,0.0013339596265036378,0
ACCT_117921,0.00917172129310842,0
ACCT_117945,0.00041231211516044175,0
ACCT_117946,0.004916634401016388,0
ACCT_117950,0.00024217749252670377,0
ACCT_117953,0.0017865647591887052,0
ACCT_117955,0.0025716347832085203,0
ACCT_117957,0.002547212052859177,0
ACCT_117970,0.00015861626696279227,0
ACCT_117977,0.00018958315857119283,0
ACCT_117978,0.0016884622780083166,0
ACCT_118018,0.0002610753957895231,0
ACCT_118024,0.00019320668954190835,0
ACCT_118045,0.00020735653744563973,0
ACCT_118053,0.007356011165833116,0
ACCT_118054,0.0002860715154814834,0
ACCT_118066,2.6991607180992577e-05,0
ACCT_118068,0.009184618758880868,0
ACCT_118075,6.714037029834866e-05,0
ACCT_118087,0.002514724672338621,0
ACCT_118096,0.0006048540358105643,0
ACCT_118106,0.00024383317582518953,0
ACCT_118108,9.7309863336678e-05,0
ACCT_118112,0.0006292468462398815,0
ACCT_118114,0.001928606239723319,0
ACCT_118125,0.0019545469370354355,0
ACCT_118130,0.0013481494444751083,0
ACCT_118144,0.001159741891453643,0
ACCT_118145,0.002969902751591225,0
ACCT_118150,0.1920534110536133,0
ACCT_118151,0.000149871773564526,0
ACCT_118164,4.127974294057044e-05,0
ACCT_118176,0.00044688838605815576,0
ACCT_118181,0.00018771270985009562,0
ACCT_118191,0.00753129217055318,0
ACCT_118196,0.003870179210551318,0
ACCT_118201,0.01394719927405998,0
ACCT_118205,0.007759759994286208,0
ACCT_118206,0.008196654360103148,0
ACCT_118209,0.016882354132095295,0
ACCT_118240,0.0035434068275129837,0
ACCT_118241,0.0006251692580313316,0
ACCT_118245,0.0023828411204416676,0
ACCT_118265,0.00029215960912766444,0
ACCT_118296,9.581651294946711e-05,0
ACCT_118297,0.00012506460127424977,0
ACCT_118302,0.00047122224714404127,0
ACCT_118307,4.581294718653773e-05,0
ACCT_118318,0.00030205346243253057,0
ACCT_118321,0.0009358270954394738,0
ACCT_118343,0.0005697572848949095,0
ACCT_118349,0.006142492748738771,0
ACCT_118353,0.0009458752682407236,0
ACCT_118359,0.004078021187391252,0
ACCT_118360,0.0002270529923249072,0
ACCT_118367,0.00212395049427882,0
ACCT_118374,0.0004159102723529593,0
ACCT_118393,2.936554616357005e-05,0
ACCT_118394,0.005381442756297731,0
ACCT_118400,0.0003565658096232517,0
ACCT_118439,0.0007288051789328661,0
ACCT_118442,0.0006629343437300901,0
ACCT_118446,0.009512849720283975,0
ACCT_118456,0.0015816442939721664,0
ACCT_118460,0.00023866303284730554,0
ACCT_118463,0.011887312728829853,0
ACCT_118478,0.022487112956771745,0
ACCT_118484,0.015400130206333516,0
ACCT_118492,0.0024268296512749013,0
ACCT_118493,0.0004568368409897871,0
ACCT_118507,0.0041938172795020654,0
ACCT_118527,0.014188951099822487,0
ACCT_118528,0.0002282107895679372,0
ACCT_118541,0.006778548967340056,0
ACCT_118551,0.0069194135223442374,0
ACCT_118582,0.17982396875872944,0
ACCT_118584,0.00030193317520101044,0
ACCT_118586,0.05158310111794886,0
ACCT_118606,0.004972878942560543,0
ACCT_118613,0.0467244694496033,0
ACCT_118626,0.007201707962872285,0
ACCT_118661,0.022077727644367873,0
ACCT_118688,0.02132932163200122,0
ACCT_118696,0.0011550173391227058,0
ACCT_118707,0.0003758882184651307,0
ACCT_118716,0.0003062405579286051,0
ACCT_118722,0.0022639791967600333,0
ACCT_118728,0.00070689117276767,0
ACCT_118733,0.0003019420205610114,0
ACCT_118738,0.031569275860923555,0
ACCT_118750,0.00013486605901631696,0
ACCT_118753,0.00034314182633757935,0
ACCT_118762,0.0250072077652989,0
ACCT_118764,0.00012189365899628633,0
ACCT_118798,0.030153847625271943,0
ACCT_118804,0.00015728798930831936,0
ACCT_118807,0.0008589592603863533,0
ACCT_118811,2.0966865748943576e-05,0
ACCT_118812,0.518768294944449,0
ACCT_118830,0.02556400002969356,0
ACCT_118839,5.266627033317381e-05,0
ACCT_118855,0.000384893746756894,0
ACCT_118859,8.174136768136759e-05,0
ACCT_118863,0.20596914863973417,0
ACCT_118864,0.0003830653054678647,0
ACCT_118873,0.004378424922471929,0
ACCT_118902,0.4116344069212453,0
ACCT_118904,0.0007134869833389949,0
ACCT_118905,0.0006635489795442681,0
ACCT_118928,1.0704068821333382e-05,0
ACCT_118929,7.343365449841316e-05,0
ACCT_118930,0.0012318211704221715,0
ACCT_118932,0.0008772148533994997,0
ACCT_118936,0.00047122141510109837,0
ACCT_118951,0.0003712045297859475,0
ACCT_118960,0.008297737618313376,0
ACCT_118986,0.027157763508795413,0
ACCT_119000,0.0012260771155081234,0
ACCT_119002,0.000838199205389526,0
ACCT_119017,0.00033017128099146955,0
ACCT_119021,0.0007153675398000092,0
ACCT_119045,0.003904778813158288,0
ACCT_119047,0.000568437041220637,0
ACCT_119051,0.0012555964175454798,0
ACCT_119061,0.0003998034143320752,0
ACCT_119076,0.0014208378357803617,0
ACCT_119089,0.006515287755364788,0
ACCT_119091,0.00045425676460974536,0
ACCT_119092,0.0006425880910273941,0
ACCT_119093,0.06619195769417631,0
ACCT_119094,0.2490919102733351,0
ACCT_119102,0.005450460205092089,0
ACCT_119103,0.00015782793152346606,0
ACCT_119118,0.0014387799885518472,0
ACCT_119124,4.101837264801264e-05,0
ACCT_119131,0.00010235687772284862,0
ACCT_119146,0.00020808134449634612,0
ACCT_119157,0.021952662578884487,0
ACCT_119164,0.010746597992962478,0
ACCT_119171,0.005277290439700007,0
ACCT_119176,0.00039671391342686115,0
ACCT_119186,0.0020180065580196064,0
ACCT_119188,0.003935641060990175,0
ACCT_119196,0.6553885756477006,0
ACCT_119204,0.00025523643232396227,0
ACCT_119206,0.0007086745149468901,0
ACCT_119208,0.0010060183730432864,0
ACCT_119210,1.8767764829460827e-05,0
ACCT_119214,0.01913669822843753,0
ACCT_119217,0.00020845341980114734,0
ACCT_119238,0.002021262558171712,0
ACCT_119248,0.0077458365740446615,0
ACCT_119250,0.0001947346136397559,0
ACCT_119251,0.007230047003024782,0
ACCT_119262,0.0007032049127225992,0
ACCT_119263,0.00014729615677789798,0
ACCT_119273,0.0008142594682861672,0
ACCT_119277,0.0006092263828088591,0
ACCT_119278,0.000387764609527158,0
ACCT_119279,0.000636192598024497,0
ACCT_119280,7.377111536961414e-05,0
ACCT_119286,0.001897510606579074,0
ACCT_119290,0.0007173345553913943,0
ACCT_119291,0.0010069530897421101,0
ACCT_119303,0.0013186897647682126,0
ACCT_119309,0.0006869121095092657,0
ACCT_119319,0.0024746161504304184,0
ACCT_119344,0.0016687052016584245,0
ACCT_119348,0.00027458292903005617,0
ACCT_119356,6.45960061805711e-05,0
ACCT_119363,0.00041253035253817214,0
ACCT_119374,0.00019328028387796377,0
ACCT_119396,0.03146146085570085,0
ACCT_119405,0.02902997315789244,0
ACCT_119406,0.006616166966062368,0
ACCT_119407,0.013478657686312035,0
ACCT_119411,0.0009717983800329845,0
ACCT_119413,0.00011947127328852368,0
ACCT_119416,0.0002921329692282242,0
ACCT_119418,0.002614821844437268,0
ACCT_119419,0.0008916363858099364,0
ACCT_119421,0.00027528121475039834,0
ACCT_119423,0.020687116488923112,0
ACCT_119427,0.0008626920814668354,0
ACCT_119429,0.0002560933427932845,0
ACCT_119432,0.0010212176501061929,0
ACCT_119438,0.00221003630736411,0
ACCT_119459,0.004844047317415533,0
ACCT_119470,0.00016428861375495683,0
ACCT_119473,6.100039990021391e-05,0
ACCT_119478,8.36075503730355e-05,0
ACCT_119480,0.01532050874934829,0
ACCT_119486,2.0009846917404057e-05,0
ACCT_119497,0.0008457249098266353,0
ACCT_119499,0.0001758637650039757,0
ACCT_119504,0.003142272652547334,0
ACCT_119515,6.516906263098074e-05,0
ACCT_119527,0.003063566175479421,0
ACCT_119541,0.0011259515255069726,0
ACCT_119546,0.0021507188652519003,0
ACCT_119547,0.02732371569849244,0
ACCT_119556,0.001889606291658028,0
ACCT_119567,0.0001837919353492402,0
ACCT_119577,0.00020660966665950745,0
ACCT_119586,0.005636110816883628,0
ACCT_119603,0.0001276450467511656,0
ACCT_119604,0.013182342200545856,0
ACCT_119610,0.012533088970745024,0
ACCT_119614,0.0008023661264883875,0
ACCT_119619,0.00013797677818257314,0
ACCT_119620,0.00021357566153436087,0
ACCT_119626,0.0012779233910137596,0
ACCT_119639,0.007402166080774872,0
ACCT_119674,0.0010576626535334992,0
ACCT_119677,0.011041727462751927,0
ACCT_119679,0.0005022912723785753,0
ACCT_119680,0.00037109843613931107,0
ACCT_119681,0.0001397083420281956,0
ACCT_119693,0.0008984331004195107,0
ACCT_119700,0.0006859693544505578,0
ACCT_119711,0.0005112107566086553,0
ACCT_119736,0.03882962181699043,0
ACCT_119766,0.00010083237427223576,0
ACCT_119768,0.004485460942199667,0
ACCT_119770,0.07691439881193271,0
ACCT_119775,0.00021111781948639644,0
ACCT_119776,0.008199944955999329,0
ACCT_119779,0.0008052086722350532,0
ACCT_119780,0.0003614938176463756,0
ACCT_119782,0.000133736553959769,0
ACCT_119796,0.00016640395314923288,0
ACCT_119797,0.009709572471633132,0
ACCT_119818,0.00021419112226832133,0
ACCT_119833,6.182700075099779e-05,0
ACCT_119840,3.0145874218761635e-05,0
ACCT_119842,0.003070683635506406,0
ACCT_119848,0.00016672698592579187,0
ACCT_119854,0.002933257725922285,0
ACCT_119856,0.07959528343426915,0
ACCT_119863,0.02597471386554115,0
ACCT_119867,0.00015013389482594714,0
ACCT_119871,0.0005173156555564156,0
ACCT_119873,0.004151795125969722,0
ACCT_119874,0.001086836829502981,0
ACCT_119881,0.004703236253735004,0
ACCT_119887,0.0008442241670435816,0
ACCT_119901,3.440307906585742e-05,0
ACCT_119903,1.071724821880654e-05,0
ACCT_119906,6.470253969810681e-05,0
ACCT_119912,0.016223341162311066,0
ACCT_119930,0.0015087457796271768,0
ACCT_119936,8.537729070505709e-05,0
ACCT_119957,0.004504317199306048,0
ACCT_119972,0.0018475402989361366,0
ACCT_119978,0.003515450020298843,0
ACCT_119990,0.005458897212891204,0
ACCT_119994,0.0029370980600587782,0
ACCT_119997,0.0005280270321027272,0
ACCT_120001,0.006552314196998173,0
ACCT_120004,2.1453133255948362e-05,0
ACCT_120016,0.0002308428180336806,0
ACCT_120029,0.0036788136151997162,0
ACCT_120033,0.0002331929926415692,0
ACCT_120039,0.10611887908197923,0
ACCT_120054,0.00015983265902821695,0
ACCT_120074,0.0014634550698238618,0
ACCT_120083,0.3777316734392066,0
ACCT_120085,0.00019060023905374774,0
ACCT_120095,0.0004062431507340115,0
ACCT_120097,0.000767782378475538,0
ACCT_120102,9.813068441352107e-05,0
ACCT_120128,3.5222688383869577e-05,0
ACCT_120137,0.006403079859053802,0
ACCT_120146,0.001959828119980921,0
ACCT_120150,0.0008134932909224793,0
ACCT_120165,0.002141717778880524,0
ACCT_120173,0.0005741478590226407,0
ACCT_120186,0.0032469624484656504,0
ACCT_120192,0.008420907407850706,0
ACCT_120203,0.0014244457464561654,0
ACCT_120205,0.008362298706794868,0
ACCT_120208,0.0007849974539275914,0
ACCT_120222,0.005316828755128475,0
ACCT_120236,0.004262678186539851,0
ACCT_120239,0.0004208749647446588,0
ACCT_120241,0.021349583607539933,0
ACCT_120263,0.0034477310549564724,0
ACCT_120264,0.010800219045123753,0
ACCT_120283,0.0002502099171164085,0
ACCT_120288,0.014092141438469883,0
ACCT_120306,9.596505197464137e-05,0
ACCT_120329,0.0022447527321109756,0
ACCT_120347,0.08590063288958849,0
ACCT_120355,0.00010934877426031409,0
ACCT_120356,0.03656167687166089,0
ACCT_120376,0.001138526651740197,0
ACCT_120378,0.003214546990201234,0
ACCT_120389,0.00035052654857871575,0
ACCT_120390,0.00181286458046646,0
ACCT_120409,3.0020063691248802e-05,0
ACCT_120416,0.0003969524562396795,0
ACCT_120447,0.0005595337811332671,0
ACCT_120463,0.00015295776106180524,0
ACCT_120469,0.00048208022248845184,0
ACCT_120471,0.000703955795797634,0
ACCT_120473,0.0026400304265101924,0
ACCT_120474,8.367031579838861e-05,0
ACCT_120480,0.00028698066033062665,0
ACCT_120486,0.004098240301279248,0
ACCT_120488,4.494370501140251e-05,0
ACCT_120498,0.06867554459833435,0
ACCT_120501,0.0005128456236082716,0
ACCT_120507,0.0006860987622865913,0
ACCT_120512,0.002376904104874674,0
ACCT_120514,0.00010165198872160703,0
ACCT_120518,4.547417794120046e-05,0
ACCT_120520,0.000254268674841648,0
ACCT_120521,0.029589035192502555,0
ACCT_120523,0.0008227155566352799,0
ACCT_120527,4.2794538821077997e-05,0
ACCT_120550,7.442064624728092e-05,0
ACCT_120551,0.00010372008696768341,0
ACCT_120554,0.10765388806210051,0
ACCT_120563,0.00568078327122293,0
ACCT_120580,8.767371119958784e-05,0
ACCT_120592,0.0013088073943361214,0
ACCT_120593,0.005954139605861337,0
ACCT_120596,0.0006474519079166197,0
ACCT_120608,0.02659839844544178,0
ACCT_120611,0.0036850773533724083,0
ACCT_120624,0.0011694652795994802,0
ACCT_120630,0.00014317068031434276,0
ACCT_120631,0.0009963311232330909,0
ACCT_120646,0.012036486857879704,0
ACCT_120665,5.818393808452119e-05,0
ACCT_120678,0.0025825086061274554,0
ACCT_120690,0.0022263895886849836,0
ACCT_120692,0.00036944308973024375,0
ACCT_120701,0.0012850674751332068,0
ACCT_120706,0.0010750270013227127,0
ACCT_120709,0.00020333394241531203,0
ACCT_120726,0.0007227825488873711,0
ACCT_120740,0.000794790179540526,0
ACCT_120752,0.00010131386866777447,0
ACCT_120760,0.002882217745188384,0
ACCT_120764,0.05745473467156426,0
ACCT_120770,0.00023708141931491923,0
ACCT_120774,0.005242705228490059,0
ACCT_120779,0.0003087650900018489,0
ACCT_120782,0.00014290434543986686,0
ACCT_120790,9.890136626980585e-05,0
ACCT_120793,0.003158534909528664,0
ACCT_120796,0.00020962354267577778,0
ACCT_120801,0.17476585996698368,0
ACCT_120807,8.561198599951946e-05,0
ACCT_120812,0.00013467811983636333,0
ACCT_120816,1.48524946115973e-05,0
ACCT_120818,0.29465104380801854,0
ACCT_120829,0.003312971472282001,0
ACCT_120862,0.00041165955872498325,0
ACCT_120877,0.0005238481619586735,0
ACCT_120886,0.0024444371435101728,0
ACCT_120907,0.00023190998695038723,0
ACCT_120919,0.0012582809685531275,0
ACCT_120925,0.0001714997689987323,0
ACCT_120931,0.0011085715488014217,0
ACCT_120956,0.0002065078100230173,0
ACCT_120960,0.0017906155010350426,0
ACCT_120983,0.0007881307004465372,0
ACCT_120988,0.23480099815526437,1
ACCT_120993,0.0009603768433020595,0
ACCT_120997,0.014681171948832023,0
ACCT_120999,0.007105340868984663,0
ACCT_121001,0.00019806332754358636,0
ACCT_121012,9.19424677965362e-05,0
ACCT_121015,0.00023933164245607338,0
ACCT_121037,0.0019231988004683516,0
ACCT_121041,0.00030700911889201897,0
ACCT_121044,0.010435255240952214,0
ACCT_121047,1.732906376032398e-05,0
ACCT_121048,0.0002379065427902843,0
ACCT_121062,0.00025205453002940793,0
ACCT_121067,6.782224248191431e-05,0
ACCT_121071,0.0006127843993650457,0
ACCT_121073,0.012416683033396608,0
ACCT_121095,0.2049366098747893,0
ACCT_121100,0.00010081810168705051,0
ACCT_121101,2.319016235590875e-05,0
ACCT_121107,0.0009919159545449718,0
ACCT_121123,0.0001702986813172095,0
ACCT_121124,0.0010342161639716706,0
ACCT_121133,0.018279528717024127,0
ACCT_121136,0.0006309814805605636,0
ACCT_121143,0.0003301558789975335,0
ACCT_121168,0.0025879924629881776,0
ACCT_121169,0.0030782212085626766,0
ACCT_121173,1.0981303456286528e-05,0
ACCT_121184,4.460240679965743e-05,0
ACCT_121206,2.8979651005538585e-05,0
ACCT_121216,0.09974822297172058,0
ACCT_121227,0.0002646830626707106,0
ACCT_121229,0.0010475304214919556,0
ACCT_121243,0.0027589634927450888,0
ACCT_121255,2.987372856443944e-05,0
ACCT_121262,0.024751629935279337,0
ACCT_121263,0.0006362023399998951,0
ACCT_121271,0.00046183047612017214,0
ACCT_121291,0.005559389057728573,0
ACCT_121303,0.00029075702031933367,0
ACCT_121304,0.009521946532306997,0
ACCT_121308,0.0006571897112340454,0
ACCT_121312,0.004254141289505207,0
ACCT_121342,0.0007494434737617479,0
ACCT_121360,0.0005968018558487337,0
ACCT_121361,0.00027513239487539495,0
ACCT_121376,0.008653001118937414,0
ACCT_121380,0.0049154952970944495,0
ACCT_121383,0.059444602928592036,0
ACCT_121391,0.0005026844765267638,0
ACCT_121398,0.00043388524125618903,0
ACCT_121409,0.00013886377447989312,0
ACCT_121411,0.007495644209429919,0
ACCT_121426,0.0024308355093384817,0
ACCT_121427,0.0027158563053926083,0
ACCT_121437,3.1823746672625005e-05,0
ACCT_121444,0.00018876641394945942,0
ACCT_121451,0.005429179713328979,0
ACCT_121453,0.00429744568206802,0
ACCT_121454,0.0026066028765351123,0
ACCT_121458,0.000244717476081862,0
ACCT_121474,0.0008074535739109198,0
ACCT_121490,0.00010156675073822073,0
ACCT_121498,4.143655629591596e-05,0
ACCT_121500,0.0019821381017132993,0
ACCT_121521,0.00041080942036612726,0
ACCT_121540,0.0006625935617897636,0
ACCT_121548,0.001968570788029994,0
ACCT_121553,0.00012900069677374142,0
ACCT_121558,0.003788916046255425,0
ACCT_121579,5.6904762225633084e-05,0
ACCT_121599,0.02058356067882523,0
ACCT_121601,0.0020783401060074634,0
ACCT_121608,0.0016832390025925945,0
ACCT_121616,0.0030504977371335075,0
ACCT_121617,0.0018091347340684818,0
ACCT_121619,0.0003510423906266548,0
ACCT_121632,0.0005575168199892136,0
ACCT_121644,8.250843601343665e-05,0
ACCT_121649,0.004322425205651284,0
ACCT_121657,3.807076798435057e-05,0
ACCT_121675,0.005093707053726796,1
ACCT_121684,0.003944200086643418,0
ACCT_121692,0.0010824917956064406,0
ACCT_121700,5.408802672649299e-05,0
ACCT_121702,0.0013424153645035196,0
ACCT_121704,0.0009364213159499863,0
ACCT_121728,0.0008555704846404582,0
ACCT_121730,0.00020616390769652624,0
ACCT_121739,0.00046619198439444435,0
ACCT_121749,0.05710485399280425,0
ACCT_121750,0.001393528775835477,0
ACCT_121770,0.007854496072879079,0
ACCT_121783,0.001017906341789235,0
ACCT_121799,0.001162476291610899,0
ACCT_121808,0.00045425260432105683,0
ACCT_121815,0.00011784591248419951,0
ACCT_121820,4.392690819122859e-05,0
ACCT_121822,0.0001873873428384979,0
ACCT_121827,0.0005945237237772975,0
ACCT_121833,0.0006938762274655485,0
ACCT_121838,0.0018032459085088961,0
ACCT_121841,0.00606602650171418,0
ACCT_121844,0.00020694412311730864,0
ACCT_121847,6.141580118488029e-05,0
ACCT_121855,0.00035800374090623943,0
ACCT_121858,6.51344896329512e-05,0
ACCT_121860,0.000498645960878243,0
ACCT_121881,0.002067521365972415,0
ACCT_121885,0.00016612783103982326,0
ACCT_121892,0.0037794175700714794,0
ACCT_121893,0.0019909815117334154,0
ACCT_121903,0.00021677628199419615,0
ACCT_121907,0.0007738517707203508,0
ACCT_121922,0.0009132514287322765,0
ACCT_121926,0.5930081166593588,0
ACCT_121941,0.00021089441449965586,0
ACCT_121950,0.0012917351147852041,0
ACCT_121951,0.00022917813689075637,0
ACCT_121955,0.0005366403927434328,0
ACCT_121961,0.00024040208156743504,0
ACCT_121972,0.01911507537254248,0
ACCT_121974,0.0028557786339647295,0
ACCT_121976,0.004388775865213298,0
ACCT_121980,0.0031201236233051274,0
ACCT_121999,0.00022836848350864258,0
ACCT_122003,0.00025590169605916864,0
ACCT_122018,0.00026244987750319955,0
ACCT_122030,0.0032527407639664874,0
ACCT_122032,0.00038608887738743563,0
ACCT_122041,0.3364361326460069,0
ACCT_122043,0.05585913073127121,0
ACCT_122045,0.25782968297127185,0
ACCT_122058,0.01036801335256041,0
ACCT_122060,0.010409988392655849,0
ACCT_122061,0.0004883438756967395,0
ACCT_122065,0.00027133363839595975,0
ACCT_122067,0.0009770024671420705,0
ACCT_122089,0.0001903763922058138,0
ACCT_122091,0.0014655041111699492,0
ACCT_122104,0.0017218025495283453,0
ACCT_122115,0.002307720018549687,0
ACCT_122128,0.0010716998780107292,0
ACCT_122135,0.0015787528341676068,0
ACCT_122136,0.004454515590793297,0
ACCT_122138,0.0003950408516025894,0
ACCT_122148,0.01283815753764742,0
ACCT_122178,0.0022438766224837626,0
ACCT_122182,0.0007252482897770809,0
ACCT_122185,7.304256609437287e-05,0
ACCT_122202,0.001704989008630619,0
ACCT_122205,6.0194558946200054e-05,0
ACCT_122213,0.0005370580957460531,0
ACCT_122219,0.0017210599350156214,0
ACCT_122222,0.004001646548944036,0
ACCT_122233,0.00010870108788859847,0
ACCT_122235,0.0001333635207168908,0
ACCT_122240,0.00018645436304361184,0
ACCT_122255,0.0005192334232568648,0
ACCT_122257,0.005967978199492951,0
ACCT_122263,5.809394176018047e-05,0
ACCT_122273,0.005365912042879472,0
ACCT_122278,0.014700881433534024,0
ACCT_122280,0.0003851567220494184,0
ACCT_122302,0.002489511737751564,0
ACCT_122306,0.0006271209726077349,0
ACCT_122324,0.003968551351635057,0
ACCT_122327,0.0004900587912288621,0
ACCT_122329,0.00016761215969415445,0
ACCT_122332,0.00014071496396689115,0
ACCT_122335,0.0006719572210477826,0
ACCT_122339,0.0006735647978840461,0
ACCT_122341,1.839742936087351e-05,0
ACCT_122344,0.01550731942773292,0
ACCT_122352,0.3039305485952844,0
ACCT_122357,0.000157237765452289,0
ACCT_122358,0.00014388709359163988,0
ACCT_122359,0.0002729576456273852,0
ACCT_122365,0.01466180682165165,0
ACCT_122369,0.009062156935774605,0
ACCT_122370,0.0034462792648718883,0
ACCT_122390,9.122543063246282e-05,0
ACCT_122395,0.009288715017673421,0
ACCT_122396,0.01764343746149162,0
ACCT_122429,0.08171760164997886,0
ACCT_122462,0.00043693564822364236,0
ACCT_122481,0.00011477782521370073,0
ACCT_122491,3.146635663381863e-05,0
ACCT_122505,0.0007267738337393924,0
ACCT_122537,0.0010942964594431062,0
ACCT_122538,0.008563154614187884,0
ACCT_122544,0.001163610468064153,0
ACCT_122553,0.0009255000145133301,0
ACCT_122559,0.0020038874047228015,0
ACCT_122598,0.00034541368213268246,0
ACCT_122606,5.755000240840588e-05,0
ACCT_122609,0.0013813747880403729,0
ACCT_122611,0.011712477964523139,0
ACCT_122623,0.00025559287379356535,0
ACCT_122630,0.006029721473728909,0
ACCT_122636,0.015367746967780479,0
ACCT_122648,9.320293000239539e-05,0
ACCT_122649,0.0003892544515953049,0
ACCT_122659,0.09661107074302529,0
ACCT_122661,0.0007196646170417584,0
ACCT_122677,0.0003917772842939191,0
ACCT_122678,0.018774243440427274,0
ACCT_122680,0.00045711916580726985,0
ACCT_122686,0.0621521791437948,0
ACCT_122695,0.6871350080631238,0
ACCT_122696,0.00020066226753843682,0
ACCT_122699,0.0035669924051793833,0
ACCT_122711,0.013698573317091393,0
ACCT_122714,0.00010936003658031789,0
ACCT_122718,0.000108370462958715,0
ACCT_122731,0.000140155625953437,0
ACCT_122737,0.0011911801487965573,0
ACCT_122742,0.0003151048630743207,0
ACCT_122746,0.003062430147352538,0
ACCT_122751,0.0001127311018710483,0
ACCT_122754,0.043684821920251284,0
ACCT_122767,0.0010451226955069705,0
ACCT_122769,0.0002581740053905111,0
ACCT_122773,6.369970473488224e-05,0
ACCT_122783,0.010532701531244556,0
ACCT_122798,0.002724413851153008,0
ACCT_122801,0.010638337643644089,0
ACCT_122802,0.0010738721154897638,0
ACCT_122803,0.00013437795487812872,0
ACCT_122807,0.000777008745206581,0
ACCT_122817,0.021777491362907964,0
ACCT_122824,0.0003829981485600856,0
ACCT_122837,0.00016335995385804625,0
ACCT_122846,0.0004124064842550672,0
ACCT_122852,5.833651783566314e-06,0
ACCT_122855,0.01166027568736336,0
ACCT_122856,0.0003135581125593809,0
ACCT_122866,0.003477254656020833,0
ACCT_122874,0.001091034214619888,0
ACCT_122884,0.00035369821532467237,0
ACCT_122889,0.006315693665185156,0
ACCT_122896,0.0031082321784476497,0
ACCT_122905,0.0005288408307340696,0
ACCT_122916,0.00043377153832017083,0
ACCT_122923,0.0033557132285244088,0
ACCT_122924,0.007084440428614953,0
ACCT_122927,0.003489419664889083,0
ACCT_122930,0.0029824465723236734,0
ACCT_122936,0.000944691243206398,0
ACCT_122939,3.683709796913261e-05,0
ACCT_122943,0.00568181622120392,0
ACCT_122948,0.002229759203604524,0
ACCT_122953,0.009733668953048061,0
ACCT_122955,0.010819284412759004,0
ACCT_122960,4.0301797814475047e-05,0
ACCT_122963,0.13698638773724847,0
ACCT_122964,0.0005078758607801983,0
ACCT_122994,0.017300499338682333,0
ACCT_123001,0.00076780288201441,0
ACCT_123004,0.014468028404555397,0
ACCT_123011,0.00013284860281658628,0
ACCT_123018,0.0015036575432493058,0
ACCT_123020,0.00014832911814373635,0
ACCT_123030,8.649923975893157e-05,0
ACCT_123031,0.0002033389318265442,0
ACCT_123044,0.0006089158037906583,0
ACCT_123060,1.6462582754135142e-05,0
ACCT_123102,0.00044630699683211625,0
ACCT_123108,0.0001928325893749839,0
ACCT_123119,9.263651555718672e-05,0
ACCT_123137,0.00020609786062538978,0
ACCT_123143,0.0010171850531091092,0
ACCT_123145,0.0013945688555139764,0
ACCT_123152,0.010188895716378177,0
ACCT_123154,0.04223322623635277,0
ACCT_123160,0.0010419069341285187,0
ACCT_123180,0.00010955588275246897,0
ACCT_123187,0.0005258895652265113,0
ACCT_123192,0.007330342870768942,0
ACCT_123201,0.0011639483376044845,0
ACCT_123206,0.001056420691039503,0
ACCT_123209,0.00045816464357846087,0
ACCT_123210,0.0003586187981103523,0
ACCT_123211,0.002212940237599174,0
ACCT_123213,2.2417461524803976e-05,0
ACCT_123220,8.720671036092422e-05,0
ACCT_123221,0.0005623321815676249,0
ACCT_123226,0.0024642977936370296,0
ACCT_123234,0.0009885592767419934,0
ACCT_123258,0.00011731506760156623,0
ACCT_123264,0.007412356120394176,0
ACCT_123267,0.001187590320970057,0
ACCT_123268,4.741172046596952e-05,0
ACCT_123269,0.0038671881925295814,0
ACCT_123272,3.090662068573351e-05,0
ACCT_123277,0.008572592368797016,0
ACCT_123288,0.004638968908541393,0
ACCT_123294,0.0013145556966998116,0
ACCT_123301,0.005474357218468939,0
ACCT_123303,0.0013270078862435196,0
ACCT_123308,0.00423173863829319,0
ACCT_123323,0.00018259899809825467,0
ACCT_123348,0.020118578039242566,0
ACCT_123352,0.004640727761885018,0
ACCT_123369,0.0055748962140846365,0
ACCT_123390,0.014662890324644587,0
ACCT_123400,0.001383166501814179,0
ACCT_123403,0.00016612876144484078,0
ACCT_123405,0.00010146814195196804,0
ACCT_123408,0.0014558905104060697,0
ACCT_123410,3.3724914853002935e-05,0
ACCT_123437,0.027531201520325947,0
ACCT_123443,0.00016090047833792795,0
ACCT_123445,0.005518892224734742,0
ACCT_123464,0.010738491829601642,0
ACCT_123472,0.005965301100029655,0
ACCT_123474,0.35834640946907886,0
ACCT_123481,0.0001351699784474424,0
ACCT_123500,0.0011107258133888093,0
ACCT_123503,0.00020374273008335125,0
ACCT_123513,0.00010798001293161854,0
ACCT_123519,0.0003574892468031507,0
ACCT_123525,0.0005554315132614012,0
ACCT_123530,0.001074268359944188,0
ACCT_123532,0.0011495892652996827,0
ACCT_123533,0.000559928434601627,0
ACCT_123542,0.001219823325217154,0
ACCT_123545,0.00021894819381149493,0
ACCT_123549,5.372790378039293e-05,0
ACCT_123563,0.005091819000824028,0
ACCT_123587,0.0003756906492190047,0
ACCT_123595,0.00013538038478639567,0
ACCT_123626,0.061023121558342774,0
ACCT_123637,0.00027434273858482216,0
ACCT_123638,0.0009099084860114819,0
ACCT_123649,0.09679929895328664,0
ACCT_123651,0.07595477184150927,0
ACCT_123681,3.8412041521785295e-05,0
ACCT_123690,0.0012011422589679474,0
ACCT_123702,0.0005921929017721542,0
ACCT_123730,0.000945278219463467,0
ACCT_123735,0.09736365566178552,0
ACCT_123737,0.0007906558982289083,0
ACCT_123743,0.3804056404815135,0
ACCT_123747,0.00010066415156599268,0
ACCT_123752,0.01068258501073158,0
ACCT_123771,8.791525026093448e-05,0
ACCT_123777,0.0017005498531452322,0
ACCT_123783,0.0004009586206702162,0
ACCT_123789,0.00025545757636027033,0
ACCT_123810,0.0009161326806907062,0
ACCT_123812,0.0011338749654209684,0
ACCT_123825,0.0004329005936927232,0
ACCT_123832,0.005935975998353556,0
ACCT_123847,0.0011894283851246216,0
ACCT_123853,1.983164860909549e-05,0
ACCT_123861,0.0005701514985431092,0
ACCT_123868,0.0005440624252462096,0
ACCT_123876,0.022868848646048327,0
ACCT_123889,7.035119477357759e-05,0
ACCT_123916,0.00048237350740932926,0
ACCT_123930,0.004860786955949528,0
ACCT_123931,0.007909824759767158,1
ACCT_123936,0.0009950255298021658,0
ACCT_123939,0.028360944647515447,0
ACCT_123958,0.00018357444677145765,0
ACCT_123963,0.0007582142127039747,0
ACCT_123967,2.6950413543463675e-05,0
ACCT_123968,0.033622586059390926,0
ACCT_123971,0.0005528068707620756,0
ACCT_123977,0.011690311896931578,0
ACCT_124015,0.020745941231772688,0
ACCT_124030,0.0006495442436074886,0
ACCT_124053,0.0017192345425042974,0
ACCT_124071,0.0007472712526576027,0
ACCT_124074,6.177493256350885e-05,0
ACCT_124080,0.0002174247009802845,0
ACCT_124084,0.0020051872760072503,0
ACCT_124111,0.0050840797416948184,0
ACCT_124113,0.006805477105824799,0
ACCT_124128,0.0016372101698711844,0
ACCT_124133,0.0005962840184093629,0
ACCT_124137,0.00025523395918993245,0
ACCT_124143,0.0001330732162065902,0
ACCT_124144,2.8165083515346005e-05,0
ACCT_124149,0.0007478767107197544,0
ACCT_124152,0.0003601343021616968,0
ACCT_124164,0.00013732066850744766,0
ACCT_124169,0.00015449966221190123,0
ACCT_124175,0.0023417260562424093,0
ACCT_124197,0.010618529038546853,0
ACCT_124205,0.004941276255768781,0
ACCT_124219,0.00030951983676188663,0
ACCT_124239,8.309569216510098e-05,0
ACCT_124241,8.864288404648596e-05,0
ACCT_124243,0.0004867437337326744,0
ACCT_124245,0.00012561896209021333,0
ACCT_124257,0.0020248468561610824,0
ACCT_124264,0.5111074002953737,0
ACCT_124268,0.0003916687033138688,0
ACCT_124306,0.0009737782545242931,0
ACCT_124322,0.002054757892861988,0
ACCT_124324,0.11717586608847494,0
ACCT_124333,0.002494299519314737,0
ACCT_124346,0.07488160163652767,0
ACCT_124353,0.0028192740181167877,0
ACCT_124361,0.033410459140545364,0
ACCT_124382,2.921494734090097e-05,0
ACCT_124386,0.0003110118379187687,0
ACCT_124387,0.03020501291374041,0
ACCT_124413,0.0008868672956854034,0
ACCT_124416,0.0010507773331970484,0
ACCT_124425,0.001224097748003536,0
ACCT_124427,4.095825073147508e-05,0
ACCT_124428,0.000754303204850657,0
ACCT_124445,5.76322710821344e-05,0
ACCT_124448,0.0013055960738641856,0
ACCT_124451,0.001232712932814221,0
ACCT_124460,0.0003000536224715679,0
ACCT_124484,8.792148158503896e-05,0
ACCT_124493,0.0005046287420007186,0
ACCT_124500,0.0014589508107730543,0
ACCT_124504,0.0002945696904579257,0
ACCT_124506,7.534854801336373e-05,0
ACCT_124509,0.00013233940391033547,0
ACCT_124523,1.7117879124111496e-05,0
ACCT_124533,0.026938222665823054,0
ACCT_124538,2.848833193423672e-05,0
ACCT_124540,0.00032658776745540097,0
ACCT_124542,0.0010013159773684234,0
ACCT_124546,0.06142387823183334,0
ACCT_124554,0.000333474910862394,0
ACCT_124557,0.004924070833668745,0
ACCT_124564,0.004518589463969855,0
ACCT_124576,0.0010051357079574146,0
ACCT_124579,0.0004601139563865455,0
ACCT_124581,0.0002562518231930343,0
ACCT_124584,0.003597084642606291,0
ACCT_124591,0.00046048279558337827,0
ACCT_124605,0.002929155716439957,0
ACCT_124633,0.0021751165218695046,0
ACCT_124635,0.00997853215117325,0
ACCT_124637,0.001140296661931441,0
ACCT_124652,0.00025015783659592967,0
ACCT_124659,7.451565624862306e-05,0
ACCT_124670,2.936267947944655e-05,0
ACCT_124672,0.0009676057879747752,0
ACCT_124677,0.0008630892689001236,0
ACCT_124696,0.0005341844673871234,0
ACCT_124700,0.02308036957771411,0
ACCT_124708,3.184897376746866e-05,0
ACCT_124712,0.0012727152474303043,0
ACCT_124726,0.0005132059877928264,0
ACCT_124730,0.0005119939263964339,0
ACCT_124739,0.00023666246142146528,0
ACCT_124743,0.00010211038200390663,0
ACCT_124744,0.00048547285219868193,0
ACCT_124751,0.0008676925851746495,0
ACCT_124756,0.0004960142655558037,0
ACCT_124758,0.0006686175287832988,0
ACCT_124759,0.8484122991624199,1
ACCT_124762,0.00011200992907976914,0
ACCT_124791,0.0015477198554613417,0
ACCT_124792,0.001371497783694809,0
ACCT_124801,0.001285805013756693,0
ACCT_124806,0.0009301650978903101,0
ACCT_124807,0.001179955663804712,0
ACCT_124811,8.918142514754729e-05,0
ACCT_124823,0.000161061947415621,0
ACCT_124825,0.0005610779036115909,0
ACCT_124826,0.0008297056962870592,0
ACCT_124829,0.0009453933023413038,0
ACCT_124837,0.0004045773654993292,0
ACCT_124838,5.5453338065273e-05,0
ACCT_124847,0.00011932305916538659,0
ACCT_124849,0.005429807096659661,0
ACCT_124866,0.00021615380550592811,0
ACCT_124875,0.0009653736870281828,0
ACCT_124881,3.038008086087143e-05,0
ACCT_124888,2.9587352095665378e-05,0
ACCT_124895,0.0037313448993578063,0
ACCT_124899,0.0031838353685936004,0
ACCT_124905,0.0006732574252040557,0
ACCT_124910,0.00027127720129635366,0
ACCT_124942,0.0013383646818146164,0
ACCT_124947,0.000714689310559502,0
ACCT_124969,0.00034496797589141613,0
ACCT_124981,6.052566874369225e-05,0
ACCT_124982,0.00040164299137786106,0
ACCT_124986,0.00800571187651331,0
ACCT_125002,0.0013098476145232026,0
ACCT_125004,0.0013312150328679958,0
ACCT_125027,0.00018198200865200394,0
ACCT_125028,2.028450658825703e-05,0
ACCT_125030,0.00023024679665737156,0
ACCT_125041,0.0011895403546233155,0
ACCT_125044,0.0013032970270982493,0
ACCT_125051,0.0019584764425926737,0
ACCT_125053,0.0001661573347313776,0
ACCT_125054,0.00016511178845697965,0
ACCT_125069,0.025912999539915216,0
ACCT_125070,0.007969162802291766,0
ACCT_125087,0.0003006042423137428,0
ACCT_125112,0.0039003521880016634,0
ACCT_125118,0.3593974347515486,0
ACCT_125119,0.0004140599097634599,0
ACCT_125131,0.021177326928200832,0
ACCT_125133,0.0035204780238398048,0
ACCT_125148,0.00019430558792223762,0
ACCT_125153,0.0005639244424047319,0
ACCT_125177,0.0016209611751820008,0
ACCT_125182,0.00018136631518685386,0
ACCT_125195,2.617838962822679e-05,0
ACCT_125198,0.00015768956362367302,0
ACCT_125199,0.0008710567014689666,0
ACCT_125203,0.00022315275186188515,0
ACCT_125204,0.00028146652332256916,0
ACCT_125226,0.0007447138243197929,0
ACCT_125236,0.00025387476856331804,0
ACCT_125240,0.0002292782742372025,0
ACCT_125244,0.0029879609012105827,0
ACCT_125245,0.00769461582531869,0
ACCT_125288,0.0006064180795599045,0
ACCT_125309,0.002637534855094863,0
ACCT_125316,0.00017391439747831085,0
ACCT_125330,0.004659229596778502,0
ACCT_125340,0.0008560803436291674,0
ACCT_125346,0.0011453927638981419,0
ACCT_125349,0.0005567744779315544,0
ACCT_125353,0.0736970961639362,0
ACCT_125356,0.0017446693235474333,0
ACCT_125364,0.0008271134373283218,0
ACCT_125365,0.00011055165488278935,0
ACCT_125367,0.0004002538450854005,0
ACCT_125376,0.4003498037893437,0
ACCT_125381,0.0003877277884828976,0
ACCT_125398,0.002059255765555434,0
ACCT_125403,0.00043871482589529864,0
ACCT_125408,0.00022447115992405386,0
ACCT_125412,0.03745668825944588,0
ACCT_125437,0.0004832882516972519,0
ACCT_125442,0.0018208708444191599,0
ACCT_125462,0.019997388872077998,0
ACCT_125465,0.0019358731700404661,0
ACCT_125466,0.002389057176334715,0
ACCT_125467,0.0007963248793191485,0
ACCT_125478,0.00037818232730039617,0
ACCT_125482,1.9220378737147068e-05,0
ACCT_125486,0.0007323953790481345,0
ACCT_125492,0.001619706914840328,0
ACCT_125506,0.0030061696526880654,0
ACCT_125511,0.0005074976782466588,0
ACCT_125515,0.005597579779400396,0
ACCT_125516,4.134219726551419e-05,0
ACCT_125524,0.0003271461689349496,0
ACCT_125541,0.0001716542634659019,0
ACCT_125543,0.0013179907057159336,0
ACCT_125545,0.006817370798354968,0
ACCT_125552,0.00044144104868328764,0
ACCT_125559,0.002447601906109941,0
ACCT_125564,0.0007048055871463832,0
ACCT_125576,0.00016110422186589615,0
ACCT_125590,0.007233410784381112,0
ACCT_125619,0.004247874366687873,0
ACCT_125635,0.00030450433227077414,0
ACCT_125638,0.0009108865292657398,0
ACCT_125651,0.00012190672774841818,0
ACCT_125655,0.0015598832083173083,0
ACCT_125658,0.0009784824854826937,0
ACCT_125660,4.1878829914034584e-05,0
ACCT_125665,0.0003256077150848525,0
ACCT_125666,0.0010218737993303738,0
ACCT_125670,0.00020179755840930578,0
ACCT_125674,0.0018079217343763665,0
ACCT_125680,0.00016802736279938448,0
ACCT_125681,2.9278687917578072e-05,0
ACCT_125701,0.0004973515443689249,0
ACCT_125707,0.11932416993913779,1
ACCT_125711,0.009669195593872738,0
ACCT_125722,5.3866811759748e-05,0
ACCT_125729,0.00012384898877034614,0
ACCT_125734,0.005376109067018844,0
ACCT_125746,0.0015649177368675772,0
ACCT_125751,0.003426045468573022,0
ACCT_125761,0.0004489889762408002,0
ACCT_125775,0.034960700971044534,0
ACCT_125793,0.005186326338356939,0
ACCT_125801,0.0005054541847697262,0
ACCT_125802,0.00012872724353610757,0
ACCT_125806,0.0002477994714157169,0
ACCT_125847,0.00012953822586067102,0
ACCT_125866,0.03728714536399385,0
ACCT_125872,0.0010522218201646715,0
ACCT_125878,0.00036668963580355495,0
ACCT_125881,0.00015687573088781731,0
ACCT_125902,0.00029485155612762166,0
ACCT_125907,0.0006595291204847519,0
ACCT_125915,0.0004829132667582422,0
ACCT_125928,0.0003914978637499899,0
ACCT_125943,5.7763298042328714e-05,0
ACCT_125946,0.00027541806510801727,0
ACCT_125972,0.0005756178270910788,0
ACCT_125973,3.715968842013584e-05,0
ACCT_126048,0.0013445483860017205,0
ACCT_126054,0.134330676926516,0
ACCT_126065,0.0004926586665907265,0
ACCT_126074,4.541962606023994e-05,0
ACCT_126075,0.6276197069492709,1
ACCT_126078,0.0002179391908648025,0
ACCT_126105,0.240052119063012,0
ACCT_126106,0.0003659624006228341,0
ACCT_126108,0.00012509466606513243,0
ACCT_126116,0.0004295088672645512,0
ACCT_126129,0.001530237398927136,0
ACCT_126138,8.030532935637571e-05,0
ACCT_126151,0.014145209529381196,0
ACCT_126166,0.0029483021302123195,0
ACCT_126174,0.031311332475734664,0
ACCT_126185,0.00300907262226704,0
ACCT_126190,0.00018897795466021682,0
ACCT_126192,0.00017073626036410536,0
ACCT_126194,0.0006921850091848449,0
ACCT_126204,0.11735348757211389,0
ACCT_126212,0.02260373159467341,0
ACCT_126217,0.0011853712502095275,0
ACCT_126233,0.0009249993144774294,0
ACCT_126234,0.021209459873874945,0
ACCT_126248,0.0006133522377433184,0
ACCT_126268,0.029438340257900177,0
ACCT_126297,0.0009391649196414757,0
ACCT_126301,0.00047853884137836117,0
ACCT_126341,0.00020962725765181773,0
ACCT_126345,0.0755531465852256,0
ACCT_126379,0.003945928856577419,0
ACCT_126405,0.0018558106780671541,0
ACCT_126409,0.0003003245362685166,0
ACCT_126416,0.00016067591156646894,0
ACCT_126425,0.017161702233306955,0
ACCT_126433,0.0009102807198112897,0
ACCT_126444,7.378652583393443e-05,0
ACCT_126459,0.0011527321174173027,0
ACCT_126468,0.0015462758516228898,0
ACCT_126477,0.0027232119594723875,0
ACCT_126478,0.020544604252315853,0
ACCT_126483,0.0016963920214577688,0
ACCT_126501,0.0043724406084352406,0
ACCT_126504,0.00046844043219320574,0
ACCT_126512,0.15343156200873312,0
ACCT_126521,0.0002695046488338652,0
ACCT_126552,0.00025368062600320186,0
ACCT_126563,2.7895747279313434e-05,0
ACCT_126565,0.00035501681312456854,0
ACCT_126573,0.00023931905242303498,0
ACCT_126574,7.20926889281484e-05,0
ACCT_126579,0.0018301497940874632,0
ACCT_126582,8.567297588760718e-05,0
ACCT_126587,0.0014455360126185252,0
ACCT_126605,0.0004291832300967514,0
ACCT_126609,0.0028154732291007303,0
ACCT_126610,0.0016918154262777472,0
ACCT_126614,0.07110664712175813,0
ACCT_126622,0.001336304311011093,0
ACCT_126627,4.397278319408017e-05,0
ACCT_126639,0.02053105813956002,0
ACCT_126641,0.012410315166076396,0
ACCT_126643,0.0008313230086876677,0
ACCT_126647,0.00012497748889560121,0
ACCT_126666,0.0010599358792557033,0
ACCT_126673,0.00046163855939771657,0
ACCT_126680,0.00013149289852852164,0
ACCT_126687,0.1288965174548253,0
ACCT_126696,0.00016798622832738482,0
ACCT_126700,0.001233795552280567,0
ACCT_126715,0.011106562368389762,0
ACCT_126724,0.00013358013779495828,0
ACCT_126734,0.00019177809131650046,0
ACCT_126742,0.006985964474868024,0
ACCT_126747,0.010097714726915124,0
ACCT_126751,0.06924925865288334,0
ACCT_126759,4.61052925830573e-05,0
ACCT_126760,0.001171944805824377,0
ACCT_126764,0.005667134838890631,0
ACCT_126771,0.0009459902446498974,0
ACCT_126774,0.023089146552265023,0
ACCT_126796,4.0425401148267185e-05,0
ACCT_126802,0.00011334935298040795,0
ACCT_126807,8.612879553760775e-05,0
ACCT_126834,3.930258639584756e-05,0
ACCT_126838,0.0008830988520606086,0
ACCT_126847,0.12863271440112314,0
ACCT_126852,0.00017119588757581373,0
ACCT_126855,0.0006369927839955264,0
ACCT_126900,0.007893839312373502,0
ACCT_126904,0.2745448665485152,0
ACCT_126905,0.0012515572712432808,0
ACCT_126912,5.4377207005127366e-05,0
ACCT_126924,0.017326950294498617,0
ACCT_126934,0.0009288345676665909,0
ACCT_126941,0.0012784170586338478,0
ACCT_126951,0.0017336322346939003,0
ACCT_126955,0.00032230259363631237,0
ACCT_126967,0.013154992350706173,0
ACCT_126975,3.123063887064301e-05,0
ACCT_126982,0.0035238748801228012,0
ACCT_126989,0.0030313734082560487,0
ACCT_127021,0.0005762286228868914,0
ACCT_127023,7.904543762966044e-05,0
ACCT_127045,0.01426656079549484,0
ACCT_127055,0.0004218427971829546,0
ACCT_127059,8.398690502948108e-05,0
ACCT_127063,0.06963977663733906,0
ACCT_127066,0.0009678211230824699,0
ACCT_127079,0.0007391929747128555,0
ACCT_127082,0.010327087103318647,0
ACCT_127083,0.0014977429044006425,0
ACCT_127094,0.0027875521887616704,0
ACCT_127125,0.00026029737596487213,0
ACCT_127131,0.001601662727404247,0
ACCT_127170,0.0018983069990276599,0
ACCT_127175,0.005967973697306184,0
ACCT_127178,0.03415258765887587,0
ACCT_127184,0.0025066505252301307,0
ACCT_127196,0.00020052356563147195,0
ACCT_127201,0.00021805140858866738,0
ACCT_127208,0.0032060520476808138,0
ACCT_127212,0.00022849063688972472,0
ACCT_127229,3.961425573517603e-05,0
ACCT_127231,0.0006394365910353673,0
ACCT_127242,0.006771838820822929,0
ACCT_127245,0.0002266893234208783,0
ACCT_127253,0.00034140817519420855,0
ACCT_127260,0.0002069859681757464,0
ACCT_127267,0.0005195456531090619,0
ACCT_127272,0.01697021484363461,0
ACCT_127291,0.003449205740871576,0
ACCT_127314,2.2130127566481216e-05,0
ACCT_127324,0.0002212909046089051,0
ACCT_127328,0.01067748988348385,0
ACCT_127332,0.0010903364264127895,0
ACCT_127340,0.0008222025637331486,0
ACCT_127345,0.00022867205557428364,0
ACCT_127365,0.0003039148751758521,0
ACCT_127370,4.587734087287927e-05,0
ACCT_127376,0.31264961459778734,0
ACCT_127384,0.002353690284820951,0
ACCT_127390,0.001043083462787599,0
ACCT_127406,0.0003212326430692114,0
ACCT_127414,0.001075607746008916,0
ACCT_127447,0.002307247404624644,0
ACCT_127451,0.0018258568974865962,0
ACCT_127469,0.0016781275228543232,0
ACCT_127476,0.004202858614663411,0
ACCT_127479,0.11536922131400143,0
ACCT_127486,0.00032176437819061635,0
ACCT_127490,0.004083266170488649,0
ACCT_127503,0.2222141513521502,0
ACCT_127511,0.0030318181143301234,0
ACCT_127516,0.0008609901576233334,0
ACCT_127518,0.0007996694909795745,0
ACCT_127519,0.001625501227792288,0
ACCT_127531,0.000561827563092102,0
ACCT_127537,0.0002493582003068176,0
ACCT_127540,0.0033833188946167728,0
ACCT_127542,0.0007200588012266496,0
ACCT_127546,0.017825922031361952,0
ACCT_127588,8.470926786767394e-05,0
ACCT_127592,0.0006540438369582066,0
ACCT_127594,0.04484584834200071,0
ACCT_127614,0.00022670967777818388,0
ACCT_127621,2.0624993395626512e-05,0
ACCT_127631,0.00032252525711042875,0
ACCT_127633,0.009968963347456573,0
ACCT_127639,0.0026879141550514743,0
ACCT_127648,0.0038648795712411966,0
ACCT_127655,0.0001468806548470719,0
ACCT_127665,0.030292758645928165,0
ACCT_127667,0.0002026793039937827,0
ACCT_127677,2.5082582198984055e-05,0
ACCT_127715,4.017242912735896e-05,0
ACCT_127717,0.0022863956604393587,0
ACCT_127720,0.006882939191164029,0
ACCT_127767,0.0002856732951538768,0
ACCT_127771,0.0006506912359083254,0
ACCT_127776,0.7058600435712015,0
ACCT_127784,0.005329245221036257,0
ACCT_127803,4.941591152365418e-05,0
ACCT_127809,0.0006713958746673744,0
ACCT_127815,0.0012725658513353221,0
ACCT_127827,0.00013453308553936503,0
ACCT_127839,2.805080505776004e-06,0
ACCT_127851,0.000798630092786482,0
ACCT_127865,0.0003705819437116314,0
ACCT_127877,0.001510392091900277,0
ACCT_127895,0.0003952408821741391,0
ACCT_127897,0.012743279982215859,0
ACCT_127905,5.619359604486774e-05,0
ACCT_127914,0.0011586667868351804,0
ACCT_127922,0.004439364388093051,0
ACCT_127932,0.001184343452717951,0
ACCT_127947,0.35264335892215537,0
ACCT_127948,0.0006828575246586991,0
ACCT_127957,0.002099382099369824,0
ACCT_127962,0.0002780230080729441,0
ACCT_127965,0.00020374524970673757,0
ACCT_127978,9.705602603605904e-05,0
ACCT_128014,0.0007097892141325334,0
ACCT_128015,0.0005507753254703203,0
ACCT_128022,0.013521721201097934,0
ACCT_128025,0.004750879780360302,0
ACCT_128027,0.00014197690561933003,0
ACCT_128039,0.0029170623253386542,0
ACCT_128046,0.014994398680436258,0
ACCT_128057,0.0003290139967610877,0
ACCT_128061,9.70029777247492e-05,0
ACCT_128073,0.00015061460509057276,0
ACCT_128074,8.015225853856206e-05,0
ACCT_128075,0.028833871548407598,0
ACCT_128084,8.305351560336867e-05,0
ACCT_128086,0.0010348720860734204,0
ACCT_128097,0.0001962132659030148,0
ACCT_128101,5.9041610440586066e-05,0
ACCT_128118,7.977058033185533e-05,0
ACCT_128123,0.017741544880878507,0
ACCT_128127,0.0032822302912420857,0
ACCT_128131,0.0010445227703280015,0
ACCT_128133,0.0008638712448145058,0
ACCT_128142,0.008918773965111124,0
ACCT_128145,0.010885051983234839,0
ACCT_128149,0.01867279093073669,0
ACCT_128154,0.0023471960752200973,0
ACCT_128164,0.0021453758548509835,0
ACCT_128166,0.007152855274981032,0
ACCT_128167,0.15044375975111732,0
ACCT_128173,0.00045802637430142427,0
ACCT_128197,0.00019401639146118831,0
ACCT_128215,0.0008379698512314459,0
ACCT_128217,0.0004451039252289262,0
ACCT_128234,2.677839002609949e-05,0
ACCT_128253,0.0014788876916616688,0
ACCT_128263,0.013739164932390613,0
ACCT_128277,0.0004134057565537733,0
ACCT_128293,0.19233674711699783,0
ACCT_128296,0.1671527875163787,0
ACCT_128309,2.266066092007962e-05,0
ACCT_128323,0.004377688613941228,0
ACCT_128330,0.001690967096569517,0
ACCT_128342,0.00014570418712432225,0
ACCT_128356,0.007798961596187375,0
ACCT_128359,0.0338443082705267,0
ACCT_128361,0.003177585394166396,0
ACCT_128366,0.005232796066251029,0
ACCT_128387,0.039150491628389,0
ACCT_128417,0.00010134868105472693,0
ACCT_128428,0.0009889405475176777,0
ACCT_128439,0.0005987281966677988,0
ACCT_128440,0.001019488523473042,0
ACCT_128447,0.00539430249862452,0
ACCT_128448,0.00017726547723863074,0
ACCT_128450,0.004237416971227254,0
ACCT_128451,0.0018075721843552267,0
ACCT_128452,0.0211165645214019,0
ACCT_128454,0.00041269608517376045,0
ACCT_128462,0.007603247056468134,0
ACCT_128466,0.020655893016865566,0
ACCT_128484,0.00022718628119782578,0
ACCT_128493,0.002189724041270159,0
ACCT_128496,0.00037691766245936145,0
ACCT_128502,0.010755075456465556,0
ACCT_128504,0.00017590191332509926,0
ACCT_128535,0.004279846481209646,0
ACCT_128542,0.00012337399891372767,0
ACCT_128560,0.014550613862933302,0
ACCT_128563,0.0040339712655587615,0
ACCT_128570,0.00020530645916026042,0
ACCT_128596,0.0013683222424852714,0
ACCT_128605,0.0024777855950031806,0
ACCT_128611,0.002496133748417897,0
ACCT_128623,0.001680682082230917,0
ACCT_128632,0.001870159449969978,0
ACCT_128638,0.0054210461075215955,0
ACCT_128640,0.024403731367663984,0
ACCT_128641,0.6394355790026588,0
ACCT_128645,0.010756920378967694,0
ACCT_128650,4.794203116701616e-05,0
ACCT_128651,0.00011117010196793433,0
ACCT_128653,0.11261880538098723,0
ACCT_128674,2.2129334983438985e-05,0
ACCT_128682,0.0039754344218329105,0
ACCT_128690,0.001037584719351268,0
ACCT_128693,0.03662419808159128,0
ACCT_128704,0.008195424981117796,0
ACCT_128750,0.00014670225800467366,0
ACCT_128786,0.001560596124506202,0
ACCT_128791,0.013050550460807131,0
ACCT_128799,0.0010566522515100638,0
ACCT_128800,0.000537398417243694,0
ACCT_128803,0.0002019305265700047,0
ACCT_128805,1.9297735186211478e-05,0
ACCT_128806,9.104442902554455e-05,0
ACCT_128822,0.0007856118387074033,0
ACCT_128830,2.4717947088702687e-05,0
ACCT_128833,4.458602449689115e-05,0
ACCT_128839,0.00021426022667136714,0
ACCT_128848,0.0028872992468787113,0
ACCT_128864,0.00033655195605738716,0
ACCT_128867,0.008792338609980858,0
ACCT_128871,0.000270966815696088,0
ACCT_128913,0.026345790736222553,0
ACCT_128929,0.002185536543523625,0
ACCT_128932,0.0013440772551920146,0
ACCT_128956,0.0014284932345292347,0
ACCT_128967,0.002799304308215777,0
ACCT_128976,0.04290812860704293,0
ACCT_128992,0.008591553803842113,0
ACCT_129008,0.0004476399466335163,0
ACCT_129018,0.000539489605991759,0
ACCT_129023,0.0009739824857708765,0
ACCT_129034,0.2832927399908346,0
ACCT_129046,3.4543034659280875e-05,0
ACCT_129052,0.01277263008452524,0
ACCT_129058,0.0005917101932387663,0
ACCT_129063,0.008490244362676978,0
ACCT_129064,0.00035768541785463154,0
ACCT_129067,0.0001057397499908597,0
ACCT_129068,0.00948671963643056,0
ACCT_129070,0.0009492566658840019,0
ACCT_129076,0.00014427732299864213,0
ACCT_129104,0.013573098849584013,0
ACCT_129115,3.0201393997125508e-05,0
ACCT_129117,0.0005258045873097968,0
ACCT_129125,5.443390263307787e-05,0
ACCT_129132,0.00422036411998827,0
ACCT_129140,0.00014417169644400984,0
ACCT_129144,0.0009500391670351047,0
ACCT_129146,0.000740050189883138,0
ACCT_129148,0.00013253237253249456,0
ACCT_129157,0.004488812692022107,0
ACCT_129169,0.07485310654598744,0
ACCT_129171,0.005772482025254537,0
ACCT_129180,0.0001580228840969951,0
ACCT_129189,0.03814292065892974,0
ACCT_129191,0.055841193762890456,0
ACCT_129192,0.000397922182988167,0
ACCT_129194,0.011235481067284465,0
ACCT_129204,0.029451101732004294,0
ACCT_129208,0.006894504230722971,0
ACCT_129218,0.0035937532574727288,0
ACCT_129220,7.262746779525106e-05,0
ACCT_129221,0.012640924773287139,0
ACCT_129223,0.0006206284759938918,0
ACCT_129224,0.0006296781754313221,0
ACCT_129225,0.00022566904361349485,0
ACCT_129227,0.002243901506764297,0
ACCT_129230,0.00040261591100391114,0
ACCT_129237,0.04866498585499179,0
ACCT_129243,0.006802780230501669,0
ACCT_129254,0.0016955697160690242,0
ACCT_129261,0.03376384334241747,0
ACCT_129262,0.005483004127470152,0
ACCT_129277,0.003767567688473312,0
ACCT_129286,0.0001707998053452761,0
ACCT_129290,5.460136872772239e-05,0
ACCT_129291,0.0023688627370478756,0
ACCT_129300,0.014716228503898202,0
ACCT_129309,0.006986438819551013,0
ACCT_129320,0.0003634717323015336,0
ACCT_129323,0.0007841428395746426,0
ACCT_129324,4.444944967947047e-05,0
ACCT_129333,0.018588743799657453,0
ACCT_129348,6.939001805401432e-05,0
ACCT_129359,0.0008224737898433344,0
ACCT_129360,0.00023680502767939554,0
ACCT_129371,0.0006170485860680765,0
ACCT_129379,0.0006418933849938861,0
ACCT_129381,0.0002319104106052308,0
ACCT_129383,0.0242975479215734,0
ACCT_129392,0.002753571739999363,0
ACCT_129395,7.1576073668868e-05,0
ACCT_129404,0.00023869973590874034,0
ACCT_129410,0.00502579234714401,0
ACCT_129413,0.0004157015871795101,0
ACCT_129428,0.0182651606155555,0
ACCT_129431,0.00037639091874225474,0
ACCT_129432,0.00010224931263248064,0
ACCT_129447,0.010411832202549183,0
ACCT_129470,3.0229204552059005e-05,0
ACCT_129484,0.0004511753343422172,0
ACCT_129488,0.0004041518525583897,0
ACCT_129508,0.0027632444061564394,0
ACCT_129510,0.00014908664109974313,0
ACCT_129518,0.0017886791274209766,0
ACCT_129530,0.0031267221720421103,0
ACCT_129543,0.001315963892238188,0
ACCT_129551,0.0015009515171348648,0
ACCT_129555,0.0003397702175500026,0
ACCT_129557,0.000371033246191412,0
ACCT_129572,1.74613043421285e-05,0
ACCT_129576,3.076419730963866e-05,0
ACCT_129583,0.0003430510597363886,0
ACCT_129585,0.015163553590856759,0
ACCT_129600,0.0001325956426941797,0
ACCT_129603,1.4309444861282228e-05,0
ACCT_129606,0.0015578347436961493,0
ACCT_129612,0.00018327072775335964,0
ACCT_129626,0.00041892219286315515,0
ACCT_129629,0.12235115414722943,0
ACCT_129634,0.023372415104974655,0
ACCT_129638,0.002824804986108784,0
ACCT_129674,0.0008744823670134614,0
ACCT_129678,0.07849040234335078,0
ACCT_129695,0.0005921891984639686,0
ACCT_129702,0.0006331764332858753,0
ACCT_129722,0.0020128374165877564,0
ACCT_129723,0.97326632216679,1
ACCT_129731,0.000608002576012805,0
ACCT_129747,0.0003491597662385977,0
ACCT_129755,0.02272640966188484,0
ACCT_129760,0.010170764426373286,0
ACCT_129779,0.00029001060929123313,0
ACCT_129789,0.0018110454674559156,0
ACCT_129791,0.0005391286863793436,0
ACCT_129802,0.002749367559428518,0
ACCT_129823,0.10237686328656447,0
ACCT_129831,0.0007547922154953004,0
ACCT_129841,3.396758173754662e-05,0
ACCT_129847,0.0006492420050374029,0
ACCT_129849,0.07597859763400606,0
ACCT_129852,0.00022325364549415487,0
ACCT_129853,0.0003530929561070492,0
ACCT_129860,0.003882877252378615,0
ACCT_129862,0.0003385923731269186,0
ACCT_129874,0.0002659738911622212,0
ACCT_129883,0.005084427938408521,0
ACCT_129889,0.009606155179252493,0
ACCT_129891,0.0002181231629364754,0
ACCT_129895,0.000490983861518882,0
ACCT_129897,0.0010961630471657267,0
ACCT_129906,0.0015179632982533391,0
ACCT_129913,0.0014539658053073614,0
ACCT_129916,0.008711318135780055,0
ACCT_129919,0.00046121301972583883,0
ACCT_129924,0.00021907464812500019,0
ACCT_129926,0.00024550974150716235,0
ACCT_129935,0.002701278199751018,0
ACCT_129942,0.00020934569154212166,0
ACCT_129944,0.011285899147064512,0
ACCT_129945,0.000705120898884997,0
ACCT_129946,0.0014170222839280356,1
ACCT_129970,0.0021739409730817936,0
ACCT_129986,0.002044351358367066,0
ACCT_129996,0.00010982332868956242,0
ACCT_130001,0.002918560084571049,0
ACCT_130028,0.0028831178629757613,0
ACCT_130036,0.0003870871049444341,0
ACCT_130037,5.296670251608874e-05,0
ACCT_130062,0.07741519192418969,0
ACCT_130067,0.0009979037610588983,0
ACCT_130068,0.007476707494925602,0
ACCT_130084,0.000992389011555023,0
ACCT_130092,0.0002728820268179969,0
ACCT_130100,0.0006911856969381862,0
ACCT_130112,0.0008479182049648561,0
ACCT_130123,0.0010103277915062437,0
ACCT_130127,0.0006623526182778751,0
ACCT_130142,0.00026344853106818964,0
ACCT_130155,0.00016886996524615534,0
ACCT_130159,0.00037765765748359523,0
ACCT_130162,0.0002441682584886088,0
ACCT_130163,0.1136688101638961,0
ACCT_130176,0.001906344621137268,0
ACCT_130182,0.00016846989105423458,0
ACCT_130194,0.003919956882434033,0
ACCT_130206,0.0010310302807133693,0
ACCT_130215,0.000250022989369519,0
ACCT_130229,0.00057416484218198,0
ACCT_130231,0.008999526935156715,0
ACCT_130235,0.003973524350960129,0
ACCT_130242,0.0030612100057200793,0
ACCT_130245,0.0013908458730236984,0
ACCT_130247,0.00015085660667062698,0
ACCT_130250,0.0013375905350452777,0
ACCT_130257,0.0006435539024254895,0
ACCT_130276,0.0023957958538645113,0
ACCT_130336,0.010201775880825907,0
ACCT_130337,0.0009169272624535838,0
ACCT_130350,9.7513874662264e-05,0
ACCT_130352,0.0008250436724205404,0
ACCT_130357,0.0009664253631111561,0
ACCT_130359,7.96771100861822e-05,0
ACCT_130366,0.0009659601925527611,0
ACCT_130367,0.002093782851980125,0
ACCT_130377,0.0034924254935742457,0
ACCT_130381,0.0009857458871228443,0
ACCT_130401,0.0006813467663635697,0
ACCT_130408,0.004279277700112555,0
ACCT_130410,0.0002635017581237891,0
ACCT_130416,0.00027600815786961463,0
ACCT_130419,0.0005991338565585582,0
ACCT_130423,0.15537809456749324,0
ACCT_130427,0.0006279356838023925,0
ACCT_130436,0.0019091769332498295,0
ACCT_130448,9.409737948450715e-05,0
ACCT_130449,0.007097936885094608,0
ACCT_130458,0.002617921649526271,0
ACCT_130471,0.0003174214811613861,0
ACCT_130476,0.0003096774522440418,0
ACCT_130485,0.018954775959455723,0
ACCT_130499,0.0003165678173335361,0
ACCT_130518,0.0028040093697787954,0
ACCT_130519,0.0009205838843919246,0
ACCT_130523,9.448152720618801e-05,0
ACCT_130530,0.024366772087171466,0
ACCT_130532,0.0018855305556028856,0
ACCT_130541,0.001587543525692064,0
ACCT_130545,0.00011717518441467102,0
ACCT_130561,8.362032575886258e-05,0
ACCT_130562,0.011693574736908444,0
ACCT_130569,3.939622003192336e-05,0
ACCT_130572,0.00016321436614620874,0
ACCT_130594,0.0008499743116197027,0
ACCT_130596,0.004723789763360836,0
ACCT_130598,0.0012619889448399926,0
ACCT_130622,0.00011181996482694799,0
ACCT_130636,1.6826581243131565e-05,0
ACCT_130647,1.8863588932856627e-05,0
ACCT_130649,0.03434786996197846,0
ACCT_130667,0.061470735886234466,0
ACCT_130673,0.0035902350394414057,0
ACCT_130681,4.780862357015107e-05,0
ACCT_130690,0.008435716938412382,0
ACCT_130695,0.006296156904529749,0
ACCT_130697,5.529658550720798e-05,0
ACCT_130701,0.04566612244995513,0
ACCT_130711,7.066621311073036e-05,0
ACCT_130723,0.0006956020936855661,0
ACCT_130739,0.009371348874498467,0
ACCT_130748,0.0018538157336438434,0
ACCT_130773,0.0009558181835301991,0
ACCT_130781,0.0004448388704589247,0
ACCT_130804,0.00011181981807955568,0
ACCT_130808,0.00015692780764835925,0
ACCT_130810,0.0004390362588195339,0
ACCT_130817,0.0005364156745441425,0
ACCT_130857,0.001033544480618737,0
ACCT_130860,0.00030553558296026953,0
ACCT_130865,0.05593048625852463,0
ACCT_130866,0.0004228602549005525,0
ACCT_130908,0.21988076077713767,0
ACCT_130911,0.000598801912292099,0
ACCT_130921,2.4107558388428203e-05,0
ACCT_130937,0.0011902193911191856,0
ACCT_130947,4.677535126258247e-05,0
ACCT_130948,0.00483683881545136,0
ACCT_130959,0.000744391636815681,0
ACCT_130963,0.00020647700655734792,0
ACCT_130968,0.007419519772575284,0
ACCT_130970,0.001963761060622631,0
ACCT_131010,0.0005629071439672666,0
ACCT_131022,0.0020859527240477366,0
ACCT_131034,0.0026954007343090234,0
ACCT_131041,0.002597864844959063,0
ACCT_131053,0.053241351680591735,0
ACCT_131070,0.00019405746704004062,0
ACCT_131076,0.008419756401077304,0
ACCT_131077,2.9281023478825244e-05,0
ACCT_131087,2.603405579570957e-05,0
ACCT_131093,0.00226145069909814,0
ACCT_131107,0.0005899249586180411,0
ACCT_131109,0.008585001271993235,0
ACCT_131112,0.0011652895832327237,0
ACCT_131129,0.000711617900928641,0
ACCT_131130,0.0006894679918715516,0
ACCT_131147,0.23820170963994705,0
ACCT_131154,0.0024278150098033966,0
ACCT_131157,0.008088071415709962,0
ACCT_131158,0.002850320190623562,0
ACCT_131164,0.00024599362877197634,0
ACCT_131167,0.0012203356761009518,0
ACCT_131169,0.0023990176649969653,0
ACCT_131210,0.0020055243907587806,0
ACCT_131221,1.9735574342418832e-05,0
ACCT_131227,0.0025428952613850866,0
ACCT_131247,0.002057534461422714,0
ACCT_131251,2.3380603061619132e-05,0
ACCT_131255,0.003776535769144525,0
ACCT_131270,0.00032883146982862584,0
ACCT_131277,0.005630110262927895,0
ACCT_131279,0.01295056163510223,0
ACCT_131301,1.8964655758362145e-05,0
ACCT_131306,0.0013469503894432636,0
ACCT_131312,0.00284681613317095,0
ACCT_131324,9.102185129592668e-05,0
ACCT_131337,0.0037626828357216315,0
ACCT_131344,0.0002570271986066198,0
ACCT_131349,0.0006398836642439043,0
ACCT_131353,0.00016199385849608271,0
ACCT_131354,0.007192577861648217,0
ACCT_131360,0.003150955643560012,0
ACCT_131365,0.010156039832333938,0
ACCT_131370,0.00041420136956239165,0
ACCT_131371,0.00023090104386833934,0
ACCT_131372,0.017225654958870795,0
ACCT_131374,0.5819887901606283,1
ACCT_131376,0.00217992720736524,0
ACCT_131388,4.065079339646904e-05,0
ACCT_131393,0.0014230312562227866,0
ACCT_131397,0.0016707202987616735,0
ACCT_131432,0.010911720425382338,0
ACCT_131439,0.0005579109656515647,0
ACCT_131444,0.0016221940678720166,0
ACCT_131456,0.00040775697247853087,0
ACCT_131457,0.00322372530178933,0
ACCT_131466,0.00044353111844499106,0
ACCT_131468,0.0020935849018126943,0
ACCT_131484,0.00034774191889142377,0
ACCT_131496,5.668684656049242e-05,0
ACCT_131501,0.00026879928812529696,0
ACCT_131524,0.0004527845243411344,0
ACCT_131528,0.0025677485541818167,0
ACCT_131535,0.000460388866698239,0
ACCT_131543,0.009089208770528873,0
ACCT_131561,7.528239719639627e-05,0
ACCT_131568,0.000443207864960347,0
ACCT_131569,0.0005447281242196424,0
ACCT_131574,0.08143082091700563,0
ACCT_131587,0.015957779689944503,0
ACCT_131593,0.001276687927418719,0
ACCT_131598,0.0762207327902642,0
ACCT_131604,0.0029668450029571615,0
ACCT_131624,0.00018648310032743756,0
ACCT_131629,0.024381732057163284,0
ACCT_131633,0.010574766639960527,0
ACCT_131639,0.00044051092900570225,0
ACCT_131643,3.591378673232773e-05,0
ACCT_131645,0.27252299176248984,0
ACCT_131650,0.0015900798903335574,0
ACCT_131664,0.00010022433033484163,0
ACCT_131669,0.00017548963937543438,0
ACCT_131671,0.0022150368351729235,0
ACCT_131674,0.000272718474191805,0
ACCT_131678,0.0006848602699682421,0
ACCT_131693,0.007849158877737992,0
ACCT_131694,0.002545860857097543,0
ACCT_131697,0.00217831417318495,0
ACCT_131701,0.0006193197499047419,0
ACCT_131711,0.00154809713684451,0
ACCT_131728,0.0003287970132534449,0
ACCT_131759,0.0008672054632213996,0
ACCT_131761,0.017911046281923707,0
ACCT_131779,0.007501368813504268,0
ACCT_131783,0.00047823472167501946,0
ACCT_131809,0.0004669616321871019,0
ACCT_131831,0.0057300484907271895,0
ACCT_131875,0.0002628702954103393,0
ACCT_131879,0.001059636007874217,0
ACCT_131900,0.0005802796837607116,0
ACCT_131907,0.00019492001716432813,0
ACCT_131912,0.0030077567618618773,0
ACCT_131913,0.0009827053617704837,0
ACCT_131918,0.0007409529498668526,0
ACCT_131923,9.18243303923642e-05,0
ACCT_131925,0.0012286236196589675,0
ACCT_131927,0.0045370302265497755,0
ACCT_131929,0.0053129520625982,0
ACCT_131930,0.00031520203763590264,0
ACCT_131953,0.027460567824101185,0
ACCT_131964,0.0008100941677070991,0
ACCT_131968,4.455388082099065e-05,0
ACCT_131971,0.005007218069900233,0
ACCT_131995,0.1424382183623586,0
ACCT_131997,0.0005958899026612,0
ACCT_132002,0.00023904716059167414,0
ACCT_132005,0.000548605460547434,0
ACCT_132019,0.000760076374634768,0
ACCT_132021,0.0852944357452844,0
ACCT_132023,0.0019002283515061843,0
ACCT_132050,0.00019837230845248956,0
ACCT_132055,0.001137625579322304,0
ACCT_132058,0.032294688369862615,0
ACCT_132061,0.0007931714609740375,0
ACCT_132063,0.0002646952702288583,0
ACCT_132064,0.0182085727012757,0
ACCT_132068,0.0009631936096612609,0
ACCT_132077,0.0004977734333522518,0
ACCT_132085,0.003365360601875064,0
ACCT_132088,5.0085880350758186e-05,0
ACCT_132089,0.0001695748636301227,0
ACCT_132097,0.010617236939938308,0
ACCT_132100,0.0028195595014379573,0
ACCT_132105,0.00020136529883512484,0
ACCT_132112,0.01535338661430946,0
ACCT_132132,0.0021428707020203913,0
ACCT_132154,0.000992252744167551,0
ACCT_132168,0.007899462878676869,0
ACCT_132174,0.0007268318917695726,0
ACCT_132185,0.005649534570382093,0
ACCT_132186,0.0006487933433121046,0
ACCT_132210,0.07694888350771889,0
ACCT_132211,0.006835961528244438,0
ACCT_132213,0.002303058674242077,0
ACCT_132214,0.0006553272682549179,0
ACCT_132246,0.14870921659465253,0
ACCT_132251,0.0009458366087046612,0
ACCT_132252,0.004702846625880626,0
ACCT_132272,0.0007885625187221305,0
ACCT_132274,0.07544778484935688,0
ACCT_132288,0.39029656645768657,0
ACCT_132291,0.0004614550227424357,0
ACCT_132292,0.0001468415155284872,0
ACCT_132294,0.0011035293309825563,0
ACCT_132319,0.0011403486692663403,0
ACCT_132320,0.00150106963048744,0
ACCT_132331,0.07642733968537051,0
ACCT_132334,0.0033969731240326684,0
ACCT_132343,0.0003093415429651153,0
ACCT_132355,0.0006994287526227243,0
ACCT_132384,0.026681518642221576,0
ACCT_132387,0.19849000023960603,0
ACCT_132388,0.005895101339482233,0
ACCT_132395,0.0002245548350523966,0
ACCT_132400,0.0010338242517136894,0
ACCT_132401,0.00037367013409449966,0
ACCT_132402,0.007871240275203395,0
ACCT_132406,0.0005116509344642541,0
ACCT_132421,0.011360049422149444,0
ACCT_132425,0.000772993647208884,0
ACCT_132443,0.0002674682464319024,0
ACCT_132447,0.0006521469967234497,0
ACCT_132449,0.0003862442436619463,0
ACCT_132450,0.01750645173819598,0
ACCT_132463,0.0006542044591259832,0
ACCT_132464,0.0033403037858833603,0
ACCT_132486,0.0001503721019278573,0
ACCT_132509,0.000949611322768105,0
ACCT_132513,0.00023738236846310365,0
ACCT_132515,0.0005170299929756363,0
ACCT_132523,0.0017413603926136408,0
ACCT_132537,0.0021699193378608224,0
ACCT_132543,0.00047501206012604094,0
ACCT_132544,0.023471992835145165,0
ACCT_132546,0.00027104132554004704,0
ACCT_132547,0.001184084671497607,0
ACCT_132552,0.0004763162518866264,0
ACCT_132556,0.0043095880626871,0
ACCT_132567,0.013577539449585061,0
ACCT_132573,0.004977146839155614,0
ACCT_132599,0.00012395166976570375,0
ACCT_132600,0.002578042612159008,0
ACCT_132607,0.021319447119061006,0
ACCT_132611,0.0007946250759875959,0
ACCT_132615,0.0001486761429346362,0
ACCT_132622,0.0003833435509326535,0
ACCT_132626,6.661244164110152e-05,0
ACCT_132635,0.0007692753339704182,0
ACCT_132642,0.00023221916859495037,0
ACCT_132646,5.702760540529758e-05,0
ACCT_132657,9.108734781741852e-05,0
ACCT_132664,0.0011803121905228492,0
ACCT_132665,8.258475434993597e-05,0
ACCT_132675,0.0019571856286665686,0
ACCT_132678,0.00014495966494837062,0
ACCT_132692,0.0036938805078668632,0
ACCT_132702,3.842345797701952e-05,0
ACCT_132708,0.4877388962338703,0
ACCT_132709,0.000975368488589895,0
ACCT_132712,0.9242933397974605,1
ACCT_132728,0.0036560681352326993,0
ACCT_132730,0.003534531489559426,0
ACCT_132732,7.274547573558215e-06,0
ACCT_132739,0.00045875169088896553,0
ACCT_132745,8.566107026332195e-05,0
ACCT_132798,0.001359087830678124,0
ACCT_132800,0.0016277150725522408,0
ACCT_132803,0.033384335025872534,0
ACCT_132820,0.001052463489725438,0
ACCT_132839,0.0013650546876196011,0
ACCT_132841,6.212954817189145e-05,0
ACCT_132844,0.0013005960848406252,0
ACCT_132845,0.0008683161654937909,0
ACCT_132853,7.808232472753618e-05,0
ACCT_132877,0.00017668028402411813,0
ACCT_132878,0.005231595922042261,0
ACCT_132882,6.423404946162405e-06,0
ACCT_132886,0.0003949918350839589,0
ACCT_132895,0.00015228906638399176,0
ACCT_132897,0.10606583135819915,0
ACCT_132910,5.760922284086839e-05,0
ACCT_132912,0.009261947476568463,0
ACCT_132937,0.022357101378649488,0
ACCT_132940,0.0008227159102368383,0
ACCT_132943,0.01988622131427455,0
ACCT_132945,0.0310857820410088,0
ACCT_132959,0.0013622019577816484,0
ACCT_132960,0.0016850720211983373,0
ACCT_132972,0.0010189786043310724,0
ACCT_132976,0.0033936795430764177,0
ACCT_132986,0.000694962163328186,0
ACCT_133002,0.0026277735911949813,0
ACCT_133013,0.00012417459268462074,0
ACCT_133019,0.003157659383329717,0
ACCT_133040,0.0013470919109684015,0
ACCT_133045,0.05514774639753066,1
ACCT_133050,0.0004931406198989852,0
ACCT_133061,0.0007719780534794738,1
ACCT_133069,0.00023688991120342275,0
ACCT_133077,0.033114962685312756,0
ACCT_133096,0.0049263429021752375,0
ACCT_133102,0.0010144505629515036,0
ACCT_133109,0.03700230199977696,0
ACCT_133143,0.003029418725968774,0
ACCT_133156,0.0011708774010680892,0
ACCT_133158,0.0003619831972425799,0
ACCT_133162,0.0012384951139431694,0
ACCT_133164,0.0002181356160286564,0
ACCT_133174,0.0006625492748836604,0
ACCT_133182,0.0007727260562187643,0
ACCT_133192,0.00012326450385051225,0
ACCT_133193,0.0008557731621183647,0
ACCT_133194,0.002850228842382889,0
ACCT_133198,0.006142949191924881,0
ACCT_133203,0.0016090129231653202,0
ACCT_133206,6.29527291274412e-05,0
ACCT_133209,0.004419546213829109,0
ACCT_133216,0.013636858882347308,0
ACCT_133217,0.5343354791349963,0
ACCT_133231,0.008048032138776412,0
ACCT_133242,4.518690252996812e-05,0
ACCT_133264,0.0004887013994870462,0
ACCT_133269,0.00041606895786013346,0
ACCT_133272,0.0036604623663184566,0
ACCT_133274,0.0007266905648093051,0
ACCT_133285,0.008910682200170689,0
ACCT_133304,0.0004713342142728,0
ACCT_133324,0.0011232394189544179,0
ACCT_133334,4.0556820593059794e-05,0
ACCT_133351,8.810128741732993e-05,0
ACCT_133352,4.541335635717296e-05,0
ACCT_133359,0.0011722560701316748,0
ACCT_133364,0.0003051817202357286,0
ACCT_133368,0.00013179391496190973,0
ACCT_133369,0.01652534986403611,0
ACCT_133371,4.695265645856423e-05,0
ACCT_133376,0.015355057843642772,0
ACCT_133387,0.9494449356145042,1
ACCT_133389,0.0019441467686716236,0
ACCT_133405,0.01117558170109338,0
ACCT_133406,0.11167671148962946,0
ACCT_133417,0.0002693317654668065,0
ACCT_133425,0.0020589608217460587,0
ACCT_133448,0.0012814610751632402,0
ACCT_133470,0.000791520977196816,0
ACCT_133475,0.0013376323876804705,0
ACCT_133476,0.0009301534921285781,0
ACCT_133479,0.005216507525011042,0
ACCT_133505,0.0003172571722115423,0
ACCT_133534,0.17272751690279467,0
ACCT_133538,0.0003825383225424427,0
ACCT_133548,0.05914614438668445,0
ACCT_133551,0.0007072690018821295,0
ACCT_133578,4.406481504194766e-05,0
ACCT_133584,0.0008606044420871572,0
ACCT_133589,8.493054616335445e-05,0
ACCT_133607,0.0035053108963911807,0
ACCT_133614,4.436924196156709e-05,0
ACCT_133618,0.0002290041243023607,0
ACCT_133631,0.007167863001551409,0
ACCT_133634,0.00014322617456775995,0
ACCT_133635,0.00019346604642656473,0
ACCT_133637,0.00015054306265806154,0
ACCT_133648,0.0005096932088410911,0
ACCT_133653,0.0023326791013019784,1
ACCT_133658,0.015542881313117214,0
ACCT_133672,0.0041521909120899635,0
ACCT_133674,7.295273043383161e-05,0
ACCT_133676,0.00019514243134012514,0
ACCT_133687,0.12610288151434973,0
ACCT_133692,0.002905208048014857,0
ACCT_133693,0.0005183093166101101,0
ACCT_133702,0.00017044789306446985,0
ACCT_133719,0.0014030290394462513,0
ACCT_133739,9.607451864160125e-05,0
ACCT_133757,0.0018192775562230429,0
ACCT_133765,0.00144873658085281,0
ACCT_133777,0.0032073868065124653,0
ACCT_133782,0.0001153354719318722,0
ACCT_133785,0.011181205578105431,0
ACCT_133788,0.0004692519500834757,0
ACCT_133790,0.015119948376810443,0
ACCT_133802,0.02229646194237544,0
ACCT_133809,0.00011411569187432588,0
ACCT_133814,1.4237645302439033e-05,0
ACCT_133819,0.00011478986698814514,0
ACCT_133821,0.00021041499347242005,0
ACCT_133824,0.0007861414837862718,0
ACCT_133833,0.009028477977256448,0
ACCT_133855,0.005054911869822625,0
ACCT_133858,0.0003956306649635101,0
ACCT_133860,0.005049120986850452,0
ACCT_133863,0.00014726687680439058,0
ACCT_133869,0.0010715729420546017,0
ACCT_133878,0.0014314937658105257,0
ACCT_133886,0.001103192995235754,0
ACCT_133889,0.004843986805681854,0
ACCT_133891,0.0007834832944912919,0
ACCT_133902,0.013576276992107233,0
ACCT_133926,0.0018418913386372164,0
ACCT_133931,0.9915874111910343,1
ACCT_133943,0.016874586336147752,0
ACCT_133945,0.0005825549504422199,0
ACCT_133952,6.850586381037893e-05,0
ACCT_133957,0.00033621466993855596,0
ACCT_133980,0.0001339252259220014,0
ACCT_133991,0.0027345417360009395,0
ACCT_133993,0.0002460265320198374,0
ACCT_134009,0.0008565866926169353,0
ACCT_134017,0.0019288782891149583,0
ACCT_134041,0.0005248306563534419,0
ACCT_134074,0.000307537439823237,0
ACCT_134075,0.0005863287087052087,0
ACCT_134081,0.008848720811246925,0
ACCT_134083,0.00031988024082280265,0
ACCT_134097,0.002678934655183787,0
ACCT_134105,0.0006971080526047763,0
ACCT_134106,0.0002071185838525973,0
ACCT_134111,0.0022914237821548547,0
ACCT_134115,0.001221223075256321,0
ACCT_134140,9.328802161339679e-05,0
ACCT_134143,0.0006711994387355171,0
ACCT_134145,8.263496571816155e-05,0
ACCT_134153,0.01927432415739045,0
ACCT_134159,0.0008539877935953874,0
ACCT_134187,0.012297193272008513,0
ACCT_134188,0.0007637485771798889,0
ACCT_134202,0.0012801235673088986,0
ACCT_134203,0.004236333003409677,0
ACCT_134205,0.0015424442161552617,0
ACCT_134206,0.07210366036133468,0
ACCT_134212,0.004923597080009315,0
ACCT_134225,0.0005603173472778838,0
ACCT_134239,0.007145159209134146,0
ACCT_134247,0.029897494335911604,0
ACCT_134251,0.004352906772670638,0
ACCT_134270,0.0029126016865575334,0
ACCT_134271,0.0009080953694729131,0
ACCT_134275,0.0029039707350776616,0
ACCT_134287,0.000987136121633649,0
ACCT_134292,0.00615117471856373,0
ACCT_134308,0.0001100706566922306,0
ACCT_134321,0.0021538970912744985,0
ACCT_134336,0.0106778446994472,0
ACCT_134339,0.2157842665158684,0
ACCT_134342,0.0008356022790165831,0
ACCT_134351,0.001731467584660532,0
ACCT_134352,0.0028561449880796347,0
ACCT_134353,0.002889674866635464,0
ACCT_134359,0.00034445874995797844,0
ACCT_134373,0.0010454043289608232,0
ACCT_134379,0.0060622032376537556,0
ACCT_134381,0.00014734090689702783,0
ACCT_134389,0.0021746201629521756,0
ACCT_134390,0.0005527091988086982,0
ACCT_134407,0.0004342106727039135,0
ACCT_134413,0.0003321534276177266,0
ACCT_134430,0.0004455863342660893,0
ACCT_134434,0.0006066185375707113,0
ACCT_134435,0.04069039075346553,0
ACCT_134439,0.0019335020819866574,0
ACCT_134446,0.0005517771386192992,0
ACCT_134461,5.339609552898782e-05,0
ACCT_134462,0.02752292408955582,0
ACCT_134470,0.0005279533281303969,0
ACCT_134477,0.0010897275658089689,0
ACCT_134483,0.0042247308878733325,0
ACCT_134487,0.6393925297529393,0
ACCT_134509,0.0008325147332476496,0
ACCT_134515,0.012280620290495743,0
ACCT_134516,8.29407580778353e-05,0
ACCT_134528,0.0004467653850567482,0
ACCT_134529,0.0005715556707415124,0
ACCT_134540,0.0007739830895804782,0
ACCT_134548,0.0018923924156559792,0
ACCT_134564,0.00356569173302004,0
ACCT_134574,0.0070427901062483835,0
ACCT_134584,0.0004015355611421266,0
ACCT_134585,0.004894329657906651,0
ACCT_134594,0.000769224174977446,0
ACCT_134596,0.0007662638089383897,0
ACCT_134600,6.678775748088269e-05,0
ACCT_134604,7.259597304674475e-05,0
ACCT_134614,0.0025747555205088055,0
ACCT_134620,2.3143607941508257e-05,0
ACCT_134623,0.0023174519191783254,0
ACCT_134628,0.00024535155202277107,0
ACCT_134641,0.00020223876283519474,0
ACCT_134649,0.00801630014654238,0
ACCT_134654,0.00037194407131222287,0
ACCT_134666,0.00013853269007323049,0
ACCT_134677,0.0022803600861560505,0
ACCT_134679,0.005536452982579579,0
ACCT_134683,0.0008719268970111857,0
ACCT_134688,0.0008850423353097651,0
ACCT_134695,0.005814964505374911,0
ACCT_134705,0.00012165413732753571,0
ACCT_134706,0.0005502881525479537,0
ACCT_134721,0.0002031749435012214,0
ACCT_134740,0.00045150304563604417,0
ACCT_134757,0.00010651855137913957,0
ACCT_134779,0.0004031176906907036,0
ACCT_134780,6.475357150753937e-05,0
ACCT_134790,0.004420313071511976,0
ACCT_134804,0.0004544819284411385,0
ACCT_134806,0.0011775214358626966,0
ACCT_134811,0.0009803048624169315,0
ACCT_134812,0.0009275472412523218,0
ACCT_134818,0.0047991582252922375,0
ACCT_134823,0.48916996452981104,0
ACCT_134833,0.018450493574569227,0
ACCT_134834,0.003724798044963771,0
ACCT_134839,0.006882417839095434,1
ACCT_134840,0.0017130090310264218,0
ACCT_134852,0.0016766052105569092,0
ACCT_134859,0.00045851021136691884,0
ACCT_134861,0.001104101250458935,0
ACCT_134866,0.002290611669320648,0
ACCT_134883,0.011221297201542892,0
ACCT_134888,0.0016031226308111126,0
ACCT_134900,2.5728018168743692e-05,0
ACCT_134927,0.000632607053757018,0
ACCT_134931,0.00016033212074606794,0
ACCT_134939,0.0011310664395316106,0
ACCT_134941,0.041431799569468256,0
ACCT_134956,0.005542177434651788,0
ACCT_134972,0.002892977757217124,0
ACCT_134981,0.0008392272166151683,0
ACCT_134989,4.833537057507775e-05,0
ACCT_134994,0.0016358486927157546,0
ACCT_135000,0.00778697013258801,0
ACCT_135002,0.0014394072171442843,0
ACCT_135005,0.00013382980586961946,0
ACCT_135025,6.364256976012241e-05,0
ACCT_135036,0.00084798718839423,0
ACCT_135047,0.00020889216053271325,0
ACCT_135052,0.03778891327925499,0
ACCT_135054,0.00011993863936308652,0
ACCT_135057,0.2195765183307502,0
ACCT_135067,0.0034007356547500725,0
ACCT_135073,0.00024739177845744837,0
ACCT_135111,4.498447727561197e-05,0
ACCT_135112,0.0018665829021652877,0
ACCT_135113,0.00634988310266212,0
ACCT_135120,0.0006378295917630861,0
ACCT_135121,0.00015806774787885034,0
ACCT_135124,0.09914541344579046,0
ACCT_135131,0.00010993539373467839,0
ACCT_135144,0.0005409651792310851,0
ACCT_135146,0.0016645772090276858,0
ACCT_135150,0.002911112319624174,0
ACCT_135154,0.0007686659293271925,0
ACCT_135155,0.0001540267290408007,0
ACCT_135171,4.603670781775491e-05,0
ACCT_135180,0.0010277393750758059,0
ACCT_135183,0.01784459277600709,0
ACCT_135193,0.004483796178390999,0
ACCT_135204,0.014776711736097705,0
ACCT_135206,0.003574796567692794,0
ACCT_135212,0.00012273360912512057,0
ACCT_135225,0.004749803842766716,0
ACCT_135232,0.9723287315055994,1
ACCT_135244,0.0020292347724494802,0
ACCT_135267,3.8087830860264165e-05,0
ACCT_135283,5.968391444969178e-06,0
ACCT_135293,0.01470610305293654,0
ACCT_135306,0.00046049769640459705,0
ACCT_135313,0.4162152584287922,0
ACCT_135317,0.3922970184029395,0
ACCT_135318,0.00012393301603720822,0
ACCT_135321,0.0009019887516840484,0
ACCT_135329,0.10352115480524986,0
ACCT_135339,0.0064047110189521484,0
ACCT_135341,0.008244066481491945,0
ACCT_135347,0.00020934953717829084,0
ACCT_135352,0.0013015866870406034,0
ACCT_135353,0.0030940746708504295,0
ACCT_135379,0.1610502992358433,0
ACCT_135383,0.002324758079523916,0
ACCT_135398,0.0007938954418104489,0
ACCT_135405,0.0001842806191100695,0
ACCT_135418,0.0007457066383726905,0
ACCT_135432,9.084428005468898e-05,0
ACCT_135442,0.0002956720811814264,0
ACCT_135447,0.11681647729473253,0
ACCT_135449,0.0009018234077543943,0
ACCT_135452,0.00024034098799022128,0
ACCT_135460,0.003642500575346333,0
ACCT_135476,0.003084351612417161,0
ACCT_135481,0.0016565773365023058,0
ACCT_135489,6.12092032515551e-05,0
ACCT_135495,0.00028825258937285035,0
ACCT_135507,0.00021604413664133863,0
ACCT_135508,0.29898861197669174,1
ACCT_135512,0.0031462971274908266,0
ACCT_135513,0.0002930843592349613,0
ACCT_135514,0.0006508250771852819,0
ACCT_135517,0.00012793814195923912,0
ACCT_135525,0.0006485539496342595,0
ACCT_135541,0.009180335984924338,0
ACCT_135544,0.0004642086716428945,0
ACCT_135548,0.00023629409262467018,0
ACCT_135549,0.0008603333690364883,0
ACCT_135559,0.0007189627783451064,0
ACCT_135560,9.574395388930166e-05,0
ACCT_135561,5.970727548287318e-05,0
ACCT_135565,0.0006792945415069195,0
ACCT_135573,0.0003537694618328904,0
ACCT_135592,0.00018060851968615965,0
ACCT_135615,0.0019165286383597284,0
ACCT_135616,0.009584434210631354,0
ACCT_135640,0.002341080858496561,0
ACCT_135643,0.0015635512497219786,0
ACCT_135648,0.0014155687117672182,0
ACCT_135654,0.009152575690823828,0
ACCT_135660,5.852652416965574e-05,0
ACCT_135662,0.0013977167187438776,0
ACCT_135667,0.26527700353918265,0
ACCT_135675,0.0007368794490839977,0
ACCT_135681,0.007289612379576453,0
ACCT_135690,0.054530969421854175,1
ACCT_135707,0.0010171064780578542,0
ACCT_135709,0.0068380969171615725,0
ACCT_135710,0.03595489304663428,0
ACCT_135718,0.02679086962694169,0
ACCT_135731,0.002142549232505654,0
ACCT_135737,0.0009675991391505496,0
ACCT_135741,0.005515765137047767,0
ACCT_135750,0.0017206052947966643,0
ACCT_135756,0.0013063499419205256,0
ACCT_135772,0.00014260664394892363,0
ACCT_135773,0.0038242316513486664,0
ACCT_135776,0.003669668537249332,0
ACCT_135787,0.001283752995715806,0
ACCT_135793,0.06719801915238689,0
ACCT_135797,0.000377012916209137,0
ACCT_135798,0.0004564843272623218,0
ACCT_135822,0.0024435376999331223,0
ACCT_135826,0.0008629460259763477,0
ACCT_135834,0.0007600836041088288,0
ACCT_135855,0.0016496863559448648,0
ACCT_135859,0.0002139994300652445,0
ACCT_135880,0.0027511428185085264,0
ACCT_135882,0.0008435228173482369,0
ACCT_135887,0.005015928164273343,0
ACCT_135906,0.008095576910189101,0
ACCT_135911,0.00025320057727157405,0
ACCT_135916,0.0016561448032927602,0
ACCT_135930,0.02820250848722042,0
ACCT_135931,0.00033878160559689405,0
ACCT_135949,9.653949263859765e-05,0
ACCT_135958,0.00038784079603923,0
ACCT_135979,0.00016775753490961607,0
ACCT_135984,0.0010382560313481923,0
ACCT_135986,0.00012454516543060776,0
ACCT_136021,0.00012866116300692688,0
ACCT_136057,0.0002486045112628176,0
ACCT_136068,0.0014474615828294665,0
ACCT_136070,0.003924496562061849,0
ACCT_136072,0.31006537216902635,0
ACCT_136096,2.3783403819901115e-05,0
ACCT_136102,8.837638237762797e-05,0
ACCT_136112,0.0011754709787158198,0
ACCT_136122,0.0009365565940778782,0
ACCT_136124,0.004413779490399319,0
ACCT_136137,0.11408717587928552,0
ACCT_136138,0.0009142809361136149,0
ACCT_136140,4.649029829513161e-05,0
ACCT_136151,0.0011877753901585692,0
ACCT_136166,0.00046314330432205443,0
ACCT_136171,9.505645616913356e-05,0
ACCT_136173,0.02003391301070507,0
ACCT_136186,0.0003413754474442664,0
ACCT_136188,0.0032497464260283107,0
ACCT_136196,1.8118118494942725e-05,0
ACCT_136200,0.00018711387639099608,0
ACCT_136228,0.005415198344050706,0
ACCT_136237,8.294480995565582e-06,0
ACCT_136247,0.010534460695501659,0
ACCT_136251,0.0011373998722757391,0
ACCT_136253,0.001909803035059255,0
ACCT_136262,0.0006122385604796067,0
ACCT_136266,0.022162297787959823,0
ACCT_136274,0.0003696022289300595,0
ACCT_136276,0.00693243365534662,0
ACCT_136283,0.24734536931607964,0
ACCT_136302,0.0013095835396083218,0
ACCT_136307,0.00010905464164707331,0
ACCT_136308,0.037058946758020156,0
ACCT_136312,0.008631337424874113,0
ACCT_136316,0.009311488977340977,0
ACCT_136328,4.431257819789399e-05,0
ACCT_136362,0.0002569113855102351,0
ACCT_136363,0.00039640787012774746,0
ACCT_136368,4.9020002138177786e-05,0
ACCT_136374,0.001343534887798418,0
ACCT_136377,0.017580828398710505,0
ACCT_136378,2.514448334014016e-05,0
ACCT_136384,0.002146758535903052,0
ACCT_136393,9.750683829714374e-06,0
ACCT_136394,0.002336526740128657,0
ACCT_136403,0.00027838222421791255,0
ACCT_136406,0.00018278568393207862,0
ACCT_136419,0.07738761434483704,0
ACCT_136447,0.06642467628785563,0
ACCT_136464,0.0020550669362509265,0
ACCT_136467,0.0024237915364285225,0
ACCT_136472,0.00011301468428051158,0
ACCT_136473,0.0737044867842537,0
ACCT_136477,5.459207663214438e-05,0
ACCT_136478,0.0034541034509908814,0
ACCT_136480,0.0003285667997632145,0
ACCT_136482,0.00013048721654079993,0
ACCT_136483,0.0011675467242265134,0
ACCT_136484,4.653418113954725e-05,0
ACCT_136490,0.0004240775443769018,0
ACCT_136491,0.00034091067211092495,0
ACCT_136492,0.007849889873912932,0
ACCT_136497,0.0008226884985237029,0
ACCT_136510,0.0018247963053587442,0
ACCT_136512,0.003377338195657966,0
ACCT_136514,0.25007029576955775,0
ACCT_136516,0.0011594839140930417,0
ACCT_136522,0.0007851975435493786,0
ACCT_136524,0.06844067343798899,0
ACCT_136528,0.0002807851565010064,0
ACCT_136530,0.0009550530083538137,0
ACCT_136537,0.810574214271557,1
ACCT_136539,0.0005735463178505697,0
ACCT_136552,0.011531735745566114,0
ACCT_136555,0.0008836182654980903,0
ACCT_136565,0.004892586096267366,0
ACCT_136572,0.00010447994230911102,0
ACCT_136578,0.0004133071962269938,0
ACCT_136586,0.003135819973292087,0
ACCT_136602,0.00011283584824107486,0
ACCT_136603,0.02044561550357157,0
ACCT_136615,0.0005162383061062839,0
ACCT_136616,5.3685172649167056e-05,0
ACCT_136623,0.0018943436509587434,0
ACCT_136633,0.0010448630865159494,0
ACCT_136637,0.6127623334780193,0
ACCT_136643,0.000551257045810181,0
ACCT_136653,0.0005310312696875542,0
ACCT_136678,0.0009805363240369598,0
ACCT_136681,0.005313073370392463,0
ACCT_136702,0.0008684425549251444,0
ACCT_136727,0.0003090996003230913,0
ACCT_136732,6.155454242683019e-05,0
ACCT_136742,0.0006641943427642779,0
ACCT_136745,0.002258136750693953,0
ACCT_136756,0.0010905557987938269,0
ACCT_136760,0.00046031387089267136,0
ACCT_136761,0.00032203540263754703,0
ACCT_136765,0.0005057398755644763,0
ACCT_136774,0.0014197679152524961,0
ACCT_136789,0.003267645849404916,0
ACCT_136797,0.0008707814367897295,0
ACCT_136800,0.00042700364358434534,0
ACCT_136806,0.04750828256291499,0
ACCT_136819,0.06527596310742054,0
ACCT_136832,0.0006967447677458683,0
ACCT_136835,0.018493925757032213,0
ACCT_136847,6.243149992933403e-05,0
ACCT_136853,0.021655769099282192,0
ACCT_136884,0.0035128264727215665,0
ACCT_136885,0.006645475231411388,0
ACCT_136886,0.0038006114636808096,0
ACCT_136891,0.000810862308066733,0
ACCT_136908,0.0004606170486700836,0
ACCT_136910,0.00023318069631182535,0
ACCT_136914,0.03519143250808826,0
ACCT_136928,0.0007577622655892693,0
ACCT_136929,0.00011856634240161755,0
ACCT_136939,0.0003491572826889491,0
ACCT_136953,0.2176304877241867,0
ACCT_136967,0.0017474915525958318,0
ACCT_136968,5.211918090430863e-05,0
ACCT_136972,0.18801226946129945,0
ACCT_136980,0.00027004371889523146,0
ACCT_136986,0.00039630854155028026,0
ACCT_137015,0.0018681887122434277,0
ACCT_137024,0.07855989836589648,0
ACCT_137043,0.00026947434500472847,0
ACCT_137045,0.022316133968503078,0
ACCT_137049,0.00042338913303268375,0
ACCT_137050,0.011459286750863155,0
ACCT_137055,4.6453351244634036e-05,0
ACCT_137074,0.005025701970712008,0
ACCT_137078,0.0011568549083913484,0
ACCT_137079,0.006841386480945757,0
ACCT_137102,2.9359625061520465e-05,0
ACCT_137108,0.013934164981371075,0
ACCT_137109,0.00016031310825393062,0
ACCT_137141,0.0007661869146854376,0
ACCT_137148,0.00047606430399047456,0
ACCT_137151,0.004772909478235798,0
ACCT_137167,3.5465003937901356e-05,0
ACCT_137213,0.003731658455686864,0
ACCT_137221,3.626906889994479e-05,0
ACCT_137226,0.0001532369269177221,0
ACCT_137232,2.276576518244908e-05,0
ACCT_137236,0.0717360169551412,0
ACCT_137237,0.0034797213955262514,0
ACCT_137239,0.00010020840222609774,0
ACCT_137243,0.00025641629164921734,0
ACCT_137261,0.003951673687522837,0
ACCT_137277,0.00403200469142053,0
ACCT_137284,0.00013044786573129848,0
ACCT_137289,7.733945093945894e-05,0
ACCT_137294,0.00016694310703602494,0
ACCT_137300,0.0005403996138729758,0
ACCT_137309,0.012596130298448697,0
ACCT_137315,0.0009124021156323531,0
ACCT_137334,6.311880850307302e-05,0
ACCT_137369,0.0001463541038180244,0
ACCT_137398,0.0010148087153427226,0
ACCT_137399,0.000778825367500527,0
ACCT_137404,0.00020785105563051037,0
ACCT_137409,0.000676505074877735,0
ACCT_137411,0.00034218879735208784,0
ACCT_137413,0.002970677189225396,0
ACCT_137425,6.123134119240672e-05,0
ACCT_137436,2.1468320671916015e-05,0
ACCT_137443,0.0006509383916029851,0
ACCT_137446,0.0011386715122453227,0
ACCT_137458,0.003142990092006189,0
ACCT_137461,6.291925578260535e-05,0
ACCT_137479,0.01744180150111975,0
ACCT_137491,0.004772884381281275,0
ACCT_137497,0.00584973631828483,0
ACCT_137503,0.0023239220032379017,0
ACCT_137554,0.002688651624851558,0
ACCT_137555,0.00022680480015170574,0
ACCT_137559,0.0014937666995575823,0
ACCT_137560,0.00011077076849830736,0
ACCT_137577,0.004966661246727112,0
ACCT_137600,0.0937219609857511,0
ACCT_137602,0.003905755511465961,0
ACCT_137607,0.0003246539963478696,0
ACCT_137623,0.011476542863750687,0
ACCT_137638,0.004765957137748457,0
ACCT_137641,5.764512033763578e-06,0
ACCT_137659,0.0003279293648678301,0
ACCT_137660,0.0029704312051233722,0
ACCT_137671,0.000897394135736372,0
ACCT_137676,0.0008075556513510961,0
ACCT_137678,0.016166207287824582,0
ACCT_137688,0.05093443262896081,0
ACCT_137690,0.0012954352391419636,0
ACCT_137700,0.00021899600542841708,0
ACCT_137704,0.0007164609385626081,0
ACCT_137713,0.0017818506025403405,0
ACCT_137715,0.0009312527959140948,0
ACCT_137727,9.114980864501047e-06,0
ACCT_137740,0.0003618053932046321,0
ACCT_137746,0.005036060901219509,0
ACCT_137750,0.005454943628321608,0
ACCT_137752,0.0006148435397359129,0
ACCT_137759,5.219593182664367e-05,0
ACCT_137761,0.00022271637722112998,0
ACCT_137764,0.00011228916495324267,0
ACCT_137765,0.0021245450826732825,0
ACCT_137771,0.006626400786594929,0
ACCT_137785,0.021507107392393112,0
ACCT_137788,0.0007309923051598427,0
ACCT_137798,0.01910233031505636,0
ACCT_137810,0.0010336122032809124,0
ACCT_137821,0.0002597919812177709,0
ACCT_137822,0.015966217302443304,0
ACCT_137830,0.0018693780389605007,0
ACCT_137833,0.0026243691899457597,0
ACCT_137862,0.0008223661438652105,0
ACCT_137864,5.1408273227808664e-05,0
ACCT_137885,0.0003340035193353735,0
ACCT_137894,0.03711103899068494,0
ACCT_137897,0.00012479258900523625,0
ACCT_137898,0.0004888901640419045,0
ACCT_137913,0.00023327369494462947,0
ACCT_137935,0.00031442164366818093,0
ACCT_137938,0.0003881283521475869,0
ACCT_137939,0.00037954203570106577,0
ACCT_137950,0.00019599449191926583,0
ACCT_137955,0.0022428629672171813,0
ACCT_137957,0.0021971471232637273,0
ACCT_137968,0.0022895272447327575,0
ACCT_137974,0.0005075305596291556,0
ACCT_137977,0.0046830352628645065,0
ACCT_137979,0.00033746499251289863,0
ACCT_137982,0.00211865108155363,0
ACCT_137983,0.0027548640154785725,0
ACCT_137990,0.010020070689382493,0
ACCT_137993,0.0036083316482059136,0
ACCT_138001,0.017562071787555956,0
ACCT_138011,0.00038285592893918494,0
ACCT_138021,0.0020732471002885126,0
ACCT_138032,0.0003315984246457022,0
ACCT_138054,0.0018513922969223705,0
ACCT_138077,8.243115105490237e-06,0
ACCT_138080,0.017486246393944405,0
ACCT_138089,0.0006219925891095622,0
ACCT_138097,0.0003409512781715422,0
ACCT_138101,0.0007790297491463964,0
ACCT_138102,0.0003142715585036052,0
ACCT_138114,0.0010530241540690122,0
ACCT_138123,0.0005554704920219244,0
ACCT_138124,0.0009788753039464695,0
ACCT_138137,0.05458814474992929,0
ACCT_138150,7.620994238704698e-05,0
ACCT_138152,4.18924362886926e-05,0
ACCT_138168,0.006741986702291852,1
ACCT_138180,0.0002635263409353872,0
ACCT_138188,0.03813932901679881,0
ACCT_138200,0.00108394129070435,0
ACCT_138204,2.9185024705889545e-05,0
ACCT_138210,0.01963509019879746,0
ACCT_138218,0.0027580950002901996,0
ACCT_138262,0.006240344495905285,0
ACCT_138285,0.003345232473426691,0
ACCT_138295,0.0012013941765982156,0
ACCT_138300,0.0007953853317252349,0
ACCT_138301,1.5635878310574578e-05,0
ACCT_138306,0.0023035512711577577,0
ACCT_138310,7.256091386664396e-05,0
ACCT_138314,0.005280375754285512,0
ACCT_138315,0.00010907871947260693,0
ACCT_138316,0.002807890636112978,0
ACCT_138317,0.0012345951638612657,0
ACCT_138319,0.0016028184434034355,0
ACCT_138322,0.00010297086211112285,0
ACCT_138327,0.0012885348777260661,0
ACCT_138340,0.002834968386953015,0
ACCT_138343,0.006830464928097223,0
ACCT_138356,0.023417663494923677,0
ACCT_138368,0.007117686718039875,0
ACCT_138391,0.0006551277825817703,0
ACCT_138397,1.3979746697385729e-05,0
ACCT_138407,3.5083730806158566e-05,0
ACCT_138418,0.00720896268367578,0
ACCT_138428,0.022559001136300553,0
ACCT_138438,0.0028545816372854906,0
ACCT_138439,6.686733610785961e-05,0
ACCT_138441,0.0006893330092485401,0
ACCT_138460,0.024772126916424626,0
ACCT_138474,8.705363758194558e-05,0
ACCT_138496,0.1188883055567968,0
ACCT_138501,0.0009200074825983107,0
ACCT_138529,0.0005191477112963385,0
ACCT_138531,3.0046319491472534e-05,0
ACCT_138566,0.00018855479069117837,0
ACCT_138580,0.0008784982656657569,0
ACCT_138588,2.2244895496697587e-05,0
ACCT_138603,7.755937306732223e-05,0
ACCT_138607,0.02926678842902847,0
ACCT_138615,0.0206783417196136,0
ACCT_138619,0.0016958816319634113,0
ACCT_138621,7.001145117228259e-05,0
ACCT_138623,0.00033255757413676264,0
ACCT_138629,9.184185842404756e-05,0
ACCT_138638,0.002041476717836692,0
ACCT_138647,0.00022086286870164624,0
ACCT_138648,0.0014101680171004192,0
ACCT_138655,0.003258854323564574,0
ACCT_138664,0.0010986678511330874,0
ACCT_138683,0.0771303856088116,0
ACCT_138690,0.00048076124866799284,0
ACCT_138692,0.003925729418194525,0
ACCT_138714,0.0009551955385838292,0
ACCT_138718,0.002768231886133698,0
ACCT_138726,0.3199601347906087,0
ACCT_138732,3.138083169663258e-05,0
ACCT_138742,5.094180590900678e-05,0
ACCT_138776,0.0003843889935839661,0
ACCT_138791,0.5233159264881503,0
ACCT_138792,3.567588548481857e-05,0
ACCT_138827,0.00029416275920254,0
ACCT_138844,0.001530891798990794,0
ACCT_138863,0.0013192400900666297,0
ACCT_138876,0.12417922298364327,0
ACCT_138890,0.007063219175705162,0
ACCT_138891,0.001307143484459853,0
ACCT_138902,0.002108939692269547,0
ACCT_138907,0.0013329584083483558,0
ACCT_138919,0.00016057852907104637,0
ACCT_138925,0.4492522842334585,0
ACCT_138927,6.270824772289597e-05,0
ACCT_138929,8.625578571776863e-05,0
ACCT_138931,0.0009256018024700678,0
ACCT_138932,0.0006362070865173383,0
ACCT_138939,0.0016829452711805977,0
ACCT_138943,0.019974263243051602,0
ACCT_138952,0.12300450284574597,0
ACCT_138968,0.0012705515160459282,0
ACCT_138978,0.00041061855348129266,0
ACCT_138984,3.971867229490494e-05,0
ACCT_138985,0.09853026375153637,0
ACCT_138998,0.00027333534614162815,0
ACCT_139003,0.0009992022953302002,0
ACCT_139017,0.001600099589271044,0
ACCT_139020,0.000347419769385213,0
ACCT_139051,0.0007627155710374652,0
ACCT_139058,0.0006282026342688532,0
ACCT_139062,0.001439060088016329,0
ACCT_139068,3.5931517945754833e-05,0
ACCT_139073,0.00030787107930220454,0
ACCT_139088,0.004652695706094067,0
ACCT_139090,0.0002265163146409835,0
ACCT_139094,0.006589391554935392,0
ACCT_139096,0.00020430785861839083,0
ACCT_139115,0.0008902527032815793,0
ACCT_139122,0.0004648006231889731,0
ACCT_139126,0.003242053166379105,0
ACCT_139128,1.3330045526441677e-05,0
ACCT_139130,0.036331180741452,0
ACCT_139131,3.901032869124618e-05,0
ACCT_139138,0.005443981415180156,0
ACCT_139139,0.000894411062132276,0
ACCT_139141,0.00042137143590390106,0
ACCT_139144,0.04038163456498784,0
ACCT_139158,0.0014280429726005576,0
ACCT_139161,0.2352250714617382,0
ACCT_139189,0.0007542627796745386,0
ACCT_139196,0.00037800501881193405,0
ACCT_139201,9.659882593512776e-05,0
ACCT_139205,0.004662748615576746,0
ACCT_139214,0.002572710676879164,0
ACCT_139219,0.002810055990874991,0
ACCT_139225,0.003533523457110517,0
ACCT_139229,0.002451088921758127,0
ACCT_139243,0.011109556309156658,0
ACCT_139256,0.024017152358327222,0
ACCT_139259,0.00038902550204746565,0
ACCT_139288,0.0013047003661656367,0
ACCT_139292,0.884537603710113,1
ACCT_139300,0.0010241748971210123,0
ACCT_139311,0.0012660443673966125,0
ACCT_139318,0.00010557557399193236,0
ACCT_139319,0.0003525863239997253,0
ACCT_139322,0.000258075889326842,0
ACCT_139355,0.0010190157142135603,0
ACCT_139356,0.01004994900757759,0
ACCT_139358,0.00045174703481985204,0
ACCT_139369,0.0007893056391016046,0
ACCT_139377,0.02528480753171957,0
ACCT_139381,0.0007910582730579811,0
ACCT_139400,0.00036370260893526016,0
ACCT_139403,0.00012172113065907684,0
ACCT_139417,0.0019661241814605663,0
ACCT_139425,0.003175058857129774,0
ACCT_139428,0.0003180034354321374,0
ACCT_139432,0.00026143396550831397,0
ACCT_139440,0.00024426481015226933,0
ACCT_139452,0.00143073964463521,0
ACCT_139455,0.000394566112623431,0
ACCT_139456,0.0042816626607681905,0
ACCT_139465,0.0008896210851408133,0
ACCT_139475,0.0020119083931651707,0
ACCT_139478,0.03845391612756706,0
ACCT_139483,0.000558247697187301,0
ACCT_139497,0.00011984574618177341,0
ACCT_139518,0.006511573492510404,0
ACCT_139522,0.072941471636496,0
ACCT_139526,3.683808522758564e-05,0
ACCT_139534,0.0009378432802112626,0
ACCT_139547,0.01911668576327454,0
ACCT_139549,0.0014616509982796934,0
ACCT_139551,0.0008580230535710017,0
ACCT_139552,0.0005673182887313399,0
ACCT_139558,0.0002249624790792082,0
ACCT_139568,0.0014015099858833465,0
ACCT_139574,0.0035592332119926753,0
ACCT_139575,0.00020857935717118612,0
ACCT_139578,0.007424742928594247,0
ACCT_139584,0.03163991857418647,0
ACCT_139590,0.08273112178180533,0
ACCT_139593,5.712240926013029e-06,0
ACCT_139596,0.17893005059141373,0
ACCT_139602,0.002393376289415493,0
ACCT_139617,0.0009876680268869297,0
ACCT_139624,0.0007443372870856033,0
ACCT_139632,0.0027474927431948627,0
ACCT_139637,0.01790243905172187,0
ACCT_139639,0.00015800459451246058,0
ACCT_139642,0.0005826604703135493,0
ACCT_139646,0.00013114734237529494,0
ACCT_139652,7.280604106856431e-05,0
ACCT_139659,0.00045103342995807814,0
ACCT_139663,0.0008154363884329893,0
ACCT_139674,4.1347690740722306e-05,0
ACCT_139687,0.01451483385730068,0
ACCT_139693,0.004311847213755743,0
ACCT_139696,0.001531226289944578,0
ACCT_139705,0.0029116846995707628,0
ACCT_139708,0.0004485348497207219,0
ACCT_139713,0.00014092729475217156,0
ACCT_139715,0.0004978886571255488,0
ACCT_139729,0.0016984443346240127,0
ACCT_139730,1.6622508713792954e-05,0
ACCT_139741,0.0014042670870659329,0
ACCT_139742,0.00038165829411407494,0
ACCT_139758,0.0007029884740990572,0
ACCT_139767,0.0003108538429204758,0
ACCT_139796,0.0004235312052749531,0
ACCT_139797,0.0006531567429564157,0
ACCT_139811,7.956347030668487e-05,0
ACCT_139820,0.00024384631370686881,0
ACCT_139833,0.03177639529964919,0
ACCT_139848,0.0010364385933057283,0
ACCT_139874,0.25665471480722535,0
ACCT_139882,0.020959836557444128,0
ACCT_139886,0.090387870040469,0
ACCT_139891,0.00016973608388825152,0
ACCT_139919,0.0026186064057354273,0
ACCT_139920,0.00041851704307382666,0
ACCT_139931,0.004777039471831001,0
ACCT_139933,0.0055171576658756645,0
ACCT_139936,0.004247276783735772,0
ACCT_139949,0.0005643960729510975,0
ACCT_139978,0.0006867455418832213,0
ACCT_139983,0.0018452340700955037,0
ACCT_139994,0.0016196392928718168,0
ACCT_140000,0.00022963459135772542,0
ACCT_140003,0.0006504800933893539,0
ACCT_140009,0.0026609600789785377,0
ACCT_140029,7.3370572309036364e-06,0
ACCT_140032,0.00017676717647147183,0
ACCT_140035,0.5398431586891507,0
ACCT_140056,0.08257097354950556,0
ACCT_140062,0.0006414185653655093,0
ACCT_140071,0.00015573550722851648,0
ACCT_140073,0.04334651038217127,0
ACCT_140074,8.595974827771043e-05,0
ACCT_140076,0.03130167702504143,0
ACCT_140079,0.0012269707743037105,0
ACCT_140088,0.012291342196758722,0
ACCT_140089,0.0051076444186171546,0
ACCT_140090,0.0009877783262521715,0
ACCT_140091,0.017666131695604714,0
ACCT_140110,7.001176624656796e-05,0
ACCT_140111,0.008077953670171148,0
ACCT_140112,0.7518073064838363,0
ACCT_140118,0.005691795343634133,0
ACCT_140119,0.001694662319594284,0
ACCT_140123,7.836065197776231e-05,0
ACCT_140134,0.0005750100949707187,0
ACCT_140168,0.000325322597445857,0
ACCT_140196,0.0009165047876143827,0
ACCT_140201,0.0007883829577465534,0
ACCT_140202,0.010203562990168086,0
ACCT_140205,0.0025086262558094304,0
ACCT_140216,0.001300858193427744,0
ACCT_140221,0.00017327911574686886,0
ACCT_140229,0.0003701766070249014,0
ACCT_140230,5.1452194804684226e-05,0
ACCT_140234,0.0003646006879470836,0
ACCT_140253,0.22879866438363403,1
ACCT_140254,0.0010988207460955013,0
ACCT_140272,0.13170291928888286,0
ACCT_140275,0.0016581983574348077,0
ACCT_140281,0.0008649829521523883,0
ACCT_140284,0.0004933422030763777,0
ACCT_140292,0.003731993065898331,0
ACCT_140295,0.0007563483345744299,0
ACCT_140301,0.00025631760967045723,0
ACCT_140311,0.0020402829353695735,0
ACCT_140321,0.020512587234208013,0
ACCT_140327,0.0001223325213917088,0
ACCT_140339,9.448295067229854e-05,0
ACCT_140340,5.718197524286775e-05,0
ACCT_140348,0.006687922596147434,0
ACCT_140349,0.000525348414179033,0
ACCT_140372,0.012026903475461195,0
ACCT_140374,0.0036322815279390738,0
ACCT_140379,0.0007009898980201095,0
ACCT_140386,4.6883387849481025e-05,0
ACCT_140393,0.0017206412428716405,0
ACCT_140408,0.00045883602156060666,0
ACCT_140418,0.000324654998697453,0
ACCT_140419,0.0005356200630730645,0
ACCT_140433,1.357576228589045e-05,0
ACCT_140440,0.00014190820692978388,0
ACCT_140445,0.06233630021193189,0
ACCT_140449,0.0003501736085844041,0
ACCT_140470,0.0003767118895954858,0
ACCT_140482,0.00035599480285221477,0
ACCT_140483,0.014251992581892933,0
ACCT_140484,0.0050330400644295345,0
ACCT_140489,0.0008480987602611063,0
ACCT_140496,0.01111491548864768,0
ACCT_140508,0.005103380540175327,0
ACCT_140511,0.0003394968081878434,0
ACCT_140520,0.0015856820996454388,0
ACCT_140525,0.0008333782953729816,0
ACCT_140526,0.002527509622118388,0
ACCT_140528,0.0008624353253234376,0
ACCT_140541,0.0002454406392808859,0
ACCT_140552,8.07286095931942e-05,0
ACCT_140563,0.00016140739512103837,0
ACCT_140571,0.03993407639867844,0
ACCT_140572,0.001308875789267081,0
ACCT_140574,0.0015063943686939806,0
ACCT_140601,0.00033049540176932895,0
ACCT_140605,0.0026697031030855503,0
ACCT_140610,0.0014477283436803558,0
ACCT_140635,0.0004981261944337874,0
ACCT_140638,0.0010189301834754919,0
ACCT_140669,0.004092053089637894,0
ACCT_140675,0.0011838928037476867,0
ACCT_140680,9.440672165944946e-05,0
ACCT_140684,0.0018350078757218443,0
ACCT_140686,0.0008984280365006825,0
ACCT_140697,0.0027397756427260224,0
ACCT_140700,0.06611333687297259,0
ACCT_140707,0.09503053920984521,0
ACCT_140717,0.00021731818139911362,0
ACCT_140722,0.0007434501447850531,0
ACCT_140729,0.0017837551800520964,0
ACCT_140733,0.04411479670634223,0
ACCT_140735,0.024635092337154687,0
ACCT_140752,6.027419133333511e-05,0
ACCT_140756,0.011393269717588824,0
ACCT_140791,0.00020883004409419514,0
ACCT_140812,0.00029598708989548363,0
ACCT_140817,0.003969278307953906,0
ACCT_140820,0.002265588667144978,0
ACCT_140846,0.002708614842948093,0
ACCT_140847,0.0008301717377993021,0
ACCT_140854,1.2300111553054194e-05,0
ACCT_140860,0.7953033257834602,0
ACCT_140863,0.00010191047768961268,0
ACCT_140870,0.0007209936877106594,0
ACCT_140871,0.009270570197867213,0
ACCT_140872,0.00015414855316683404,0
ACCT_140886,7.891054789937958e-05,0
ACCT_140894,0.0005654172620458187,0
ACCT_140922,0.014975150009265175,0
ACCT_140927,0.001303689260024981,0
ACCT_140929,0.00034243720910176755,0
ACCT_140934,0.014532553117244763,0
ACCT_140939,0.0002657450934093948,0
ACCT_140941,0.0007474397701731464,0
ACCT_140942,0.0004175951957372269,0
ACCT_140946,0.0008452725168192493,0
ACCT_140953,0.0004219436064962363,0
ACCT_140956,0.004388041794706155,0
ACCT_140980,0.017341527613007973,0
ACCT_140990,1.6755568270689587e-05,0
ACCT_140996,0.024398380557392064,0
ACCT_140998,0.00027244807887416507,0
ACCT_141001,0.0011357782257530803,0
ACCT_141003,0.0014613983926055824,0
ACCT_141010,0.044070995466270434,0
ACCT_141011,0.00016672467938859514,0
ACCT_141015,0.0119326137766009,0
ACCT_141041,0.7524870349012006,0
ACCT_141045,0.002873558801341329,0
ACCT_141050,6.342149027206175e-05,0
ACCT_141095,0.0004745018622832729,0
ACCT_141102,0.00023701722269251114,0
ACCT_141109,0.013251231162900773,0
ACCT_141130,0.0009036069755213538,0
ACCT_141138,0.00016422955712255233,0
ACCT_141150,0.015988008205142023,0
ACCT_141164,0.0001285010979598314,0
ACCT_141172,0.0004146785962722571,0
ACCT_141173,0.00027589376376058004,0
ACCT_141177,0.0002556938729626429,0
ACCT_141207,0.001373393797841624,0
ACCT_141211,0.00048323087838503124,0
ACCT_141215,0.003047490396663508,0
ACCT_141222,0.004896709075698396,0
ACCT_141223,0.0002136721109602275,0
ACCT_141226,0.08316690200044084,0
ACCT_141243,0.00016210165681428173,0
ACCT_141244,7.188175792603764e-06,0
ACCT_141252,0.00011418207402583276,0
ACCT_141257,0.00032455055811135916,0
ACCT_141279,3.0806800852610074e-05,0
ACCT_141281,0.00348932182754595,0
ACCT_141287,0.00024826510315205174,0
ACCT_141292,0.005854057103485538,0
ACCT_141298,0.00041842988124628255,0
ACCT_141327,9.008493300894688e-05,0
ACCT_141334,0.0063078901629643495,0
ACCT_141341,0.0001270193215148667,0
ACCT_141348,0.0001917093808063886,0
ACCT_141350,0.004771386818689047,0
ACCT_141353,0.0005688237040353992,0
ACCT_141361,3.3436409170494656e-05,0
ACCT_141375,0.00015484551659144724,0
ACCT_141381,0.002224805531308826,0
ACCT_141385,0.0011310576813645188,0
ACCT_141389,0.00030707212071923824,0
ACCT_141403,0.6600048505397916,1
ACCT_141408,2.8629962041202733e-05,0
ACCT_141412,0.00012084802363265508,0
ACCT_141418,0.00011072193387733465,0
ACCT_141422,0.0026627645500852054,0
ACCT_141438,0.0067693636595632135,0
ACCT_141443,0.0021663898838971403,0
ACCT_141452,0.0001133474696601482,0
ACCT_141470,0.07037376200304492,0
ACCT_141475,0.0010210811642658827,0
ACCT_141483,0.2782325820611943,0
ACCT_141485,0.002301930987454974,0
ACCT_141497,0.0009078836939484467,0
ACCT_141501,0.0007084536497430716,0
ACCT_141510,0.01461996693432748,0
ACCT_141517,0.00040120505478439264,0
ACCT_141520,0.003400457185875415,0
ACCT_141522,0.017833395165527836,0
ACCT_141536,0.0007002150695885448,0
ACCT_141539,0.0008751182225932582,0
ACCT_141540,0.004058378878297893,0
ACCT_141547,8.864561482096727e-05,0
ACCT_141549,0.0001267485474786906,0
ACCT_141560,0.00020687330914057774,0
ACCT_141583,0.18069345534592116,0
ACCT_141592,0.005261660531306194,0
ACCT_141596,5.761936998842886e-05,0
ACCT_141609,0.05148545552311831,1
ACCT_141628,0.001306904478546113,0
ACCT_141632,0.15268992262528397,0
ACCT_141653,0.0005173650961339429,0
ACCT_141655,8.984423875376835e-05,0
ACCT_141663,0.005245368969389687,0
ACCT_141675,0.0008207678139314172,0
ACCT_141684,2.066898273396304e-05,0
ACCT_141688,0.2601777880242731,0
ACCT_141701,3.785722770199123e-05,0
ACCT_141705,0.001547948318157312,0
ACCT_141724,9.390902645909027e-05,0
ACCT_141741,0.0024909924317342486,0
ACCT_141746,0.0003094380558694955,0
ACCT_141761,0.0002248174923307329,0
ACCT_141767,0.07597666794214084,0
ACCT_141787,0.010636405391655437,0
ACCT_141800,0.0012320359048031216,0
ACCT_141802,0.9897993960806222,1
ACCT_141816,0.051479493032153864,0
ACCT_141837,0.000539848875949263,0
ACCT_141845,0.00020378798677966114,0
ACCT_141879,0.0005019076980946446,0
ACCT_141886,0.021786869100417217,0
ACCT_141888,0.0012014797609291967,0
ACCT_141892,0.0025814767307734345,0
ACCT_141897,0.0002222457799698466,0
ACCT_141917,5.444796899986614e-05,0
ACCT_141940,0.0010145687756724616,0
ACCT_141941,8.073535334315293e-05,0
ACCT_141948,0.0010195760451706206,0
ACCT_141950,0.0017048197616850475,0
ACCT_141957,0.006800892784965278,0
ACCT_141979,0.5155346113923064,1
ACCT_141981,0.04257567703270757,0
ACCT_141991,0.0002634277822589202,0
ACCT_141993,0.000466632030992351,0
ACCT_141998,0.0002539531608915687,0
ACCT_142013,0.0769069614556213,0
ACCT_142015,0.006566825435980049,0
ACCT_142017,0.0014753139334031172,0
ACCT_142019,0.00040134396986108404,0
ACCT_142021,0.00021039468072933025,0
ACCT_142022,0.0036150586090628904,0
ACCT_142034,0.26137771934679926,0
ACCT_142040,0.00024146105660255543,0
ACCT_142050,0.011617792331950096,0
ACCT_142062,0.004416904170282959,0
ACCT_142071,0.0003965034820570483,0
ACCT_142073,8.102541974831589e-05,0
ACCT_142083,0.00030550317883331214,0
ACCT_142092,0.014084666378495413,0
ACCT_142097,0.0030866481627601365,0
ACCT_142099,0.0026373249980098357,0
ACCT_142108,0.0022891097786456663,0
ACCT_142111,0.0011921423521636745,0
ACCT_142112,0.0002640374795031466,0
ACCT_142117,0.009949706648515648,0
ACCT_142145,0.00028448790458980843,0
ACCT_142147,0.016179107049253256,0
ACCT_142153,0.010853949976483918,0
ACCT_142159,0.0003551738874687128,0
ACCT_142186,0.00035178038483746907,0
ACCT_142188,0.0006883500161418484,0
ACCT_142199,0.0006974234422228033,0
ACCT_142200,0.00015183663523432426,0
ACCT_142208,0.0017474092503939566,0
ACCT_142211,0.004431405062101978,0
ACCT_142232,0.0016921062941690334,0
ACCT_142233,0.0012263711667673967,0
ACCT_142236,6.331577027293593e-05,0
ACCT_142241,0.03637499664093736,0
ACCT_142249,0.0005097250713070227,0
ACCT_142256,0.07939674606071707,0
ACCT_142261,0.0023588715856301123,0
ACCT_142321,0.0005857147866609138,0
ACCT_142330,0.00011030298371386585,0
ACCT_142347,0.0017994603160764312,0
ACCT_142358,0.003100982739348263,0
ACCT_142362,0.00018706099506099523,0
ACCT_142369,0.0007992276422333195,0
ACCT_142371,0.0012013543435899245,0
ACCT_142382,0.005869649670605202,0
ACCT_142393,0.0007717979141547539,0
ACCT_142402,0.00010940433776530513,0
ACCT_142404,0.0002013387275647434,0
ACCT_142417,0.03583022520003006,0
ACCT_142423,0.0007565998873851384,0
ACCT_142426,0.05451952316003988,0
ACCT_142434,0.008857896038650236,0
ACCT_142439,0.0002935936198001138,0
ACCT_142448,0.9711499518699023,1
ACCT_142453,0.0008961355621356366,0
ACCT_142458,0.00010587670130482323,0
ACCT_142465,0.7528736812124567,1
ACCT_142470,0.0011914128062489504,0
ACCT_142475,0.0014698578676007516,0
ACCT_142476,0.0004572376110084863,0
ACCT_142488,6.890746162360453e-05,0
ACCT_142503,0.044815185916905066,0
ACCT_142513,0.0005305746283984905,0
ACCT_142524,0.2653120303116891,0
ACCT_142531,0.0007004514393905501,0
ACCT_142532,0.003973788338783389,0
ACCT_142541,0.21357069803345627,0
ACCT_142547,0.000340893723188788,0
ACCT_142557,3.968926249433814e-05,0
ACCT_142558,0.9561069203714304,1
ACCT_142561,0.0011167213324951542,0
ACCT_142564,0.00010608635242991372,0
ACCT_142570,0.00023409706527375936,0
ACCT_142574,0.001245037042873291,0
ACCT_142581,0.0055152252814837975,0
ACCT_142582,0.0010827124263351345,0
ACCT_142594,0.000882924293664253,0
ACCT_142598,0.00033436541516744295,0
ACCT_142611,0.1237170610720385,0
ACCT_142612,0.00113735454017248,0
ACCT_142617,0.005314685559454846,0
ACCT_142624,0.00018768516617400076,0
ACCT_142626,0.29033893715829895,0
ACCT_142627,0.00014672478720699524,0
ACCT_142656,0.010113613558565146,0
ACCT_142664,0.0016822603302372497,0
ACCT_142666,0.38767803286485386,0
ACCT_142669,0.005673552060989755,0
ACCT_142680,0.0009062524960232694,0
ACCT_142686,0.02672304109083303,0
ACCT_142705,0.0025555426414130907,0
ACCT_142728,0.0004377262746009257,0
ACCT_142746,0.000810257341972117,0
ACCT_142759,0.000560597632623258,0
ACCT_142766,0.0015202714430324067,0
ACCT_142777,0.002339223387165577,0
ACCT_142802,0.00010916981482930175,0
ACCT_142814,0.00017061936619702708,0
ACCT_142834,0.0003722052682469083,0
ACCT_142850,0.00029216243139560007,0
ACCT_142859,0.007946243281210016,0
ACCT_142862,0.0011483342946881179,0
ACCT_142863,0.00037764623385466185,0
ACCT_142870,0.014551009192922243,0
ACCT_142872,0.0004609226606470445,0
ACCT_142885,0.0008798516551825406,0
ACCT_142890,0.00855223293954998,0
ACCT_142899,0.002548801715163379,0
ACCT_142923,0.013811148966053299,0
ACCT_142929,0.00022770653269301436,0
ACCT_142936,0.02546275646963667,0
ACCT_142940,0.00016883995175657316,0
ACCT_142941,0.0003556507500441474,0
ACCT_142969,0.00237767855461916,0
ACCT_142977,0.00034463642852814184,0
ACCT_142980,0.00226809316980489,0
ACCT_142987,0.0029448023874798874,0
ACCT_142992,0.001909727557317838,0
ACCT_143003,0.00015612818227384557,0
ACCT_143014,0.033111534518407426,0
ACCT_143016,8.273626693589211e-05,0
ACCT_143021,0.005076155921646144,0
ACCT_143024,0.012817086282258026,0
ACCT_143025,0.000680518450669201,0
ACCT_143028,0.00014741049296266602,0
ACCT_143047,0.004913926238521625,0
ACCT_143048,5.4839195898568425e-05,0
ACCT_143066,0.00014367565347439613,0
ACCT_143077,0.0028204092944834635,0
ACCT_143084,0.00018118881176564671,0
ACCT_143094,0.0027016796797715553,0
ACCT_143096,0.00730733316802798,0
ACCT_143099,0.0006197421343514115,0
ACCT_143110,0.009382432165583923,0
ACCT_143117,9.94486279485034e-05,0
ACCT_143119,0.00013387929606185152,0
ACCT_143133,0.023766709828169294,0
ACCT_143144,0.00027554384747858796,0
ACCT_143151,0.07576528699595082,0
ACCT_143152,0.0034628655841204394,0
ACCT_143156,5.7816374271905125e-05,0
ACCT_143157,0.0007607211291450546,0
ACCT_143164,0.010278829477782424,0
ACCT_143167,0.0008741276775022537,0
ACCT_143168,0.009163825452633514,0
ACCT_143175,0.0011576235492328963,0
ACCT_143186,0.0015602258012434502,0
ACCT_143196,0.13802497250017648,1
ACCT_143201,0.00039028910938883923,0
ACCT_143205,0.004865325468615456,0
ACCT_143207,0.00017976873289933678,0
ACCT_143210,0.0071105442754131505,0
ACCT_143214,0.009773873333375744,0
ACCT_143222,0.000886058530211938,0
ACCT_143234,0.004913011534985532,0
ACCT_143250,0.6181497687779162,0
ACCT_143252,0.0003721739077501216,0
ACCT_143253,0.0013188463871957278,0
ACCT_143273,0.0002103264116143144,0
ACCT_143276,0.00014380374699193995,0
ACCT_143307,0.0013618053930374427,0
ACCT_143321,0.00015720844226314187,0
ACCT_143329,0.0017953451462179744,0
ACCT_143332,1.0365263240902272e-05,0
ACCT_143339,0.0003753921836938463,0
ACCT_143351,0.01363758610555551,0
ACCT_143357,0.0020903574346969847,0
ACCT_143359,0.0016390231393683303,0
ACCT_143373,0.021357013672796757,0
ACCT_143376,0.07683422496961169,0
ACCT_143384,0.002023941412573704,0
ACCT_143394,5.5011223942433525e-05,0
ACCT_143399,0.00029869610732371257,0
ACCT_143403,0.00038264698893593254,0
ACCT_143408,0.012163904279694408,0
ACCT_143419,4.579020563378651e-05,0
ACCT_143422,0.0015571936281031497,0
ACCT_143436,0.008777289123469612,0
ACCT_143459,0.001970791941989552,0
ACCT_143463,0.00720109379940838,0
ACCT_143475,0.0008673693944161327,0
ACCT_143476,0.03921836523218504,0
ACCT_143481,0.003258557164567892,0
ACCT_143490,0.01830089812636122,0
ACCT_143493,0.003155181538374218,0
ACCT_143495,0.00029832138125010136,0
ACCT_143511,0.002628413690491762,0
ACCT_143517,0.006243813701449498,0
ACCT_143533,0.008614015646654111,0
ACCT_143538,0.0007543729372129923,0
ACCT_143544,0.0032189057464273537,0
ACCT_143547,0.00037520192978708513,0
ACCT_143553,0.0004323125798656027,0
ACCT_143554,0.0015573089813707658,0
ACCT_143559,0.00014554146265286348,0
ACCT_143561,0.00012809779031294652,0
ACCT_143562,0.0022857014997001326,0
ACCT_143582,0.01365553122792676,0
ACCT_143591,0.0008128949288962304,0
ACCT_143611,0.00012217216661293374,0
ACCT_143614,0.0051973783625059045,0
ACCT_143636,0.005938074002230899,0
ACCT_143648,0.00023213908864795437,0
ACCT_143650,0.0003682044525565638,0
ACCT_143676,0.0027045564440401136,0
ACCT_143683,0.010650804919990726,0
ACCT_143688,0.0012283184036237262,0
ACCT_143692,0.007665702448085597,0
ACCT_143694,0.06868099568781695,0
ACCT_143729,0.006304437172071476,0
ACCT_143740,0.00020885395075268958,0
ACCT_143746,0.0006017152381883368,0
ACCT_143747,0.0502191836950191,0
ACCT_143754,0.0018753989093760195,0
ACCT_143765,0.0002800621520360096,0
ACCT_143780,0.014155774075065804,0
ACCT_143784,0.010882429125658278,0
ACCT_143787,0.0011151713391229627,0
ACCT_143791,0.001866258812474117,0
ACCT_143796,0.00013639431039557127,0
ACCT_143801,0.00669515578619278,0
ACCT_143810,0.0008784294496005807,0
ACCT_143823,0.7631216204530064,0
ACCT_143847,0.00046360403781011095,1
ACCT_143858,0.03608809012757026,0
ACCT_143860,2.7595821061778397e-05,0
ACCT_143876,0.19020685186454359,0
ACCT_143881,0.0023918636681779814,0
ACCT_143882,0.00233497179268223,0
ACCT_143884,0.0012734662581701196,0
ACCT_143889,0.0017416492722555333,0
ACCT_143890,0.0012269586000191633,0
ACCT_143914,0.0005065520312614214,0
ACCT_143920,6.41447560527973e-05,0
ACCT_143945,0.00013981537499411942,0
ACCT_143953,0.0012088811069003095,0
ACCT_143959,4.370807636008518e-05,0
ACCT_143969,0.000623303172848768,0
ACCT_143977,0.0009320175552928671,0
ACCT_143989,0.0050085376745270865,0
ACCT_144005,0.0006047669528556903,0
ACCT_144014,7.831524156597413e-06,0
ACCT_144023,0.0019492573393509707,0
ACCT_144036,0.06533680972229652,0
ACCT_144076,0.0012332983717357028,0
ACCT_144091,1.2288981413809615e-05,0
ACCT_144093,0.00010153449593302365,0
ACCT_144096,0.0003379245828934393,0
ACCT_144097,0.0013156397418890274,0
ACCT_144106,9.918497303536526e-05,0
ACCT_144129,0.00332220210585592,0
ACCT_144136,0.03247999750145764,0
ACCT_144142,0.0012108871941415422,0
ACCT_144147,0.0001233506884870428,0
ACCT_144169,6.020051215314392e-05,0
ACCT_144170,3.3677160334655366e-05,0
ACCT_144178,0.00026302520549210273,0
ACCT_144181,0.0004582258601514539,0
ACCT_144209,0.0009581185995237955,0
ACCT_144212,0.00019418679971373106,0
ACCT_144218,4.9421646547099604e-05,0
ACCT_144224,0.00041314375448676146,0
ACCT_144236,0.003528696609654509,0
ACCT_144242,0.0003244877886570127,0
ACCT_144244,0.0007510497110729557,0
ACCT_144249,0.0002452415877624293,0
ACCT_144260,0.0006125000905540325,0
ACCT_144262,0.0007780412867552236,0
ACCT_144263,0.013161148345304189,0
ACCT_144279,7.405956227587342e-05,0
ACCT_144290,0.07540017867606953,0
ACCT_144292,8.86437721699292e-06,0
ACCT_144307,0.0008197260682789208,0
ACCT_144310,0.0033539145053638527,0
ACCT_144314,2.7170088809232193e-06,0
ACCT_144331,0.003846824479104907,0
ACCT_144332,7.030435634141113e-05,0
ACCT_144333,0.00029842631270275103,0
ACCT_144342,0.4078491258184279,0
ACCT_144347,0.0012047932443269341,0
ACCT_144359,9.16691476794678e-05,0
ACCT_144361,0.000358546283018067,0
ACCT_144367,0.13249576675276264,0
ACCT_144371,0.0031165513611621874,0
ACCT_144380,0.00018750592450768132,0
ACCT_144397,0.000327917926600179,0
ACCT_144403,0.00025248062732641707,0
ACCT_144409,0.00011316793813052566,0
ACCT_144413,0.011143118888578397,0
ACCT_144421,0.00018212672003808502,0
ACCT_144425,0.0003261591876974075,0
ACCT_144427,0.00011503411287371318,0
ACCT_144430,1.794999077812269e-05,0
ACCT_144451,7.455931259559248e-05,0
ACCT_144462,9.038065776194288e-05,0
ACCT_144464,0.0006388584502742147,0
ACCT_144468,2.2338985650087717e-05,0
ACCT_144486,0.00011604674047417684,0
ACCT_144490,0.00011066089233570873,0
ACCT_144491,0.0006359047648509049,0
ACCT_144494,0.02207451717811397,0
ACCT_144531,0.0022914133813199196,0
ACCT_144542,0.0004711602761366577,0
ACCT_144544,0.00047578554251288385,0
ACCT_144548,0.0024448421112936544,0
ACCT_144549,5.376750647571224e-05,0
ACCT_144559,0.00023104534783182582,0
ACCT_144564,0.0022866872526143105,0
ACCT_144588,0.002380405848883745,0
ACCT_144589,0.00014565547228260247,0
ACCT_144612,0.0004938978552614381,0
ACCT_144626,8.821846134149661e-05,0
ACCT_144629,0.0026635012664347943,0
ACCT_144639,0.00021206624424095638,0
ACCT_144655,0.0037032411533949555,0
ACCT_144685,5.073338254763486e-05,0
ACCT_144695,0.07495964958448827,0
ACCT_144713,0.0037035923988463855,0
ACCT_144721,0.0011655791954529504,0
ACCT_144724,0.03547304662654671,0
ACCT_144730,0.0008501179180323182,0
ACCT_144747,0.00022005526503529848,0
ACCT_144749,0.0003834114214002799,0
ACCT_144750,0.003906106975462114,0
ACCT_144752,0.005959756134846341,0
ACCT_144757,0.0002115859928439697,0
ACCT_144764,0.00012090977486149145,0
ACCT_144780,0.004138491172989223,0
ACCT_144781,0.0009307586927444052,0
ACCT_144783,0.00032015396921552364,0
ACCT_144799,0.01206515790080873,0
ACCT_144801,0.0004065221508181366,0
ACCT_144810,0.002717446096756719,0
ACCT_144811,0.0035843471272652494,0
ACCT_144817,0.003702231466325448,0
ACCT_144859,0.0004151328719373277,0
ACCT_144873,7.370341040513541e-05,0
ACCT_144881,0.0009654636721026958,0
ACCT_144891,6.980512422737836e-05,0
ACCT_144893,0.0033259149242519867,0
ACCT_144901,0.0006484895462553677,0
ACCT_144927,0.000406680085141499,0
ACCT_144928,0.004645048601362886,0
ACCT_144945,0.009996590845066574,0
ACCT_144950,0.00030088869886313476,0
ACCT_144959,0.0028289496192887044,0
ACCT_144964,0.00039263463690630737,0
ACCT_144967,0.08877346051130876,0
ACCT_144977,0.00029634854886740665,0
ACCT_144986,0.0005977427603813185,0
ACCT_144990,4.877628320885862e-05,0
ACCT_144992,3.9867077630485065e-05,0
ACCT_144996,0.0008466988760658926,0
ACCT_145009,0.0021111760337367757,0
ACCT_145014,0.01448991098232432,0
ACCT_145071,0.00795353025310749,0
ACCT_145075,0.0005368186375203333,0
ACCT_145076,0.0018724061572160374,0
ACCT_145091,0.00020579437389794332,0
ACCT_145100,7.249556776618292e-05,0
ACCT_145111,0.00298281737435122,0
ACCT_145117,0.0006304260906362637,0
ACCT_145118,0.0008043825259685858,0
ACCT_145122,0.00011285684234641515,0
ACCT_145133,0.0204236326506221,0
ACCT_145136,0.0005576176364165069,0
ACCT_145151,0.0009893461727013993,0
ACCT_145152,7.038162349293571e-05,0
ACCT_145153,0.03911017144598694,0
ACCT_145154,0.004662723803648911,0
ACCT_145157,0.0008941657764635031,0
ACCT_145162,0.0001677232020972103,0
ACCT_145165,0.00010412227453581592,0
ACCT_145172,0.000585429941266087,0
ACCT_145179,0.0003193517621253934,0
ACCT_145182,0.0009481289853266667,0
ACCT_145204,0.0014720543927625558,0
ACCT_145208,0.00011623811532787595,0
ACCT_145214,0.005692882492832823,0
ACCT_145223,0.0016760335986311524,0
ACCT_145226,0.0035438517625139367,0
ACCT_145248,0.0006467075030510565,0
ACCT_145249,0.0005884640541156378,0
ACCT_145250,0.0015753140209813997,0
ACCT_145254,0.0014167746764008238,0
ACCT_145256,0.0019426300048232834,0
ACCT_145260,0.0006361722530722744,0
ACCT_145267,0.0035494327848635677,0
ACCT_145287,0.0010530038983775597,0
ACCT_145301,0.0319084348616716,0
ACCT_145317,0.08651046874038776,0
ACCT_145345,7.167603743547832e-05,0
ACCT_145349,3.211861785513385e-05,0
ACCT_145358,0.003490852764527954,0
ACCT_145361,0.00010256200670941308,0
ACCT_145362,5.483994845790044e-05,0
ACCT_145368,0.001056590958021611,0
ACCT_145379,0.00021977026068115493,0
ACCT_145380,0.00012477180890114572,0
ACCT_145385,0.0008843599082966187,0
ACCT_145388,0.0002058174913990667,0
ACCT_145390,0.00015397906342593947,0
ACCT_145394,0.00011008722006685529,0
ACCT_145404,0.0016408575089985331,0
ACCT_145410,0.0010906002142579206,0
ACCT_145414,0.0003356739335840018,0
ACCT_145415,0.00020387760865624662,0
ACCT_145418,0.0005107375991691973,0
ACCT_145440,0.005063540422093573,0
ACCT_145449,2.3064917456165623e-05,0
ACCT_145469,0.007875613183392695,0
ACCT_145479,0.0008233936099830446,0
ACCT_145480,0.0014943521804989667,0
ACCT_145484,0.0006861311456644909,0
ACCT_145491,0.033866694392924675,0
ACCT_145496,0.0011595163492498768,0
ACCT_145513,0.0005500631418674966,0
ACCT_145522,0.014096969897072424,0
ACCT_145529,0.00031501643893800155,0
ACCT_145538,3.1686571917379796e-05,0
ACCT_145540,0.0008049251706851186,0
ACCT_145546,3.347310995529886e-05,0
ACCT_145549,0.01992633983974975,0
ACCT_145558,0.0009185662519193139,0
ACCT_145570,0.0007594118326219959,0
ACCT_145583,0.020460929186240612,0
ACCT_145585,0.004801469891770393,0
ACCT_145596,5.850895117152355e-05,0
ACCT_145601,0.0002743262300216547,0
ACCT_145610,0.0008558749120228918,0
ACCT_145629,0.0004235442990412033,0
ACCT_145633,9.936876706337499e-05,0
ACCT_145636,0.0008997830404310292,0
ACCT_145642,3.19333611520738e-05,0
ACCT_145644,0.0007302323796489555,0
ACCT_145651,3.2984087365448956e-05,0
ACCT_145660,0.0006522471798679205,0
ACCT_145662,0.0004464909481571228,0
ACCT_145664,9.23242129420352e-05,0
ACCT_145669,0.004049764674208435,0
ACCT_145680,0.00020463078919323702,0
ACCT_145694,0.00026995090850816554,0
ACCT_145707,0.000751905839172725,0
ACCT_145738,0.008945141266345378,0
ACCT_145750,0.0006594310517343,0
ACCT_145753,1.9058965772405265e-05,0
ACCT_145759,0.0020936488439393316,0
ACCT_145769,0.009622853902690322,0
ACCT_145780,0.010191022640086837,0
ACCT_145784,0.0015182598027350446,0
ACCT_145788,0.003767530121740084,0
ACCT_145789,0.002054160238030348,0
ACCT_145793,0.01644826759943517,0
ACCT_145806,0.006188258080274046,0
ACCT_145809,0.00017784073062468469,0
ACCT_145823,0.00014625107906631287,0
ACCT_145824,6.786445745139056e-05,0
ACCT_145839,0.00024955116426049744,0
ACCT_145846,0.000785521665708209,0
ACCT_145863,0.00970393973685976,0
ACCT_145867,0.0043686554111675045,0
ACCT_145874,0.00091260253126244,0
ACCT_145877,0.0014012992896017755,0
ACCT_145887,0.0064509988141712195,0
ACCT_145888,0.0002800573642107041,0
ACCT_145897,0.0030773803536681137,0
ACCT_145915,0.0005019151376321453,0
ACCT_145918,0.0003114095576405719,0
ACCT_145929,0.014855791827539658,0
ACCT_145934,0.02150193057225164,0
ACCT_145939,0.043345741555391636,0
ACCT_145948,0.006130523692172952,0
ACCT_145985,0.0025895803524043546,0
ACCT_145986,0.0016362040727390358,0
ACCT_145987,1.4554150951078816e-05,0
ACCT_146021,0.000139923000694892,0
ACCT_146026,0.03808776400155032,0
ACCT_146030,8.90712612902269e-05,0
ACCT_146034,0.008903880151380108,0
ACCT_146038,0.3901584000760925,0
ACCT_146055,1.2884167148854947e-05,0
ACCT_146071,0.010606397851984337,0
ACCT_146090,0.0020621180542571053,0
ACCT_146095,0.000665799453661093,0
ACCT_146098,0.0008598909570737005,0
ACCT_146104,0.014181365779921436,0
ACCT_146111,0.0007003523635131761,0
ACCT_146114,0.9769812239912313,0
ACCT_146116,0.0007470843091366261,0
ACCT_146123,0.0009062524067772796,0
ACCT_146125,0.08682602985713078,0
ACCT_146131,5.391436724980137e-05,0
ACCT_146140,0.00016324917242162038,0
ACCT_146155,0.21107394955668585,1
ACCT_146156,0.0008424510200044743,0
ACCT_146158,0.00036957876949734276,0
ACCT_146160,0.00018485713354848292,0
ACCT_146193,0.0005523160310992292,0
ACCT_146205,0.00022271178747448284,0
ACCT_146208,0.0021145715061021324,0
ACCT_146210,0.034818988556948795,0
ACCT_146219,0.0029061002660113588,0
ACCT_146229,5.498751486827495e-06,0
ACCT_146234,0.001350561741708514,0
ACCT_146239,0.0014027304082323358,0
ACCT_146246,0.0008652944883815701,0
ACCT_146258,0.0004012791958804269,0
ACCT_146268,0.0010229896854733462,0
ACCT_146296,0.0018222595929943697,0
ACCT_146299,0.00794541408477422,0
ACCT_146313,0.001567017513505279,0
ACCT_146317,0.0007326630896811819,0
ACCT_146319,0.013618027323300776,0
ACCT_146328,0.0012723772723738072,0
ACCT_146330,0.00018107704717656818,0
ACCT_146344,0.11758475768705373,0
ACCT_146352,4.577284298503637e-05,0
ACCT_146358,0.0006024879634933774,0
ACCT_146364,0.008495148744117968,0
ACCT_146385,0.00037143874621406583,0
ACCT_146387,0.0012417682220898256,0
ACCT_146395,0.001096004473969586,0
ACCT_146413,0.0019879921048975473,0
ACCT_146414,0.0005334708157417575,0
ACCT_146425,0.006336637299902746,0
ACCT_146436,0.004611690521430111,0
ACCT_146443,9.135735864406529e-05,0
ACCT_146458,6.194191921761027e-05,0
ACCT_146461,1.0482016975451071e-05,0
ACCT_146467,7.401613901164352e-05,0
ACCT_146474,9.577804847388517e-05,0
ACCT_146481,0.0020064926811055868,0
ACCT_146486,0.001532206159843106,0
ACCT_146510,0.0005022274992976757,0
ACCT_146529,0.0037406595567350633,0
ACCT_146545,0.007111923764628844,0
ACCT_146551,0.1304488241450933,0
ACCT_146560,0.007559935116619985,0
ACCT_146569,0.0006414268989492907,0
ACCT_146576,0.00040448560490523837,0
ACCT_146585,0.0002962006287442778,0
ACCT_146587,0.00024232229557164645,0
ACCT_146597,0.41053101503194844,0
ACCT_146599,0.009318327064996253,0
ACCT_146600,0.0004207602490933806,0
ACCT_146614,6.287705312720366e-05,0
ACCT_146618,0.0001612140128510083,0
ACCT_146638,0.01014837805557582,0
ACCT_146643,0.0017349181438236047,0
ACCT_146648,0.00024280158858866967,0
ACCT_146651,0.0004487678380431725,0
ACCT_146656,2.3729161973097145e-05,0
ACCT_146658,0.0009007074009532038,0
ACCT_146670,0.00013372984859080607,0
ACCT_146675,0.08159292982072706,0
ACCT_146683,0.004012162651732079,0
ACCT_146691,0.007233819355843171,0
ACCT_146694,0.0001058881738806089,0
ACCT_146708,0.0011848164333439033,0
ACCT_146711,0.008878591171002198,0
ACCT_146712,0.0003490197740134137,0
ACCT_146719,0.003691405645391829,0
ACCT_146722,0.06748065614130011,0
ACCT_146724,0.00045238653809790574,0
ACCT_146742,0.02001719544106317,0
ACCT_146744,0.013877553626580217,0
ACCT_146759,0.008123220945374966,0
ACCT_146766,0.00034081896585665047,0
ACCT_146776,0.00044712088853706523,0
ACCT_146788,0.0017067075135795853,0
ACCT_146790,0.0005256155249307164,0
ACCT_146794,0.001458195971655015,0
ACCT_146797,0.9140765931192033,1
ACCT_146803,0.01139238118458651,0
ACCT_146823,0.00026022821477750046,0
ACCT_146829,0.00013232401282289692,0
ACCT_146844,5.58271632584678e-05,0
ACCT_146845,0.0011632889847050627,0
ACCT_146848,0.00045563952881341377,0
ACCT_146853,0.0016551495855693283,0
ACCT_146854,0.0008783386339872296,0
ACCT_146855,0.0060062782288970926,0
ACCT_146869,0.005736672464238554,0
ACCT_146881,0.0001449176744341547,0
ACCT_146884,4.040557512068822e-05,0
ACCT_146887,0.0027123898745934835,0
ACCT_146891,0.00031860237171849347,0
ACCT_146894,0.055247990936086476,0
ACCT_146907,0.05173143872544983,0
ACCT_146910,0.0005975378501804985,0
ACCT_146911,0.001215931822202828,0
ACCT_146921,0.0005463854458677911,0
ACCT_146934,0.00014525758369743778,0
ACCT_146945,0.01309715744647695,0
ACCT_146957,0.18733609244138685,0
ACCT_146962,0.0034694929347493407,0
ACCT_146963,1.8200542601967997e-06,0
ACCT_146983,0.00013817607249623176,0
ACCT_146984,4.455747847783863e-05,0
ACCT_146989,0.08167928933495221,0
ACCT_147007,0.0009620333342145967,0
ACCT_147013,0.016333131450611438,0
ACCT_147020,0.00012267816458241552,0
ACCT_147027,0.007210624101597813,0
ACCT_147028,0.0010436358590738667,0
ACCT_147039,0.0013087080526239057,0
ACCT_147055,0.0010473141189396274,0
ACCT_147067,0.020999695632949792,0
ACCT_147072,9.323651175641578e-05,0
ACCT_147075,8.763148673119393e-05,0
ACCT_147081,0.0009341976114756211,0
ACCT_147084,8.564202449490341e-06,0
ACCT_147096,0.000153681300420202,0
ACCT_147121,0.0002984800811675541,0
ACCT_147165,0.0011044639200433798,0
ACCT_147182,0.0029866846004694084,0
ACCT_147201,6.008570297797929e-05,0
ACCT_147209,0.0011716862728159986,0
ACCT_147210,0.000621410914066739,0
ACCT_147219,0.005681014036541893,0
ACCT_147221,0.00045027789025528503,0
ACCT_147226,0.004325818938963088,0
ACCT_147254,4.576228616738974e-05,0
ACCT_147257,3.458324654584461e-05,0
ACCT_147276,0.00012216992033217184,0
ACCT_147280,6.492878161686474e-05,0
ACCT_147281,0.13381183334910304,0
ACCT_147290,0.0016061954095834387,0
ACCT_147299,0.003490870984118485,0
ACCT_147304,4.04959022717222e-05,0
ACCT_147305,0.0010669304125439864,0
ACCT_147313,0.000783127407879303,0
ACCT_147314,0.0004580875197957173,0
ACCT_147321,4.687668649485102e-05,0
ACCT_147325,0.02971901872764983,0
ACCT_147327,2.380073678463331e-05,0
ACCT_147343,0.0005973752786962917,0
ACCT_147350,9.749801250743146e-05,0
ACCT_147365,0.0001054313340816875,0
ACCT_147372,0.0008630288943998236,0
ACCT_147374,0.00016525641563447946,0
ACCT_147381,0.0002258757044307424,0
ACCT_147399,0.0001513805265243432,0
ACCT_147403,0.002080872786345361,0
ACCT_147405,0.16142853809593677,0
ACCT_147410,0.0035677939174869194,0
ACCT_147424,0.00821649433291885,0
ACCT_147438,0.0005423966743694371,0
ACCT_147439,0.004464998696243729,0
ACCT_147448,0.006140945882512219,0
ACCT_147450,0.00012351394985220596,0
ACCT_147451,0.0030973482090822613,0
ACCT_147454,0.0020544722932349,0
ACCT_147471,2.5710685077865584e-05,0
ACCT_147484,0.07525899957997745,0
ACCT_147508,0.0011194936103248682,0
ACCT_147514,0.0018842894893579588,0
ACCT_147548,0.008593581546456173,0
ACCT_147554,0.002862154540129949,0
ACCT_147562,0.00025722839897522517,0
ACCT_147568,6.133351465793617e-05,0
ACCT_147569,0.05612931791890869,0
ACCT_147592,0.0021860728511657397,0
ACCT_147611,0.0015481429432636512,0
ACCT_147620,0.003124023763584169,0
ACCT_147625,0.001745486605626042,0
ACCT_147641,0.0026496957873850977,0
ACCT_147642,0.00047615209610911473,0
ACCT_147662,0.04311713510506472,1
ACCT_147665,0.9460340791858604,1
ACCT_147666,0.026723830529748256,0
ACCT_147695,0.002463123365157478,0
ACCT_147700,0.0012711330570224636,0
ACCT_147701,0.05988198405033523,0
ACCT_147703,0.0004240003634841815,0
ACCT_147705,0.0017155656821323485,0
ACCT_147706,0.01004133115270546,0
ACCT_147711,0.00018922958325218067,0
ACCT_147713,0.004765533760680532,0
ACCT_147716,0.00010679618594029684,0
ACCT_147717,0.004542645268729303,0
ACCT_147744,0.08644698804963967,0
ACCT_147762,0.0008864474680147266,0
ACCT_147763,0.0006371363166845129,0
ACCT_147773,0.0005717666857462041,0
ACCT_147790,0.0034685794582242895,0
ACCT_147810,0.0025799831043984297,0
ACCT_147813,1.984472195888954e-05,0
ACCT_147820,0.0006638883987641162,0
ACCT_147826,0.034844926930277756,0
ACCT_147847,0.0060789304813646085,0
ACCT_147855,0.0012012776089700115,0
ACCT_147857,0.003429999143362184,0
ACCT_147859,0.6390423374247036,1
ACCT_147861,3.527312469703528e-05,0
ACCT_147869,0.0005007971778673032,0
ACCT_147892,0.0044881539361701995,0
ACCT_147902,0.00013033251468261203,0
ACCT_147904,0.0004167331026799734,0
ACCT_147907,0.001227640451954782,0
ACCT_147913,0.004821783837410971,0
ACCT_147950,0.0011373559316455617,0
ACCT_147973,4.15766932698189e-05,0
ACCT_147994,0.001051837385676025,0
ACCT_148009,7.742809634268346e-05,0
ACCT_148011,4.014432572552809e-05,0
ACCT_148013,0.00014378436369724758,0
ACCT_148044,0.0016717157850968931,0
ACCT_148047,0.026801139772631894,0
ACCT_148053,0.002042018084533437,0
ACCT_148062,0.0002494028031511342,0
ACCT_148066,0.26512237156992646,0
ACCT_148075,0.0002566637449091176,0
ACCT_148088,0.0005423794736444722,0
ACCT_148089,0.00016969093662856806,0
ACCT_148095,0.0577040842603755,0
ACCT_148104,0.001197898899378542,0
ACCT_148111,8.55843689643745e-05,0
ACCT_148139,0.0002542781146997354,0
ACCT_148141,0.0004440839310960462,0
ACCT_148159,0.00017273331204013993,0
ACCT_148168,0.007807405772097246,0
ACCT_148178,2.024628879745805e-05,0
ACCT_148185,7.40107961350211e-05,0
ACCT_148193,0.00019999576657947103,0
ACCT_148194,0.008285021672597977,0
ACCT_148211,0.0014189059443448112,0
ACCT_148222,0.0008012685423173106,0
ACCT_148249,0.00920037439970743,0
ACCT_148253,0.0011150261040454845,0
ACCT_148256,1.3903400992152496e-05,0
ACCT_148267,0.0005342092902492434,0
ACCT_148270,0.00045016668643484055,0
ACCT_148277,8.254930423064851e-05,0
ACCT_148285,0.0034229602235333447,0
ACCT_148291,3.9976788959389076e-05,0
ACCT_148292,0.004570531217337848,0
ACCT_148296,0.0011639222832535447,0
ACCT_148300,0.000599853726884389,0
ACCT_148301,0.0003486467024533388,0
ACCT_148302,0.002352602569466282,0
ACCT_148305,0.0012991539704526119,0
ACCT_148306,0.047817764545893475,1
ACCT_148310,5.427977071695029e-05,0
ACCT_148315,0.0019028318126748356,0
ACCT_148319,0.026271602931352386,0
ACCT_148342,0.06494403548493753,0
ACCT_148349,0.0009176461859585276,0
ACCT_148354,0.00013533081312961393,0
ACCT_148365,0.025754951306222573,0
ACCT_148371,0.003842595136634332,0
ACCT_148381,0.00018872847855704998,0
ACCT_148397,0.0022352784872106996,0
ACCT_148400,0.013516375432073994,0
ACCT_148413,0.0007091279788269272,0
ACCT_148414,8.444521624775501e-06,0
ACCT_148419,0.005189927498237698,0
ACCT_148420,1.8771341767975788e-05,0
ACCT_148448,7.23879861390855e-05,0
ACCT_148449,0.2270915300650706,0
ACCT_148455,0.004071829088968518,0
ACCT_148469,0.0010525715024750203,0
ACCT_148473,0.0015630967240261744,0
ACCT_148477,0.00024382715620693422,0
ACCT_148523,0.006043472588595747,0
ACCT_148526,4.650799047938776e-05,0
ACCT_148549,0.00019518488300362453,0
ACCT_148557,0.002363381230780929,0
ACCT_148559,9.71014730977755e-05,0
ACCT_148560,0.00018737772357765183,0
ACCT_148565,0.0001335873467844303,0
ACCT_148579,0.04738257482145613,0
ACCT_148582,0.02976178388838356,0
ACCT_148587,0.0008883627331414243,0
ACCT_148592,0.028306733683850213,0
ACCT_148599,0.00020028535863650263,0
ACCT_148601,0.00030956905129810773,0
ACCT_148605,0.0007087591854373183,0
ACCT_148610,0.00026038862611620317,0
ACCT_148615,0.0005524411318728939,0
ACCT_148621,0.05680718462454144,0
ACCT_148657,0.003653232648539346,0
ACCT_148660,0.000468964368949638,0
ACCT_148676,0.0012478559425908688,0
ACCT_148693,0.0013529505833472452,0
ACCT_148700,0.00017592825292785978,0
ACCT_148701,0.01756583750695614,0
ACCT_148712,0.03720061458375372,0
ACCT_148722,0.000373230118593833,0
ACCT_148736,0.0020463026258519834,0
ACCT_148744,0.04557057816886134,0
ACCT_148748,0.0006817592320509601,0
ACCT_148751,0.054719384028466156,0
ACCT_148762,0.00013111125884368436,0
ACCT_148763,0.0012270906182436803,0
ACCT_148778,0.0004948230989671979,0
ACCT_148784,0.002453382517916705,0
ACCT_148791,0.0001197670394221914,0
ACCT_148801,6.867687458678246e-05,0
ACCT_148803,0.0001308680380803019,0
ACCT_148814,0.0001389321388465992,0
ACCT_148823,5.81799544435146e-05,0
ACCT_148840,0.0007914338427939277,0
ACCT_148844,0.000447262087341661,0
ACCT_148845,0.0003427451026113633,0
ACCT_148852,0.0009425938661169137,0
ACCT_148909,0.0005393947450837599,0
ACCT_148923,0.0001423080525907104,0
ACCT_148935,0.002946491190079911,0
ACCT_148959,0.001201833816577934,0
ACCT_148965,3.257437411042277e-05,0
ACCT_148981,0.027321865168549325,0
ACCT_148982,0.2975431447959943,0
ACCT_148986,0.002040359315765338,0
ACCT_148995,0.001018926927023882,0
ACCT_148997,0.00047696238954437483,0
ACCT_148998,0.2910951150527044,0
ACCT_149009,0.0015793243180791366,0
ACCT_149031,0.1338418062892005,0
ACCT_149033,0.00013618847039573143,0
ACCT_149049,0.002368769433299663,0
ACCT_149053,0.0052544680119340935,0
ACCT_149065,6.241885743579353e-05,0
ACCT_149086,0.0043043602355777285,0
ACCT_149100,0.4591206868165464,0
ACCT_149101,0.0008519943517579511,0
ACCT_149102,0.9757026239531065,1
ACCT_149111,0.06633196978912205,0
ACCT_149115,0.009452256558017328,0
ACCT_149119,0.0002185352141441992,0
ACCT_149122,0.0038810505065513356,0
ACCT_149125,0.000981365055455193,0
ACCT_149129,0.11441562744048546,0
ACCT_149130,8.544204982023752e-05,0
ACCT_149137,3.441406369176483e-05,0
ACCT_149153,0.09945574501497917,0
ACCT_149161,0.00020872289606942116,0
ACCT_149175,0.1405149506350603,0
ACCT_149177,0.0012870430404511956,0
ACCT_149182,0.0010623205772689614,0
ACCT_149191,0.005398840372734413,0
ACCT_149193,0.0007793714706935948,0
ACCT_149196,0.0026352574362162352,0
ACCT_149197,0.0005410248801346093,0
ACCT_149208,0.0005253287218596045,0
ACCT_149218,0.010750175141576047,0
ACCT_149221,0.0034606987088900876,0
ACCT_149226,7.628851378154068e-05,0
ACCT_149236,0.0005450846485864168,0
ACCT_149241,0.0020108393773486206,0
ACCT_149258,0.04291140058640142,0
ACCT_149272,0.39891108761046573,0
ACCT_149276,0.00044969500412415773,0
ACCT_149286,0.17299184794707298,0
ACCT_149300,0.00034172708536328686,0
ACCT_149303,6.899888509655297e-05,0
ACCT_149309,0.0016394308415442589,0
ACCT_149313,0.00054432962723109,0
ACCT_149324,0.00014486849335535238,0
ACCT_149329,0.0004417200685588702,0
ACCT_149330,0.0013291394473588397,0
ACCT_149336,0.00012846314370061707,0
ACCT_149342,0.0007349522469531917,0
ACCT_149350,0.000571133438509444,0
ACCT_149360,0.0014435822672841513,0
ACCT_149362,0.004067733331976122,0
ACCT_149367,0.0007892332185024665,0
ACCT_149375,0.030330257196217417,0
ACCT_149380,0.004394320644552368,0
ACCT_149390,0.0002675976322041586,0
ACCT_149399,1.1815987256281766e-05,0
ACCT_149405,0.030266639630043838,0
ACCT_149452,0.0029032036490945204,0
ACCT_149454,0.04390833482277697,0
ACCT_149458,0.006014381860035769,0
ACCT_149464,0.00014333613381687442,0
ACCT_149472,1.774671527816675e-06,0
ACCT_149479,0.06514987240054329,0
ACCT_149484,0.00034805155743192944,0
ACCT_149493,0.00019968313736900165,0
ACCT_149498,0.00022335956931141056,0
ACCT_149500,0.001801899010500472,0
ACCT_149510,3.495920972036793e-05,0
ACCT_149512,0.011277533839108646,0
ACCT_149531,0.0016619729706894813,0
ACCT_149532,0.00016030692349633505,0
ACCT_149539,0.00731396783917936,0
ACCT_149557,0.0010905892813078708,0
ACCT_149562,0.0018134884610623968,0
ACCT_149564,0.0032296846828753687,0
ACCT_149574,7.621922719536713e-05,0
ACCT_149580,0.0012234526649088486,0
ACCT_149587,0.0009046692053431422,0
ACCT_149641,8.725386945070882e-05,0
ACCT_149643,2.5558956092583795e-05,0
ACCT_149647,0.0026871521211763844,0
ACCT_149659,0.0010105417488634736,0
ACCT_149665,4.6364157005915354e-05,0
ACCT_149666,0.007303274134522424,0
ACCT_149673,2.6369146762293214e-05,0
ACCT_149684,0.009532326694271493,0
ACCT_149688,0.0003633971223146327,0
ACCT_149711,0.00420207998178089,0
ACCT_149718,0.02024539997064496,0
ACCT_149719,0.024283478154499376,0
ACCT_149720,0.00046566903425551654,0
ACCT_149725,0.0008189362845849979,0
ACCT_149742,3.3171933639177916e-05,0
ACCT_149746,0.001113031251864549,0
ACCT_149753,0.0006745809336979675,0
ACCT_149767,0.0005748887693149518,0
ACCT_149774,0.054347080234815257,0
ACCT_149780,0.00014504107272542472,0
ACCT_149782,0.01530183707513662,0
ACCT_149799,0.1915043783139804,1
ACCT_149828,0.012039877336408288,0
ACCT_149834,5.8402712020434606e-06,0
ACCT_149837,0.008043658140503574,0
ACCT_149839,0.00015045032393538475,0
ACCT_149845,0.005287846107772296,0
ACCT_149853,0.00808918332525487,0
ACCT_149855,0.002694367927929823,0
ACCT_149864,0.0010598194502685959,0
ACCT_149886,0.009793644134607562,0
ACCT_149895,0.0008112647824484568,0
ACCT_149897,0.015068493635852274,0
ACCT_149898,0.0011919807322541514,0
ACCT_149907,0.0009917782306556647,0
ACCT_149909,0.0016505557694682764,0
ACCT_149916,0.0020702810384760685,0
ACCT_149919,0.0002935325262424739,0
ACCT_149929,0.0006464208119146896,0
ACCT_149931,0.001618191055121224,0
ACCT_149935,0.001586721715074827,0
ACCT_149943,0.003317744045171663,0
ACCT_149947,0.0002267137892294116,0
ACCT_149964,0.00031109414015582275,0
ACCT_149968,0.3182751571347994,1
ACCT_149975,0.005280291542474104,0
ACCT_149979,0.0009402881272655199,0
ACCT_149987,0.00028634902968425357,0
ACCT_149988,0.0025338434532965266,0
ACCT_149990,0.0007155076503457141,0
ACCT_149994,0.005281987274875397,0
ACCT_149997,0.006484905147788178,0
ACCT_150014,0.017062761458793072,0
ACCT_150031,0.0002923469150754002,0
ACCT_150032,0.00018866128924900055,0
ACCT_150056,0.0008115198839399888,0
ACCT_150064,0.005510608042299593,0
ACCT_150067,2.7987343796091518e-05,0
ACCT_150072,0.0007810548684734111,0
ACCT_150079,8.347486935406657e-06,0
ACCT_150082,0.0003427298964454773,0
ACCT_150086,0.0026162605831182356,0
ACCT_150099,0.09279707845557937,0
ACCT_150101,0.012816619772703855,0
ACCT_150107,9.251042256582693e-05,0
ACCT_150114,0.007609491353191003,0
ACCT_150120,0.0019877459691012883,0
ACCT_150124,0.0010623119562646124,0
ACCT_150133,0.02422444857613878,0
ACCT_150136,0.05752406069894573,0
ACCT_150137,0.00013846254168968386,0
ACCT_150144,0.00017671276601070716,0
ACCT_150145,0.002261815326662237,0
ACCT_150158,0.006596538316108709,0
ACCT_150164,0.015478321330171392,0
ACCT_150169,0.00036186852692269206,0
ACCT_150172,0.0007514724501269371,0
ACCT_150182,0.0027143617587697447,0
ACCT_150198,0.0004019892110157943,0
ACCT_150207,4.387920296947195e-05,0
ACCT_150213,0.0032836024760872205,0
ACCT_150214,0.0036374367316338338,0
ACCT_150224,0.00046406521933951145,0
ACCT_150225,0.0006947280814232725,0
ACCT_150234,0.0011024641280267292,0
ACCT_150238,0.00017937218614811248,0
ACCT_150242,0.0008026175253936424,0
ACCT_150251,0.08757323928284651,0
ACCT_150257,0.010826537167848871,0
ACCT_150260,0.0006532432519806568,0
ACCT_150261,6.216639886236803e-05,0
ACCT_150264,0.0051084039178824845,0
ACCT_150283,0.0007950199842071484,0
ACCT_150290,0.015281283076498354,0
ACCT_150293,0.06156008987884467,0
ACCT_150294,0.008882623145769299,0
ACCT_150299,0.0068444346751075375,0
ACCT_150302,0.0011464228424256952,0
ACCT_150306,0.0006581614979976479,0
ACCT_150322,0.0003043030558387619,0
ACCT_150331,0.00048082387407750126,0
ACCT_150332,0.00019183159218391126,0
ACCT_150345,0.0005576157288571984,0
ACCT_150348,0.006959669571502386,0
ACCT_150354,0.01506827810485085,0
ACCT_150356,0.0002890247987391423,0
ACCT_150361,0.03440248933062445,0
ACCT_150362,0.00035452217310565965,0
ACCT_150363,0.02004022090512074,0
ACCT_150386,0.0003111708695972374,0
ACCT_150395,0.6004669411731834,0
ACCT_150398,0.0005537343610037433,0
ACCT_150401,0.003064817191487273,0
ACCT_150420,0.001084018804647275,0
ACCT_150424,0.0028766914267871427,0
ACCT_150443,6.627291454732301e-05,0
ACCT_150450,0.00032542242637320293,0
ACCT_150457,0.0011975011161639388,0
ACCT_150459,0.0005504375730956761,0
ACCT_150502,0.01980194408899639,0
ACCT_150522,5.133074234672098e-05,0
ACCT_150537,0.0008755048456143006,0
ACCT_150542,0.00013191613359241132,0
ACCT_150556,0.006174373261222111,0
ACCT_150562,0.004463285645057117,0
ACCT_150580,0.0026167253568413714,0
ACCT_150581,0.019596564847544556,0
ACCT_150582,0.00014246406759469275,0
ACCT_150592,0.00039222276367668993,0
ACCT_150600,0.00018087246023897627,0
ACCT_150607,0.00014033094291738456,0
ACCT_150629,3.430897495989222e-05,0
ACCT_150634,0.005191006638392659,0
ACCT_150637,0.0015708876371803024,0
ACCT_150641,0.0019612627700691027,0
ACCT_150650,0.001800979551788473,0
ACCT_150651,0.00011031133451319704,0
ACCT_150663,0.00039791099601379457,0
ACCT_150697,0.011044820320217103,0
ACCT_150699,0.002817563752325288,0
ACCT_150722,0.007511916926299302,0
ACCT_150729,0.0007105424276229003,0
ACCT_150735,0.0006889535614052654,0
ACCT_150757,0.0003107021778533518,0
ACCT_150781,6.185115627994844e-05,0
ACCT_150782,0.00034937688036749894,0
ACCT_150785,0.0002562265540163336,0
ACCT_150791,0.0011918689653117077,0
ACCT_150794,0.000937608474643896,0
ACCT_150800,0.011829881884044786,0
ACCT_150819,0.25268226523411397,0
ACCT_150821,0.00022024353171414964,0
ACCT_150832,0.05138667363504718,0
ACCT_150843,0.029803821219530645,0
ACCT_150851,0.1307849629217816,0
ACCT_150859,1.9926838383508808e-05,0
ACCT_150869,0.0010764570714082813,0
ACCT_150873,0.0007469941139147291,0
ACCT_150880,0.0005033235847090925,0
ACCT_150885,0.00017674331494576954,0
ACCT_150904,0.004730109036686988,0
ACCT_150909,0.040313791132996234,0
ACCT_150915,0.00016040845925203512,0
ACCT_150940,0.00035914121538709444,0
ACCT_150950,0.0007674263348176442,0
ACCT_150957,0.0010093666784042122,0
ACCT_150958,0.0002720725068742672,0
ACCT_150959,0.012706047843659493,0
ACCT_150960,6.983620675231655e-05,0
ACCT_150969,0.49203449055496434,0
ACCT_150980,3.604581712613255e-05,0
ACCT_150983,0.001732673137062172,0
ACCT_150986,9.254540099578221e-05,0
ACCT_150987,0.0017601195510054796,0
ACCT_150988,0.0009213416651545416,0
ACCT_150998,0.0003713024431411423,0
ACCT_151015,0.01149643421206036,1
ACCT_151022,0.0004804033696638211,0
ACCT_151032,0.0006295369934556138,0
ACCT_151033,0.00015098517840989308,0
ACCT_151035,0.00026585468512286756,0
ACCT_151042,0.0014115644623438478,0
ACCT_151051,0.160507560804015,0
ACCT_151057,0.0018466922011193061,0
ACCT_151059,0.017328709447149558,0
ACCT_151080,0.0008523257420005901,0
ACCT_151082,6.406916164630458e-05,0
ACCT_151086,0.0024627563868796646,0
ACCT_151094,0.0008573313314348694,0
ACCT_151098,0.011958623258056675,0
ACCT_151114,0.0031531393126886607,0
ACCT_151115,0.0003905377064031697,0
ACCT_151125,0.004609016629674288,0
ACCT_151137,0.00022392340861004413,0
ACCT_151144,0.021223801805124388,0
ACCT_151145,2.960774360473178e-06,0
ACCT_151172,0.010527901742666983,0
ACCT_151173,0.0001824588825050777,0
ACCT_151183,0.0005410507112275923,0
ACCT_151190,0.019751146930583965,0
ACCT_151196,9.097201803329257e-05,0
ACCT_151201,0.0004469052962363438,0
ACCT_151210,0.0001282594424658915,0
ACCT_151219,0.00010240019440065346,0
ACCT_151221,0.0025742738595853905,0
ACCT_151232,3.3590963094482564e-05,0
ACCT_151246,0.0003254860402055155,0
ACCT_151248,0.21660181913204932,0
ACCT_151253,0.00031605043870574985,0
ACCT_151256,0.0014039742934451565,0
ACCT_151259,0.023051195333891952,0
ACCT_151266,0.0005031170548054966,0
ACCT_151276,4.0811904026236675e-05,0
ACCT_151283,3.0483291971802458e-05,0
ACCT_151286,0.0018534710945154337,0
ACCT_151293,0.1178180614650004,0
ACCT_151298,0.0001409647049059321,0
ACCT_151301,0.01944138872121728,1
ACCT_151303,2.2902198052359596e-05,0
ACCT_151308,0.0014118630528758781,0
ACCT_151321,0.0005864258552602111,0
ACCT_151322,0.0030084368478349353,0
ACCT_151331,0.0024221015929639478,0
ACCT_151341,0.0008164697290537978,0
ACCT_151348,0.0014940382572446484,0
ACCT_151368,0.025048385848629,0
ACCT_151372,0.003635744955842719,0
ACCT_151375,0.021765726511531632,0
ACCT_151382,0.0008139744219733792,0
ACCT_151390,3.496356549588138e-05,0
ACCT_151408,0.007841453841775257,0
ACCT_151440,0.007169267987178788,0
ACCT_151486,0.0003869666567781963,0
ACCT_151499,0.001274668652297095,0
ACCT_151501,0.012644671000039399,0
ACCT_151507,0.0005040155053205762,0
ACCT_151513,0.009494797483754707,0
ACCT_151515,0.0033937706256487966,0
ACCT_151521,8.470046352914661e-05,0
ACCT_151536,0.00374889966219312,0
ACCT_151544,0.0011714529934745807,0
ACCT_151550,0.00017456546943003315,0
ACCT_151555,0.0011970578539885854,0
ACCT_151567,0.012051194828768543,0
ACCT_151568,0.0012762436719369278,0
ACCT_151578,0.0005470505323101303,0
ACCT_151579,0.014034127511477661,0
ACCT_151599,0.001169617143301861,0
ACCT_151606,0.0007475872336764549,0
ACCT_151630,0.00010452414196793119,0
ACCT_151638,0.0001687312528384071,0
ACCT_151658,0.0004315588634315202,0
ACCT_151659,0.0005372920950427106,0
ACCT_151672,0.017941537071178758,0
ACCT_151678,0.0004550726504727319,0
ACCT_151688,0.0002727079924040286,0
ACCT_151712,0.0010505289296736334,0
ACCT_151719,0.0003554222220329709,0
ACCT_151727,0.9881918949985902,1
ACCT_151765,1.2134300651025109e-05,0
ACCT_151773,0.00034085944291694867,0
ACCT_151780,0.0020031478140425697,0
ACCT_151797,0.0008345247712450771,0
ACCT_151800,0.000718756341368086,0
ACCT_151816,4.5295537641711e-05,0
ACCT_151825,0.0004781192106227795,0
ACCT_151829,0.0008725428088047199,0
ACCT_151832,0.000355489149156239,0
ACCT_151844,0.0006108140521031326,0
ACCT_151847,0.0081870948433301,0
ACCT_151867,0.014784813304070455,0
ACCT_151875,0.0008037504853116248,0
ACCT_151893,0.00035886444648940195,0
ACCT_151912,0.00024934680035502537,0
ACCT_151920,0.0019133591344180673,0
ACCT_151922,0.00013682036073225546,0
ACCT_151927,0.0033461896188618705,0
ACCT_151937,0.002643525323603958,0
ACCT_151945,0.003133908997135307,0
ACCT_151951,0.0029984120711010255,0
ACCT_151954,0.000932474671154766,0
ACCT_151970,0.022485339280755128,0
ACCT_151983,0.01049709992320443,0
ACCT_151996,0.0010632325183119213,0
ACCT_152004,0.0013697720279074197,0
ACCT_152005,0.0002908246579682319,0
ACCT_152007,0.004063037579195368,0
ACCT_152011,1.950307262061729e-05,0
ACCT_152012,0.005007226913307145,0
ACCT_152014,0.09174079812206251,0
ACCT_152015,0.0008166322299848999,0
ACCT_152016,0.02263679718785799,0
ACCT_152040,0.025478954575989508,0
ACCT_152060,0.008741454096469436,0
ACCT_152068,0.0004385028875749044,0
ACCT_152096,0.047153585409480774,0
ACCT_152100,0.009621708327811389,0
ACCT_152107,0.005070370923037233,0
ACCT_152122,0.003554211390372114,0
ACCT_152130,0.0002854512375514414,0
ACCT_152139,0.01446925650662705,0
ACCT_152140,0.00012142704393175652,0
ACCT_152147,0.0002557072475004225,0
ACCT_152155,0.002119026799227377,0
ACCT_152164,0.04142655029424683,0
ACCT_152172,0.0015884678347154852,0
ACCT_152192,0.0013466811501406234,0
ACCT_152195,0.0029050126813386346,0
ACCT_152196,0.002446173011038704,0
ACCT_152198,0.000279272086016833,0
ACCT_152204,0.000138610068673746,0
ACCT_152210,7.559383903494439e-05,0
ACCT_152215,0.0014327826590302855,0
ACCT_152224,0.000996307820525954,0
ACCT_152240,0.00045021316921839676,0
ACCT_152242,0.0031397251245249913,0
ACCT_152243,0.000162250954808958,0
ACCT_152246,0.0011880668122645282,0
ACCT_152255,0.00031600465677386993,0
ACCT_152267,0.0036501957327012237,0
ACCT_152271,0.00034895826168696655,0
ACCT_152272,0.00026079561412829886,0
ACCT_152292,0.0002839969447423492,0
ACCT_152305,0.01318469943422353,0
ACCT_152311,0.0017957532756192926,0
ACCT_152320,0.009498724294729994,0
ACCT_152327,0.0011152101176778936,0
ACCT_152339,0.0021309538373444556,0
ACCT_152341,0.001096871569619622,0
ACCT_152357,0.00012136312774285983,0
ACCT_152368,0.013403453474930339,0
ACCT_152374,0.0011525126757372585,0
ACCT_152392,0.00023569400660302208,0
ACCT_152396,0.0008471395072755704,0
ACCT_152412,0.007675036820990035,0
ACCT_152415,0.004854199760126885,0
ACCT_152416,0.00038024697405034775,0
ACCT_152418,0.0018949458532256723,0
ACCT_152424,0.0014329871894969185,0
ACCT_152435,0.0038880951816818794,0
ACCT_152450,0.0009215640546731176,0
ACCT_152468,0.0016662609630543155,0
ACCT_152476,0.0023737864382928756,0
ACCT_152478,0.0007822032102044094,0
ACCT_152479,0.0020359125239173405,0
ACCT_152480,0.0004494071731942031,0
ACCT_152501,0.00911094009523162,0
ACCT_152503,0.0005595898628847334,0
ACCT_152512,0.01732286370005056,0
ACCT_152515,0.004316037528731049,0
ACCT_152537,0.00034276885250857564,0
ACCT_152549,0.004759780852855082,0
ACCT_152559,0.0018310279684169907,0
ACCT_152562,0.0002873583525434543,0
ACCT_152566,0.0009714447424231849,0
ACCT_152570,0.0002667007751962666,0
ACCT_152589,0.001999894242431511,0
ACCT_152606,0.0002815681923498407,0
ACCT_152612,0.0013659128475071512,0
ACCT_152616,0.004327879670756865,0
ACCT_152630,0.002722488705437892,0
ACCT_152634,0.00021117903757427266,0
ACCT_152636,0.000925691354800362,0
ACCT_152641,0.00021844987563788255,0
ACCT_152642,0.0004009712275154783,0
ACCT_152648,0.00021830900023865767,0
ACCT_152670,0.003561739008573459,0
ACCT_152673,0.0003852772776169822,0
ACCT_152675,0.0005068136305827843,0
ACCT_152676,0.0012674160175770116,0
ACCT_152686,0.0005539746938188687,0
ACCT_152694,0.00667448493310142,0
ACCT_152708,0.00024673703420056325,0
ACCT_152713,0.0026946950605078878,0
ACCT_152718,0.00012663417028303125,0
ACCT_152728,0.0010347582516384783,0
ACCT_152730,0.011388062852204953,0
ACCT_152735,0.006068621345891753,0
ACCT_152746,0.0072977576010863,0
ACCT_152748,0.354884741273489,0
ACCT_152769,0.000313947691337559,0
ACCT_152770,0.0020642177481960226,0
ACCT_152784,0.0011814724662148302,0
ACCT_152786,0.0001630204043218422,0
ACCT_152787,0.0018118719640235633,0
ACCT_152792,0.00022667619017171874,0
ACCT_152794,0.00020634357632651285,0
ACCT_152795,0.00022316410098895115,0
ACCT_152808,0.00011596037984628513,0
ACCT_152830,0.00011374398006967362,0
ACCT_152842,0.000397609957490037,0
ACCT_152849,8.076873994859253e-05,0
ACCT_152858,0.0009873510204571694,0
ACCT_152861,0.0024385729191459915,0
ACCT_152865,0.0001462185422969644,0
ACCT_152871,0.17608709580687304,0
ACCT_152879,0.00026850548331107567,0
ACCT_152883,0.00045087420352051666,1
ACCT_152889,6.179819667694245e-05,0
ACCT_152890,0.04221421519998426,0
ACCT_152902,0.015491718271270554,0
ACCT_152903,1.6964842443838504e-05,0
ACCT_152912,8.418257822830084e-05,0
ACCT_152916,0.00014578940293315365,0
ACCT_152917,0.15164696894460436,0
ACCT_152924,0.0056191315132848845,0
ACCT_152934,0.0015188734526202317,0
ACCT_152952,0.00021179469052195625,0
ACCT_152994,4.018996514551477e-05,0
ACCT_153003,0.04046643309706952,0
ACCT_153010,0.008453527135046315,0
ACCT_153012,0.007149686371714667,0
ACCT_153014,0.0007120245267178506,0
ACCT_153030,0.006709819320339538,0
ACCT_153036,0.00037449404259696226,0
ACCT_153053,0.02442607569758713,0
ACCT_153059,0.01010568937628343,0
ACCT_153070,0.04805568003046346,0
ACCT_153088,0.028073474332759422,0
ACCT_153096,0.020850159032412864,0
ACCT_153105,0.0029858409733579338,0
ACCT_153107,0.003006308292658445,0
ACCT_153133,8.775744959777262e-05,0
ACCT_153137,0.8371938094811826,1
ACCT_153140,0.00021526679347351984,0
ACCT_153148,0.03234975602283112,0
ACCT_153155,0.0006297150789873613,0
ACCT_153163,0.03762270537695498,0
ACCT_153166,0.00038134466011123,0
ACCT_153197,0.00300262252258382,0
ACCT_153221,0.000770290254133111,0
ACCT_153222,0.00037946942351746893,0
ACCT_153229,0.004421469333050429,0
ACCT_153231,0.0006810155847212012,0
ACCT_153240,5.9789360687345076e-05,0
ACCT_153245,0.0040935128172661425,0
ACCT_153251,0.01334397171324316,1
ACCT_153252,5.20723804979118e-05,0
ACCT_153261,2.2273895305566566e-05,0
ACCT_153264,0.001030106196812111,0
ACCT_153267,0.0007550038087439991,0
ACCT_153280,0.0024539617529225808,0
ACCT_153285,0.0002505283530038001,0
ACCT_153286,0.005479391994250678,1
ACCT_153289,0.0002507730432203594,0
ACCT_153293,0.00322445555140678,0
ACCT_153294,9.271528884121974e-05,0
ACCT_153299,0.0003818636261529311,0
ACCT_153312,0.16387886751148972,0
ACCT_153319,0.0015835122034177388,0
ACCT_153320,0.05461786924299668,0
ACCT_153325,0.002040294609872411,0
ACCT_153337,0.0005895622774524557,0
ACCT_153341,0.003680099698120639,0
ACCT_153348,0.0010869752623538244,0
ACCT_153359,0.0001335889726977775,0
ACCT_153363,0.0001391338879734595,0
ACCT_153379,0.1251064781409066,0
ACCT_153406,0.0002869426291125496,0
ACCT_153408,0.0024052047984572454,0
ACCT_153417,0.031335091769149226,0
ACCT_153419,0.014237699899902374,0
ACCT_153426,8.853980346739203e-05,0
ACCT_153427,0.001268558158910642,0
ACCT_153443,0.0063411388798315605,0
ACCT_153459,0.0002364231311875603,0
ACCT_153464,0.018796013768749138,0
ACCT_153467,0.0002668047707508709,0
ACCT_153489,0.0016638198850410866,0
ACCT_153490,0.0004019663332864588,0
ACCT_153501,0.0013676603916945673,0
ACCT_153507,0.04937416323431221,0
ACCT_153509,0.0016158987749025392,0
ACCT_153513,5.717748476653693e-05,0
ACCT_153519,0.0007239316332916806,0
ACCT_153523,0.000518196517045672,0
ACCT_153537,0.0031053757241403914,0
ACCT_153544,0.0010558871615781015,0
ACCT_153552,0.0002997827604319155,0
ACCT_153565,8.479691156990054e-05,0
ACCT_153566,0.018651533562186715,0
ACCT_153573,8.769748938447717e-05,0
ACCT_153575,0.0001245584912870527,0
ACCT_153606,0.007289204674943603,0
ACCT_153609,0.00022825604645767663,0
ACCT_153611,0.007059668532169346,0
ACCT_153612,0.00451455115544128,0
ACCT_153613,0.0018772521131835238,0
ACCT_153616,0.0012224502403395325,0
ACCT_153617,0.0006207180615566646,0
ACCT_153619,0.0002161896572306679,0
ACCT_153621,0.011877353010364869,0
ACCT_153627,6.284228315622798e-05,0
ACCT_153632,0.008553171766178003,0
ACCT_153637,0.00011821523458831823,0
ACCT_153647,0.003651145692054326,0
ACCT_153663,0.002008839420844184,0
ACCT_153668,0.002418511763753142,0
ACCT_153670,0.00044304711678566964,0
ACCT_153676,0.0003871809152409745,0
ACCT_153679,0.0004585865204319207,0
ACCT_153697,0.02024374377664848,0
ACCT_153703,0.0002316571838884298,0
ACCT_153720,2.5890571062912017e-05,0
ACCT_153723,0.005330649001977279,0
ACCT_153729,0.0007716656110477238,0
ACCT_153739,0.2869383109440686,0
ACCT_153748,0.0004453747077533165,0
ACCT_153772,0.0005529035216201958,1
ACCT_153781,0.003207107140817762,0
ACCT_153787,0.0001373838967119951,0
ACCT_153789,0.007547519269916668,0
ACCT_153797,0.010371007691361468,0
ACCT_153803,0.006039186916977955,0
ACCT_153817,0.000666729469313034,0
ACCT_153824,0.00016227943769448434,0
ACCT_153827,0.00010065781402951142,0
ACCT_153834,0.016678253632277304,0
ACCT_153839,0.0005253629079394617,0
ACCT_153850,0.0001098406290926708,0
ACCT_153852,0.0001599464580183341,0
ACCT_153853,0.00025408943747941043,0
ACCT_153866,0.0014082565065190369,0
ACCT_153875,5.1895383289483015e-05,0
ACCT_153885,0.0018433444788615574,0
ACCT_153896,7.240327714867951e-05,0
ACCT_153908,6.055467076696214e-05,0
ACCT_153926,0.0004807352291995964,0
ACCT_153952,0.00015579286906605954,0
ACCT_153964,0.0002956011625560753,0
ACCT_153971,0.0009119087365803955,0
ACCT_153972,0.002662506387286847,0
ACCT_153973,0.00016491240939567605,0
ACCT_153981,0.001483203243201334,0
ACCT_153982,0.002517091637176304,0
ACCT_154001,7.871335055199506e-05,0
ACCT_154007,0.0022474115338287164,0
ACCT_154014,0.0007069914660501364,0
ACCT_154015,0.003833203881089439,0
ACCT_154043,0.00014074117887907393,0
ACCT_154044,0.0004579742037026021,0
ACCT_154073,0.0016529775813310357,0
ACCT_154075,0.00023643117479684768,0
ACCT_154086,0.006239309498982232,0
ACCT_154099,0.00014931251616183042,0
ACCT_154101,0.0007891851056268469,0
ACCT_154103,0.0008413867700144974,0
ACCT_154118,0.0003155195984788503,0
ACCT_154144,0.0002889018558201072,0
ACCT_154163,0.0003308184600713287,0
ACCT_154178,0.00472432898684722,0
ACCT_154180,0.9559416165502372,1
ACCT_154192,0.0003301362283534148,0
ACCT_154194,0.0016094640264163163,0
ACCT_154207,0.009579144604339887,0
ACCT_154209,0.00033705474271373447,0
ACCT_154218,0.0022660128006773625,0
ACCT_154235,0.00010443142699478364,0
ACCT_154240,0.012022462574033381,0
ACCT_154245,0.0006831855687400962,0
ACCT_154258,0.00025685255358084237,0
ACCT_154264,0.0009008738782846069,0
ACCT_154267,0.0005943585984241106,0
ACCT_154271,0.0032051203963130268,0
ACCT_154282,0.0015158850466604455,0
ACCT_154285,0.001942119934826702,0
ACCT_154296,0.05183088685550231,0
ACCT_154298,0.006384559342848167,0
ACCT_154307,0.0026434216113947746,0
ACCT_154310,0.0001058137655978761,0
ACCT_154316,4.019954991036354e-05,0
ACCT_154323,0.01015470254192554,0
ACCT_154334,0.0010964921628132964,0
ACCT_154342,0.0014898748073806241,0
ACCT_154350,0.0001539895840082997,0
ACCT_154363,0.06816428737984964,0
ACCT_154365,0.0008518400540027972,0
ACCT_154370,0.0037145438947787796,0
ACCT_154371,0.00907907524200442,0
ACCT_154387,0.0003540136125748664,0
ACCT_154392,0.0006067825388299103,0
ACCT_154405,0.0005016110955890998,0
ACCT_154412,0.019658422877427865,0
ACCT_154419,0.000803949121174535,0
ACCT_154422,4.931268522250813e-05,0
ACCT_154425,3.638970060525261e-05,0
ACCT_154426,0.07153927932009713,0
ACCT_154435,0.0006288452512129943,0
ACCT_154438,0.015294347951629967,0
ACCT_154442,0.00012332541469707052,0
ACCT_154491,0.0006224689491047151,0
ACCT_154493,0.003296413782255892,0
ACCT_154499,0.15132994858698148,0
ACCT_154501,0.0006592700991727789,0
ACCT_154543,0.14498320617655344,0
ACCT_154573,0.004822459296649863,0
ACCT_154574,0.002996403044536707,0
ACCT_154579,0.006538069337872441,0
ACCT_154588,0.00023783559607270063,0
ACCT_154590,0.12415818074021102,0
ACCT_154592,0.0001654622346614558,0
ACCT_154598,0.0003850242714036687,0
ACCT_154620,0.0004611048394636535,0
ACCT_154625,0.002618450311631064,0
ACCT_154626,0.004851549832268734,0
ACCT_154633,0.0019932472843167052,0
ACCT_154636,0.14192760238828098,0
ACCT_154644,0.00040492556931909023,0
ACCT_154655,0.0005210116535012623,0
ACCT_154684,0.0005649039862312354,0
ACCT_154693,0.0008615874584451666,0
ACCT_154706,0.0030631542914179165,0
ACCT_154712,0.0007127205051008476,0
ACCT_154739,0.0002665274077178336,0
ACCT_154746,0.005926076600050398,0
ACCT_154769,0.0023347004776423695,0
ACCT_154771,0.030319810588452883,0
ACCT_154772,0.0015762360316449121,0
ACCT_154773,0.009008198344876532,0
ACCT_154777,0.0011958142602889728,0
ACCT_154780,0.0021380183025033203,0
ACCT_154787,0.06587543094926046,0
ACCT_154823,0.00294907691213098,0
ACCT_154824,0.0031494124009199,0
ACCT_154837,0.0006251870965782692,0
ACCT_154846,0.0027858096951987182,0
ACCT_154858,0.008680891033066431,0
ACCT_154862,0.04996535808664299,0
ACCT_154873,1.3009795579635142e-05,0
ACCT_154875,0.010297580981793977,0
ACCT_154887,5.804775883355976e-05,0
ACCT_154893,9.929641638308889e-05,0
ACCT_154902,0.006260595277562234,0
ACCT_154903,0.0001640278140261073,0
ACCT_154905,0.0015047699363380097,0
ACCT_154939,0.004887865599405923,0
ACCT_154957,0.02217250407120026,0
ACCT_154960,0.004680651487334342,0
ACCT_154963,0.00014646194332636566,0
ACCT_154972,0.00011319250608809272,0
ACCT_154975,4.313523810992425e-05,0
ACCT_155000,3.20842589908271e-05,0
ACCT_155002,0.0008682813122438465,0
ACCT_155007,0.0005623141677085509,0
ACCT_155014,0.00012368475237315885,0
ACCT_155020,0.00010791298164361427,0
ACCT_155023,0.004263803245616012,0
ACCT_155030,0.00020536209466215033,0
ACCT_155038,0.0017085510795118903,0
ACCT_155053,0.00278110261794509,0
ACCT_155058,4.475005546917103e-05,0
ACCT_155080,0.002250747477977869,0
ACCT_155101,0.0005677349816502527,0
ACCT_155105,0.0010428938993449189,0
ACCT_155113,0.003024708493412386,0
ACCT_155119,0.0003526317624667646,0
ACCT_155121,0.0006381694077632653,0
ACCT_155124,0.0006375931873680156,0
ACCT_155132,0.0003396377009305258,0
ACCT_155144,0.00019149388571652296,0
ACCT_155145,0.0004848944111024166,0
ACCT_155148,0.04507258770663956,0
ACCT_155154,0.0006712687377053093,0
ACCT_155160,0.002052255835374067,0
ACCT_155166,0.0013502573757167389,0
ACCT_155173,0.00029726403547681576,0
ACCT_155189,0.0030847982822916403,0
ACCT_155193,0.04019651508226704,0
ACCT_155202,0.0013978891280431193,0
ACCT_155206,0.0017863064922465125,0
ACCT_155211,0.30366001578539215,0
ACCT_155225,0.000107659704853929,0
ACCT_155233,0.01961253084801362,0
ACCT_155245,0.0009102107047047237,0
ACCT_155257,0.001905429837594201,0
ACCT_155276,0.0014087103938790842,0
ACCT_155290,0.0004700935221742506,0
ACCT_155302,0.0010577782341288273,0
ACCT_155305,0.0004871644329705715,0
ACCT_155307,0.00024083059332525087,0
ACCT_155313,7.980791714193532e-05,0
ACCT_155314,0.0005143526895048239,0
ACCT_155315,0.00020871273499465813,0
ACCT_155334,0.8838342098951149,1
ACCT_155368,0.0019658110778142703,0
ACCT_155373,0.00030871271429354125,0
ACCT_155378,0.009648962815539853,0
ACCT_155389,0.010553532813345737,0
ACCT_155392,0.004212321958823959,0
ACCT_155403,0.0014820886525998844,0
ACCT_155421,0.0008050621723766942,0
ACCT_155425,9.233888262796026e-05,0
ACCT_155428,0.00016150543891957302,0
ACCT_155435,0.00043140334734545244,0
ACCT_155439,0.0010957089441189852,0
ACCT_155443,0.0006134339527812062,0
ACCT_155447,1.6186848112043838e-05,0
ACCT_155451,0.001015488593191693,0
ACCT_155454,0.00030164109439008695,0
ACCT_155481,4.71461798182951e-05,0
ACCT_155486,0.0002862034601431522,0
ACCT_155493,0.0008128755334832359,0
ACCT_155508,0.00862738615613716,0
ACCT_155513,0.0023214347578335848,0
ACCT_155517,0.00011182940695487659,0
ACCT_155521,0.0035494686949785075,0
ACCT_155532,0.003099181280775321,0
ACCT_155553,0.00019246205704776879,0
ACCT_155555,0.0011574831777859758,0
ACCT_155562,6.753500879148086e-05,0
ACCT_155566,0.0001250666927498974,0
ACCT_155574,0.00032547065539034357,0
ACCT_155575,0.0012244598466588466,0
ACCT_155582,0.25359379363055284,0
ACCT_155604,0.007070943670861482,0
ACCT_155607,0.00046593098261356054,0
ACCT_155624,0.0009950900481447054,0
ACCT_155628,0.0036733996098790985,0
ACCT_155630,0.002138425354529123,0
ACCT_155638,0.0003981958292484461,0
ACCT_155639,0.02864312804821319,0
ACCT_155649,0.00021754340725558605,0
ACCT_155696,0.0010826114914790456,0
ACCT_155703,0.018632098410525873,0
ACCT_155735,3.7709196534137917e-05,0
ACCT_155740,0.0030131414745783857,0
ACCT_155743,0.0005738755556148712,0
ACCT_155744,0.0008609710412559474,0
ACCT_155752,0.0054626780476744975,0
ACCT_155755,0.00013667752197622532,0
ACCT_155756,0.002824498398754784,0
ACCT_155758,0.0006775019081718871,0
ACCT_155768,0.00014580086332131032,0
ACCT_155775,0.001978532924798205,0
ACCT_155780,0.0008171074831139313,0
ACCT_155782,0.00014399237021248755,0
ACCT_155783,0.19256154488295177,0
ACCT_155813,0.005926888289641444,0
ACCT_155825,0.0005133173079405215,0
ACCT_155827,0.21561511864080235,0
ACCT_155828,3.3475739823384914e-05,0
ACCT_155836,0.1228307545570546,0
ACCT_155841,0.00047255823808824116,0
ACCT_155850,0.0008894219654708938,0
ACCT_155872,0.0030988909794622994,0
ACCT_155874,0.0029335448355952962,0
ACCT_155878,0.014376679425133411,1
ACCT_155880,0.0006808780016913869,0
ACCT_155887,0.10615719042689777,0
ACCT_155890,0.00043238232979801765,0
ACCT_155897,0.0006267676018943337,0
ACCT_155912,1.731881077994002e-05,0
ACCT_155934,0.0008140819287365,0
ACCT_155938,3.0965888243365225e-05,0
ACCT_155943,0.9341437827957959,1
ACCT_155952,0.0032573646597773816,0
ACCT_155954,0.05286728581152461,0
ACCT_155959,5.8635273385351145e-05,0
ACCT_155979,0.0006527473377337767,0
ACCT_155984,8.581907109539028e-05,0
ACCT_155991,0.00020700906286518725,0
ACCT_155995,0.00035946973634208026,0
ACCT_156004,0.00047089375631731374,0
ACCT_156020,0.991098182520227,1
ACCT_156023,0.0017668891964785559,0
ACCT_156037,0.0004982542725720012,0
ACCT_156040,0.002638693282597636,0
ACCT_156050,0.0062143500663527475,0
ACCT_156053,0.011438462065858277,0
ACCT_156060,0.003925775767869551,0
ACCT_156065,0.000896753682219923,0
ACCT_156080,0.02406780438755508,0
ACCT_156087,0.005603007982509935,0
ACCT_156131,0.0003805645828338834,0
ACCT_156138,0.00037282199516408646,0
ACCT_156142,0.001659333378150385,0
ACCT_156143,0.00013866421451728763,0
ACCT_156147,0.0005442187193722373,0
ACCT_156159,0.0011366168686002159,0
ACCT_156162,0.00015000115846340538,0
ACCT_156165,0.0007239067129725708,0
ACCT_156170,0.0007648401994606811,0
ACCT_156178,3.0282446793296685e-05,0
ACCT_156181,0.0595893884097024,0
ACCT_156195,0.0005575004565310189,0
ACCT_156207,0.0003935526541097556,0
ACCT_156208,0.1495034659203456,0
ACCT_156212,0.0015513749024894442,0
ACCT_156217,0.0004535289605322063,0
ACCT_156218,0.00023633556376425043,0
ACCT_156248,0.0016177476857581225,0
ACCT_156251,0.0351658196650488,0
ACCT_156252,0.0038297600245676662,0
ACCT_156257,0.0027161881889314165,0
ACCT_156264,0.0005034093692045634,0
ACCT_156280,0.01087770922601999,0
ACCT_156283,4.749605244373288e-05,0
ACCT_156296,0.005822243167981821,0
ACCT_156302,0.0006111223493859914,0
ACCT_156307,0.00029997184703230037,0
ACCT_156310,0.0013199452918909497,0
ACCT_156317,0.0015468148235683716,0
ACCT_156333,0.047460662169937703,0
ACCT_156340,0.0007746390188462516,0
ACCT_156343,0.00024506566916098664,0
ACCT_156350,0.10865908845147827,0
ACCT_156351,0.003642695239034082,0
ACCT_156366,0.00012415773623176464,0
ACCT_156368,8.701142995933526e-05,0
ACCT_156376,0.000951198760097516,0
ACCT_156379,0.005455621206154133,0
ACCT_156393,0.00013584173367292814,0
ACCT_156415,0.01667242602477721,0
ACCT_156420,0.00032522048249865977,0
ACCT_156435,0.005924853841207931,0
ACCT_156436,9.612474123935545e-05,0
ACCT_156437,0.00037112908785082236,0
ACCT_156453,0.0007533004207341339,0
ACCT_156457,0.0005167622517992534,0
ACCT_156467,0.01981779735242688,0
ACCT_156474,0.004511357333985764,0
ACCT_156481,0.003770081580695648,0
ACCT_156487,0.00036640183136373093,0
ACCT_156490,0.0008863294641408228,0
ACCT_156491,0.03213650860498435,0
ACCT_156508,0.00047656180849362206,0
ACCT_156517,0.00037465282152052815,0
ACCT_156519,0.0008578997778779283,0
ACCT_156527,0.00019170284687331456,0
ACCT_156533,0.0027365585418181867,0
ACCT_156534,0.0010297846186367516,0
ACCT_156554,0.00010525280078561074,0
ACCT_156557,0.0016639576539477462,0
ACCT_156559,0.00013883546626369394,0
ACCT_156570,0.0015224282202211824,0
ACCT_156574,0.00013829781588425822,0
ACCT_156576,4.839400642096418e-05,0
ACCT_156582,0.005106665001859247,0
ACCT_156587,0.005707749901413829,0
ACCT_156590,0.016923560477131106,0
ACCT_156592,0.0013547679062813696,0
ACCT_156593,0.0003740498802759217,0
ACCT_156594,0.1875958743781774,0
ACCT_156601,0.0009738535477663428,0
ACCT_156613,0.0006086740255940399,0
ACCT_156617,0.00040446288975796925,0
ACCT_156631,0.019338144701232098,0
ACCT_156640,0.054219978434674646,0
ACCT_156650,1.9270381285528768e-05,0
ACCT_156651,0.0004037108764449277,0
ACCT_156658,0.005460849438909129,0
ACCT_156662,0.0005006835495779747,0
ACCT_156669,0.00182767347550122,0
ACCT_156681,0.028053375962995782,0
ACCT_156683,5.3553740352223186e-05,0
ACCT_156684,0.00033541532903262085,0
ACCT_156690,0.050467418801453126,0
ACCT_156700,0.02630894648919687,0
ACCT_156707,0.0018945081348254803,0
ACCT_156710,0.003168106000178949,0
ACCT_156714,0.0006976980490776278,0
ACCT_156716,0.00023662588319993614,0
ACCT_156719,0.031160272630811593,0
ACCT_156720,0.0008804402722388653,0
ACCT_156754,0.0003109573005515279,0
ACCT_156759,0.00011385603597401427,0
ACCT_156762,0.00038236589011210296,0
ACCT_156765,0.04615644371885659,0
ACCT_156769,0.00035325075056450524,0
ACCT_156785,0.0027141166638961047,0
ACCT_156787,0.009807610615721347,0
ACCT_156788,0.0003764273562877592,0
ACCT_156789,0.0010418637825078958,0
ACCT_156814,3.016819357886511e-05,0
ACCT_156835,0.000596347178940656,0
ACCT_156836,0.0010313483862370663,0
ACCT_156839,0.00022178853704290654,0
ACCT_156847,0.0008996651386448362,0
ACCT_156868,0.012080786066873158,0
ACCT_156879,0.26184718254871625,0
ACCT_156881,0.0005583037600744373,0
ACCT_156882,1.9911453596726616e-05,0
ACCT_156887,0.001081307730493561,0
ACCT_156890,0.004696971092920693,0
ACCT_156893,0.0002579210219261944,0
ACCT_156907,0.0006203215035698265,0
ACCT_156912,0.004055980766366666,0
ACCT_156920,0.004410758433432401,0
ACCT_156924,0.0008019347502025445,0
ACCT_156925,0.0017958365447167271,0
ACCT_156931,0.0004361031185057452,0
ACCT_156938,0.0035688656129656744,0
ACCT_156943,0.0004033050393586521,0
ACCT_156960,0.0327847589637824,0
ACCT_156991,0.02065194659703925,0
ACCT_156996,0.00012082814774842493,0
ACCT_157000,4.63169188151918e-06,0
ACCT_157004,0.012542262630244624,0
ACCT_157006,0.16526591452839898,0
ACCT_157008,0.00023374145908077511,0
ACCT_157019,0.0005707793673255561,0
ACCT_157021,0.0014962698704857264,0
ACCT_157023,0.01992864950647231,0
ACCT_157035,0.0007594013669880238,0
ACCT_157045,0.026091795556202464,0
ACCT_157053,0.0017767294592919008,0
ACCT_157078,0.006037786923855308,0
ACCT_157086,0.00011134698894682905,0
ACCT_157096,0.01224005821974602,0
ACCT_157099,0.015359610558366236,0
ACCT_157118,0.00275736532738998,0
ACCT_157134,1.962350729680257e-05,0
ACCT_157159,0.00108440180508592,0
ACCT_157176,0.0026875826748009794,0
ACCT_157190,0.002954516595480794,0
ACCT_157210,5.583988821490042e-05,0
ACCT_157217,5.2087935256261946e-05,0
ACCT_157222,0.005616943998217929,0
ACCT_157226,0.0012101764606520728,0
ACCT_157228,0.0011366170859740709,0
ACCT_157237,0.1748704693162935,0
ACCT_157245,9.425037970269767e-05,0
ACCT_157260,0.03298450617763501,0
ACCT_157262,0.001526290605508103,0
ACCT_157263,0.004361519197613351,0
ACCT_157264,0.0004717778685290639,0
ACCT_157267,0.0018597059341879287,0
ACCT_157276,0.01055665647161445,0
ACCT_157280,0.11471155958357486,0
ACCT_157292,0.0011501006608835359,0
ACCT_157297,0.005342802292656838,0
ACCT_157304,0.0059774307625822054,0
ACCT_157311,0.0004883846720350685,0
ACCT_157316,0.00013047446555791625,0
ACCT_157319,0.009825920322741192,0
ACCT_157320,0.0003987274930670539,0
ACCT_157321,0.0665527365905626,0
ACCT_157328,0.0001448910629587899,0
ACCT_157330,0.00034873300828719504,0
ACCT_157338,0.00032945396327637604,0
ACCT_157339,0.000261480057354669,0
ACCT_157340,0.027020309847800617,0
ACCT_157344,0.0005538387150042066,0
ACCT_157345,0.0006765391591812422,0
ACCT_157352,0.009373915134085063,0
ACCT_157365,0.004847793869235872,0
ACCT_157366,0.0016974976867786338,0
ACCT_157367,0.01279772053026164,0
ACCT_157369,4.884782564218774e-05,0
ACCT_157392,3.9054990221280436e-05,0
ACCT_157403,0.006455691001634876,0
ACCT_157410,0.0002348700488381247,0
ACCT_157421,0.002146474487221906,0
ACCT_157432,2.7446460466887392e-05,0
ACCT_157439,0.00015381301223936925,0
ACCT_157456,0.0007262835071478546,0
ACCT_157492,0.01288539684122861,0
ACCT_157493,0.00033691641381421015,0
ACCT_157495,0.004987438973631275,0
ACCT_157528,0.011242726262313357,0
ACCT_157539,0.009141256422358985,0
ACCT_157545,0.0012713421649543251,0
ACCT_157567,0.00012134620695040033,0
ACCT_157579,0.00039757127334467555,0
ACCT_157580,0.00023168636613184567,0
ACCT_157587,0.0027993054704960603,0
ACCT_157593,0.009483892124932473,0
ACCT_157594,0.0336219917096586,1
ACCT_157597,0.00048470271923634956,0
ACCT_157598,0.0047944118489814435,0
ACCT_157601,0.00018162408249893454,0
ACCT_157604,0.00012580728823614716,0
ACCT_157608,0.007987052234911496,0
ACCT_157610,0.0022720410630330487,0
ACCT_157616,0.00032420802869334857,0
ACCT_157619,0.08452886701071183,0
ACCT_157620,0.014538746722597121,0
ACCT_157639,0.00019062626410084924,0
ACCT_157640,0.0004695155080205695,0
ACCT_157646,0.0005350548538616928,0
ACCT_157656,0.00038110338085876725,0
ACCT_157682,0.001309560800701815,0
ACCT_157683,0.11592310554012338,0
ACCT_157685,0.016804617585113254,0
ACCT_157689,0.0019928810902307176,0
ACCT_157700,0.003832793808182796,0
ACCT_157703,0.002936591350611213,0
ACCT_157722,0.00044741683143887203,0
ACCT_157725,1.884949065684263e-05,0
ACCT_157745,0.0012296467164524241,0
ACCT_157748,0.12914484794287243,0
ACCT_157771,0.0007244189913947831,0
ACCT_157773,0.008072353669566537,0
ACCT_157774,0.0001179272898540895,0
ACCT_157775,0.0002248172552153827,0
ACCT_157792,0.0005783770989925023,1
ACCT_157810,0.005997907105665479,0
ACCT_157819,0.008250461407087541,0
ACCT_157824,0.0001572532045523861,0
ACCT_157827,0.0002183985597323483,0
ACCT_157828,0.0007211412612530957,0
ACCT_157832,0.0006406565790887786,0
ACCT_157839,0.0007928597272612902,0
ACCT_157846,0.00011675299965402079,0
ACCT_157865,0.2613061300538279,0
ACCT_157872,0.0002062292847911527,0
ACCT_157873,0.008288174280692465,0
ACCT_157880,0.0008159497158527939,0
ACCT_157881,0.024457839904345406,0
ACCT_157882,0.008082023386172943,0
ACCT_157888,0.002311289107454979,0
ACCT_157891,0.0013016397812507065,0
ACCT_157893,0.0019123825918387037,0
ACCT_157901,0.0001498742820907665,0
ACCT_157910,0.000477169108348347,0
ACCT_157912,0.003450500883310969,0
ACCT_157914,0.02161406410225009,0
ACCT_157918,0.0024024490082226696,0
ACCT_157959,0.00037445108123675206,0
ACCT_157962,0.0009416967593859852,0
ACCT_157973,3.909788852917789e-05,0
ACCT_157978,0.0003988505726556543,0
ACCT_157985,9.021832104399446e-05,0
ACCT_157996,0.8482013832950007,0
ACCT_157999,0.003043745106643837,0
ACCT_158003,0.0004652031784365354,0
ACCT_158010,7.587458652204672e-06,0
ACCT_158017,0.00048362839057740885,0
ACCT_158021,0.00029026166301168705,0
ACCT_158034,0.00034431532475214416,0
ACCT_158046,0.005079570062191745,0
ACCT_158051,0.0007954044741674492,0
ACCT_158054,0.00018255924714340996,0
ACCT_158067,0.00592460754921652,0
ACCT_158076,0.0010014440572767194,0
ACCT_158092,0.02117826276485203,0
ACCT_158101,0.000614564156069436,0
ACCT_158105,0.004830491388043072,0
ACCT_158129,0.06636729532899456,0
ACCT_158138,0.004068599963424875,0
ACCT_158146,0.0020696806862385373,0
ACCT_158148,6.579903636816413e-05,0
ACCT_158150,0.0338900865142641,0
ACCT_158156,0.007583838589152973,0
ACCT_158157,0.00041810509800440884,0
ACCT_158158,0.0006925546301331928,0
ACCT_158162,0.0003202830375186443,0
ACCT_158171,0.002727616295269892,0
ACCT_158176,0.00013163876392491202,0
ACCT_158183,0.00019707856791097378,0
ACCT_158184,0.011613843118543412,0
ACCT_158195,0.001239833265892475,0
ACCT_158198,0.0024458104634902727,0
ACCT_158203,0.004345286014085345,0
ACCT_158211,0.00037345370064512974,0
ACCT_158235,0.043937854433419445,0
ACCT_158248,0.004086214662187768,0
ACCT_158267,0.00012116998459836132,0
ACCT_158283,0.0002531422893615589,0
ACCT_158294,0.0006883051101124545,0
ACCT_158300,0.00036402649471338884,0
ACCT_158326,0.00015516816447918165,0
ACCT_158327,0.0008420696942434756,0
ACCT_158328,0.00029208520093251073,0
ACCT_158329,0.00025823369456102167,0
ACCT_158331,0.011991255863458873,0
ACCT_158332,0.001254087633528173,0
ACCT_158333,0.007654540841810674,0
ACCT_158345,0.00034631940075042806,0
ACCT_158349,9.051466198854227e-05,0
ACCT_158350,0.002903536422274861,0
ACCT_158369,0.0003302032337120892,0
ACCT_158375,0.005317332656390684,0
ACCT_158392,6.009992156043624e-05,0
ACCT_158398,0.0007655402728084096,0
ACCT_158400,4.668417196170913e-05,0
ACCT_158405,0.00013118455107310946,0
ACCT_158410,0.0003351240471537344,0
ACCT_158420,0.0008194921261823166,0
ACCT_158423,0.0008421178030328728,0
ACCT_158435,0.08995489915974203,0
ACCT_158446,0.0010006978100234943,0
ACCT_158450,0.001784807163362559,0
ACCT_158452,0.0005144840510836097,0
ACCT_158462,0.05916198815482427,0
ACCT_158468,0.0005777331637746898,0
ACCT_158475,0.004905499307343827,0
ACCT_158476,0.0003795567073724755,0
ACCT_158481,0.0003621190740052918,0
ACCT_158500,9.42589754596698e-05,0
ACCT_158524,0.004304231302776424,0
ACCT_158532,0.0002169324234972208,0
ACCT_158546,0.00022616724336820782,0
ACCT_158569,0.0006851849949824546,0
ACCT_158576,0.00021540068687274442,0
ACCT_158589,0.00530653828510998,0
ACCT_158591,0.0008548330782857292,0
ACCT_158593,0.006274295458609918,0
ACCT_158597,0.001564006674244106,0
ACCT_158599,0.0034170112504325945,0
ACCT_158611,0.004616090906881238,0
ACCT_158618,0.0012264322381670104,0
ACCT_158625,0.00030146363595080284,0
ACCT_158632,0.0001385188973087077,0
ACCT_158637,0.0013872207473207003,0
ACCT_158653,0.00949393005286447,0
ACCT_158665,0.005803451294535965,0
ACCT_158673,0.00031818205884261597,0
ACCT_158676,0.0001993190736523753,0
ACCT_158692,0.008286741679692466,0
ACCT_158696,0.00010694188531577877,0
ACCT_158697,0.06954620428345804,0
ACCT_158708,2.84111571160545e-05,0
ACCT_158712,0.00023305676280654591,0
ACCT_158713,0.00020522644497068297,0
ACCT_158715,0.0007526169008228181,0
ACCT_158716,0.00022381775945504322,0
ACCT_158738,0.005831856527564026,0
ACCT_158741,1.9918758429399258e-05,0
ACCT_158745,0.44236388033184504,0
ACCT_158746,0.0010049725020119706,0
ACCT_158747,0.0006606994977550817,0
ACCT_158755,0.04898634465817694,0
ACCT_158763,0.030643319050579727,0
ACCT_158764,0.0011645310756970269,0
ACCT_158781,0.0017317005277061662,0
ACCT_158789,0.0002493886934449956,0
ACCT_158792,0.006307137267349421,0
ACCT_158805,9.038440429909291e-05,0
ACCT_158807,5.881158799936335e-05,0
ACCT_158810,0.030921236316958364,0
ACCT_158838,3.726231666537695e-05,0
ACCT_158842,9.632951799598736e-05,0
ACCT_158852,0.0002920095028165473,0
ACCT_158861,0.009460346570604987,0
ACCT_158863,0.005074184577225796,0
ACCT_158864,0.0003708634958298638,0
ACCT_158873,0.008592550210933587,0
ACCT_158878,0.0018723326525495792,0
ACCT_158880,0.00010162392202696929,0
ACCT_158883,0.00040070653882679614,0
ACCT_158891,0.0003253438298243466,0
ACCT_158894,0.00018354945910121145,0
ACCT_158905,0.0006348743844952769,0
ACCT_158913,0.0002785310143006607,0
ACCT_158915,0.00542341585639669,0
ACCT_158928,0.0019433594506814932,0
ACCT_158931,3.730352558889193e-05,0
ACCT_158934,0.003225711224335232,0
ACCT_158955,7.34952875003566e-05,0
ACCT_158957,0.04755993367116095,0
ACCT_158978,0.0005616851745611736,0
ACCT_159037,0.0008601756517439127,0
ACCT_159041,0.0007940977737412438,0
ACCT_159048,0.0011764248004859823,0
ACCT_159052,0.003046925018696302,0
ACCT_159065,0.001974520977523877,0
ACCT_159067,0.05399971141537697,0
ACCT_159094,5.6737483859374966e-05,0
ACCT_159095,7.044860317839783e-06,0
ACCT_159098,0.0013538292017554001,0
ACCT_159110,0.0005469595285944636,0
ACCT_159115,0.01296422889007199,0
ACCT_159119,0.6426085111541192,0
ACCT_159123,0.0001383644656145999,0
ACCT_159149,0.0007993637295098796,0
ACCT_159151,0.005827064762081581,0
ACCT_159165,0.0006232934776439449,0
ACCT_159182,0.0003012226455542632,0
ACCT_159197,0.0010879528524041025,0
ACCT_159210,0.00022410805015977856,0
ACCT_159212,9.853087000492773e-05,0
ACCT_159220,0.01645211607093187,0
ACCT_159225,0.10055035423224201,0
ACCT_159230,0.0004131139995224144,0
ACCT_159246,0.0002829817708927355,0
ACCT_159262,0.0001779887566021992,0
ACCT_159288,0.0020395619837454346,0
ACCT_159294,0.0007528755288718143,0
ACCT_159296,2.8588930780007808e-05,0
ACCT_159302,0.000498700135784622,0
ACCT_159312,0.00014352334235971434,0
ACCT_159316,0.005916188237537174,0
ACCT_159324,0.014946192870813542,0
ACCT_159346,0.014215659611931318,0
ACCT_159382,0.0035839777683017173,0
ACCT_159385,0.000565538372813799,0
ACCT_159394,0.030315462049122565,0
ACCT_159408,0.02810437847141246,0
ACCT_159410,0.007622338332378589,0
ACCT_159411,0.01120080161749489,0
ACCT_159432,0.001294827914735368,0
ACCT_159434,0.0013260891795757602,0
ACCT_159457,0.004987654143456177,0
ACCT_159463,0.0006266246468187725,0
ACCT_159464,0.0007267266598920686,0
ACCT_159478,0.0002513035997283295,0
ACCT_159489,0.00021989382579341626,0
ACCT_159510,0.0052165568452717,0
ACCT_159524,0.011143440838531091,0
ACCT_159528,0.0032526629439714352,0
ACCT_159535,0.0004636254085325104,0
ACCT_159539,0.0010940069235797442,0
ACCT_159546,0.004366558702182351,0
ACCT_159557,0.00014417141666974345,0
ACCT_159564,0.007787181321219064,0
ACCT_159571,0.002199492618417638,0
ACCT_159572,0.8766976359663985,0
ACCT_159598,0.011583299690940789,0
ACCT_159605,2.5975777131008187e-05,0
ACCT_159611,8.20373439036709e-05,0
ACCT_159622,0.0008934419529679305,0
ACCT_159653,0.001450267558512553,0
ACCT_159656,0.0001243057788923439,0
ACCT_159661,0.0010550659371039441,0
ACCT_159667,0.00017170431377341107,0
ACCT_159670,3.493825410204971e-05,0
ACCT_159702,0.0010698280543490976,0
ACCT_159707,0.003003205350901561,0
ACCT_159716,4.2924196231319365e-05,0
ACCT_159744,0.0014641024388128284,0
ACCT_159745,0.0004457297938261581,0
ACCT_159772,0.7885219506667105,1
ACCT_159781,0.00043348237249633484,0
ACCT_159790,0.015922165775521024,0
ACCT_159796,0.0001261559367953611,0
ACCT_159798,0.00012682298860494488,0
ACCT_159809,0.0006219487546585924,0
ACCT_159810,0.000277464217594232,0
ACCT_159812,0.0001535308593237043,0
ACCT_159813,0.01010172030870491,0
ACCT_159832,0.00224730882982149,0
ACCT_159835,0.01654849095540201,0
ACCT_159846,0.002300646568245366,0
ACCT_159850,0.024940519831670928,0
ACCT_159866,0.000946627789673087,0
ACCT_159875,0.0006674327533194672,0
ACCT_159876,0.03176775608339727,0
ACCT_159886,0.004453550094768649,0
ACCT_159891,0.022989916985924272,0
ACCT_159899,5.024850022899983e-05,0
ACCT_159901,0.00022679350661694767,0
ACCT_159934,0.00022003640296958444,0
ACCT_159936,0.00026493566828646837,0
ACCT_159941,0.000517536983126734,0
ACCT_159955,0.0007002112927955488,0
ACCT_159965,0.0006800547597460083,0
ACCT_159982,0.006848372700043846,0
ACCT_159985,0.0006729007570306881,0
ACCT_160001,0.00018933678358434554,0
ACCT_160005,0.0023063968678737955,0
ACCT_160020,0.006800477040534713,0
ACCT_160028,0.0022687764115647147,0
ACCT_160038,0.017546928868269612,0
ACCT_160043,0.005577666585735587,0
ACCT_160064,0.0012034288131060119,0
ACCT_160068,0.00016808512336231155,0
ACCT_160069,0.06662250704539471,0
ACCT_160097,0.10584323132089858,0
ACCT_160098,0.002319787322267931,0
ACCT_160103,0.00016537574964057867,0
ACCT_160105,0.00048396446135099547,0
ACCT_160112,9.159344916217072e-05,0
ACCT_160124,0.0022276571371791583,0
ACCT_160127,0.44240362081166995,0
ACCT_160150,0.006908582975259708,0
ACCT_160160,5.0784492448735e-05,0
ACCT_160166,0.0007919236578020514,0
ACCT_160167,0.005622843490928061,0
ACCT_160182,0.000798721958377407,0
ACCT_160187,0.014736529265703872,0
ACCT_160197,0.0009238963974922298,0
ACCT_160200,0.0005620428704988317,0
ACCT_160208,0.00020209575915972576,0
ACCT_160227,0.00046869166151162047,0
ACCT_160228,0.00023934099722334288,0
ACCT_160230,0.00027099582277777647,0
ACCT_160240,0.002284562797973966,0
ACCT_160243,0.03471305627277072,0
ACCT_160254,0.00016989444875527155,0
ACCT_160260,0.030182809146557903,0
ACCT_160273,0.0012767331096228468,0
ACCT_160275,0.000784075527073077,0
ACCT_160281,0.000467662253777587,0
ACCT_160289,0.0007175151399739261,0
ACCT_160305,0.0001067100572846434,0
ACCT_160310,0.00016432333062076952,0
ACCT_160319,0.0014677914523322422,0
ACCT_160323,0.7374107157740332,0
ACCT_160335,0.004594462471603539,0
ACCT_160363,0.0006181592107127803,0
ACCT_160370,0.0011284149684428746,0
ACCT_160380,0.00152312415547367,0
ACCT_160403,0.0014708153974080068,0
ACCT_160408,0.003950482454393469,0
ACCT_160424,9.264392052802208e-05,0
ACCT_160431,1.1195298081665385e-05,0
ACCT_160437,0.055742082768720544,0
ACCT_160441,8.239043447111905e-05,0
ACCT_160468,0.0014985416485545462,0
ACCT_160472,0.0002821457556667273,0
ACCT_160473,0.022683421900687117,0
ACCT_160475,0.0009238666292832292,0
ACCT_160476,0.01775246540691309,0
ACCT_160485,0.013551437712859733,0
ACCT_160488,0.001383756738876314,0
ACCT_160489,0.00018379902773814954,0
ACCT_160536,0.00019455547656775676,0
ACCT_160540,0.00024153884099389672,0
ACCT_160550,0.0001702262038200277,0
ACCT_160571,4.8733221291395265e-05,0
ACCT_160577,0.0008483690298503065,0
ACCT_160582,2.803958279995033e-05,0
ACCT_160585,0.001185856759397727,0
ACCT_160594,0.05992365378180253,0
ACCT_160603,0.0006422620827188021,0
ACCT_160618,2.296905252754744e-05,0
ACCT_160619,0.0005114347913178225,0
ACCT_160622,0.000347676860426628,0
ACCT_160630,7.002963749414001e-05,0
ACCT_160633,0.009087656317101551,0
ACCT_160643,0.0009862178826598293,0
ACCT_160655,0.0005403755104894692,0
ACCT_160660,0.0009258586915859344,0
ACCT_160667,0.0021828481355349685,0
ACCT_160670,0.42532273569774837,1
ACCT_160675,0.0025264535710323066,0
ACCT_160714,0.05739475459854787,0
ACCT_160721,0.08619829818693103,0
ACCT_160722,0.00285370373682993,0
ACCT_160728,0.005358827686875317,0
ACCT_160735,0.0004911320508095119,0
ACCT_160770,0.00022134589777269198,0
ACCT_160786,0.0010025819962331253,0
ACCT_160791,0.01287089474508677,0
ACCT_160793,0.0012906410167681404,0
ACCT_160801,0.008356318160214558,0
ACCT_160810,0.00012462235272712706,0
ACCT_160818,0.0015034912945859564,0
ACCT_160823,0.014662206835234868,0
ACCT_160827,0.0001495000359079981,0
ACCT_160831,0.000762517376644731,0
ACCT_160840,0.001960982773600745,0
ACCT_160854,0.0010560383982273149,0
ACCT_160856,0.0015031773185865496,0
ACCT_160860,0.00673272966871198,0
ACCT_160865,0.0002749350786480186,0
ACCT_160871,0.0022151870851450863,0
ACCT_160924,0.0009862236626110269,0
ACCT_160926,0.017816339698793104,0
ACCT_160928,0.0005197987061842132,0
ACCT_160931,0.00020415757214332678,0
ACCT_160936,0.00477809705232363,0
ACCT_160950,0.0022595634631915507,0
ACCT_160954,0.004177562002451952,0
ACCT_160957,0.0016592620766020128,0
ACCT_160977,0.006412345633549265,0
ACCT_160983,0.0005664931525218562,0
ACCT_161000,0.08636565865047595,0
ACCT_161027,0.0008095280383081272,0
ACCT_161029,0.003784184425676948,0
ACCT_161032,8.083551711177031e-05,0
ACCT_161040,0.0001662283780992908,0
ACCT_161048,0.0008216137135656005,0
ACCT_161058,1.5412553568128064e-05,0
ACCT_161068,0.00020760259429553228,0
ACCT_161073,0.0021775201186556214,0
ACCT_161077,4.701519509764075e-05,0
ACCT_161079,0.04060898650751371,0
ACCT_161083,0.33108074498231416,0
ACCT_161095,0.0022222807457857757,0
ACCT_161100,0.0013802211326219029,0
ACCT_161104,0.0009380736046335526,0
ACCT_161110,0.00022635694359602191,0
ACCT_161113,0.005288406821654936,0
ACCT_161130,0.0008257142570829769,0
ACCT_161131,0.0043666878997267716,0
ACCT_161139,0.0033979869449539102,0
ACCT_161140,0.0011619741260168901,0
ACCT_161145,0.05354786465370239,0
ACCT_161147,0.0008234082111884738,0
ACCT_161150,0.0008037351862901293,0
ACCT_161152,0.0007246108277755646,0
ACCT_161153,0.0005538541518208569,0
ACCT_161156,0.002469333346107987,0
ACCT_161162,5.2351253580314686e-05,0
ACCT_161163,0.0023512194324505683,0
ACCT_161166,0.027899176180263403,0
ACCT_161179,0.0010455213093119333,0
ACCT_161180,0.4353526434626549,0
ACCT_161188,0.0005035987581831672,0
ACCT_161189,0.00016236725598007507,0
ACCT_161194,0.0002123124360488729,0
ACCT_161198,0.3117625255224239,0
ACCT_161203,0.004571588664308304,0
ACCT_161213,0.005139362152635914,0
ACCT_161214,0.011333083530589292,0
ACCT_161232,0.000909797677438735,0
ACCT_161244,0.6721347606739824,1
ACCT_161245,0.0003369877926480864,0
ACCT_161256,0.0002860959840850159,0
ACCT_161257,0.00707108479469042,0
ACCT_161258,3.837648175348839e-05,0
ACCT_161261,0.000861576675884538,0
ACCT_161264,9.161627979175672e-05,0
ACCT_161265,0.002109627234860001,0
ACCT_161266,0.007197660103283603,0
ACCT_161272,0.0022031759463306986,0
ACCT_161285,0.26138329248797626,0
ACCT_161307,0.003187392342037147,0
ACCT_161319,0.00019827724382067926,0
ACCT_161337,0.0004730407767096986,0
ACCT_161338,4.4088199493787906e-05,0
ACCT_161352,0.0036956222590987424,0
ACCT_161355,0.00023228627002904213,0
ACCT_161360,0.00011979608856898541,0
ACCT_161369,0.00020238231487450825,0
ACCT_161375,0.008742106507149546,0
ACCT_161387,0.0004510375051375375,0
ACCT_161388,0.037844335666114635,0
ACCT_161411,0.0005399718495685964,0
ACCT_161415,0.0001771308556910845,0
ACCT_161444,0.00014304142309682014,0
ACCT_161447,0.00033748477044558004,0
ACCT_161449,0.0029565760009373325,0
ACCT_161456,0.005801741396973031,0
ACCT_161463,0.027235153354234688,0
ACCT_161485,0.0006939581963781308,0
ACCT_161490,0.0014243511580435127,0
ACCT_161491,0.006504013720541141,0
ACCT_161515,0.00016345818030425087,0
ACCT_161518,0.000240091530182371,0
ACCT_161525,0.0022163266050468752,0
ACCT_161540,0.0002554723333821343,0
ACCT_161550,0.000436179235427214,0
ACCT_161556,0.02082721773945824,0
ACCT_161562,7.950923546173414e-05,0
ACCT_161570,0.0016776139713416812,0
ACCT_161572,0.007333615868895928,0
ACCT_161583,0.0012060033482301571,0
ACCT_161596,0.040115642418876864,0
ACCT_161616,0.0005366647513505159,0
ACCT_161623,0.00033596187772231726,0
ACCT_161633,0.005772140323569227,0
ACCT_161638,1.786615033977899e-05,0
ACCT_161645,0.0004759220323062754,0
ACCT_161648,0.0003315780664495525,0
ACCT_161650,0.054198882938038206,0
ACCT_161651,0.0014642391716014715,0
ACCT_161664,0.001022292642503025,0
ACCT_161681,0.000537277468643856,0
ACCT_161725,4.730130243557481e-05,0
ACCT_161729,0.0016586511016218088,0
ACCT_161731,0.00039819462675512733,0
ACCT_161733,0.0006285121168348623,0
ACCT_161736,0.0017607612634168298,0
ACCT_161740,0.00013522186223905106,0
ACCT_161753,0.003067939989147902,0
ACCT_161760,0.00023224890475513342,0
ACCT_161768,0.0014070325163828277,0
ACCT_161774,0.00011907513996030774,0
ACCT_161777,1.1154566005084885e-05,0
ACCT_161785,3.8198447299309573e-05,0
ACCT_161789,0.0006298209411537474,0
ACCT_161801,0.00013797283382316618,0
ACCT_161814,0.0036237171083040353,0
ACCT_161831,0.0003371851256383915,0
ACCT_161832,0.050153102777073674,0
ACCT_161852,0.0010540227678943715,0
ACCT_161856,0.019527636003509687,0
ACCT_161867,0.000209458085113075,0
ACCT_161883,2.843728117666747e-05,0
ACCT_161885,0.0011403590282528968,0
ACCT_161909,0.0018435566012402114,0
ACCT_161911,8.99564516498372e-06,0
ACCT_161915,0.00013612481524323186,0
ACCT_161921,0.0321657768284491,0
ACCT_161937,0.0010746932583069872,0
ACCT_161950,0.00017595947720164243,0
ACCT_161956,5.735520449333365e-05,0
ACCT_161962,0.00017470568503727746,0
ACCT_161963,0.00046578950706669124,0
ACCT_161984,0.0005675952496859548,0
ACCT_161992,0.01220508243209754,0
ACCT_162002,0.00015746385542176987,0
ACCT_162012,2.4905962541779906e-05,0
ACCT_162024,0.006719173200159202,0
ACCT_162038,0.07978033252669128,0
ACCT_162044,0.0003175749026688401,0
ACCT_162048,0.06739972641973062,0
ACCT_162052,0.021633259201969558,0
ACCT_162060,0.0003343548883970932,0
ACCT_162069,0.03295375978481312,0
ACCT_162073,0.0003262815628241011,0
ACCT_162084,6.630709387293493e-05,0
ACCT_162096,0.0034536658390651905,0
ACCT_162100,0.00037985901099447955,0
ACCT_162111,0.07283190229751804,0
ACCT_162113,0.00015798375544608548,0
ACCT_162121,0.0008652911439014789,0
ACCT_162125,0.01911147890168845,0
ACCT_162132,0.00016334077814282783,0
ACCT_162139,0.0008204530747955402,0
ACCT_162141,0.00014105151724058243,0
ACCT_162143,0.0009324317036070922,0
ACCT_162144,9.664959255793736e-05,0
ACCT_162195,0.00250873775154166,0
ACCT_162209,0.000494433929553044,0
ACCT_162219,0.0015120563712361491,0
ACCT_162222,0.003134805049175095,0
ACCT_162224,0.01705521883089931,0
ACCT_162250,0.1525003510059548,0
ACCT_162255,0.0015247187744326948,0
ACCT_162259,2.4971109363150736e-05,0
ACCT_162274,0.039323200979925234,0
ACCT_162293,0.001956027987962103,0
ACCT_162295,3.625580292885668e-05,0
ACCT_162307,0.00010059839208723029,0
ACCT_162310,0.00095847134297966,0
ACCT_162312,0.00044927851666181967,0
ACCT_162317,0.0019536361209009094,0
ACCT_162326,0.00012946072452175444,0
ACCT_162336,0.00012696393427765357,0
ACCT_162337,2.7055476194092446e-05,0
ACCT_162342,0.00010393410963016177,0
ACCT_162343,0.013274104619726465,0
ACCT_162349,0.00024554408648500144,0
ACCT_162354,0.0022588970403969806,0
ACCT_162386,0.0005603804988923306,0
ACCT_162388,5.8201176944707835e-05,0
ACCT_162390,0.007650929276026893,0
ACCT_162392,0.0048984834680996705,0
ACCT_162415,0.00019818967809067525,0
ACCT_162417,0.0011868055669345698,0
ACCT_162422,0.24072127491888273,0
ACCT_162427,0.006429030418909847,0
ACCT_162428,0.661478119908782,0
ACCT_162431,0.15330672306579343,0
ACCT_162444,0.0014112425345465028,0
ACCT_162457,0.00011518216362598831,0
ACCT_162461,0.00012500528082223612,0
ACCT_162466,2.229876394028926e-05,0
ACCT_162485,0.002414981393474262,0
ACCT_162503,0.00023462677982175636,0
ACCT_162514,4.255932354917431e-05,0
ACCT_162527,2.534120582788188e-05,0
ACCT_162553,0.002875409391435526,0
ACCT_162555,5.675588580997126e-05,0
ACCT_162568,0.0003200625160232823,0
ACCT_162574,0.01731966916967817,0
ACCT_162589,0.000189002575180587,0
ACCT_162606,7.518280265731701e-05,0
ACCT_162607,0.006059155666484692,0
ACCT_162623,0.005034889298144389,0
ACCT_162632,0.04603487660546825,0
ACCT_162634,0.0061304585645309715,0
ACCT_162636,0.00012303388684367249,0
ACCT_162647,0.0007329476109090037,0
ACCT_162650,0.00013843863365739406,0
ACCT_162654,0.00016127162547364588,0
ACCT_162656,0.00086802470146677,0
ACCT_162657,0.0332525594452482,0
ACCT_162659,0.0028013671646315757,0
ACCT_162666,0.00011780715090664771,0
ACCT_162668,0.0002484234092673885,0
ACCT_162674,0.07816460814058046,0
ACCT_162675,0.00966870444575465,0
ACCT_162683,0.0009462037468118407,0
ACCT_162692,0.00020002159481345068,0
ACCT_162693,0.004568799950880785,0
ACCT_162703,0.0007207254311670977,0
ACCT_162711,0.0015369446902630244,0
ACCT_162713,7.489947847305872e-05,0
ACCT_162717,0.014882276356396428,0
ACCT_162723,0.000612697328936744,0
ACCT_162739,0.009060380311487688,0
ACCT_162743,0.0003947890909387386,0
ACCT_162762,0.008991015908112542,0
ACCT_162768,0.009121043813845098,0
ACCT_162770,0.00016683030536462072,1
ACCT_162775,5.224861742900106e-05,0
ACCT_162779,0.0003051053571436351,0
ACCT_162808,0.00023908660508413412,0
ACCT_162823,0.0007308590795455797,0
ACCT_162824,8.577472554594194e-05,0
ACCT_162827,0.0005486016597362961,0
ACCT_162829,0.0009197027485936122,0
ACCT_162871,0.0041802774725898575,0
ACCT_162882,0.010381817980974166,0
ACCT_162891,0.003298827642049166,0
ACCT_162904,0.0005831131789826649,0
ACCT_162908,0.0005403717206387444,0
ACCT_162912,0.7134517313262246,0
ACCT_162917,2.2904365275110936e-05,0
ACCT_162923,0.02687179671954311,0
ACCT_162924,0.002402427319639966,0
ACCT_162927,0.0001560937503047455,0
ACCT_162932,0.0059061788049331555,0
ACCT_162940,0.00021985957945515198,0
ACCT_162951,0.0019689025104490513,0
ACCT_162968,0.003844321099945131,0
ACCT_162972,9.73858736276628e-05,0
ACCT_162973,0.0018687820650672262,0
ACCT_162981,0.00013860925390666833,0
ACCT_162988,6.143881464013348e-05,0
ACCT_162992,0.008966812610950092,0
ACCT_163006,6.0592422784641415e-05,0
ACCT_163022,0.008095547679393762,0
ACCT_163043,0.0035839806453738295,0
ACCT_163044,0.00030117862293937926,0
ACCT_163050,0.0002736278678589009,0
ACCT_163053,0.0013151032775027588,0
ACCT_163068,0.0002678494396121068,0
ACCT_163078,0.9882784174865548,1
ACCT_163083,0.00027398981093115326,0
ACCT_163093,0.00030921888470299906,0
ACCT_163094,4.77119595110981e-05,0
ACCT_163113,0.00496686857358415,0
ACCT_163114,5.87981268762182e-05,0
ACCT_163118,0.000469156109212118,0
ACCT_163126,6.914600693276292e-05,0
ACCT_163131,1.3327656688413228e-05,0
ACCT_163134,0.021156898888506113,0
ACCT_163140,0.010742352306418346,0
ACCT_163142,8.748362912774059e-05,0
ACCT_163147,0.005609443450664387,0
ACCT_163155,0.0006869648113540144,0
ACCT_163160,0.00016233586884940925,0
ACCT_163164,0.00032938222939091064,0
ACCT_163170,0.0013108512825116755,0
ACCT_163177,0.00010684983142281602,0
ACCT_163178,0.0009104783794655394,0
ACCT_163185,0.0006032019653676419,0
ACCT_163205,0.005420647056467222,0
ACCT_163222,3.113872406680737e-05,0
ACCT_163237,0.0018572833436410624,0
ACCT_163241,0.006563030713159395,0
ACCT_163243,0.01075296613318049,0
ACCT_163251,0.0027471870196282915,0
ACCT_163254,0.0006581022922331903,0
ACCT_163273,0.005144753435586478,0
ACCT_163279,0.0010096643149080313,0
ACCT_163291,0.001212534636725253,0
ACCT_163301,0.0012029082388352924,0
ACCT_163313,9.346966945321355e-05,0
ACCT_163319,0.003863846243881391,0
ACCT_163322,0.0034555022857213485,0
ACCT_163331,0.00025819032204456885,0
ACCT_163343,0.0002562289426607723,0
ACCT_163351,0.0007003203131961986,0
ACCT_163352,0.0006096164462890303,0
ACCT_163376,0.00021844893318840702,0
ACCT_163379,0.0006882238358446812,0
ACCT_163400,6.229576605534951e-05,0
ACCT_163424,0.004460316508380834,0
ACCT_163434,5.2850120570929275e-05,0
ACCT_163435,0.003998873058154692,0
ACCT_163438,0.2313806408890499,0
ACCT_163443,0.0003949308765309308,0
ACCT_163492,0.004198585056158796,0
ACCT_163493,0.0006589079844828676,0
ACCT_163513,0.010538166076143924,0
ACCT_163518,0.02275810693278842,0
ACCT_163529,0.00012996732703620366,0
ACCT_163531,5.716401504333201e-05,0
ACCT_163539,8.657746807715743e-05,0
ACCT_163541,0.002881934812108024,0
ACCT_163547,0.0007157927378793045,0
ACCT_163551,0.00028137858181224204,0
ACCT_163556,0.0014969104706301375,0
ACCT_163557,0.0003319643730832813,0
ACCT_163561,0.011860467874494879,0
ACCT_163565,0.005048260299474159,0
ACCT_163573,0.0032671468978501092,0
ACCT_163606,0.0003946591550447659,0
ACCT_163610,0.0006092524800739752,0
ACCT_163628,0.00324056441590251,0
ACCT_163633,0.0012896219548500431,0
ACCT_163642,0.0007995419987514707,0
ACCT_163645,0.001411934994151206,0
ACCT_163650,0.00019373864721058224,0
ACCT_163655,0.0011679265580382498,0
ACCT_163661,0.004714145013134579,0
ACCT_163667,0.015124422076970965,0
ACCT_163676,0.007366312163810433,0
ACCT_163682,0.0005990342195563677,0
ACCT_163703,0.00016173076151104835,0
ACCT_163723,4.1831498577185986e-05,0
ACCT_163735,0.003667642113340769,0
ACCT_163738,0.00043990433950729345,0
ACCT_163739,0.0018849263252039936,0
ACCT_163746,0.23683699667860073,0
ACCT_163747,6.061620019608847e-05,0
ACCT_163754,0.00015948093356678392,0
ACCT_163758,0.07959914073787344,0
ACCT_163767,0.0013161130964046068,0
ACCT_163776,0.0035503761335746098,0
ACCT_163781,0.0001626344372561188,0
ACCT_163782,0.0004802442262729428,0
ACCT_163783,0.0002953789136552044,0
ACCT_163794,0.002210148507517982,0
ACCT_163807,3.4142921695868404e-05,0
ACCT_163809,0.010794948248035193,0
ACCT_163818,0.013421023961832475,0
ACCT_163823,0.03435373279404862,0
ACCT_163836,8.570868109792133e-05,0
ACCT_163871,0.0024179607144660773,0
ACCT_163893,0.09048275530528828,0
ACCT_163912,0.005127511392438552,0
ACCT_163913,0.0018602677071543358,0
ACCT_163960,0.0007602301387960352,0
ACCT_163964,0.0014680414511749607,0
ACCT_163965,0.0010450732159043544,0
ACCT_163981,0.0003858229822179561,0
ACCT_163986,0.0009372497635757585,0
ACCT_163987,0.00021115617077427555,0
ACCT_163990,1.946576981855854e-05,0
ACCT_163992,0.00040837011416417325,0
ACCT_163996,0.0013628268289441327,0
ACCT_164000,0.07404618252967655,0
ACCT_164010,0.03816250863657387,0
ACCT_164014,0.009054270995784113,0
ACCT_164018,0.0027861959236300015,0
ACCT_164021,0.0016855334747317096,0
ACCT_164039,0.011610192657878009,0
ACCT_164044,0.0003746611407904183,0
ACCT_164061,0.026765836522973818,0
ACCT_164073,0.03502771190338529,0
ACCT_164075,0.0006204857199561009,0
ACCT_164078,0.000869317746764076,0
ACCT_164107,0.0006175706005894972,0
ACCT_164110,0.00520387737587673,0
ACCT_164121,0.002995673405015633,0
ACCT_164126,0.0007390655515935037,0
ACCT_164132,4.770463926475024e-05,0
ACCT_164134,0.016346756515517685,0
ACCT_164138,0.00043246942882357284,0
ACCT_164144,0.0062761257655695925,0
ACCT_164154,0.0028200764625575235,0
ACCT_164177,1.608270853899954e-05,0
ACCT_164183,0.005533509519262218,0
ACCT_164188,0.0017596761085999996,0
ACCT_164197,0.006959897332004965,0
ACCT_164199,0.0017400400838084294,0
ACCT_164205,0.0001403008107903597,0
ACCT_164218,6.619419157027445e-05,0
ACCT_164233,0.6144457843572929,0
ACCT_164238,0.05095303601291875,0
ACCT_164240,5.578703893531692e-05,0
ACCT_164241,0.003683086320445956,0
ACCT_164252,0.0007055479323331045,0
ACCT_164268,0.0007018970430886106,0
ACCT_164279,0.007769076436132504,0
ACCT_164290,5.5525739277208624e-05,0
ACCT_164315,0.003746908178182656,0
ACCT_164317,0.0003259169959095882,0
ACCT_164324,0.0010857974540629063,0
ACCT_164332,1.4144370718194202e-05,0
ACCT_164334,0.00023035591375440538,0
ACCT_164337,9.140021927435826e-05,0
ACCT_164342,1.0477220763822182e-05,0
ACCT_164343,1.794151335636781e-05,0
ACCT_164350,0.0004248949215471482,0
ACCT_164357,0.00019567757126918395,0
ACCT_164358,0.00017993087339344187,0
ACCT_164361,0.005809515168002285,0
ACCT_164370,0.0007019388470328841,0
ACCT_164376,0.00020076565422096434,0
ACCT_164391,5.245589758827217e-05,0
ACCT_164394,0.0001770544303057022,0
ACCT_164401,0.00037722012192403223,0
ACCT_164405,0.0005806273966241101,0
ACCT_164409,0.0144902017104873,0
ACCT_164410,0.0008704863400349082,0
ACCT_164422,0.002158065653574468,0
ACCT_164428,0.002030127425430465,0
ACCT_164432,0.003530705439108492,0
ACCT_164440,0.0004629664773472424,0
ACCT_164444,0.002344606645996754,0
ACCT_164452,0.003234998890685649,0
ACCT_164461,0.00018641521164827147,0
ACCT_164462,0.00021566954853202805,0
ACCT_164471,1.6675418613343322e-05,0
ACCT_164519,7.883920931976914e-05,0
ACCT_164528,0.00010965401650167799,0
ACCT_164539,0.007348141813509714,0
ACCT_164540,0.008897423674851716,0
ACCT_164556,0.00018484340365469747,0
ACCT_164565,0.1420581298900541,0
ACCT_164579,0.0004198248502519698,0
ACCT_164591,7.063647434387454e-05,0
ACCT_164599,0.0002305838368005225,0
ACCT_164608,0.0074374670979047595,0
ACCT_164615,0.0035630474661096064,0
ACCT_164616,0.0017281732905386207,0
ACCT_164626,0.0001956730718686948,0
ACCT_164645,0.00030045571993115563,0
ACCT_164646,0.0651517263722878,0
ACCT_164653,0.0001511600871297901,0
ACCT_164664,0.012603376523304333,0
ACCT_164669,0.0008985792575062082,0
ACCT_164685,2.643494130147324e-05,0
ACCT_164692,0.00016570540411255233,0
ACCT_164701,0.0003127534960095573,0
ACCT_164704,1.3611646513243817e-05,0
ACCT_164714,0.006840920196313901,0
ACCT_164719,0.0001294534945289145,0
ACCT_164720,5.680729088671187e-05,0
ACCT_164722,0.001751427721452132,0
ACCT_164726,0.03152667931883772,0
ACCT_164728,0.13972212884098287,0
ACCT_164731,0.00040802778022994124,0
ACCT_164737,0.005404273945843029,0
ACCT_164738,0.0002898321987252365,0
ACCT_164740,0.005866329625404215,0
ACCT_164744,0.0021107023711817072,0
ACCT_164762,0.00017413253681409385,0
ACCT_164776,0.11149292242585725,0
ACCT_164778,0.002075319960811357,1
ACCT_164783,0.05345840163369594,0
ACCT_164787,0.0007101145777458839,0
ACCT_164807,7.253362975185638e-05,0
ACCT_164814,0.0007853632139141853,0
ACCT_164824,0.00011856514042630909,0
ACCT_164830,0.010311031165939805,0
ACCT_164843,0.004259283448974235,0
ACCT_164857,0.0019700450032240522,0
ACCT_164865,0.00047548730973038275,0
ACCT_164867,0.008899538199071208,0
ACCT_164869,0.000906643379112042,0
ACCT_164875,0.0001738124397613903,0
ACCT_164881,0.05350204541227295,0
ACCT_164882,0.0004628542643500822,0
ACCT_164912,0.0004889193345272708,0
ACCT_164913,0.00940036809865311,0
ACCT_164948,0.0005928843562798945,0
ACCT_164964,0.017116736373209002,0
ACCT_164970,0.00022268486843255022,0
ACCT_164985,0.00028182440485174893,0
ACCT_164997,0.0007748021370735026,0
ACCT_164998,0.010106867615882791,0
ACCT_164999,0.0015996692668012818,0
ACCT_165012,0.007206830579575265,0
ACCT_165019,0.00012125769495231447,0
ACCT_165058,0.0008951688392950229,0
ACCT_165065,0.0015243275171498865,0
ACCT_165067,0.014399730090079346,0
ACCT_165069,1.5442852252046793e-05,0
ACCT_165073,0.0020101165069794685,0
ACCT_165081,0.02092166526143741,0
ACCT_165099,0.0031483579413690748,0
ACCT_165102,0.0001165251036419285,0
ACCT_165103,0.00024076571697150632,0
ACCT_165107,0.00016527799165018197,0
ACCT_165122,0.0033008379714769107,0
ACCT_165124,0.008266090972743901,0
ACCT_165128,5.415710520265893e-05,0
ACCT_165133,6.180241976748262e-05,0
ACCT_165140,0.0006352555233723887,0
ACCT_165143,0.0014376984604034119,0
ACCT_165159,0.0016864513680784482,0
ACCT_165170,0.007244527331635751,0
ACCT_165174,0.0002478038127328995,0
ACCT_165178,0.0005026643425040074,0
ACCT_165188,0.0027604872199507666,0
ACCT_165197,0.0009830301664569812,0
ACCT_165224,0.0012849201483839078,0
ACCT_165225,0.006088481800164122,0
ACCT_165229,0.0013378657677040517,0
ACCT_165231,0.0003070639852617965,0
ACCT_165242,0.00034872083970296147,0
ACCT_165254,0.0018006939498808744,0
ACCT_165256,0.00011761970106665643,0
ACCT_165258,0.00462906619918602,0
ACCT_165276,0.03151479771337171,0
ACCT_165303,0.0013636480352598606,0
ACCT_165314,0.007183936600916383,0
ACCT_165325,0.0006137086353354397,0
ACCT_165332,0.0014767061523765152,0
ACCT_165335,0.00045466634080961214,0
ACCT_165337,5.5849491329174605e-05,0
ACCT_165343,0.0019392706222362052,0
ACCT_165360,3.0408423945698856e-05,0
ACCT_165372,0.0006403034668092559,0
ACCT_165378,0.004929988535442014,0
ACCT_165383,8.920946221529648e-05,0
ACCT_165391,0.0004160629817481569,0
ACCT_165400,0.0001720160843717267,0
ACCT_165415,0.001004134445047883,0
ACCT_165437,0.00046045537532901556,0
ACCT_165451,0.018132833683979114,0
ACCT_165472,0.0001460490766329086,0
ACCT_165495,0.08833833075463393,0
ACCT_165498,0.00027858304039931177,0
ACCT_165502,0.0010145130380113797,0
ACCT_165516,0.024330632379695745,0
ACCT_165530,0.3507452687572454,0
ACCT_165533,0.0001651248446983759,0
ACCT_165535,0.0009656175193688832,0
ACCT_165548,0.001179682003369142,0
ACCT_165549,0.1734645046147279,1
ACCT_165551,0.01278037058244429,0
ACCT_165561,0.00011538862311568579,0
ACCT_165562,0.004592125709475336,0
ACCT_165566,2.5289118066791855e-05,0
ACCT_165567,0.0003552100377427751,0
ACCT_165570,0.000519904768695255,0
ACCT_165581,0.0005625264446957935,0
ACCT_165585,0.00021092092612187097,0
ACCT_165587,0.0010866342529828046,0
ACCT_165593,0.003363949334737324,0
ACCT_165597,0.01268411546229871,0
ACCT_165602,0.0001882134571600135,0
ACCT_165607,0.0001367118679988425,0
ACCT_165614,0.003680560048345346,0
ACCT_165637,0.004808051120145421,0
ACCT_165642,0.00011766092344031631,0
ACCT_165646,3.133763714099534e-05,0
ACCT_165647,0.09768791892942011,0
ACCT_165648,0.0008969961052608262,0
ACCT_165649,0.007824747982635806,0
ACCT_165656,0.0001695270049872293,0
ACCT_165663,0.0001543673752377456,0
ACCT_165670,0.0002421548444003186,0
ACCT_165677,0.011439661671670112,0
ACCT_165699,0.03912862263031665,0
ACCT_165737,0.2217387418871501,0
ACCT_165738,0.012752170745795818,0
ACCT_165742,0.0003697599110302149,0
ACCT_165750,0.043669023793362405,0
ACCT_165766,0.0007117863904210215,0
ACCT_165804,0.0008588179578353001,0
ACCT_165806,0.02184806671807338,0
ACCT_165812,0.0012115933402696976,0
ACCT_165820,0.0004382071159606814,0
ACCT_165831,0.00012530916040299632,0
ACCT_165834,0.0030897652828500706,0
ACCT_165839,0.0010201795452714434,0
ACCT_165851,4.584524210569553e-05,0
ACCT_165858,0.009313011983155262,0
ACCT_165861,0.0001035075740393561,0
ACCT_165866,4.616920845633412e-05,0
ACCT_165868,0.0005938677448794032,0
ACCT_165878,0.0030188182408620694,0
ACCT_165882,0.0006513101679544522,0
ACCT_165884,0.004627838325327398,1
ACCT_165905,0.0016293608355359838,0
ACCT_165920,0.0009629997161239386,0
ACCT_165926,0.00201544576859189,0
ACCT_165940,0.007696089309347838,0
ACCT_165946,0.00022142355470943875,0
ACCT_165952,7.66446731305945e-06,0
ACCT_165961,0.0004240890163374743,0
ACCT_165983,0.0035366884207909304,0
ACCT_165993,0.00010909721806139194,0
ACCT_166001,4.947522676752519e-06,0
ACCT_166005,0.0008738280268166033,0
ACCT_166013,0.00031941943262055964,0
ACCT_166025,0.000498130482879618,0
ACCT_166026,0.022926542455730985,0
ACCT_166033,8.361600045262411e-05,0
ACCT_166049,0.0031845866308777854,1
ACCT_166052,0.0002444473698824159,0
ACCT_166061,0.0021726502652874994,0
ACCT_166063,0.006082639866549166,0
ACCT_166066,0.0006644834311112707,0
ACCT_166071,0.0006367822656559919,0
ACCT_166073,4.7995627043251046e-05,0
ACCT_166076,0.0004101982278296063,0
ACCT_166080,0.007402697173498909,0
ACCT_166085,0.0007061034875160914,0
ACCT_166099,0.0008121837567339634,0
ACCT_166106,0.005797647811547694,0
ACCT_166114,0.809242597877554,0
ACCT_166120,0.007184158424763852,0
ACCT_166122,0.002205636937147582,0
ACCT_166123,0.16199383219180483,0
ACCT_166129,0.03729130376058261,0
ACCT_166144,0.0006059854106803919,0
ACCT_166164,0.0003402214273722252,0
ACCT_166174,4.680448069808165e-05,0
ACCT_166175,0.0003317115063222267,0
ACCT_166195,0.023349769316457637,0
ACCT_166199,0.0047547097442437476,0
ACCT_166202,0.0003716566366605948,0
ACCT_166223,0.00019565710597205626,0
ACCT_166227,0.0009007091179155692,0
ACCT_166230,2.3495945365225773e-05,0
ACCT_166232,0.003189889662912773,0
ACCT_166240,0.0016606852046470882,0
ACCT_166244,7.63649237994852e-05,0
ACCT_166259,0.003506230447966558,0
ACCT_166283,0.06094932041105327,0
ACCT_166289,0.0005362616922492619,0
ACCT_166322,0.0005426079630809472,0
ACCT_166328,0.005066725985243202,0
ACCT_166348,0.00014952007404606308,0
ACCT_166367,0.0011130026858176684,0
ACCT_166386,0.029315558760932895,0
ACCT_166399,9.469001945970005e-05,0
ACCT_166415,0.00014329523419019294,0
ACCT_166422,0.0009260433866057068,0
ACCT_166428,0.2681889352071324,1
ACCT_166434,0.002959680482085187,0
ACCT_166436,0.0010862632902266332,0
ACCT_166450,0.005172350741701208,0
ACCT_166459,0.0014300656372680692,0
ACCT_166485,0.00031064035073455684,0
ACCT_166490,0.0013239292165749049,0
ACCT_166491,0.0014404667619655586,0
ACCT_166499,0.00020927549560924882,0
ACCT_166502,0.0006044203084417395,0
ACCT_166519,0.0012905584379759943,0
ACCT_166520,0.003141308215213368,0
ACCT_166536,3.3629127009555176e-05,0
ACCT_166541,9.515511034913286e-05,0
ACCT_166559,0.0005461780374374102,0
ACCT_166561,7.805288371121296e-05,0
ACCT_166579,0.0016932255756044482,0
ACCT_166580,0.0003154783832373731,0
ACCT_166581,0.005020353096456527,0
ACCT_166583,0.13381479171372118,0
ACCT_166592,0.00031611858092331124,0
ACCT_166639,0.0011930268203629887,0
ACCT_166655,0.0014548662594156972,0
ACCT_166685,3.203829274246053e-05,0
ACCT_166692,0.6834550796212133,0
ACCT_166713,0.00048029533078897146,0
ACCT_166716,0.0038550089668700233,0
ACCT_166719,0.11500371895297247,0
ACCT_166727,0.0002454137886962629,0
ACCT_166741,0.0019717072664404943,0
ACCT_166747,0.0026359195016393473,0
ACCT_166748,0.05869049274486766,0
ACCT_166753,5.7881691944725574e-05,0
ACCT_166754,0.00023775779360720733,0
ACCT_166758,0.044981769943835015,0
ACCT_166761,0.0010116676099132741,0
ACCT_166763,0.0003506527023228343,0
ACCT_166768,0.0005697826634600886,0
ACCT_166770,0.0018533824540276386,0
ACCT_166774,0.00032012644923541103,0
ACCT_166810,0.000466583032840045,0
ACCT_166815,0.001321148365091075,0
ACCT_166818,0.006866361078404677,0
ACCT_166819,8.650886696207158e-05,0
ACCT_166847,0.002292821284393882,0
ACCT_166850,3.440279878737138e-05,0
ACCT_166857,0.000209947421900377,0
ACCT_166858,0.017849019202594085,0
ACCT_166865,0.000159807688206342,0
ACCT_166867,0.00043182048975549015,0
ACCT_166870,5.665659356837322e-05,0
ACCT_166878,0.00046441828979775467,0
ACCT_166888,0.02581311206656747,0
ACCT_166890,0.0007913080512481698,0
ACCT_166904,0.0003495432888240164,0
ACCT_166911,9.922457799982496e-05,0
ACCT_166924,4.455575363179288e-05,0
ACCT_166941,3.4405727133099954e-05,0
ACCT_166944,0.0007257879172649593,0
ACCT_166948,0.0021180627221344156,0
ACCT_166951,0.0003002153895604883,0
ACCT_166961,0.002762455460923401,0
ACCT_166970,0.0014355040875937161,0
ACCT_166971,0.023443944014198245,0
ACCT_167006,0.0011577114013622196,0
ACCT_167008,0.0005659732285088274,0
ACCT_167012,0.001782622200047119,0
ACCT_167025,0.012547275037006058,0
ACCT_167040,0.0010384064159498288,0
ACCT_167041,0.0020302892490460258,0
ACCT_167063,0.00014548094906410895,0
ACCT_167082,7.067479178925879e-05,0
ACCT_167090,0.00039982912354543824,0
ACCT_167091,0.0006034580443649148,0
ACCT_167103,0.0031544786993998645,0
ACCT_167108,0.003908216503620153,0
ACCT_167113,0.0010896409560119575,0
ACCT_167115,0.029847508770428112,0
ACCT_167117,0.0012703814847789265,0
ACCT_167121,0.01256041770662353,0
ACCT_167126,0.0008123139478817328,0
ACCT_167132,0.0006040134149062126,0
ACCT_167149,0.2665466395527653,0
ACCT_167150,0.0019420926222695407,0
ACCT_167171,0.0024863622401437497,0
ACCT_167184,0.000619163014812204,0
ACCT_167211,9.990879760417768e-05,0
ACCT_167237,8.380972337090544e-05,0
ACCT_167249,0.0008577610375105392,0
ACCT_167267,0.0010998716209148969,0
ACCT_167269,5.42796796550695e-05,0
ACCT_167273,0.0014680799417359659,0
ACCT_167285,6.57606826359605e-05,0
ACCT_167289,0.9397804760916064,1
ACCT_167299,0.005672991412191231,0
ACCT_167307,0.05087050451996896,0
ACCT_167323,0.006878157197412065,0
ACCT_167333,0.006348705373903579,0
ACCT_167344,0.00022784940730932125,0
ACCT_167349,0.13595342915483202,0
ACCT_167375,0.00045350878815080735,0
ACCT_167388,0.0010888629309603805,0
ACCT_167405,0.00928870935450176,0
ACCT_167409,0.0005724157849086295,0
ACCT_167436,0.00023266473933107785,0
ACCT_167438,0.0010262880532579026,0
ACCT_167476,0.009188937559153633,0
ACCT_167479,0.00039381958403640366,0
ACCT_167483,0.0006034331149640546,0
ACCT_167484,0.00044784664089444456,0
ACCT_167497,0.0009603152635260303,0
ACCT_167517,1.1468956718845062e-05,0
ACCT_167526,0.00020092538480766953,0
ACCT_167527,0.0005862051828185213,0
ACCT_167548,8.419110437677841e-05,0
ACCT_167561,0.00035948685580713307,0
ACCT_167572,0.0008049385484585054,0
ACCT_167583,0.00026931777714821154,0
ACCT_167595,0.0053093263444061005,0
ACCT_167605,0.00020092926939143123,0
ACCT_167606,0.0007006032760279775,0
ACCT_167607,0.001605947369805184,0
ACCT_167615,0.020622747676676087,0
ACCT_167617,0.0005622113573757386,0
ACCT_167623,4.5094236424096445e-05,0
ACCT_167635,0.00038833530314025814,0
ACCT_167636,0.0010264494244900846,0
ACCT_167641,0.011545214556857227,0
ACCT_167663,0.0011833923512741353,0
ACCT_167670,0.004417045936281951,0
ACCT_167678,0.00010976228956217316,0
ACCT_167679,0.007142394352625334,0
ACCT_167685,0.00017736511019671316,0
ACCT_167688,2.8070699621685967e-05,0
ACCT_167692,0.22124062131366304,0
ACCT_167693,0.0003081163502151799,0
ACCT_167694,0.00011916668286622436,0
ACCT_167697,0.0009303950387675706,0
ACCT_167725,0.0004327430097153962,0
ACCT_167732,0.000187768099309248,0
ACCT_167746,0.00010782753870612219,0
ACCT_167754,0.004848255452590999,0
ACCT_167756,3.620981508382776e-05,0
ACCT_167762,0.004177865679381924,0
ACCT_167764,0.002523983164512073,0
ACCT_167767,0.0007997028750695569,0
ACCT_167772,0.0026497306638253643,0
ACCT_167790,0.0005559161443170469,0
ACCT_167791,0.002170815627350148,0
ACCT_167793,0.00012240172490435628,0
ACCT_167805,0.0004124921372630742,0
ACCT_167806,0.0001419929116562153,0
ACCT_167807,0.008563156718809015,0
ACCT_167843,3.836300624556247e-05,0
ACCT_167850,0.026704938379862632,0
ACCT_167859,0.0001356232793283081,0
ACCT_167868,0.0006266927760458945,0
ACCT_167871,0.00012223119365407052,0
ACCT_167877,0.02746824878193038,0
ACCT_167879,0.0013010945089702304,0
ACCT_167883,0.0019400089237849817,0
ACCT_167884,0.02314611800436173,0
ACCT_167885,0.010485741760345784,0
ACCT_167887,6.665975367261244e-05,0
ACCT_167890,0.000425968645546368,0
ACCT_167893,0.001987014574428378,0
ACCT_167894,5.523601734963422e-05,0
ACCT_167895,0.00042183295800871784,0
ACCT_167900,0.0024202382961110527,0
ACCT_167909,0.00017349392364673886,0
ACCT_167911,0.0026260910615823335,0
ACCT_167912,0.004809161334636091,0
ACCT_167917,0.0027145847835249094,0
ACCT_167925,0.0002458382622243799,0
ACCT_167958,0.003986545667174939,0
ACCT_167959,7.904855862991534e-05,0
ACCT_167971,0.1541891982640584,0
ACCT_167977,0.00047780489967053205,1
ACCT_167988,0.0011249163941498199,0
ACCT_167991,0.0015387246842989669,0
ACCT_167995,0.0007836237747369154,0
ACCT_167997,0.0006189557040148939,0
ACCT_168018,0.004207486465479345,0
ACCT_168021,0.0006271717111833273,0
ACCT_168037,3.986238259924583e-05,0
ACCT_168038,0.006086618299049959,0
ACCT_168050,0.002215379081433927,0
ACCT_168051,0.014681696209200606,0
ACCT_168052,0.0219998818492719,0
ACCT_168062,0.07289408127710648,0
ACCT_168065,0.0001203583241954812,0
ACCT_168070,2.0120423008207123e-05,0
ACCT_168072,0.00011345510227775155,0
ACCT_168075,0.000930427856726146,0
ACCT_168084,0.03501616777761459,0
ACCT_168093,8.159950910080999e-05,0
ACCT_168098,0.06406309132906617,0
ACCT_168104,8.880044971046069e-05,0
ACCT_168116,0.15951397055489308,0
ACCT_168118,0.02788141442641205,0
ACCT_168126,3.409141767564403e-05,0
ACCT_168127,0.0017706558214702654,0
ACCT_168141,0.18057645512477732,0
ACCT_168143,0.002462297462180787,0
ACCT_168148,0.03953006873867429,0
ACCT_168162,0.0010630569276742512,0
ACCT_168174,0.0002356194204524275,0
ACCT_168182,0.021331943338539983,0
ACCT_168187,4.468873468631329e-05,0
ACCT_168190,0.015256616641711157,0
ACCT_168193,0.007868524635964585,0
ACCT_168199,0.001456168171107914,0
ACCT_168237,0.0008666098077313717,0
ACCT_168247,0.0023229004922838436,0
ACCT_168256,0.006228078346449382,0
ACCT_168258,0.002093676830111869,0
ACCT_168263,0.006243779305627703,0
ACCT_168280,0.00433336154723569,0
ACCT_168284,0.3811006511575383,0
ACCT_168286,5.8023203309751565e-05,0
ACCT_168296,2.6993752966952146e-05,0
ACCT_168308,0.0028201433602926713,0
ACCT_168311,0.004048983451854517,0
ACCT_168321,0.0006038999839292963,0
ACCT_168329,0.0003605544473702128,0
ACCT_168363,0.0001094582557161864,0
ACCT_168370,0.0017148400693773756,0
ACCT_168374,3.572906566848206e-05,0
ACCT_168380,0.0014119405588450154,0
ACCT_168397,0.000531488529409151,0
ACCT_168399,0.0047834245620720665,0
ACCT_168402,0.0009315769282090781,0
ACCT_168405,0.008860216423845305,0
ACCT_168416,3.4792438980388466e-05,0
ACCT_168421,0.0001392176973956125,0
ACCT_168433,0.019262709082908468,0
ACCT_168445,0.00020770457737447423,0
ACCT_168446,0.000800237756302215,0
ACCT_168452,0.0005878134455694939,0
ACCT_168455,0.0012942859737397328,0
ACCT_168459,3.383612497316282e-05,0
ACCT_168469,0.00040926394448943706,0
ACCT_168470,0.005292773759036086,0
ACCT_168471,9.033839781221733e-05,0
ACCT_168485,0.00017931066169175091,0
ACCT_168498,0.18027396708078564,0
ACCT_168514,0.3505717515299978,0
ACCT_168516,0.0048937786069925444,0
ACCT_168536,9.075040259031198e-05,0
ACCT_168554,0.0013449136786894838,0
ACCT_168571,0.011788702213346665,0
ACCT_168591,3.62765282099131e-05,0
ACCT_168603,3.081754743417959e-05,0
ACCT_168604,0.003793817091381773,0
ACCT_168611,0.0033987492197291975,0
ACCT_168612,2.4386750601390992e-05,0
ACCT_168617,0.0006045632230462178,0
ACCT_168650,0.00041280516122082253,0
ACCT_168661,0.5179673140157705,0
ACCT_168676,0.008403184984556361,0
ACCT_168677,0.0013474805696141066,0
ACCT_168682,0.001632411644892912,0
ACCT_168691,0.0011945791348625557,0
ACCT_168700,0.023702434250746952,0
ACCT_168701,0.0005156588939730822,0
ACCT_168703,0.04987110437754214,0
ACCT_168706,0.0001344913469935991,0
ACCT_168715,0.00018533979338591973,0
ACCT_168723,0.0001833997052498337,0
ACCT_168727,0.0010772501724808066,0
ACCT_168748,0.026492551532647096,0
ACCT_168760,0.004750323164367597,0
ACCT_168761,1.595546249076213e-05,0
ACCT_168764,4.534364650300869e-05,0
ACCT_168771,0.00017330508747834982,0
ACCT_168794,0.07075125999305976,0
ACCT_168808,2.5665024203639458e-05,0
ACCT_168810,0.009339973071887626,0
ACCT_168812,0.0007479052874514919,0
ACCT_168813,0.0005911548695602848,0
ACCT_168814,0.00035137665044035726,0
ACCT_168819,0.000827815604526486,0
ACCT_168821,0.003681803066072258,0
ACCT_168826,0.0003533983089083022,0
ACCT_168830,0.010417000118965451,0
ACCT_168839,0.012473127145387572,0
ACCT_168849,0.0008605146286393461,0
ACCT_168864,2.661805516219712e-05,0
ACCT_168865,0.0021217346055256558,0
ACCT_168870,0.03273562860099062,0
ACCT_168887,0.00012203030806868732,0
ACCT_168895,5.837299273984665e-05,0
ACCT_168897,0.0005818648994475211,0
ACCT_168905,0.0859532937658706,0
ACCT_168912,0.0068062121270400415,0
ACCT_168916,0.019586227952270708,0
ACCT_168927,0.043511640806274086,0
ACCT_168932,0.0643461471750497,0
ACCT_168935,0.001495432344354326,0
ACCT_168949,0.0007186052996775036,0
ACCT_168952,0.0030839808557156776,0
ACCT_168960,0.0003364333060926476,0
ACCT_168966,0.005819990747572772,0
ACCT_168968,1.2610878534846665e-05,0
ACCT_168969,0.05139289558584276,0
ACCT_168973,0.0013190248509176031,0
ACCT_168977,8.274034862182384e-06,0
ACCT_168986,0.0008453383821013019,0
ACCT_169002,0.00032265959651423144,0
ACCT_169005,1.3125117382178361e-05,0
ACCT_169033,0.0004528861715060061,0
ACCT_169049,0.029348769133694226,0
ACCT_169051,0.0006357684909146207,0
ACCT_169066,0.013830420399766416,0
ACCT_169089,0.01466242471706715,0
ACCT_169095,0.0002767495968908497,0
ACCT_169103,0.0007505871722203321,0
ACCT_169110,0.0010356795166571553,0
ACCT_169137,0.00039668960863916536,0
ACCT_169154,0.0003300595350086172,0
ACCT_169159,2.1362126534694872e-05,0
ACCT_169162,0.0005307314853305528,0
ACCT_169163,0.006034332800852527,0
ACCT_169164,0.00014544224249659309,0
ACCT_169169,0.01552308445419792,0
ACCT_169174,0.00012499718802802296,0
ACCT_169180,1.6779635413444436e-05,0
ACCT_169182,0.0018823605011906537,0
ACCT_169189,0.0005272078990425423,0
ACCT_169200,0.001343553414975317,0
ACCT_169211,0.00033912621160187115,0
ACCT_169220,0.0005388960903845881,0
ACCT_169229,0.00019379655659919792,0
ACCT_169230,0.0018710396681368335,0
ACCT_169231,0.06654520218258342,0
ACCT_169242,0.00023933450825606062,0
ACCT_169246,0.00021034972241474985,0
ACCT_169261,0.00014959665416646283,0
ACCT_169263,0.16345507040390608,0
ACCT_169265,0.0003772034065625211,0
ACCT_169274,0.00018728111200770874,0
ACCT_169282,0.001183371781676391,0
ACCT_169285,9.872874222345846e-05,0
ACCT_169298,8.36306891430268e-05,0
ACCT_169299,0.0004457836060622348,0
ACCT_169307,0.007461205316675935,0
ACCT_169325,0.037140545947787984,0
ACCT_169329,0.00708622365406288,0
ACCT_169331,0.0005522961920353092,0
ACCT_169339,0.0003603958446898826,0
ACCT_169341,0.00041434624498775676,0
ACCT_169350,0.0009049639873686487,0
ACCT_169358,0.009759051518809899,0
ACCT_169364,0.00032890603869206226,0
ACCT_169374,0.011952469098666155,0
ACCT_169393,0.0008175524778155113,0
ACCT_169403,0.016908738201512633,0
ACCT_169429,0.0018981512130578876,0
ACCT_169432,0.0006849196699084762,0
ACCT_169445,0.010258918246103298,0
ACCT_169472,0.0015298969019552082,0
ACCT_169478,0.0016131472689850492,0
ACCT_169503,0.0021790432545190845,0
ACCT_169504,0.9279618358736034,1
ACCT_169505,0.000813034604428269,0
ACCT_169531,0.0015251209649431248,0
ACCT_169533,0.000498541756486137,0
ACCT_169534,0.0004737623376461507,0
ACCT_169545,0.0007205030991367978,0
ACCT_169550,0.06786283463960081,0
ACCT_169555,0.046842405695397986,0
ACCT_169567,0.002007067530726043,0
ACCT_169568,1.6896263092808114e-05,0
ACCT_169572,0.005387437358461982,0
ACCT_169580,0.0050140093165903996,0
ACCT_169582,0.003898753338613561,0
ACCT_169596,0.004918814563819706,0
ACCT_169597,0.003144288887216567,0
ACCT_169614,0.005063207814211188,0
ACCT_169616,4.910840321275819e-05,0
ACCT_169619,3.997347390496633e-05,0
ACCT_169635,0.00016289624510494247,0
ACCT_169652,0.001197412257999264,0
ACCT_169653,0.002114188444076971,0
ACCT_169661,0.011136513630811,0
ACCT_169669,0.00016416034708029582,0
ACCT_169670,0.8816998062657098,1
ACCT_169677,0.00039332144579023087,0
ACCT_169682,0.005096700552313583,0
ACCT_169694,0.007737262860815294,0
ACCT_169700,1.2102773254425826e-05,0
ACCT_169724,0.0010155065949234367,0
ACCT_169740,0.0007324197446961425,0
ACCT_169752,0.013042385318592588,0
ACCT_169763,0.002602525601043785,0
ACCT_169770,0.0014779995376060292,0
ACCT_169780,0.0002489989507514219,0
ACCT_169784,0.003836616707693842,0
ACCT_169791,0.0023520550981415075,0
ACCT_169814,0.00019933653732664291,0
ACCT_169835,0.004893599421196587,0
ACCT_169836,0.0013443797620185762,0
ACCT_169850,0.0008082518237177028,0
ACCT_169851,0.002836357618736782,0
ACCT_169857,2.0366449182422622e-05,0
ACCT_169865,0.00016872492638878302,0
ACCT_169867,7.751773797556977e-05,0
ACCT_169873,0.012260458355275644,0
ACCT_169885,0.022703513378066132,0
ACCT_169892,0.0018110192990809357,0
ACCT_169898,0.002313489154582734,0
ACCT_169908,0.059909400891744964,0
ACCT_169909,0.002361444919605458,0
ACCT_169912,0.0003632535016014571,0
ACCT_169916,4.6044383568662165e-05,0
ACCT_169954,0.13630711872871057,0
ACCT_169956,0.058011588163106254,0
ACCT_169959,0.00011548679595337858,0
ACCT_169968,0.007093504661005884,0
ACCT_169980,0.00024692388594203124,0
ACCT_169990,0.004293132999467358,0
ACCT_169994,0.008544727026292755,0
ACCT_169996,0.014935051817564274,0
ACCT_169997,1.5595261147768336e-05,0
ACCT_170010,0.00904076152906307,0
ACCT_170015,0.00033299157938936763,0
ACCT_170023,0.0005014853648884903,0
ACCT_170026,0.00018921172322963767,0
ACCT_170041,0.021057691399812943,0
ACCT_170044,0.0024789939753521693,0
ACCT_170050,0.005004156124898458,0
ACCT_170056,0.001721001113521189,0
ACCT_170070,0.009643243916241438,0
ACCT_170073,0.0010909124663204027,0
ACCT_170080,0.1325925243330215,0
ACCT_170084,0.009327468222177771,0
ACCT_170106,0.0013746773409450048,0
ACCT_170108,0.00014446941483313013,0
ACCT_170111,0.0007344649965425017,0
ACCT_170117,0.00040772737871281586,0
ACCT_170122,0.00459565026971355,0
ACCT_170135,0.0006381393139097556,0
ACCT_170149,0.0009120506838545383,0
ACCT_170154,0.0013491525370524352,0
ACCT_170158,0.0004073020364850045,0
ACCT_170178,0.00760648940484718,0
ACCT_170179,0.00046848681850601633,0
ACCT_170183,0.00016469215841419582,0
ACCT_170192,0.0015321236926817724,0
ACCT_170203,0.0010228950256947463,0
ACCT_170212,7.729835780017601e-05,0
ACCT_170240,2.5268684991167283e-05,0
ACCT_170242,0.0028636204279769346,0
ACCT_170263,0.00017126189906151892,0
ACCT_170286,0.013061649724429492,0
ACCT_170287,0.00013422684255519235,0
ACCT_170292,0.000607276319407921,0
ACCT_170314,0.003909670109667241,0
ACCT_170320,5.097801277790793e-05,0
ACCT_170328,0.00020037265087109596,0
ACCT_170330,0.0031897654996443847,0
ACCT_170332,0.00033446689752425376,0
ACCT_170336,0.0001280614354538427,0
ACCT_170348,0.003252386909682716,0
ACCT_170352,0.00016489250725436683,0
ACCT_170354,0.0036033108764532175,0
ACCT_170357,0.0002189288431661526,0
ACCT_170359,0.012522139143453955,0
ACCT_170374,0.00012081046353337812,0
ACCT_170385,0.00038602256955891,0
ACCT_170394,0.0006328875175998492,0
ACCT_170399,0.09967760660788204,0
ACCT_170416,0.0012078084981245497,0
ACCT_170429,0.00020134337286710987,0
ACCT_170438,0.000330897470993774,0
ACCT_170450,0.0007099911815081174,0
ACCT_170461,4.615368347656102e-05,0
ACCT_170471,0.004594545885887194,0
ACCT_170487,5.6542224367300037e-05,0
ACCT_170496,0.00011644320053970023,0
ACCT_170516,8.307999707941328e-05,0
ACCT_170541,0.007771326209429763,0
ACCT_170542,0.0002950204514869543,0
ACCT_170548,0.0006334478061785593,0
ACCT_170553,0.0012322429565055318,0
ACCT_170555,0.0012870425538235876,0
ACCT_170565,0.004370833540030051,0
ACCT_170579,0.0005700459457505128,0
ACCT_170582,0.002906033700560924,0
ACCT_170592,5.016824971180926e-05,0
ACCT_170601,0.0028380846090428568,0
ACCT_170604,0.00202977728564764,0
ACCT_170629,0.005795916261511649,0
ACCT_170642,0.06969107647654012,0
ACCT_170648,0.007193640349769246,0
ACCT_170661,0.003209240358464879,0
ACCT_170669,0.007001287898416154,0
ACCT_170683,0.0034002930413571807,0
ACCT_170696,0.008158341879928753,0
ACCT_170704,0.050624499497036256,0
ACCT_170706,3.385602072654332e-05,0
ACCT_170711,0.003174068088911491,0
ACCT_170719,0.0004907808916249617,0
ACCT_170747,0.0005569650750835796,0
ACCT_170760,0.003960871896655029,0
ACCT_170766,0.015986611474308906,0
ACCT_170770,8.332635424224133e-05,0
ACCT_170771,0.7305030597788479,0
ACCT_170779,0.0005623219590335311,0
ACCT_170787,0.004804681560481585,0
ACCT_170789,0.007068384978995665,0
ACCT_170792,0.00019406465268092147,0
ACCT_170794,0.0024947827492834635,0
ACCT_170819,0.03278320009962281,0
ACCT_170821,0.0008665366827146703,0
ACCT_170829,0.004669984262475296,0
ACCT_170856,0.0005259719065498151,0
ACCT_170862,0.003673104930150904,0
ACCT_170864,0.0005345746203217532,0
ACCT_170869,0.0014459812956830495,0
ACCT_170872,0.00013090512962081244,0
ACCT_170874,6.952499260829452e-05,0
ACCT_170875,3.523274800186287e-05,0
ACCT_170883,0.000576108389433217,0
ACCT_170887,2.650047566897414e-05,0
ACCT_170889,0.0002057121380917665,0
ACCT_170899,0.0009014995290531393,0
ACCT_170901,0.0033918777613229523,0
ACCT_170911,0.0017508810598343598,0
ACCT_170912,2.0826093607961436e-05,0
ACCT_170926,0.004539224039484338,0
ACCT_170927,0.005203989093224212,0
ACCT_170982,0.00013281183018535992,0
ACCT_170985,0.006267759319798813,0
ACCT_170990,0.002828155379955504,0
ACCT_171004,0.01022592688742371,0
ACCT_171030,0.0028606420399161793,0
ACCT_171049,0.00044456031002777704,0
ACCT_171091,0.0014327123939936678,0
ACCT_171114,5.2000836669810064e-05,0
ACCT_171123,0.0009967818284789512,0
ACCT_171140,0.03771741191606669,0
ACCT_171146,0.0007384604116188748,0
ACCT_171160,0.00023901614460441982,0
ACCT_171163,0.0002295632481064427,0
ACCT_171194,0.0004684900387419939,0
ACCT_171201,0.0005702583756176932,0
ACCT_171209,0.00010225867596152056,0
ACCT_171237,0.0006012850283971179,0
ACCT_171250,0.005786815402305567,0
ACCT_171264,0.001146042774323118,0
ACCT_171273,0.00013033937189552006,0
ACCT_171293,0.003267968261064466,0
ACCT_171298,0.004573524592964262,0
ACCT_171309,0.0003713256355378525,0
ACCT_171323,0.11569931657994736,0
ACCT_171352,0.0009668743902177252,0
ACCT_171373,0.003332632918513333,0
ACCT_171375,0.0027645723656970003,0
ACCT_171393,0.003900196889259214,0
ACCT_171402,0.00021601295501240384,0
ACCT_171425,0.005189168710961794,0
ACCT_171463,0.001673737907948337,0
ACCT_171464,0.001423901293059171,0
ACCT_171475,6.008292883516951e-05,0
ACCT_171476,0.0016088854915848278,0
ACCT_171477,0.0013637846382853066,0
ACCT_171488,0.00418447220654866,0
ACCT_171505,0.1904385396946707,0
ACCT_171510,0.0004391401015830644,0
ACCT_171515,0.00018830221986058997,0
ACCT_171518,0.00016615188175811465,0
ACCT_171522,0.0006174292100080619,0
ACCT_171524,0.00028184481595811494,0
ACCT_171530,0.0006083206152809364,0
ACCT_171567,0.00036596076971256596,0
ACCT_171570,0.00014459628709246288,0
ACCT_171577,0.3927134772151221,0
ACCT_171583,0.0014989496272631766,0
ACCT_171589,0.003326387602719756,0
ACCT_171591,0.002705091632778877,0
ACCT_171601,0.004257771805499632,0
ACCT_171610,0.0012872462283373077,0
ACCT_171630,0.22335732779711923,0
ACCT_171637,0.0008031814798917401,0
ACCT_171646,0.0003371418685093812,0
ACCT_171648,0.002866840656171677,0
ACCT_171654,0.0020368226397829265,0
ACCT_171659,0.0488037899399049,0
ACCT_171663,0.0008320705838490192,0
ACCT_171665,0.003242505958807626,0
ACCT_171666,0.0005519057261553459,0
ACCT_171690,0.09696931286962085,0
ACCT_171691,0.00016392651928214802,0
ACCT_171692,0.0003932758093696314,0
ACCT_171695,0.0017359081163351323,0
ACCT_171708,0.00012817208254119504,0
ACCT_171714,4.627710238554376e-05,0
ACCT_171726,0.008778049307759763,0
ACCT_171739,0.00046598738048867725,0
ACCT_171745,0.0021275280498737224,0
ACCT_171747,0.06758075443722168,0
ACCT_171762,0.0013875920249170554,0
ACCT_171767,0.030177864250011767,0
ACCT_171768,0.005066155582399279,0
ACCT_171771,0.0001274010420130747,0
ACCT_171772,0.008644260543824353,0
ACCT_171779,0.0052850948695922105,0
ACCT_171785,0.0013739263014344789,0
ACCT_171786,0.0038005141840010337,0
ACCT_171792,0.00011578151409503737,0
ACCT_171795,0.003002530122224306,0
ACCT_171817,0.0019283130149516765,0
ACCT_171819,9.841403038461705e-05,0
ACCT_171822,0.01575919276525821,0
ACCT_171823,1.7120586925705904e-05,0
ACCT_171839,0.002408790468524711,0
ACCT_171844,0.0005534089678191287,0
ACCT_171846,0.0003068598493482385,0
ACCT_171851,0.00038123016924076017,0
ACCT_171859,0.0010886027364375714,0
ACCT_171860,0.00016418548915666847,0
ACCT_171870,5.485022339202555e-05,0
ACCT_171873,0.0069720013984829535,0
ACCT_171892,5.747459892364646e-05,0
ACCT_171902,0.0004310399082235461,0
ACCT_171903,0.004844833609439834,0
ACCT_171908,0.09337562175572751,0
ACCT_171913,0.03840159533895667,0
ACCT_171915,0.0006978055097351301,0
ACCT_171919,0.00030999194326241546,0
ACCT_171926,0.005436009690924192,0
ACCT_171940,0.01731826311139479,0
ACCT_171941,0.007533197533610203,0
ACCT_171969,0.00019816500785933117,0
ACCT_171984,0.00019818255506958335,0
ACCT_171995,6.220686435997505e-05,0
ACCT_172001,0.0002149587974050735,0
ACCT_172011,0.0019478189918568218,0
ACCT_172014,0.003341168390969586,0
ACCT_172020,0.0004820724392777588,0
ACCT_172025,0.017735949326249573,0
ACCT_172026,0.000862228637204556,0
ACCT_172047,1.3395777872548782e-05,0
ACCT_172052,0.0041488258911622075,0
ACCT_172066,0.00017820078220429796,0
ACCT_172068,0.005893161788468599,0
ACCT_172079,0.00039987155958796174,0
ACCT_172091,0.004756224960612255,0
ACCT_172094,0.0006192995281389334,0
ACCT_172106,0.000366045683489744,0
ACCT_172108,0.0006282953926386424,0
ACCT_172116,0.000245246348970243,0
ACCT_172119,0.014041526631314432,0
ACCT_172122,0.00033636322074761507,0
ACCT_172137,0.0031565759213285807,0
ACCT_172141,0.0006198748072608016,0
ACCT_172166,0.0017907591969956332,0
ACCT_172167,0.06274579130666208,0
ACCT_172168,0.00012585031482278028,0
ACCT_172171,0.016624921842273797,0
ACCT_172177,0.0001860636427525734,0
ACCT_172179,0.00036436136873270724,0
ACCT_172192,0.004422833141577876,0
ACCT_172193,0.0002781715487012347,0
ACCT_172195,0.001355183347293215,0
ACCT_172214,0.0019805965229641636,0
ACCT_172217,0.003278612279920147,0
ACCT_172221,0.0001571580617607974,0
ACCT_172231,0.0002657271931956064,0
ACCT_172240,0.004050152135590748,0
ACCT_172244,0.026970212294512207,0
ACCT_172263,3.2605618263957795e-05,0
ACCT_172272,0.0004349162742525944,0
ACCT_172279,0.00020024185976121254,0
ACCT_172287,0.0002445757311920749,0
ACCT_172318,0.0005050043864946922,0
ACCT_172322,0.16388252463108863,0
ACCT_172333,0.0025323909406527174,0
ACCT_172335,0.001745401895716869,0
ACCT_172340,0.0013285196454493006,0
ACCT_172341,0.00033385660923302064,0
ACCT_172344,0.00016784715490767444,0
ACCT_172353,0.35901716801644934,0
ACCT_172360,0.09645398276568674,0
ACCT_172367,0.02348112071217601,0
ACCT_172369,0.003937622189035233,0
ACCT_172370,0.004320958263859178,0
ACCT_172384,0.0001410606353287284,0
ACCT_172391,0.003435874559359424,0
ACCT_172392,0.00017216700123915915,0
ACCT_172394,0.0018353159391320541,0
ACCT_172402,0.0003993276015643313,0
ACCT_172407,3.423807131979524e-05,0
ACCT_172423,7.703533865846818e-05,0
ACCT_172440,8.530063724167525e-05,0
ACCT_172457,0.0031076234089915727,0
ACCT_172464,0.0005507893303674097,0
ACCT_172493,0.012985684002718028,0
ACCT_172500,0.007129213548231419,0
ACCT_172501,0.027863295950740368,0
ACCT_172503,0.00033425998568811387,0
ACCT_172505,0.00024742616170686207,0
ACCT_172528,0.012769016176202479,0
ACCT_172534,0.002681916446200652,0
ACCT_172544,0.0017979416367477532,0
ACCT_172559,0.0010931294973465417,0
ACCT_172565,0.0027924211949004363,0
ACCT_172573,0.0002472863323287492,0
ACCT_172595,4.8744976959434425e-05,0
ACCT_172599,0.0007434922721766173,0
ACCT_172602,0.001479203460361568,0
ACCT_172609,0.0005536504591820546,0
ACCT_172610,0.0007199651865118172,0
ACCT_172625,0.0008275112196864533,0
ACCT_172629,0.0010472254591507952,0
ACCT_172639,0.0005840734004257069,0
ACCT_172651,0.0003297206972820579,0
ACCT_172655,9.556462883782984e-05,0
ACCT_172691,0.000693816890887744,0
ACCT_172696,0.0005276520905239792,0
ACCT_172702,0.00016832532757709106,0
ACCT_172712,4.667506523205722e-05,0
ACCT_172729,0.0002512222077581083,0
ACCT_172744,0.0007947719552979884,0
ACCT_172755,0.0003791766565539015,0
ACCT_172770,0.00011671901936525066,0
ACCT_172774,0.00252163403359744,0
ACCT_172789,0.000890428615773517,0
ACCT_172796,1.0873209929432108e-05,0
ACCT_172810,0.0016403508395005872,0
ACCT_172812,0.014974038801748453,0
ACCT_172818,0.005716645705859095,0
ACCT_172824,0.0007320650762764579,0
ACCT_172848,0.014373351226136323,0
ACCT_172859,0.00016923508022614317,0
ACCT_172866,0.00038002876009000697,0
ACCT_172868,9.713191922292285e-05,0
ACCT_172885,0.030338735431596903,0
ACCT_172893,0.0001227533826740222,0
ACCT_172899,0.00019970503140595675,0
ACCT_172904,4.826171867859507e-05,0
ACCT_172912,0.0003397950632748905,0
ACCT_172920,5.921102064631869e-05,0
ACCT_172928,0.0006976415674068632,0
ACCT_172939,0.017070764235530066,0
ACCT_172951,0.00015100722194555434,0
ACCT_172957,0.002723058216165046,0
ACCT_172976,0.0002720603030436816,0
ACCT_172993,0.0029538764562829505,0
ACCT_173006,0.012107894232815596,0
ACCT_173014,0.01936194034913977,0
ACCT_173021,0.0015322251396240577,0
ACCT_173043,0.0014797121607311474,0
ACCT_173053,0.00037262475097692827,0
ACCT_173065,0.00011701760063762173,0
ACCT_173081,0.04288074168675944,0
ACCT_173099,0.0015816463482110875,0
ACCT_173102,0.00032795664312839837,0
ACCT_173103,0.0018496827233837425,0
ACCT_173106,0.00021101333992041952,0
ACCT_173132,0.00047501808295889985,0
ACCT_173135,0.00014572292276889242,0
ACCT_173136,0.0007579769612750143,0
ACCT_173147,0.014214429564487135,0
ACCT_173157,0.00036178750837346385,0
ACCT_173161,0.0007984989817269826,0
ACCT_173174,0.0005138809506314132,0
ACCT_173182,0.00044085495496248904,0
ACCT_173184,0.34156658841167437,0
ACCT_173187,7.777375660902542e-06,0
ACCT_173202,0.00023983112097936463,0
ACCT_173216,0.0008827048341270849,0
ACCT_173229,0.00047041398255122494,0
ACCT_173240,0.00028254627389650254,0
ACCT_173266,0.007761863710650283,0
ACCT_173268,0.002286875218030036,0
ACCT_173272,0.00012538793031311715,0
ACCT_173274,0.0062934100254057775,0
ACCT_173284,0.0024023088859766698,0
ACCT_173286,1.6018127178989567e-05,0
ACCT_173287,0.0012279455454180161,0
ACCT_173297,0.00026808578908151605,0
ACCT_173306,0.0003004463710429974,0
ACCT_173319,4.624712418662432e-05,0
ACCT_173327,0.006272766718879091,0
ACCT_173335,0.0019164217592869829,0
ACCT_173337,0.00015982532860901377,0
ACCT_173343,8.08382878116863e-05,0
ACCT_173347,0.0009430940292319306,0
ACCT_173356,0.8812010186629736,0
ACCT_173362,0.0004710514303246984,0
ACCT_173366,0.0003037636941735564,0
ACCT_173369,1.9958003799037546e-05,0
ACCT_173370,6.832411024906975e-05,0
ACCT_173372,0.00018143079514379472,0
ACCT_173380,0.007526068908835145,0
ACCT_173385,0.00046415727813659566,0
ACCT_173392,0.0019410485418246775,0
ACCT_173401,0.04287830808050147,0
ACCT_173409,2.202118781389573e-05,0
ACCT_173416,0.03862998382910631,0
ACCT_173427,0.003850840054826292,0
ACCT_173432,0.000490649380886091,0
ACCT_173433,0.007124363665133524,0
ACCT_173447,0.00019442870584637838,0
ACCT_173458,0.09218358179626074,0
ACCT_173460,0.0006518920357809981,0
ACCT_173461,9.399991393928426e-05,0
ACCT_173471,0.0006027134412814882,0
ACCT_173475,0.000839142826096203,0
ACCT_173479,0.015750571198591527,0
ACCT_173496,0.00010665585312089615,0
ACCT_173503,0.008537342899270496,0
ACCT_173504,0.0010869760467011168,0
ACCT_173517,0.0006906164467493246,0
ACCT_173523,0.0007253653677111579,0
ACCT_173528,0.0013134911368474543,0
ACCT_173534,0.0004627147946194121,0
ACCT_173536,0.005954302602593064,0
ACCT_173558,0.00025113526217469394,0
ACCT_173565,5.4106148369383206e-05,0
ACCT_173568,0.020175613790990803,0
ACCT_173576,0.002267577874915302,0
ACCT_173577,0.0003796982915773832,0
ACCT_173585,0.0010812148804487745,0
ACCT_173605,0.0019662595943506726,0
ACCT_173617,0.0011798185875448554,0
ACCT_173620,0.9961507025930997,1
ACCT_173637,0.1459636390138245,0
ACCT_173643,0.003182335066502441,0
ACCT_173646,0.0010339970643008227,0
ACCT_173651,0.00039650728033300647,0
ACCT_173658,0.00019968303765243952,0
ACCT_173659,0.01047092288191667,0
ACCT_173662,0.026986546660516787,0
ACCT_173664,0.005937872994313387,0
ACCT_173665,6.744194495018636e-05,0
ACCT_173667,0.00013905966489410134,0
ACCT_173682,0.00016420813339563256,0
ACCT_173683,0.017558992154391523,0
ACCT_173718,0.0012283539051279478,0
ACCT_173729,0.006712156501280323,0
ACCT_173737,0.0001876555542688998,0
ACCT_173741,0.0032178520285543427,0
ACCT_173755,0.00022038845850707513,0
ACCT_173756,0.0037232221905410686,0
ACCT_173781,0.0007562928038558878,0
ACCT_173787,0.0013555275728996269,0
ACCT_173794,0.002403440135919258,0
ACCT_173805,0.0003930046629080529,0
ACCT_173813,0.0008417389295987165,0
ACCT_173826,0.00035814428094013294,0
ACCT_173828,0.000572953971859198,0
ACCT_173833,0.7819073657155805,1
ACCT_173835,0.011850063751630365,0
ACCT_173840,0.044004994110848884,0
ACCT_173847,0.00028261552924264965,0
ACCT_173853,0.0012481037798705561,0
ACCT_173855,0.006417611255603341,0
ACCT_173857,5.2571718957731845e-05,0
ACCT_173873,0.00010125470681464893,0
ACCT_173877,0.016842352111322876,0
ACCT_173882,0.0006816654263668833,0
ACCT_173896,0.00021637707897259313,0
ACCT_173897,7.524733231465868e-05,0
ACCT_173907,0.0011978916192662047,0
ACCT_173910,0.00048404058569421826,0
ACCT_173920,0.00030204913566370735,0
ACCT_173928,0.0014752485955628223,0
ACCT_173932,0.0026957683492939877,0
ACCT_173940,0.0008223869341266278,0
ACCT_173943,0.0017008465514131777,0
ACCT_173944,0.0011541972473343395,0
ACCT_173948,0.0005973096408581019,0
ACCT_173949,0.00013386576820591733,0
ACCT_173958,0.0003777545592312267,0
ACCT_173967,0.001477601845324943,0
ACCT_173977,0.5867166705127519,0
ACCT_173980,0.019049036179032384,0
ACCT_173981,0.01060956739954056,0
ACCT_173983,0.0003375789702040249,0
ACCT_173992,0.0012085113824944222,0
ACCT_174003,0.0003810784564184956,0
ACCT_174006,0.0005555510744759501,0
ACCT_174016,0.06682915616582237,0
ACCT_174018,3.744885612998607e-05,0
ACCT_174020,0.000531215097577277,0
ACCT_174053,0.0005960938872427189,0
ACCT_174061,0.021655290345530466,0
ACCT_174067,0.0016447605907215883,0
ACCT_174068,0.008092217791962142,0
ACCT_174073,0.00010611054219554363,0
ACCT_174087,0.0005622389763784696,0
ACCT_174092,0.0010812552857148063,0
ACCT_174093,0.024714462245690818,0
ACCT_174097,0.020118044060342906,0
ACCT_174100,0.016866129434163227,0
ACCT_174108,1.2660118009522199e-05,0
ACCT_174114,0.0002790807021558446,0
ACCT_174119,0.0020970866143304712,0
ACCT_174122,0.0008309963582234455,0
ACCT_174129,0.00014094482775338306,0
ACCT_174134,0.0004756000045401453,0
ACCT_174135,0.00020643193641045976,0
ACCT_174137,5.3938517031516326e-05,0
ACCT_174164,0.0002117407366435184,0
ACCT_174192,0.003279222339159764,0
ACCT_174262,0.0004159886017966262,0
ACCT_174265,0.00012308782715175025,0
ACCT_174271,8.757177107727493e-05,0
ACCT_174272,0.0066321405869439265,0
ACCT_174273,0.00281443314805612,0
ACCT_174280,0.0033670333223863214,0
ACCT_174292,0.0031348043237239354,0
ACCT_174306,0.0017621351962746376,0
ACCT_174315,0.0005035092114811494,0
ACCT_174332,0.0011255531342663912,0
ACCT_174338,0.00010070295446671432,0
ACCT_174349,0.006305722377112023,0
ACCT_174355,0.00018448492912049208,0
ACCT_174358,0.0015380230743959813,0
ACCT_174366,0.0054904077596192894,0
ACCT_174369,3.941898977152159e-05,0
ACCT_174375,0.9713170846494663,0
ACCT_174377,0.010034790995697967,0
ACCT_174392,0.09364692592899536,0
ACCT_174395,0.000640732747870658,0
ACCT_174398,0.0010072364559597648,0
ACCT_174421,0.007851444406386488,0
ACCT_174430,0.010119607429305807,0
ACCT_174444,0.005330868498946294,0
ACCT_174455,0.00030721397355540933,0
ACCT_174494,0.018041015994029744,0
ACCT_174499,0.00024131645722747267,0
ACCT_174514,4.899277429776075e-06,0
ACCT_174518,0.00035335796596921054,0
ACCT_174535,6.078691060108062e-05,0
ACCT_174536,0.0002987089679928313,0
ACCT_174541,0.0014949818031800089,0
ACCT_174547,0.00033286738403555106,0
ACCT_174550,0.0018392162289336635,0
ACCT_174555,0.00013728225552964133,0
ACCT_174556,0.08885199956029004,0
ACCT_174589,0.023151630807730732,0
ACCT_174596,0.0006522194738792931,0
ACCT_174636,0.0008466599866742283,0
ACCT_174640,0.02430176834951148,0
ACCT_174644,0.0006242030785763259,0
ACCT_174658,0.019174285942961774,0
ACCT_174667,0.00020704197167891808,0
ACCT_174668,0.00031956559225572955,0
ACCT_174671,0.0009801682108949853,0
ACCT_174678,0.010307046304975758,0
ACCT_174684,4.3591024338857125e-05,0
ACCT_174696,0.0004509449557089165,0
ACCT_174703,0.0007145703934258023,0
ACCT_174707,0.00013834076333513404,0
ACCT_174710,0.008422241688507049,0
ACCT_174714,0.002318905239383414,0
ACCT_174715,0.0006267182399026543,0
ACCT_174726,0.0035820138906108596,0
ACCT_174729,0.0008544972460861349,0
ACCT_174737,0.22786827223735068,0
ACCT_174738,0.0025333311121784573,0
ACCT_174755,0.00042258552310929845,0
ACCT_174774,0.00010368703975503085,0
ACCT_174784,0.0013178254123295476,0
ACCT_174788,0.009791191849089075,0
ACCT_174792,0.0020038966906883566,0
ACCT_174798,0.0016804582404578384,0
ACCT_174814,1.3551106321756035e-05,0
ACCT_174828,0.0013309148446793628,0
ACCT_174830,0.10513236945295859,0
ACCT_174831,0.0015368584790724634,0
ACCT_174841,0.00021655177559195058,0
ACCT_174844,0.07719563489187507,0
ACCT_174856,0.0003836123059848915,0
ACCT_174863,0.0008143480488692225,1
ACCT_174879,0.6579940307632525,0
ACCT_174899,0.0003988169180266396,1
ACCT_174903,0.0003269947715324986,0
ACCT_174904,5.4809636342552345e-05,0
ACCT_174907,0.011449945089504256,0
ACCT_174910,0.025845189688809004,0
ACCT_174914,6.847712637912109e-05,0
ACCT_174917,0.9250775702289127,1
ACCT_174930,0.002384672661806084,0
ACCT_174940,0.026859647173206675,0
ACCT_174943,0.002218873759294553,0
ACCT_174951,0.006083889599393842,0
ACCT_174952,0.00041196423190352987,0
ACCT_174954,5.018314408417579e-05,0
ACCT_174962,7.49321759952383e-05,0
ACCT_174969,0.0005728123143546293,0
ACCT_174978,0.00018526343707209745,0
ACCT_174988,0.00010012132277732056,0
ACCT_175005,0.0200344615088763,0
ACCT_175009,0.00011892001967692375,0
ACCT_175011,0.00015986004876558055,0
ACCT_175035,0.001220459595418537,0
ACCT_175045,0.00020307516111676356,0
ACCT_175058,0.00894094954059358,0
ACCT_175075,0.00035422545744845423,0
ACCT_175108,0.004122455415317118,0
ACCT_175111,0.004508786297506257,0
ACCT_175119,0.015070600858273263,0
ACCT_175139,0.000466635745388863,0
ACCT_175146,0.00840618090804525,0
ACCT_175147,5.1616102549047706e-05,0
ACCT_175151,0.00034495196427412065,0
ACCT_175164,0.0013857083970745267,0
ACCT_175167,0.012575606654091123,0
ACCT_175174,0.0007365837113234563,0
ACCT_175189,0.0008544621982375866,0
ACCT_175201,0.005503025106320635,0
ACCT_175214,9.232669668238811e-05,0
ACCT_175232,1.2136248119054357e-06,0
ACCT_175233,0.00027283587008107254,0
ACCT_175241,0.0026795914715654658,0
ACCT_175250,0.0007323900049794937,0
ACCT_175251,0.00034090555244702374,0
ACCT_175252,8.773373843466031e-05,0
ACCT_175256,0.00010499136876921377,0
ACCT_175261,0.011542908029641303,0
ACCT_175305,0.0014698111464271583,0
ACCT_175327,0.00023776951018493375,0
ACCT_175329,0.014422868452395746,0
ACCT_175345,0.0038704954221260262,0
ACCT_175347,0.0016591627231251032,0
ACCT_175360,0.00012821433088130708,0
ACCT_175374,0.042013742233314846,0
ACCT_175386,0.0006620325313868929,0
ACCT_175410,0.0016952563129520228,0
ACCT_175431,0.04625579309672476,0
ACCT_175434,0.001437794837595462,0
ACCT_175443,0.0001923941899435439,0
ACCT_175480,0.093131883421197,0
ACCT_175489,0.03207646736491763,0
ACCT_175502,0.00019667031057955068,0
ACCT_175510,0.0025773330076719874,0
ACCT_175511,8.646598327873309e-05,0
ACCT_175516,0.0002224873093733525,0
ACCT_175522,0.002177765191508397,0
ACCT_175529,0.02309557671122583,0
ACCT_175530,0.007105840988216138,0
ACCT_175536,0.00036175798665859634,0
ACCT_175545,0.000306177026064475,0
ACCT_175546,0.007265250214354512,0
ACCT_175558,0.0002733179332622456,0
ACCT_175561,0.00011062162482947303,0
ACCT_175562,0.11755028821834983,0
ACCT_175571,0.0003635822445757229,0
ACCT_175574,0.0232909794603355,0
ACCT_175576,0.06386261033518664,0
ACCT_175578,0.0005168983640961695,0
ACCT_175592,0.00011325679912991384,0
ACCT_175594,0.0003357776978787671,0
ACCT_175603,6.160231711335979e-05,0
ACCT_175615,1.4389913069430865e-05,0
ACCT_175622,0.05787601602134261,0
ACCT_175625,8.493565073135477e-05,0
ACCT_175626,0.0012806611060940767,0
ACCT_175627,0.014226954680892242,0
ACCT_175635,0.0004473257585377379,0
ACCT_175646,0.00010987092935866787,0
ACCT_175647,0.006054498592415299,0
ACCT_175667,0.00016074545740246923,0
ACCT_175668,0.006154548498151417,0
ACCT_175705,0.00027692339362285885,0
ACCT_175711,0.0005298283137619208,0
ACCT_175712,0.06268121286321386,0
ACCT_175713,0.0005778194569724163,0
ACCT_175720,4.3638755176142226e-05,0
ACCT_175722,0.0005294641177200686,0
ACCT_175728,0.009416053028953599,0
ACCT_175748,0.0005161493468879117,0
ACCT_175755,0.00016139638480195444,0
ACCT_175758,0.00035914619146300216,0
ACCT_175767,0.000557930000694171,0
ACCT_175774,0.0018490173453398443,0
ACCT_175784,0.00043050659339533806,0
ACCT_175794,0.0005416242121507529,0
ACCT_175807,0.00022156516057054935,0
ACCT_175810,4.0409007441911195e-05,0
ACCT_175815,3.266493027546498e-05,0
ACCT_175859,0.0008109564316688175,0
ACCT_175861,0.0021139965007337465,0
ACCT_175862,0.01078475660308305,0
ACCT_175865,0.00011429891770820771,0
ACCT_175869,0.0005768802500968708,0
ACCT_175880,0.0002398878500572965,0
ACCT_175881,0.00011574966476056714,0
ACCT_175893,0.000897287026198478,0
ACCT_175901,0.02882139682678967,0
ACCT_175908,0.0022046788363615935,0
ACCT_175910,0.005357438350928322,0
ACCT_175915,0.014622538627167517,0
ACCT_175920,0.002160621530078699,0
ACCT_175931,0.0006139231610217004,0
ACCT_175949,0.0006184145032892517,0
ACCT_175951,0.0016080708394794654,0
ACCT_175959,0.0031524397595409587,0
ACCT_175966,0.01530238929296046,0
ACCT_175970,0.0003752440093474352,0
ACCT_175972,0.007450636363461779,0
ACCT_176028,0.0049489404721052566,0
ACCT_176036,0.0034188755777602186,0
ACCT_176039,0.0003088291358429888,0
ACCT_176063,0.0040702935293111114,0
ACCT_176066,0.0005271039054874816,0
ACCT_176092,0.0002545060529193165,0
ACCT_176102,1.950221786136515e-05,0
ACCT_176117,0.000312662039327511,0
ACCT_176140,0.0015196245673428992,0
ACCT_176150,0.002764255945609221,0
ACCT_176152,0.0005533309014236004,0
ACCT_176157,0.00020475355866714595,0
ACCT_176166,0.002585604361270482,0
ACCT_176188,0.0001539044952495713,0
ACCT_176189,0.000573727585853237,0
ACCT_176199,4.163103601696752e-05,0
ACCT_176212,0.0011439624830856688,0
ACCT_176225,0.0008278708697501893,0
ACCT_176246,0.002427641699927193,0
ACCT_176270,0.006664558440066551,0
ACCT_176274,0.0008043674591134118,0
ACCT_176281,0.005483537910999173,0
ACCT_176283,0.0008433761089362786,0
ACCT_176288,0.0028374602240739404,0
ACCT_176294,0.004584084511210213,0
ACCT_176310,0.019454037387107357,0
ACCT_176314,0.00607851665612607,0
ACCT_176345,5.7969785965080345e-05,0
ACCT_176346,0.0017422747895411634,0
ACCT_176354,0.0001092350472781788,0
ACCT_176355,0.005960882577587711,0
ACCT_176364,0.008931275547833996,0
ACCT_176399,0.005102714636191492,0
ACCT_176410,0.0030612942262286903,0
ACCT_176427,0.0009247000392188487,0
ACCT_176435,0.020348321301925296,0
ACCT_176443,7.297271154956675e-05,0
ACCT_176457,0.0009091077728519887,0
ACCT_176467,5.826607790391511e-05,0
ACCT_176477,0.0020974246476718854,0
ACCT_176483,0.0008251751449071707,0
ACCT_176487,0.0003574208107230246,0
ACCT_176488,0.0010229996874293469,0
ACCT_176499,0.005556336269411419,0
ACCT_176505,5.7171276272506e-05,0
ACCT_176538,5.8418189625683994e-06,0
ACCT_176541,0.008397229094786272,0
ACCT_176558,0.0009650462648844375,0
ACCT_176562,0.0016620279163696021,0
ACCT_176584,3.1244961503205194e-05,0
ACCT_176589,0.008105649843666286,0
ACCT_176591,0.00500728421534854,0
ACCT_176595,0.8679652978536908,1
ACCT_176609,0.0015861117805146374,0
ACCT_176611,0.002304737293377086,0
ACCT_176615,0.002443829761412078,0
ACCT_176618,0.058953590656356164,0
ACCT_176619,0.00046109349201439064,0
ACCT_176640,1.855801939848236e-05,0
ACCT_176649,0.0004732113039651624,0
ACCT_176650,0.00231804892537932,0
ACCT_176653,0.00023671949383863398,0
ACCT_176656,0.033929549228630965,0
ACCT_176657,0.006320888060601249,0
ACCT_176663,0.006955314313328125,0
ACCT_176681,0.009027606113256148,0
ACCT_176697,0.00014591647766603114,0
ACCT_176699,0.00032681882557196175,0
ACCT_176701,0.00058381835174471,0
ACCT_176702,0.09011144425143287,0
ACCT_176705,0.0010910223619161733,0
ACCT_176716,0.08733894459772579,0
ACCT_176723,0.00455709320903685,0
ACCT_176724,0.0001254141751121351,0
ACCT_176728,0.0004174055477511467,0
ACCT_176736,0.04296449497186212,0
ACCT_176748,0.000837442206725796,0
ACCT_176765,7.283353017726732e-05,0
ACCT_176772,0.0002395624777825126,0
ACCT_176782,0.005767077103512566,0
ACCT_176783,0.0013013634349549653,0
ACCT_176785,0.0018499395061744913,0
ACCT_176787,0.030046369364621257,0
ACCT_176791,0.0005181315972909131,0
ACCT_176805,0.0004881926379358669,0
ACCT_176807,0.0012605264193573642,0
ACCT_176810,0.002022423176667465,0
ACCT_176814,0.23891550491535798,0
ACCT_176817,0.00017562561707041232,0
ACCT_176825,0.0006923874130489735,0
ACCT_176835,0.00014507574188160944,0
ACCT_176841,0.0005606023678673209,0
ACCT_176847,6.0189635776434147e-05,0
ACCT_176860,0.00038756998775678743,0
ACCT_176869,0.00029863514549335077,0
ACCT_176874,0.009752436120958868,0
ACCT_176877,0.013563347333765505,0
ACCT_176886,0.01194129740088322,0
ACCT_176887,0.0002873884824994476,0
ACCT_176911,0.0016818355612423798,0
ACCT_176918,0.3216035062701501,0
ACCT_176924,0.00957436159179201,0
ACCT_176939,0.00022027647728552286,0
ACCT_176953,0.00017798292543219155,0
ACCT_176971,0.0011371132825450617,0
ACCT_176977,0.0004123381898410685,0
ACCT_176978,0.004766527924174609,0
ACCT_176994,0.15542437761189828,0
ACCT_176996,0.0011551177102969048,0
ACCT_177000,6.333830165965739e-05,0
ACCT_177002,0.004689200542862894,0
ACCT_177004,0.0001781136684206777,0
ACCT_177018,4.053168173699107e-05,0
ACCT_177022,0.00014382370784831009,0
ACCT_177039,0.0003837527496683647,0
ACCT_177041,0.00015115254298414063,0
ACCT_177050,0.01228810847493903,0
ACCT_177052,0.0003448461539120891,0
ACCT_177055,0.10761468738620264,0
ACCT_177058,0.00013863386358315262,0
ACCT_177061,9.266767546605207e-05,0
ACCT_177064,0.0010641707726887618,0
ACCT_177075,0.00029478739477041197,0
ACCT_177081,0.01924943376857664,0
ACCT_177088,0.06570180851354482,0
ACCT_177140,0.15160321653137993,0
ACCT_177143,0.00022290860614983512,0
ACCT_177146,0.0026825855425178674,0
ACCT_177155,8.850767687929836e-06,0
ACCT_177159,0.00017963198968463023,0
ACCT_177168,0.0013764833815067324,0
ACCT_177174,0.0006890238226705065,0
ACCT_177175,0.0056976388031785355,0
ACCT_177193,0.46031698826721257,0
ACCT_177198,0.21637204765036633,0
ACCT_177204,0.008056659781625876,0
ACCT_177215,0.0009896579875527582,0
ACCT_177216,0.003585913720526961,0
ACCT_177218,0.007718258294057187,0
ACCT_177221,0.008143541693554857,0
ACCT_177225,2.170505546133794e-05,0
ACCT_177228,5.684499646468744e-05,0
ACCT_177229,0.0003824353181433054,0
ACCT_177251,0.0012359510509517481,0
ACCT_177270,0.0008762549249455948,0
ACCT_177271,0.0007820095939269275,0
ACCT_177272,0.0030852744424377503,0
ACCT_177291,0.0014509249925999915,0
ACCT_177294,0.0005465889663011852,0
ACCT_177296,0.010138111991403883,0
ACCT_177305,7.072029086972158e-05,0
ACCT_177322,0.003534946499456682,0
ACCT_177324,0.003720861420967518,0
ACCT_177330,4.845114160963372e-05,0
ACCT_177344,0.0020411728756714316,0
ACCT_177356,5.201467002297705e-05,0
ACCT_177391,0.0002554168221022572,0
ACCT_177403,0.0018523605400118676,0
ACCT_177409,0.00022522125783679733,0
ACCT_177419,0.00042694668441138606,0
ACCT_177429,0.00011409293864528206,0
ACCT_177430,0.00028632248554854114,0
ACCT_177442,0.09235105733428438,0
ACCT_177443,0.05798061753374858,0
ACCT_177450,0.000257262303139652,0
ACCT_177451,0.0006152675322861162,0
ACCT_177456,0.00010951263971609304,0
ACCT_177470,0.0019191437384294763,0
ACCT_177510,0.007576407672457365,0
ACCT_177513,0.008413921417020239,0
ACCT_177528,0.004658458468127624,0
ACCT_177541,0.0009620624207912408,0
ACCT_177543,0.0076295815208160585,0
ACCT_177544,0.0014898731477389615,0
ACCT_177547,0.0036652608244783147,0
ACCT_177554,9.388238724518636e-05,0
ACCT_177564,0.00034369124347088795,0
ACCT_177566,0.20077958699895884,0
ACCT_177568,0.0025669602995338995,0
ACCT_177569,0.0015519525218081474,0
ACCT_177573,0.013885480979418292,0
ACCT_177582,5.954243313069327e-05,0
ACCT_177604,0.01577269332210339,0
ACCT_177624,0.010536558053122862,0
ACCT_177625,0.011052595210731663,0
ACCT_177632,0.0005535135875896064,0
ACCT_177634,0.0004168214917956926,0
ACCT_177635,0.00020530864361913628,0
ACCT_177637,0.0032066416359390892,0
ACCT_177638,5.8141706058968315e-05,0
ACCT_177649,0.019790258268402198,0
ACCT_177653,0.001173959308597861,0
ACCT_177669,0.0007979334881276068,0
ACCT_177699,3.879788814776881e-05,0
ACCT_177704,0.0006474268373451849,1
ACCT_177712,0.0001937661647532999,0
ACCT_177713,0.15799828652553594,1
ACCT_177717,0.004145213026987362,0
ACCT_177732,0.0037547181138893595,0
ACCT_177746,0.00233393249737811,0
ACCT_177764,0.000318392197019442,0
ACCT_177767,0.0004413750769896009,0
ACCT_177775,0.0003290465351589739,0
ACCT_177784,0.002658936087488371,0
ACCT_177786,0.0006569097837504351,0
ACCT_177805,6.614742599101432e-05,0
ACCT_177807,0.001971902889819301,0
ACCT_177825,0.0009701810723892076,0
ACCT_177827,0.00015216576252385396,0
ACCT_177844,0.0001775519977558638,0
ACCT_177862,0.0016179418275496234,0
ACCT_177864,0.9068439323888504,0
ACCT_177868,1.3168424644847648e-05,0
ACCT_177891,0.0006464388078364681,0
ACCT_177896,0.00013574422042939767,0
ACCT_177917,0.005394557477472206,0
ACCT_177925,1.7986372538423237e-05,0
ACCT_177929,0.007168850026079762,0
ACCT_177931,0.015568718287458413,0
ACCT_177941,0.0044756586691192795,0
ACCT_177950,0.00019827362802141973,0
ACCT_177953,0.00017544541600420023,0
ACCT_177955,0.0038023205565468616,0
ACCT_177961,0.00045477840960977804,0
ACCT_177963,0.11846177076780347,0
ACCT_177965,0.17703423925376302,0
ACCT_177969,0.003590589010478137,0
ACCT_177983,0.0015267036051685658,0
ACCT_177984,0.0007664213053247867,0
ACCT_177989,0.011103335843255572,0
ACCT_177994,0.002739239944449835,0
ACCT_178006,0.00025598291601010005,0
ACCT_178022,0.2860969790097972,0
ACCT_178031,0.004476855301934603,0
ACCT_178034,0.0002949293199118604,0
ACCT_178040,0.000821281932083651,0
ACCT_178072,0.0007095135939889364,0
ACCT_178074,0.00011354780257678772,0
ACCT_178076,0.00034337421502070954,0
ACCT_178080,0.0025067668343630983,0
ACCT_178089,0.0006060373802006153,0
ACCT_178108,2.5095253533038127e-05,0
ACCT_178109,0.0007066128593362525,0
ACCT_178110,0.0026608537833508103,0
ACCT_178128,0.04278735031775346,0
ACCT_178139,0.3513102524459886,1
ACCT_178140,0.00034687135020350157,0
ACCT_178141,0.0003777618354825541,0
ACCT_178183,0.0005236616986212445,1
ACCT_178200,0.001362685923280186,0
ACCT_178201,0.00010982008632123364,0
ACCT_178208,0.00019810086270697185,0
ACCT_178224,0.0014336463981085262,0
ACCT_178245,0.0009219715503252485,0
ACCT_178253,0.001056071943435318,0
ACCT_178266,0.0001656736893996299,0
ACCT_178272,0.011764227593935025,0
ACCT_178273,0.00030789492964490415,0
ACCT_178293,0.00046320083942639144,0
ACCT_178294,0.00010871790225394796,0
ACCT_178299,0.005378404423664197,0
ACCT_178312,0.006788766270622012,0
ACCT_178327,0.0007064309981202439,0
ACCT_178351,0.000981255657883145,0
ACCT_178353,5.057514588270279e-05,0
ACCT_178383,0.0003294475285979097,0
ACCT_178386,0.0008012689499473708,0
ACCT_178391,0.0040131220381587574,0
ACCT_178399,0.03801303726910786,0
ACCT_178401,0.0003145943857548841,0
ACCT_178413,0.0004224128948346073,0
ACCT_178434,6.629137500632727e-05,0
ACCT_178440,0.00031840477374755143,0
ACCT_178444,0.0661585945678767,0
ACCT_178454,0.0001437412989369865,0
ACCT_178464,0.0012715682122171235,0
ACCT_178489,0.00035370417123182417,0
ACCT_178490,3.723625459188626e-05,0
ACCT_178499,0.0014760168473323758,0
ACCT_178500,0.0004621862685613818,0
ACCT_178501,0.0075319886053310525,0
ACCT_178504,0.0030361523086857678,0
ACCT_178512,6.660979394730945e-05,0
ACCT_178530,0.0013039291771491783,0
ACCT_178550,0.001370883017540163,0
ACCT_178551,0.11392243884224555,0
ACCT_178556,6.518040795401269e-05,0
ACCT_178557,0.0019210222261345966,0
ACCT_178561,0.02271168628758322,0
ACCT_178563,0.0010570790614925951,0
ACCT_178566,0.0006876520905397777,0
ACCT_178579,0.0008645873228736907,0
ACCT_178580,0.22085820704398168,0
ACCT_178585,0.04193215059431631,0
ACCT_178591,7.56258885632382e-05,0
ACCT_178612,0.014668622687476285,0
ACCT_178632,0.0015610726005290548,0
ACCT_178634,0.10921679876785452,0
ACCT_178640,0.00030216610179383023,0
ACCT_178642,0.05456331045120817,0
ACCT_178645,0.00022665543199530173,0
ACCT_178646,0.0001989355281239046,0
ACCT_178653,0.01106452833578561,0
ACCT_178655,0.002655710030063423,0
ACCT_178668,0.004633560028802615,0
ACCT_178701,0.006722306282120213,0
ACCT_178706,8.268554162519385e-06,0
ACCT_178710,0.5233639139190485,0
ACCT_178712,3.06901866560251e-05,0
ACCT_178714,0.000500085572786348,0
ACCT_178722,0.0002398320740051643,0
ACCT_178725,0.0007716777120955796,0
ACCT_178728,0.00914714865953209,0
ACCT_178741,0.002407240656465766,0
ACCT_178746,9.900416398276873e-05,0
ACCT_178751,0.029895745197776755,0
ACCT_178767,0.0010828066327713544,0
ACCT_178775,0.000740296506842448,0
ACCT_178781,0.0029475499535781663,0
ACCT_178791,0.005741419963239945,0
ACCT_178796,5.590091347452344e-05,0
ACCT_178797,0.0002928289980990516,0
ACCT_178822,0.00019383168921415726,0
ACCT_178830,0.001140546065118989,0
ACCT_178838,0.00011781038777840852,0
ACCT_178840,0.004602997620314323,0
ACCT_178846,0.0006562464442986906,0
ACCT_178855,0.00040202441360945437,0
ACCT_178877,0.002531605371846249,0
ACCT_178880,9.33889282287543e-05,0
ACCT_178892,0.0287082775858109,0
ACCT_178903,0.00168709433255519,0
ACCT_178904,0.0003686246710881272,0
ACCT_178905,0.0005763955237729832,0
ACCT_178909,4.3843461640730756e-05,0
ACCT_178926,0.0003942690185672988,0
ACCT_178939,0.00035163516826708174,0
ACCT_178947,0.00042923641308230767,0
ACCT_178948,0.00015778790999872579,0
ACCT_178956,0.0005848213167295932,0
ACCT_178968,0.06899239204819911,0
ACCT_178984,0.011343478387090867,0
ACCT_178986,0.0007086768390976531,0
ACCT_179019,0.0005513430277763515,0
ACCT_179020,0.0008920165586222201,0
ACCT_179034,2.182619616755031e-05,0
ACCT_179038,0.0001636646796514236,0
ACCT_179043,0.000639411170904464,0
ACCT_179049,0.00020705683552104745,0
ACCT_179053,0.0018851616340550084,0
ACCT_179056,0.0011054871086771522,0
ACCT_179064,0.00036826226769105867,0
ACCT_179082,0.006338114294589024,0
ACCT_179084,0.005251675449171507,0
ACCT_179087,0.0036223226571077682,0
ACCT_179092,0.013529164221037554,0
ACCT_179109,0.0004753173197844999,0
ACCT_179117,0.007846312319612194,0
ACCT_179126,0.00033493447525256164,0
ACCT_179138,0.04276770744086197,0
ACCT_179139,0.00036600999310728384,0
ACCT_179145,0.0002038011326044284,0
ACCT_179149,0.015686825920451227,0
ACCT_179157,0.005395134859672219,0
ACCT_179159,0.00011621375995023692,0
ACCT_179183,0.018456583905440985,0
ACCT_179196,0.0021205580220363387,0
ACCT_179200,0.0009519238323492889,0
ACCT_179202,0.0011637705883669727,0
ACCT_179206,0.0028865487299597546,0
ACCT_179228,0.0001590767990480487,0
ACCT_179259,0.00014608989875044724,0
ACCT_179269,0.0009104989734207411,0
ACCT_179280,0.0009662612237846087,0
ACCT_179290,0.000221548388759496,0
ACCT_179293,0.005169502969456435,0
ACCT_179301,0.38453821346231243,0
ACCT_179303,0.0032389780382421737,0
ACCT_179307,0.045607694810885,0
ACCT_179312,0.04492117881336361,0
ACCT_179334,0.002401915914255328,0
ACCT_179337,0.00022885252182548057,0
ACCT_179349,0.21757795968666047,0
ACCT_179350,0.0005905108012008928,0
ACCT_179355,0.013043163364182424,0
ACCT_179362,0.0003662491329504558,0
ACCT_179384,0.005108996923972007,0
ACCT_179386,0.0003874256919614491,0
ACCT_179412,2.0620759413971197e-05,0
ACCT_179414,7.600728801728924e-05,0
ACCT_179419,0.0009364661229222202,0
ACCT_179426,0.0021504386934931966,0
ACCT_179442,7.240679518693858e-05,0
ACCT_179464,0.000489893778008244,0
ACCT_179465,0.0002458291997764824,0
ACCT_179474,0.0001710121359255751,0
ACCT_179493,0.003282991698815851,0
ACCT_179495,0.00011605235463399928,0
ACCT_179499,0.004553445922404633,0
ACCT_179516,0.0001069575609855663,0
ACCT_179519,0.0004348915586735097,0
ACCT_179523,0.0003294333050901485,0
ACCT_179531,0.009372599093550744,0
ACCT_179539,0.01518022170052457,0
ACCT_179544,0.0001409115965907429,0
ACCT_179548,0.0005433459129322025,0
ACCT_179574,0.00023492431200647924,0
ACCT_179576,0.010854887287012133,0
ACCT_179616,0.0010646088057444047,0
ACCT_179620,0.0008070613807227702,0
ACCT_179629,0.0005104574128511125,0
ACCT_179631,0.0006753926183803508,0
ACCT_179646,5.931590466128033e-05,0
ACCT_179648,0.0003061765605331768,0
ACCT_179654,0.001587688760770828,0
ACCT_179655,0.005335742204505582,0
ACCT_179662,3.763135414363689e-05,0
ACCT_179668,0.004360446707717463,0
ACCT_179676,0.0007865424930011049,0
ACCT_179679,2.2619363891726727e-05,0
ACCT_179682,0.002688860147893004,0
ACCT_179698,0.010253322514740289,0
ACCT_179700,0.002071642174806475,0
ACCT_179734,0.00010448921442407959,0
ACCT_179748,0.04083771242075965,0
ACCT_179749,0.0007487995808286988,0
ACCT_179754,0.00013597635149229778,0
ACCT_179764,0.03877023114378481,0
ACCT_179786,0.0004560346069401409,0
ACCT_179807,0.00011587233071592404,0
ACCT_179814,0.8171712844942852,1
ACCT_179817,0.02896816350720265,0
ACCT_179823,0.0008706773999200536,0
ACCT_179830,0.00013179474909010404,0
ACCT_179831,3.482793458508817e-05,0
ACCT_179832,0.0007789382727514465,0
ACCT_179838,5.4294258652747236e-05,0
ACCT_179842,0.00011834895760995555,0
ACCT_179861,0.00048727395098359665,0
ACCT_179866,0.0003458666204241317,0
ACCT_179877,0.0006513927099857192,0
ACCT_179880,0.0002562738401616024,0
ACCT_179884,0.000214623133539694,0
ACCT_179896,0.0010299586408250969,0
ACCT_179897,0.0020761867587264656,0
ACCT_179908,0.010165696005071218,0
ACCT_179912,0.00792039187527321,0
ACCT_179916,0.014931962440935479,0
ACCT_179917,0.0001771761875661187,0
ACCT_179918,0.013659101831196922,0
ACCT_179924,0.00048337675720386763,0
ACCT_179936,0.004205922999628563,0
ACCT_179941,0.0011330129439734344,0
ACCT_179948,0.0003741020063971932,0
ACCT_179949,0.03330683782222431,0
ACCT_179950,0.00036980262334676046,0
ACCT_179960,0.0007474909307727907,0
ACCT_179966,0.39736934055376844,0
ACCT_179986,8.992394311531936e-05,0
ACCT_180018,0.06363254660039178,0
ACCT_180021,0.007088813253165751,0
ACCT_180024,0.0011730806745977127,0
ACCT_180026,3.751340037476383e-05,0
ACCT_180048,0.0006565846709103298,0
ACCT_180057,0.9465187818445363,1
ACCT_180059,0.00031339056002678003,0
ACCT_180070,0.0010018725509710548,0
ACCT_180081,2.2318232422706954e-05,0
ACCT_180088,0.009130944625273352,0
ACCT_180091,0.002420744401200738,0
ACCT_180099,0.0006083336720122337,0
ACCT_180121,3.1792526951110984e-05,0
ACCT_180123,0.13265294217523252,0
ACCT_180130,0.001000372834744949,0
ACCT_180139,0.05150051230239958,0
ACCT_180141,0.10789943563031507,0
ACCT_180149,0.0006656331837133185,0
ACCT_180155,0.0004758199270055849,0
ACCT_180175,8.677297216579578e-06,0
ACCT_180182,0.001415380464540723,0
ACCT_180184,0.0003665982680173385,0
ACCT_180190,0.05410218282842797,0
ACCT_180197,3.800562696915876e-05,0
ACCT_180207,1.6479458287727137e-05,0
ACCT_180210,0.0002962087780837667,0
ACCT_180215,0.0036883192854324986,0
ACCT_180221,2.1785677118417135e-05,0
ACCT_180225,0.015378757655179553,0
ACCT_180235,0.0005614911766112631,0
ACCT_180256,0.04044161301620912,0
ACCT_180262,0.0002965975781002617,0
ACCT_180267,0.006239522904586039,0
ACCT_180271,0.0011097637852625765,0
ACCT_180275,0.0008094908497256267,0
ACCT_180281,0.00011277151516097786,0
ACCT_180304,3.0890246948281455e-05,0
ACCT_180321,0.005502309739929425,0
ACCT_180326,0.0006464895814175838,0
ACCT_180337,0.06593732290371322,0
ACCT_180342,0.0002335824767952274,0
ACCT_180345,0.0017953637999405484,0
ACCT_180349,0.0002793880951258172,0
ACCT_180382,0.0006415705747804054,0
ACCT_180383,0.022644972555791346,0
ACCT_180396,0.0030532993213076526,0
ACCT_180399,0.009082439628448277,0
ACCT_180403,0.0002666772609140927,0
ACCT_180419,0.0076173864207964605,0
ACCT_180441,0.0001062733390908491,0
ACCT_180443,0.00011288134477362043,0
ACCT_180459,0.03771333688905666,0
ACCT_180485,0.00036043705824901744,0
ACCT_180490,0.0006614059985123073,0
ACCT_180501,9.678732773514858e-05,0
ACCT_180509,0.010100067516657174,0
ACCT_180523,0.0012983765619783358,0
ACCT_180524,0.002015777432971997,0
ACCT_180537,0.00020798261267110667,0
ACCT_180545,0.0007402817004795816,0
ACCT_180548,0.00014964619273748057,0
ACCT_180567,0.0005283251422702199,0
ACCT_180576,0.00026161761732467083,0
ACCT_180581,0.00016264107433915177,0
ACCT_180582,0.00019395711567468232,0
ACCT_180587,0.0002586310073274944,0
ACCT_180591,0.0021120034710209183,0
ACCT_180594,0.0007767940528881072,0
ACCT_180595,0.00025973284155819535,0
ACCT_180603,0.0015108614548077876,0
ACCT_180607,0.002039876210806323,0
ACCT_180623,0.002821936144435417,0
ACCT_180625,0.001101532789266987,0
ACCT_180631,0.0020653661204515146,0
ACCT_180635,0.0008296939593641203,0
ACCT_180660,0.0063809024258193936,0
ACCT_180666,0.001444716019377631,0
ACCT_180677,1.1101264331546793e-05,0
ACCT_180678,0.001979655894415996,0
ACCT_180697,0.0023481642337979977,0
ACCT_180703,0.0024185518429155435,0
ACCT_180711,0.07344496019350039,0
ACCT_180726,0.010747535096358962,0
ACCT_180749,0.0010704195453170953,0
ACCT_180760,0.0031088563636831,0
ACCT_180762,0.0012241982165059652,0
ACCT_180794,0.001165103263133397,0
ACCT_180813,0.0037459508222832364,0
ACCT_180824,0.0005039726159814972,0
ACCT_180826,0.03119937582979757,0
ACCT_180847,0.00017786978466044696,0
ACCT_180859,0.0007512756155977769,0
ACCT_180872,0.0037445981135076196,0
ACCT_180887,0.14584409380232838,0
ACCT_180888,0.0005054482628910588,0
ACCT_180898,0.0027802390333805495,0
ACCT_180917,0.0007558263674456168,0
ACCT_180936,0.0003055843217469277,0
ACCT_180946,0.2735630587811759,0
ACCT_180957,0.0003911373056932338,0
ACCT_180971,0.00015529248453860755,0
ACCT_180976,0.0026844319769347646,0
ACCT_180979,0.0005914124192187031,0
ACCT_180992,0.0006948667660029975,0
ACCT_180993,0.02249589944289365,0
ACCT_180995,0.00024844838867387137,0
ACCT_181009,0.00024317913647118147,0
ACCT_181013,0.00026416418928781047,0
ACCT_181014,0.5470308626419432,1
ACCT_181024,6.940479785402036e-06,0
ACCT_181026,0.00039281793429810064,0
ACCT_181029,0.0016511334124689827,0
ACCT_181054,0.00013760499462777656,0
ACCT_181060,0.02205430153985202,0
ACCT_181083,0.0004253141032164899,0
ACCT_181106,4.222369180893844e-05,0
ACCT_181118,0.0037612348997498107,0
ACCT_181136,0.0024365110938616335,0
ACCT_181137,0.0019674712643159634,0
ACCT_181143,0.015219310207146682,0
ACCT_181146,0.0002139285591170688,0
ACCT_181154,0.00014926500058941316,0
ACCT_181158,0.0037946752278913377,0
ACCT_181161,0.0004550381840207283,0
ACCT_181167,0.0020595331461389314,0
ACCT_181168,0.0015077231228977411,0
ACCT_181170,5.833569124795488e-05,0
ACCT_181187,0.002452798229462189,0
ACCT_181200,0.00027592838417297847,0
ACCT_181212,0.0002035192309957149,0
ACCT_181213,0.0006695024432049045,0
ACCT_181218,0.0005516078925499372,0
ACCT_181223,0.0049844089347959065,0
ACCT_181230,0.00047286032988793465,0
ACCT_181235,0.005674890147545561,0
ACCT_181236,0.0004916756392878554,0
ACCT_181243,0.0011036461062430452,0
ACCT_181260,0.0003071035279612207,0
ACCT_181263,0.0010087442070022684,0
ACCT_181271,0.0014376398337939394,0
ACCT_181280,0.0005122801309395059,0
ACCT_181289,0.004163335911934526,0
ACCT_181291,0.0008122014964989705,0
ACCT_181305,0.0007676139594568847,0
ACCT_181311,0.0004296779001624063,0
ACCT_181330,7.391989525178826e-05,0
ACCT_181337,0.0007293531678590289,0
ACCT_181357,0.0016543215615818694,0
ACCT_181371,0.017608593922280487,0
ACCT_181373,1.6951030285327103e-05,0
ACCT_181382,0.00944378579392149,0
ACCT_181392,0.05684042719570654,0
ACCT_181395,0.0005376011794554062,0
ACCT_181397,0.0005043671131476288,0
ACCT_181409,0.031687589694046885,0
ACCT_181439,0.006722810764081619,0
ACCT_181444,0.00019338860190630408,0
ACCT_181448,0.0007967164818735764,0
ACCT_181452,0.016228773026826116,0
ACCT_181458,0.0014257015883712134,0
ACCT_181476,0.37664915717494457,0
ACCT_181485,0.0003627429437800931,0
ACCT_181500,3.2302874606880303e-05,0
ACCT_181502,0.0003123692793440711,0
ACCT_181506,0.027615483470893033,0
ACCT_181509,0.0012579230723306996,0
ACCT_181511,0.007072331049565582,0
ACCT_181514,0.022150651499141662,0
ACCT_181519,0.006526200391916377,0
ACCT_181522,8.783317901563574e-05,0
ACCT_181523,0.0025957629652286055,0
ACCT_181538,0.0009906328217097423,0
ACCT_181545,0.0004201508386002997,0
ACCT_181547,0.0012172819796454227,0
ACCT_181550,0.0032541983179817714,0
ACCT_181569,0.5303013670985816,0
ACCT_181582,0.0010146655660205998,0
ACCT_181586,0.011054730636212106,0
ACCT_181588,0.03927704009978559,0
ACCT_181590,0.004331836763787476,0
ACCT_181591,0.00028761900577308906,0
ACCT_181601,0.00012261603442763943,0
ACCT_181605,0.00456049862189165,0
ACCT_181622,0.00014693097522101685,0
ACCT_181623,0.002688835355951018,0
ACCT_181637,0.0024933698282200894,0
ACCT_181645,0.0008610957529330906,0
ACCT_181646,0.0009335473417224131,0
ACCT_181652,0.0006671045723675,0
ACCT_181671,0.0630213342511646,0
ACCT_181696,0.004199119024611444,0
ACCT_181697,0.004114724126841203,0
ACCT_181703,0.0013435553736107324,0
ACCT_181725,0.001073417310184286,0
ACCT_181732,4.548805994256611e-05,0
ACCT_181743,0.0023191045901656084,0
ACCT_181744,0.007360353021182602,0
ACCT_181749,0.004502765883661019,0
ACCT_181751,0.013562094701677402,0
ACCT_181755,0.00018914265179944032,0
ACCT_181762,1.696915131967611e-05,0
ACCT_181769,0.0006959753933776767,0
ACCT_181772,0.000519937085492639,0
ACCT_181786,0.00013820308744928088,0
ACCT_181792,0.0010889533887652207,0
ACCT_181798,0.009551052923975843,0
ACCT_181800,0.0028701726343866624,0
ACCT_181814,0.000295257222015441,0
ACCT_181815,0.010060490461689706,0
ACCT_181827,9.004844013333654e-05,0
ACCT_181836,3.61387524392081e-05,0
ACCT_181842,0.004279644205042163,0
ACCT_181843,0.00011550991297198933,0
ACCT_181852,0.00750490214383608,0
ACCT_181856,0.0007471025343823945,0
ACCT_181858,0.0001393806918448709,0
ACCT_181906,0.00041977209109862875,0
ACCT_181912,0.04745459765460753,0
ACCT_181914,0.003396307060561571,0
ACCT_181922,2.9691447418188962e-05,0
ACCT_181924,0.00017103334243219297,0
ACCT_181934,0.0002882143640895369,0
ACCT_181949,0.0019752220633359185,0
ACCT_181970,0.00015063210577154272,0
ACCT_181971,0.00018997089569508063,0
ACCT_181983,0.016517832872107185,0
ACCT_182010,0.04308806946425784,0
ACCT_182017,0.007477229340941814,0
ACCT_182020,0.005494300820544036,0
ACCT_182022,0.00012795017511114747,0
ACCT_182024,0.09588841421407154,0
ACCT_182025,0.004253298086441049,0
ACCT_182030,0.0015835778591788026,0
ACCT_182039,0.0015818347634836576,0
ACCT_182046,0.0017034531228214249,0
ACCT_182070,0.1055826530982235,0
ACCT_182071,0.0019500173936354574,0
ACCT_182075,0.0004546425718170445,0
ACCT_182077,0.012857739698383847,0
ACCT_182085,0.00047629432251649056,0
ACCT_182091,0.000735052878168064,0
ACCT_182093,0.0033528776709526543,0
ACCT_182105,0.005346918176390485,0
ACCT_182106,0.009637596425385366,0
ACCT_182110,0.0007950995296929225,0
ACCT_182125,0.0025388590164635125,0
ACCT_182129,0.10936370198428565,0
ACCT_182153,0.0008220933636450218,0
ACCT_182169,6.781495152410874e-05,0
ACCT_182170,9.445186125827744e-06,0
ACCT_182222,0.00042050173508184727,0
ACCT_182233,8.16339323698813e-05,0
ACCT_182237,0.0004896558672471077,0
ACCT_182241,5.277484303401618e-05,0
ACCT_182252,0.04518381174589484,0
ACCT_182262,0.3596290296086522,1
ACCT_182268,0.00020561478595939686,0
ACCT_182269,2.5558468287644774e-05,0
ACCT_182271,0.002468275950306011,0
ACCT_182279,0.03636973260771172,0
ACCT_182330,0.0007387910485791252,0
ACCT_182335,8.393220396543825e-06,0
ACCT_182337,0.005548363761932816,0
ACCT_182342,0.04524215484345155,0
ACCT_182346,0.0029679037595284883,0
ACCT_182355,0.14988204606760053,0
ACCT_182359,0.012398025300884243,0
ACCT_182369,0.0006520834566403326,0
ACCT_182374,0.00011741827430460295,0
ACCT_182377,0.01640285869794839,0
ACCT_182384,0.0002645058892397821,0
ACCT_182385,0.00858635806168401,0
ACCT_182408,0.002329187888430514,0
ACCT_182410,0.004871501235122979,0
ACCT_182429,8.512834962545316e-05,0
ACCT_182450,4.9724369365479195e-06,0
ACCT_182451,0.0007302675015879465,0
ACCT_182455,0.0003648906621349307,0
ACCT_182456,1.0389774205111744e-05,0
ACCT_182503,0.005952207357606239,0
ACCT_182511,0.004609531381423049,0
ACCT_182520,0.03198703828980731,0
ACCT_182524,0.000833424339426854,0
ACCT_182569,0.0005991547270377637,0
ACCT_182578,0.0059229477950507,0
ACCT_182588,0.003481571306589169,0
ACCT_182591,0.0009816820957937187,0
ACCT_182594,0.00014632313267325117,0
ACCT_182597,0.0023836793431771955,0
ACCT_182598,0.0006339975698137672,0
ACCT_182619,0.0004373297765796461,0
ACCT_182622,0.08937612741862576,0
ACCT_182637,0.03283551765809044,0
ACCT_182638,0.0022948162794694297,0
ACCT_182642,0.011288128307817967,0
ACCT_182660,0.8258623212599882,1
ACCT_182663,4.2770476343511285e-05,0
ACCT_182675,0.0002524728794387994,0
ACCT_182695,0.003480593546421902,0
ACCT_182704,0.006676734756140837,0
ACCT_182706,0.001392147545840311,0
ACCT_182714,0.0035678340191897767,0
ACCT_182739,0.00010372973250208794,0
ACCT_182747,0.0004912959233996896,0
ACCT_182753,0.008168397545096196,0
ACCT_182761,0.00020515552524968985,0
ACCT_182765,0.00258435007942613,0
ACCT_182774,0.00010662297518251812,0
ACCT_182788,0.3667470458790177,0
ACCT_182794,0.00039600021505694554,0
ACCT_182813,5.281634155074186e-05,0
ACCT_182834,0.0053583600701137026,0
ACCT_182839,5.86366998214525e-05,0
ACCT_182864,0.019088077182249565,0
ACCT_182868,0.00016178557607547165,0
ACCT_182876,0.0029964170525732027,0
ACCT_182881,0.0026891631907611318,0
ACCT_182884,2.962414520077235e-05,0
ACCT_182887,0.0008328926744873651,0
ACCT_182896,0.00025075371593356546,0
ACCT_182903,8.040312955799303e-05,0
ACCT_182904,0.052131489299155044,0
ACCT_182917,0.0019594895917494142,0
ACCT_182919,0.00016610098854052185,0
ACCT_182931,0.0009973655547529498,0
ACCT_182941,0.0015647562961062097,0
ACCT_182951,0.0029642336753155476,0
ACCT_182953,0.00015126455209755842,0
ACCT_182957,0.0015271204154436505,0
ACCT_182971,0.002418983485188851,0
ACCT_182974,0.0023072914427920295,0
ACCT_182983,0.0026135794338308037,0
ACCT_182985,0.00019381784752003968,0
ACCT_182994,0.9527302011381826,1
ACCT_183027,0.002884795115662515,0
ACCT_183040,0.0012125338553794563,0
ACCT_183042,0.1397658191430088,0
ACCT_183052,0.001181369951259272,0
ACCT_183063,0.0006625895278556045,0
ACCT_183086,0.0005265006400652367,0
ACCT_183090,0.0016056910401488621,0
ACCT_183095,0.0013386848835979601,0
ACCT_183098,0.006346363286063222,0
ACCT_183104,0.0023743440516978617,0
ACCT_183113,0.0020312385695750237,0
ACCT_183114,0.0004373919429969536,0
ACCT_183117,0.00017353170602147486,0
ACCT_183119,0.015273428418812032,0
ACCT_183124,0.002993348771309324,0
ACCT_183126,0.00013745802447000973,0
ACCT_183130,3.385312157953693e-05,0
ACCT_183133,0.0019429786624720702,0
ACCT_183150,0.0009554782720907325,0
ACCT_183155,0.0005913557922845882,0
ACCT_183161,0.00453456038146946,0
ACCT_183162,0.0026622190594372845,0
ACCT_183168,0.0003268329467683353,0
ACCT_183180,0.007821442131459145,0
ACCT_183185,0.0330074396840746,0
ACCT_183192,0.0002363917378463489,0
ACCT_183193,0.0004865419328705223,0
ACCT_183213,0.0007430137221358177,0
ACCT_183230,0.0006520413715488954,0
ACCT_183235,0.00026180678258579777,0
ACCT_183238,0.0005103679324786397,0
ACCT_183264,0.0012784615041931424,0
ACCT_183267,0.0010365883862577788,0
ACCT_183296,0.0002482421495499447,0
ACCT_183309,0.020128975752127957,0
ACCT_183334,0.0031170568612247165,0
ACCT_183346,0.001090085084225594,0
ACCT_183355,0.007868018944773649,0
ACCT_183367,4.8977057634718763e-05,0
ACCT_183371,0.0007565074050717925,0
ACCT_183399,0.8019472585556782,0
ACCT_183417,0.0004480969343341011,0
ACCT_183421,0.00046209103219568755,0
ACCT_183422,0.004972562523404775,0
ACCT_183433,0.0007737574362369765,0
ACCT_183434,6.0196375872823044e-05,0
ACCT_183441,0.0011785320221917523,0
ACCT_183446,3.661898870470241e-05,0
ACCT_183448,0.00015158569882066345,0
ACCT_183451,0.0014426953236499316,0
ACCT_183460,0.00028320139735901946,0
ACCT_183465,0.00027672203835236666,0
ACCT_183466,0.00043508974944226383,0
ACCT_183467,6.205898093968872e-05,0
ACCT_183472,0.8956997166066971,0
ACCT_183483,0.0004820375044908694,0
ACCT_183493,0.00014781867400244793,0
ACCT_183504,0.004146286813680366,0
ACCT_183512,0.00091380058949333,0
ACCT_183519,0.0018935789232818786,0
ACCT_183522,2.4293997228898233e-05,0
ACCT_183529,0.0010699320794522584,0
ACCT_183532,0.0007045079024395338,0
ACCT_183543,0.0033478103611287824,0
ACCT_183544,0.00027275191459636794,0
ACCT_183556,0.00020587703555955506,0
ACCT_183589,0.003867052984536931,0
ACCT_183601,7.612762057276686e-05,0
ACCT_183609,0.004658216602557867,0
ACCT_183622,0.0004761235727941696,0
ACCT_183639,6.666521695539145e-05,0
ACCT_183641,0.0003485841627671837,0
ACCT_183649,0.006337494574663058,0
ACCT_183653,0.012073183596466253,0
ACCT_183655,0.004792734851256714,0
ACCT_183656,0.00013286070926363345,0
ACCT_183663,0.0006774287650808199,0
ACCT_183673,1.1138750912912023e-05,0
ACCT_183685,0.00023584159260046076,0
ACCT_183695,0.125275270839275,0
ACCT_183698,0.010712642443349966,0
ACCT_183702,0.00011721922485836171,0
ACCT_183716,0.0005035899471802814,0
ACCT_183718,0.00015640328969954476,0
ACCT_183726,6.23286168505748e-05,0
ACCT_183730,0.0005571550511775617,0
ACCT_183743,7.548228074029076e-05,0
ACCT_183750,0.00048249187494065035,0
ACCT_183763,0.3269421386413087,1
ACCT_183767,2.042602295023103e-05,0
ACCT_183776,0.0015865129630499041,0
ACCT_183778,0.007754905544113989,0
ACCT_183795,0.004505277663682373,0
ACCT_183798,0.0057944198615244615,0
ACCT_183802,0.0034374872596398694,0
ACCT_183810,0.0002508712784110067,0
ACCT_183817,8.917811569824315e-05,0
ACCT_183822,0.0020812582062780405,0
ACCT_183844,0.009948900104575735,0
ACCT_183845,0.002932639732440219,0
ACCT_183846,0.022751898742322512,0
ACCT_183850,0.0006255321746636256,0
ACCT_183855,4.984036619242968e-05,0
ACCT_183862,0.002290397698196917,0
ACCT_183868,0.0001720679532048785,0
ACCT_183869,0.0026682381475332272,0
ACCT_183872,0.0003910595901504063,0
ACCT_183879,0.0011633886627923091,0
ACCT_183891,0.015281148852051951,0
ACCT_183892,0.0030892963683878537,0
ACCT_183904,1.2310659028538246e-05,0
ACCT_183911,0.00042660564168623484,0
ACCT_183916,0.00021667154567540646,0
ACCT_183919,0.00012290406518477662,0
ACCT_183921,0.0019841366968741006,0
ACCT_183922,0.0003689713689255794,0
ACCT_183930,7.933027091806229e-05,0
ACCT_183934,0.015737599780365475,0
ACCT_183938,0.00014108690509193197,0
ACCT_183942,0.0009582711601598377,0
ACCT_183947,0.006787324165553227,0
ACCT_183949,0.009588139609516507,0
ACCT_183962,0.0013494543724781901,0
ACCT_183967,5.382176173248222e-05,0
ACCT_183991,4.6420875419548564e-05,0
ACCT_183999,0.026102970846097102,0
ACCT_184001,0.002182265422841855,0
ACCT_184015,0.0003083902286287848,0
ACCT_184017,0.0020218325082928105,0
ACCT_184022,2.953975302420106e-05,0
ACCT_184028,0.003344571005949686,0
ACCT_184029,0.0035818027526108437,0
ACCT_184033,0.0061156338767080765,0
ACCT_184047,0.0010479382437685503,0
ACCT_184051,0.0008434441899353777,0
ACCT_184057,0.00130366976611585,0
ACCT_184064,6.637167657097094e-05,0
ACCT_184069,0.8495409905526279,0
ACCT_184071,0.00018974128449646162,0
ACCT_184082,0.0005571857401119635,0
ACCT_184087,3.869735182378398e-05,0
ACCT_184102,0.17284690413738985,0
ACCT_184146,0.001015846257823314,0
ACCT_184153,0.013166990017194426,0
ACCT_184156,9.731597954817128e-05,0
ACCT_184171,0.030642259590291238,0
ACCT_184181,0.00580759902502017,0
ACCT_184185,0.00027927561679756246,0
ACCT_184195,0.0037487108593131147,0
ACCT_184203,0.030215703152954392,0
ACCT_184205,0.0016306949075109752,0
ACCT_184219,0.017342931666945824,0
ACCT_184228,0.001336453201809959,0
ACCT_184242,0.00037768221483060064,0
ACCT_184251,6.426600870840464e-05,0
ACCT_184262,1.5009930410457247e-05,0
ACCT_184276,0.0063956699137617205,0
ACCT_184291,0.002236715286399774,0
ACCT_184293,0.00030327488548214884,0
ACCT_184296,0.004138994083183968,0
ACCT_184297,7.955952905471317e-05,0
ACCT_184304,3.501979410621618e-05,0
ACCT_184306,0.007948393007505942,0
ACCT_184310,0.003355817657638434,0
ACCT_184312,1.8256285146886473e-05,0
ACCT_184329,0.03620407961444948,0
ACCT_184340,0.0023062159035878702,0
ACCT_184350,0.0010077952441519282,0
ACCT_184355,0.002795645983963404,0
ACCT_184367,0.010283543040747823,0
ACCT_184386,0.0004008868879014502,0
ACCT_184396,0.00019635030752880188,0
ACCT_184410,0.008743403370693265,0
ACCT_184422,0.06011985452028011,0
ACCT_184431,0.0001401721522577869,0
ACCT_184448,0.007637549592768898,0
ACCT_184449,0.00041883385272465263,0
ACCT_184452,0.00011184428128997666,0
ACCT_184455,0.015015691491777805,0
ACCT_184464,0.00028880827129553675,0
ACCT_184472,0.8117071858628371,1
ACCT_184476,0.0018611456975435269,0
ACCT_184501,0.0005109586446550541,0
ACCT_184502,0.0008028963823833379,0
ACCT_184510,0.0015132521163647638,0
ACCT_184518,0.012322848560644226,0
ACCT_184520,0.0010763743898380047,0
ACCT_184524,0.014438926828509792,0
ACCT_184534,6.393927860698193e-05,0
ACCT_184535,0.0007707321350448023,0
ACCT_184540,9.026357820653842e-05,0
ACCT_184542,0.0019043210649323896,1
ACCT_184547,0.0031083761155283494,0
ACCT_184576,0.00032884709543459605,0
ACCT_184577,0.16430149381720194,0
ACCT_184580,0.00187442356710924,0
ACCT_184581,0.00034624711926525923,0
ACCT_184588,0.003209885924665173,0
ACCT_184590,0.0040203675120674175,0
ACCT_184633,0.0001143457555092252,0
ACCT_184658,0.000615526561533034,0
ACCT_184665,0.0006551906237647719,0
ACCT_184669,0.0025285526100414287,0
ACCT_184671,0.019601536796017126,0
ACCT_184680,2.8464253396443477e-05,0
ACCT_184682,0.0006101377116469707,0
ACCT_184686,0.024231533152650638,0
ACCT_184720,0.0007645584923533986,0
ACCT_184725,0.05004792440067192,0
ACCT_184727,0.0007378372949313403,0
ACCT_184728,1.104628085722747e-05,0
ACCT_184729,0.0002148645304160087,0
ACCT_184730,0.05783052159673313,0
ACCT_184741,0.00013198506824452878,0
ACCT_184743,0.0011039842521297929,0
ACCT_184746,0.008136856560195973,0
ACCT_184753,0.001147868409242304,0
ACCT_184759,0.0010897795308213228,0
ACCT_184761,0.0014807120495965939,0
ACCT_184779,2.1076162902495532e-05,0
ACCT_184786,0.0007129691572160164,0
ACCT_184794,0.0005955710717513923,0
ACCT_184814,0.006819223817325743,0
ACCT_184833,0.00027427172192936994,0
ACCT_184860,0.008813602638563655,0
ACCT_184862,0.0018206227253135178,0
ACCT_184863,0.00042002756005556205,0
ACCT_184874,0.0018171908935985246,0
ACCT_184886,0.00034067329782240475,0
ACCT_184891,0.0004649873319888765,0
ACCT_184911,0.0002142159928595091,0
ACCT_184918,0.02861813274148032,0
ACCT_184924,0.008842771957558209,0
ACCT_184929,0.00012841680469653026,0
ACCT_184930,0.010893021458392167,0
ACCT_184935,0.0002826589463864825,0
ACCT_184946,0.0004440851067811565,0
ACCT_184953,0.0203273097839586,0
ACCT_184970,0.0006591536156926144,0
ACCT_184983,1.1128031674600208e-05,0
ACCT_184984,0.8788485846413241,1
ACCT_185007,0.0001269243001770963,0
ACCT_185012,0.020721099864407504,0
ACCT_185015,0.0004889125746103286,0
ACCT_185025,0.003962877686040592,0
ACCT_185040,0.002523912122856316,0
ACCT_185058,0.0001554654762786138,0
ACCT_185064,0.00026476956275758677,0
ACCT_185067,0.028916521237292398,0
ACCT_185071,9.607438160592805e-05,0
ACCT_185078,0.0037273734911371877,0
ACCT_185084,0.0004447821244587775,0
ACCT_185086,0.013508516725726442,0
ACCT_185092,0.027165006042869106,0
ACCT_185093,0.0005663007724240764,0
ACCT_185106,0.0006026459176183911,0
ACCT_185110,0.005045392088326224,0
ACCT_185119,6.574312887171703e-05,0
ACCT_185121,0.016519061090465588,0
ACCT_185123,1.5193480765939488e-05,0
ACCT_185124,0.0020129146707877714,0
ACCT_185130,0.0006151568232592946,0
ACCT_185152,0.001692407272875507,0
ACCT_185156,0.0007921116857345093,0
ACCT_185168,0.0008376639912474134,0
ACCT_185173,0.0015258215864283706,0
ACCT_185176,0.0010803053102199718,0
ACCT_185180,0.001491142048861644,0
ACCT_185202,0.00429881736042083,0
ACCT_185208,0.0013634819761505278,0
ACCT_185210,0.0004875775104061908,0
ACCT_185221,0.008211867862973662,0
ACCT_185229,0.00040562827822276026,0
ACCT_185231,0.09570165615028199,0
ACCT_185243,0.0004967918435664692,0
ACCT_185246,0.00024293520761356193,0
ACCT_185258,0.0025395530046400383,0
ACCT_185262,0.0010244480501970996,0
ACCT_185273,0.0012534212694367832,0
ACCT_185288,0.04808711598608924,0
ACCT_185290,0.0008808453033667416,0
ACCT_185292,0.00033736056361262026,0
ACCT_185306,5.481500651726424e-05,0
ACCT_185310,0.0011030307690681317,0
ACCT_185325,0.015328943220262113,0
ACCT_185332,0.2404151643089481,0
ACCT_185341,7.815804863982588e-05,0
ACCT_185345,0.006781172853216155,0
ACCT_185356,0.017577214776225467,0
ACCT_185358,0.00010693666425329842,0
ACCT_185367,0.00012281538399386117,0
ACCT_185373,0.00013467877995263294,0
ACCT_185378,0.000864248262875319,0
ACCT_185393,0.2753444201052616,0
ACCT_185395,0.0007385731334138058,0
ACCT_185413,0.0008086022108902398,0
ACCT_185422,0.00538110845749436,0
ACCT_185424,0.8520835809833117,0
ACCT_185432,0.003337525809037303,0
ACCT_185457,0.0009431460463989931,0
ACCT_185469,0.006040438218211252,0
ACCT_185476,0.00021038509304631094,0
ACCT_185479,0.0006724418546148933,0
ACCT_185491,0.006366577933676484,0
ACCT_185497,0.0031584012235823687,0
ACCT_185529,0.002188765660097287,0
ACCT_185539,0.0007393858327292979,0
ACCT_185554,0.012435725857996684,0
ACCT_185568,0.0011402029514845078,0
ACCT_185573,0.0007723285259240569,0
ACCT_185575,0.0003290171053309564,0
ACCT_185580,0.0012741910169618113,0
ACCT_185606,0.00021533454199694572,0
ACCT_185607,0.00018138700803192447,0
ACCT_185608,6.939673510877469e-05,0
ACCT_185659,8.959571820907924e-05,0
ACCT_185665,0.00042797415444975455,0
ACCT_185667,0.0013869862836992824,0
ACCT_185671,0.44838917499038494,0
ACCT_185681,7.221063740737345e-05,0
ACCT_185692,0.0032984044722297557,0
ACCT_185695,0.000297269109184189,0
ACCT_185699,0.6996132037839992,1
ACCT_185709,0.0008299897998866206,0
ACCT_185732,0.001410543356052868,0
ACCT_185736,0.15023291176196008,0
ACCT_185738,0.001533434687881435,0
ACCT_185742,0.006602141848925628,0
ACCT_185751,0.003207059034748397,0
ACCT_185764,4.3355497782094204e-05,0
ACCT_185784,0.0008681388164285816,0
ACCT_185785,0.02672514647744804,0
ACCT_185786,0.00028749746303010834,0
ACCT_185787,0.00047091670879721373,0
ACCT_185808,0.0004037080451190848,0
ACCT_185833,0.00022372327839438217,0
ACCT_185835,0.0007977699274116942,0
ACCT_185858,0.2801698992197043,0
ACCT_185866,0.00011301044568261277,0
ACCT_185882,0.2269315835029446,0
ACCT_185890,0.0009960165393922173,0
ACCT_185896,0.001241580261465458,0
ACCT_185909,0.0012505227049602055,0
ACCT_185911,0.00042621604499704557,0
ACCT_185925,0.004144562419221304,0
ACCT_185938,0.002887616621799635,0
ACCT_185942,6.169573388433558e-05,0
ACCT_185951,6.462833536801308e-05,0
ACCT_185958,0.00012852900248896384,0
ACCT_185959,9.856706261306135e-05,0
ACCT_185976,0.10537612415181602,0
ACCT_185988,0.00160007891455203,0
ACCT_185989,0.00013467086658797958,0
ACCT_185990,0.050255514173784016,0
ACCT_185998,0.00042262922084727167,0
ACCT_186004,5.938682592652174e-05,0
ACCT_186006,0.00021801279443570275,0
ACCT_186017,0.0004005982226804095,0
ACCT_186019,7.281301520076637e-05,0
ACCT_186034,0.0017863169782872405,0
ACCT_186036,4.104273507573007e-05,0
ACCT_186067,4.6738746637255466e-05,0
ACCT_186083,0.024555905014000703,0
ACCT_186093,0.0001152716719218211,0
ACCT_186106,0.00043497086600947563,0
ACCT_186118,0.00023004125048748755,0
ACCT_186125,0.00451140446014413,0
ACCT_186140,0.0005205991555788911,0
ACCT_186141,0.0005282855664671573,0
ACCT_186159,0.00033692740672027367,0
ACCT_186163,0.029157212127986738,0
ACCT_186168,0.00012449219656848458,0
ACCT_186169,0.0002161622692530313,0
ACCT_186175,0.0002503957130669016,0
ACCT_186176,0.00024505917658785014,0
ACCT_186180,0.17129930352589356,0
ACCT_186196,9.698732225018034e-05,0
ACCT_186204,0.0033459872658880277,0
ACCT_186205,5.600030221081064e-05,0
ACCT_186215,0.0006854255028190556,0
ACCT_186220,0.0005751732124416223,0
ACCT_186222,0.029985561191121925,0
ACCT_186228,0.21791059360997853,0
ACCT_186242,0.00038745595537148714,0
ACCT_186257,0.00012155346468242639,0
ACCT_186292,0.00012292234532179246,0
ACCT_186294,0.00038391486587475006,0
ACCT_186298,0.00015040453618959037,0
ACCT_186305,0.0016049548320939304,0
ACCT_186309,0.0010907772638953826,0
ACCT_186333,4.515000343525854e-05,0
ACCT_186343,0.00023286125943155957,0
ACCT_186344,0.00011535386816037995,0
ACCT_186360,0.012089220680926223,0
ACCT_186363,0.0011770425699559677,0
ACCT_186367,0.04967933598219761,0
ACCT_186374,0.0005823028522692654,0
ACCT_186376,0.0009255321717897047,0
ACCT_186385,0.010295430648915666,0
ACCT_186405,5.033870429048743e-05,0
ACCT_186413,0.0004810564906419892,0
ACCT_186415,0.00028510713739292396,0
ACCT_186418,0.00010109098802584152,0
ACCT_186425,0.14519995826725188,0
ACCT_186428,0.00018086619291424877,0
ACCT_186434,0.028908591476003262,0
ACCT_186439,0.00031421888508277514,0
ACCT_186462,0.0007561864793465662,0
ACCT_186463,0.09387736436771542,0
ACCT_186467,0.00017216258698040177,0
ACCT_186473,0.0008681274348469212,0
ACCT_186493,0.00028058342046085363,0
ACCT_186510,0.0004575609438292111,0
ACCT_186522,0.0003090433216522591,0
ACCT_186534,0.0021930089455381185,0
ACCT_186548,0.0010514747777981817,0
ACCT_186549,0.0001303043756730029,0
ACCT_186553,4.4845736717715284e-05,0
ACCT_186556,0.0006600342407878377,0
ACCT_186559,0.000926669457213708,0
ACCT_186566,0.000264524263758615,0
ACCT_186571,0.00010378097427111073,0
ACCT_186575,0.00014658840314187217,0
ACCT_186580,0.06347678285206848,0
ACCT_186584,7.348691087943895e-05,0
ACCT_186589,0.00010691281233823472,0
ACCT_186600,0.012942387424135931,0
ACCT_186605,0.00019024729221064313,0
ACCT_186622,0.022349732695958784,0
ACCT_186623,0.005217747659551073,0
ACCT_186625,8.408858418879143e-05,0
ACCT_186628,0.0005014932334807925,0
ACCT_186631,0.006285386629745463,0
ACCT_186638,0.0005356124932753203,0
ACCT_186675,0.001003632780187085,0
ACCT_186678,0.0013590472999674623,0
ACCT_186689,0.00032727146366805086,0
ACCT_186697,0.0002556279218982071,0
ACCT_186698,0.01225228153163842,0
ACCT_186702,0.19128364020008065,0
ACCT_186705,0.012220324348762518,0
ACCT_186706,0.01961060563064525,0
ACCT_186707,0.03698952573999916,0
ACCT_186713,0.0002494693257588437,0
ACCT_186714,0.0004701955072612526,0
ACCT_186718,0.00014979429840276154,0
ACCT_186721,0.00014346053070855096,0
ACCT_186745,0.0007309050465836856,0
ACCT_186751,0.015824012549506983,0
ACCT_186763,0.0005973003885516536,0
ACCT_186765,0.001514473560073444,0
ACCT_186771,7.48861442233789e-05,0
ACCT_186773,0.028829614149328567,0
ACCT_186787,0.0002266648345337895,0
ACCT_186790,0.008198660713225111,0
ACCT_186798,0.015437131395194308,0
ACCT_186806,0.007000561710000496,0
ACCT_186827,0.0009479382648557807,0
ACCT_186832,0.00022339701526613898,0
ACCT_186851,0.002032100540425397,0
ACCT_186857,0.028821350298837443,0
ACCT_186859,3.513418841708469e-05,0
ACCT_186861,0.0005559400110115375,0
ACCT_186870,0.0017254790966682596,0
ACCT_186875,0.00035715320649839355,0
ACCT_186882,2.2934436738480156e-05,0
ACCT_186884,0.0008128982707357711,0
ACCT_186911,0.046980602922282566,0
ACCT_186912,0.005924028651571342,0
ACCT_186932,0.003824694634102008,0
ACCT_186967,0.002665107755543371,0
ACCT_186972,0.007329899781702951,0
ACCT_186976,0.085836170694221,0
ACCT_186995,0.593132700192338,0
ACCT_187000,0.00015956637570915135,0
ACCT_187005,1.2652173343607142e-05,0
ACCT_187008,0.0028321861016369528,0
ACCT_187009,0.0003315474228419804,0
ACCT_187014,0.00143827290748532,0
ACCT_187032,0.00010627228463634477,0
ACCT_187045,0.001244719766983493,0
ACCT_187055,0.000335618207273786,0
ACCT_187071,0.000318525316846671,0
ACCT_187077,0.0010290292472831546,0
ACCT_187079,0.025867579267081497,0
ACCT_187097,3.8491908799979046e-05,0
ACCT_187101,0.0017465129832353416,0
ACCT_187115,0.0058177960237453495,0
ACCT_187116,0.014479805505340731,0
ACCT_187120,0.0003958310593182065,0
ACCT_187137,0.48184609663769273,0
ACCT_187140,0.028171916844754383,0
ACCT_187144,0.0002855779382372017,0
ACCT_187148,0.0005970775467723811,0
ACCT_187164,0.003750839608678386,0
ACCT_187166,0.00027438581344134015,0
ACCT_187167,0.015220233404933321,0
ACCT_187205,0.000694706807836151,0
ACCT_187213,0.000309286109670021,0
ACCT_187217,0.001327943836455636,0
ACCT_187243,0.0001247523203640246,0
ACCT_187271,5.482336690757552e-05,0
ACCT_187290,0.0001932566294574629,0
ACCT_187292,6.46326642534494e-05,0
ACCT_187297,0.8823962196756766,1
ACCT_187298,0.0003767540548098747,0
ACCT_187311,0.00040979785685630086,0
ACCT_187320,0.001248004946097582,0
ACCT_187329,0.00014790817009658635,0
ACCT_187340,4.675379237305755e-05,0
ACCT_187368,0.005924353322497215,0
ACCT_187378,0.00032989749618888095,0
ACCT_187387,0.0022169707088536585,0
ACCT_187399,2.8281355264207276e-05,0
ACCT_187405,3.259679310238811e-05,0
ACCT_187410,0.00031112412372371695,0
ACCT_187430,0.00013123848299974737,0
ACCT_187437,0.005865264016015536,0
ACCT_187439,0.019566868896325078,0
ACCT_187443,0.00011471303474694867,0
ACCT_187453,0.01982663974439466,0
ACCT_187459,0.0009409718377163367,0
ACCT_187472,0.0011885139301963,0
ACCT_187476,0.002202882256433499,0
ACCT_187480,0.00011341285849267448,0
ACCT_187493,0.006883989572949659,0
ACCT_187504,0.0011425755518514585,0
ACCT_187513,4.095248404735763e-05,0
ACCT_187525,0.0025195093224193456,0
ACCT_187539,0.03351387681813884,0
ACCT_187542,0.04757975270710591,0
ACCT_187570,0.00012467318576886064,0
ACCT_187583,8.38782545300993e-05,0
ACCT_187616,0.003613735898809579,0
ACCT_187627,6.848873370525867e-05,0
ACCT_187630,0.003488607925137221,0
ACCT_187636,0.001028560527323564,0
ACCT_187637,0.054380486433338565,0
ACCT_187654,0.00019827625123808171,0
ACCT_187671,7.199586365634027e-05,0
ACCT_187673,0.008059727984775068,0
ACCT_187683,0.027113795671744177,0
ACCT_187685,0.0010603626211205185,0
ACCT_187699,0.00044788571313487453,0
ACCT_187701,0.0068893776354633845,0
ACCT_187733,0.0007315916407660548,0
ACCT_187738,0.00048728302132411384,0
ACCT_187744,0.9612434765093703,0
ACCT_187760,0.008648436415836009,0
ACCT_187772,0.0015305911108899784,0
ACCT_187783,0.0061918235660726306,0
ACCT_187796,0.0004922570542834668,0
ACCT_187803,0.048312910665918404,0
ACCT_187809,3.792906780700285e-05,0
ACCT_187825,0.0006469319869715985,0
ACCT_187835,0.0002661730242023893,0
ACCT_187847,0.0009554891420454751,0
ACCT_187859,0.00038287963614658574,0
ACCT_187861,0.006529983315197179,0
ACCT_187868,0.000858352347662359,0
ACCT_187888,0.006278013194848389,0
ACCT_187892,9.104212730755251e-05,0
ACCT_187902,0.0023297249479303827,0
ACCT_187906,0.0012930768306680742,0
ACCT_187908,0.0010935914674380116,0
ACCT_187909,0.0010043332155554117,0
ACCT_187911,0.0016136271010881139,0
ACCT_187914,0.019913175668061604,0
ACCT_187918,0.006905346609746886,1
ACCT_187919,0.013958743403190726,0
ACCT_187949,0.0005040601869592536,0
ACCT_187950,6.871782677983668e-05,0
ACCT_187956,4.680969133748542e-05,0
ACCT_187959,0.003431172224022855,0
ACCT_187961,9.329087781458855e-05,0
ACCT_187964,0.00122660084280941,0
ACCT_187965,0.005181272776818572,0
ACCT_187974,0.0002718170893328251,0
ACCT_187990,0.0006453572819708475,0
ACCT_187998,0.013923016550630841,0
ACCT_188009,0.002736043660374348,0
ACCT_188010,0.001777594500048517,0
ACCT_188029,0.0011560337867330115,0
ACCT_188045,0.0026478517165849083,0
ACCT_188048,0.00010191536310802809,0
ACCT_188051,0.0018374558428392652,0
ACCT_188062,0.0016738341796573122,0
ACCT_188068,0.003920761954592237,0
ACCT_188087,0.002039173557701832,0
ACCT_188097,0.004923476868557978,0
ACCT_188111,0.0002187837061941705,0
ACCT_188120,0.00029168592843266703,0
ACCT_188128,6.503079376929414e-05,0
ACCT_188129,0.0003063634528133675,0
ACCT_188136,0.00039072663172799293,0
ACCT_188143,0.003031127773124132,0
ACCT_188154,3.6022103807780726e-05,0
ACCT_188158,0.008428300538077789,0
ACCT_188181,0.03435345548030872,0
ACCT_188187,0.00012514302386032035,0
ACCT_188193,0.0008942665602313713,0
ACCT_188194,0.0005081220148124044,0
ACCT_188229,0.005734384073783916,0
ACCT_188253,0.001693281777408681,0
ACCT_188260,0.01886654691123781,0
ACCT_188267,0.00010082115975987833,0
ACCT_188276,4.8588161296219094e-05,0
ACCT_188287,0.010702795324055558,0
ACCT_188291,0.004125998795550368,0
ACCT_188295,0.0015569398243778622,0
ACCT_188301,0.0002068180323463395,0
ACCT_188302,0.026159294654506247,0
ACCT_188306,0.0008717409103757914,0
ACCT_188312,0.0018284215064306058,0
ACCT_188316,0.0004639055667925317,0
ACCT_188318,0.0012624549956972916,0
ACCT_188319,0.000573290312507426,0
ACCT_188330,0.0025165070360933534,0
ACCT_188344,0.0006573699977467024,0
ACCT_188352,0.8855451108030824,1
ACCT_188353,0.00019321661375682706,0
ACCT_188358,0.0010226950124259922,0
ACCT_188360,0.0009595748225117252,0
ACCT_188366,7.538499070004469e-05,0
ACCT_188367,3.9250716832600235e-05,0
ACCT_188369,8.975531343259577e-05,0
ACCT_188400,0.0027049976774718228,0
ACCT_188402,0.009551811991428816,0
ACCT_188411,0.0006734996901081124,0
ACCT_188423,0.012011546628181609,0
ACCT_188438,0.005184493561902879,0
ACCT_188445,0.0013377987686992241,0
ACCT_188446,0.02584413916513163,0
ACCT_188462,0.00027296391015249556,0
ACCT_188491,0.0009012376828544322,0
ACCT_188498,0.046478320631842894,0
ACCT_188512,0.05527947097855415,1
ACCT_188513,7.59775935446339e-05,0
ACCT_188547,0.8134161857329837,0
ACCT_188552,0.0021944263121698795,0
ACCT_188605,0.003748742585497666,0
ACCT_188612,0.00020654923084701893,0
ACCT_188624,6.187138715993315e-05,0
ACCT_188636,0.018877542373029747,0
ACCT_188645,0.0008806728894188194,0
ACCT_188652,0.0017546041429938575,0
ACCT_188661,0.002431812893630771,0
ACCT_188662,0.0008651366637960123,0
ACCT_188663,6.930296504624174e-05,0
ACCT_188664,0.054807029291193854,0
ACCT_188674,0.0004643278570124801,0
ACCT_188684,9.394307291018914e-05,0
ACCT_188708,0.00011514383614565395,0
ACCT_188711,0.00027902203438400056,0
ACCT_188713,0.000334897452069242,0
ACCT_188724,0.0032833985521648176,0
ACCT_188734,0.0004809327803356445,0
ACCT_188736,3.507304661843881e-05,0
ACCT_188739,0.005534545355681271,0
ACCT_188759,0.3244511732603083,0
ACCT_188765,0.001184265668323998,0
ACCT_188769,0.00035936191344112313,0
ACCT_188779,0.00023855982389706844,0
ACCT_188780,0.14975267322246397,0
ACCT_188781,0.00021845485017582674,0
ACCT_188787,0.0038512084196827058,0
ACCT_188793,4.4722986726694225e-05,0
ACCT_188822,0.008893139328576749,0
ACCT_188831,4.906220183132471e-05,0
ACCT_188836,0.0006981584630159811,0
ACCT_188878,0.04860892353358115,0
ACCT_188879,0.00444858685498868,0
ACCT_188901,0.0007461096799113324,0
ACCT_188912,0.00010732114478863944,0
ACCT_188913,0.9615483605531361,0
ACCT_188924,0.0035790965595594,0
ACCT_188948,0.00018066277773397122,0
ACCT_188955,0.0012622483572382016,0
ACCT_188961,0.0032180312523105866,0
ACCT_188962,0.009091705937195707,0
ACCT_188994,0.1996250724968811,0
ACCT_189026,0.002948764286774829,0
ACCT_189044,0.0001938769330792919,0
ACCT_189047,0.01017417117827831,0
ACCT_189057,0.005466813004922128,0
ACCT_189058,0.0006392667714163271,0
ACCT_189066,0.0023897489781275817,0
ACCT_189067,0.0007910512389201385,0
ACCT_189075,0.0005610697882931026,0
ACCT_189078,0.005178219884000474,0
ACCT_189081,0.0004271097050228397,0
ACCT_189088,0.0011589642870774176,0
ACCT_189097,0.0021973353393068924,0
ACCT_189122,0.006462836785108544,0
ACCT_189132,0.007413851672806346,0
ACCT_189136,0.0002227919947503492,0
ACCT_189150,0.0010414194568788158,0
ACCT_189161,0.0009191865033758554,0
ACCT_189164,0.0002692103530348783,0
ACCT_189166,0.00040776014223562043,0
ACCT_189168,0.03357310586292662,0
ACCT_189170,0.0006568580304664367,0
ACCT_189172,0.0001582293487130234,0
ACCT_189176,0.0009384009793150367,0
ACCT_189183,0.0022452181891604176,0
ACCT_189189,0.0003913400713734245,0
ACCT_189193,0.040611502711490596,0
ACCT_189194,0.0033953826789910146,0
ACCT_189212,0.010640506534724209,0
ACCT_189215,6.490785417594697e-05,0
ACCT_189219,0.004074786935558252,0
ACCT_189229,0.0005278315228138261,0
ACCT_189230,0.002155941283281291,0
ACCT_189239,0.003394632192002526,0
ACCT_189240,0.008493299222235545,0
ACCT_189264,0.0013667654945664451,0
ACCT_189273,0.0006521763503398003,0
ACCT_189289,0.00019411414359215217,0
ACCT_189303,0.015308456224195471,0
ACCT_189304,0.00019552188186895445,0
ACCT_189308,0.0004125949315956436,0
ACCT_189313,0.0005538549473718265,0
ACCT_189314,0.011117349346247756,0
ACCT_189334,0.025501829049484958,0
ACCT_189337,0.0034571338700663313,0
ACCT_189363,0.006719715376174946,0
ACCT_189365,0.006086622735544943,0
ACCT_189366,5.474170492759782e-06,0
ACCT_189368,0.0034488087654548807,0
ACCT_189370,0.013880893382112743,0
ACCT_189381,0.00137089022232084,0
ACCT_189389,0.0003403305483421256,0
ACCT_189391,0.06028529731678554,0
ACCT_189402,7.070202800633454e-05,0
ACCT_189408,0.0018766510614484197,0
ACCT_189423,0.0006702070167213958,0
ACCT_189426,0.00016322632135332436,0
ACCT_189438,0.004606656460807979,0
ACCT_189447,0.3298330279628441,0
ACCT_189455,3.013813808416779e-05,0
ACCT_189463,4.739226748869501e-05,0
ACCT_189485,3.87391068529418e-05,0
ACCT_189503,0.003263519846057834,0
ACCT_189509,0.00045303039321007734,0
ACCT_189511,0.029140755542735243,0
ACCT_189513,0.00024072581980087916,0
ACCT_189514,0.013378962440084905,0
ACCT_189517,0.000160378089548756,0
ACCT_189524,0.0004059547768468348,0
ACCT_189528,0.0008366383158624071,0
ACCT_189531,5.074695853250773e-05,0
ACCT_189539,0.007587622765319712,0
ACCT_189542,6.022750920151004e-05,0
ACCT_189562,0.013559649834381432,0
ACCT_189563,0.0001210572191168731,0
ACCT_189578,0.002651260133402679,0
ACCT_189592,0.0314620308510556,0
ACCT_189614,7.688717307500841e-05,0
ACCT_189618,0.0004741094396616271,0
ACCT_189629,0.000545320041194363,0
ACCT_189643,0.008504025757886141,0
ACCT_189646,6.656326000624327e-05,0
ACCT_189658,0.0014761539570839572,0
ACCT_189678,0.04750624866979046,0
ACCT_189685,0.000408483339936422,0
ACCT_189686,1.7682275232840572e-05,0
ACCT_189687,0.00016227300679567388,0
ACCT_189714,0.012760435079924429,0
ACCT_189722,0.0003241431077723281,0
ACCT_189729,0.00048079694392961955,0
ACCT_189731,0.0003340685296688402,0
ACCT_189733,0.024928906747914058,0
ACCT_189747,0.013416713682384588,0
ACCT_189757,0.002651408945336978,0
ACCT_189779,0.6396174358325438,0
ACCT_189797,0.01533350033974213,0
ACCT_189816,0.0024698987188726726,0
ACCT_189828,0.01633695319923327,0
ACCT_189829,5.7438637867447584e-05,0
ACCT_189830,0.013171846313086074,0
ACCT_189832,4.0243087177903745e-05,0
ACCT_189844,0.11166754231165396,0
ACCT_189866,0.017872308784619394,0
ACCT_189869,0.0002497661494713914,0
ACCT_189890,0.000610639799729533,0
ACCT_189892,0.00036263844903755533,0
ACCT_189893,0.000626275412120378,0
ACCT_189900,0.003497424194410121,0
ACCT_189901,0.00019285863924342473,0
ACCT_189904,0.0022692325871237853,0
ACCT_189920,0.00020115548425338648,0
ACCT_189923,0.006126236111036276,0
ACCT_189928,0.0005304419263997642,0
ACCT_189930,0.00018349269108232851,0
ACCT_189942,0.00035601342321334,0
ACCT_189945,0.0009946628766268149,0
ACCT_189950,0.1483640044447215,0
ACCT_189964,4.489278242642079e-05,0
ACCT_189965,6.959582171701541e-05,0
ACCT_189969,0.003571424987621936,0
ACCT_189971,0.001844067200262009,0
ACCT_189981,0.00021358192657092967,0
ACCT_189985,0.00443861413957215,0
ACCT_189987,0.001274559120540614,0
ACCT_190003,0.0002786508407154626,0
ACCT_190020,0.0015969991605309054,0
ACCT_190022,0.023449747276567734,0
ACCT_190025,0.0009517740893998972,0
ACCT_190037,0.012680413249811723,0
ACCT_190038,0.0017897893382888728,0
ACCT_190055,0.0013440293901189066,0
ACCT_190058,0.00018105150683099967,0
ACCT_190087,0.0009619249727155247,0
ACCT_190098,0.05623975038658164,0
ACCT_190105,0.0014124414185529247,0
ACCT_190108,0.0005221372949102053,0
ACCT_190121,0.24531067898532322,0
ACCT_190141,0.16494727209502918,0
ACCT_190147,0.004011385340147809,0
ACCT_190151,0.1296800334397743,0
ACCT_190152,0.1467537068950687,0
ACCT_190153,0.00029078637066004976,0
ACCT_190165,0.00016887138666695132,0
ACCT_190177,0.00081041779223927,0
ACCT_190182,0.05645729960625829,0
ACCT_190201,0.000184041449197807,0
ACCT_190218,0.00773785158046001,0
ACCT_190235,0.4951325277599271,0
ACCT_190237,0.007040340541057474,0
ACCT_190246,0.0033188457142748575,0
ACCT_190256,0.0015491888566341826,0
ACCT_190280,0.000951728391582809,0
ACCT_190285,0.057478205040640384,0
ACCT_190290,0.01111268899396577,0
ACCT_190292,0.0008215914526818921,0
ACCT_190299,0.004259319462471705,0
ACCT_190302,0.3806315040035668,0
ACCT_190320,0.0001581682437625856,0
ACCT_190321,9.69577320996808e-05,0
ACCT_190325,0.2317326073145692,0
ACCT_190345,0.003519071163154647,0
ACCT_190360,0.00019007705191136025,0
ACCT_190367,0.0006145572871887275,0
ACCT_190374,0.010388630895379733,0
ACCT_190402,0.007481988430320713,0
ACCT_190409,0.011239897221192043,0
ACCT_190412,0.00040685568246619176,1
ACCT_190416,0.00017037459111303335,0
ACCT_190417,4.159997356694889e-05,0
ACCT_190419,0.00868823175627421,0
ACCT_190430,0.00012804868180300201,0
ACCT_190431,0.0006035516339645198,0
ACCT_190435,0.0004985000522803685,0
ACCT_190436,0.0005155552035615656,0
ACCT_190438,0.0010643293753062413,0
ACCT_190440,0.0011648722169561973,0
ACCT_190454,0.005558797863420099,0
ACCT_190455,0.0016766164028460292,0
ACCT_190463,0.0061038926196586955,0
ACCT_190472,0.000753012115871375,0
ACCT_190473,0.004188904972618553,0
ACCT_190485,0.0006345919203685421,0
ACCT_190497,0.0005358318461269177,0
ACCT_190513,0.011720940111892718,0
ACCT_190535,0.0002813449163315653,0
ACCT_190560,0.00019470975688343973,0
ACCT_190568,0.0007431824661465765,0
ACCT_190577,0.002807339780858626,0
ACCT_190588,0.0036632744869810464,0
ACCT_190590,0.003512146813367169,0
ACCT_190591,8.400154892375539e-05,0
ACCT_190594,0.0006936368868986244,0
ACCT_190599,3.7254476288546024e-05,0
ACCT_190606,5.08489176489222e-05,0
ACCT_190627,0.00017621658045622137,0
ACCT_190643,0.04703774666209395,0
ACCT_190654,0.0008445437609347275,0
ACCT_190655,0.0013284481771724595,0
ACCT_190664,0.00017810954205870036,0
ACCT_190669,0.0002139661769927789,0
ACCT_190672,0.0025852512109886946,0
ACCT_190675,0.024103084826496132,0
ACCT_190677,0.0001505563646221998,0
ACCT_190698,0.0014384411113615436,0
ACCT_190706,0.005449006489616076,0
ACCT_190715,0.00018278142460890042,0
ACCT_190721,0.06703907309087405,0
ACCT_190724,4.4352107138172925e-05,0
ACCT_190739,0.003867851786844688,0
ACCT_190742,8.782612260077711e-06,0
ACCT_190744,0.03197957655406742,0
ACCT_190752,0.005887655900333802,0
ACCT_190758,0.0014729578050324682,0
ACCT_190775,2.6370926654486542e-05,0
ACCT_190785,0.05906722818996935,0
ACCT_190789,3.2946817375820286e-05,0
ACCT_190797,0.04641974721352871,0
ACCT_190805,0.0014518092093606335,0
ACCT_190806,0.00011005476618427691,0
ACCT_190808,0.0008121517676101663,0
ACCT_190814,0.9827359050478847,0
ACCT_190815,0.005067278047837439,0
ACCT_190817,0.02608552937469152,0
ACCT_190825,0.004029220753191715,0
ACCT_190830,0.0002658685730241569,0
ACCT_190841,0.4798400100265474,0
ACCT_190856,0.005886822064653972,0
ACCT_190861,0.003975375453757366,0
ACCT_190883,0.010143684061300702,0
ACCT_190895,0.004556418437604476,0
ACCT_190899,0.0004304272406824633,0
ACCT_190900,0.0006459288780484419,0
ACCT_190907,9.100388586368706e-05,0
ACCT_190908,2.5993609284553335e-05,0
ACCT_190920,0.0001275822741019063,0
ACCT_190944,0.021622526009984523,0
ACCT_190946,0.01391260874222133,0
ACCT_190955,0.0030955380879909514,0
ACCT_190962,0.0008763275422164889,0
ACCT_190986,0.0017469461371395613,0
ACCT_190993,0.0002538098604611626,0
ACCT_191024,8.01396232700142e-06,0
ACCT_191035,0.00028770869071069645,0
ACCT_191037,0.00011148765855235257,0
ACCT_191049,0.01299927723159875,0
ACCT_191066,0.004002766606366356,0
ACCT_191079,4.7188033605521695e-05,0
ACCT_191080,1.9261996994673496e-05,0
ACCT_191082,0.00011564781003060062,0
ACCT_191095,0.000822516901159918,0
ACCT_191103,0.009337526369051405,0
ACCT_191106,0.0035193022060961317,0
ACCT_191113,0.04768344687906174,0
ACCT_191114,0.00012601518906950887,0
ACCT_191117,0.004674083543593934,0
ACCT_191124,0.007466286317126136,0
ACCT_191125,0.00023560642224976734,0
ACCT_191128,0.012290673725667138,0
ACCT_191129,0.0212965451577441,0
ACCT_191139,0.0011866804512318202,0
ACCT_191152,0.0011798678888759334,0
ACCT_191162,0.0005659381245297319,0
ACCT_191173,8.061679095859098e-05,0
ACCT_191177,0.1120977247106476,0
ACCT_191183,0.0004745659973798931,0
ACCT_191193,0.00016999208271885704,0
ACCT_191198,0.00622699022475464,0
ACCT_191199,0.000498879367117503,0
ACCT_191200,0.00010404927243671093,0
ACCT_191201,0.0005300290453198943,0
ACCT_191204,0.0011224541930458512,0
ACCT_191214,5.55751637652334e-05,0
ACCT_191220,0.0004432251059803317,0
ACCT_191226,6.898649334991422e-05,0
ACCT_191231,0.001437989160289657,0
ACCT_191307,0.00010575715748404818,0
ACCT_191327,0.0005105448381408536,0
ACCT_191328,0.0009799987609738926,0
ACCT_191361,0.00015489906206472224,0
ACCT_191366,0.00011485178933464282,0
ACCT_191378,0.6739396663470462,0
ACCT_191394,0.00033108174442275217,0
ACCT_191400,0.0013866585826058577,0
ACCT_191405,0.0008588973565005814,0
ACCT_191406,0.0015411730840000665,0
ACCT_191407,0.0018399727201183866,0
ACCT_191417,0.014375532184047864,0
ACCT_191423,0.0002218463991450944,0
ACCT_191436,0.0002779815495248061,0
ACCT_191450,0.1658771233122835,1
ACCT_191461,0.0014326756759294966,0
ACCT_191467,0.003061607620160675,0
ACCT_191477,0.0008016268523897479,0
ACCT_191486,0.00038715240633255526,0
ACCT_191487,0.0006119752991390062,0
ACCT_191490,0.03996149763714727,0
ACCT_191493,0.0003206597667202008,0
ACCT_191497,0.00012950644120211482,0
ACCT_191498,0.0013955597371288903,0
ACCT_191512,0.002832644384629704,0
ACCT_191521,0.0001971717431409427,0
ACCT_191522,0.0027759960659872553,0
ACCT_191524,0.0034252290206063475,0
ACCT_191537,0.021472962395814803,0
ACCT_191540,0.0005444725516776495,0
ACCT_191543,0.0006299516313328121,0
ACCT_191552,0.0005116693219321484,0
ACCT_191556,0.0032608823843500107,0
ACCT_191559,8.739656230152084e-05,0
ACCT_191561,0.8785485609891004,1
ACCT_191565,0.0001209095194047102,0
ACCT_191568,0.0004421389837547298,0
ACCT_191574,0.0005856411217212853,0
ACCT_191580,0.07471310067516716,0
ACCT_191588,0.003984692315350973,0
ACCT_191592,0.0009012904489960498,0
ACCT_191593,0.00017658357094799465,0
ACCT_191597,0.011309464227033194,0
ACCT_191607,0.00014132731484207893,0
ACCT_191617,0.022061572700346435,0
ACCT_191623,8.884822884762759e-05,0
ACCT_191624,0.9159483602195266,0
ACCT_191628,0.012693174747594106,0
ACCT_191633,0.0007573646209622542,0
ACCT_191634,0.012259583265762802,0
ACCT_191640,0.021839614857850066,0
ACCT_191641,0.010404390716735644,0
ACCT_191660,0.012603856635786509,0
ACCT_191672,0.0038509405974318897,0
ACCT_191675,0.0007021903980555705,0
ACCT_191685,0.0027162795452498815,0
ACCT_191686,0.001763613539920571,0
ACCT_191687,8.750949013675741e-05,0
ACCT_191692,0.0012123284651187087,0
ACCT_191694,0.0004968169417448917,0
ACCT_191697,0.0012172547220962765,0
ACCT_191698,0.0007657616443311364,0
ACCT_191700,0.0025620498267700294,0
ACCT_191706,9.492692970682211e-05,0
ACCT_191709,0.00024452124894425436,0
ACCT_191716,0.002029641026416894,0
ACCT_191728,0.0024367601055719527,0
ACCT_191732,0.0001522961271973967,0
ACCT_191747,0.011517641619836452,0
ACCT_191751,0.0008549838970521333,0
ACCT_191753,0.00013014102116554185,0
ACCT_191771,0.00012535391775845875,0
ACCT_191773,0.00010098474144521278,0
ACCT_191803,0.00031616981635173885,0
ACCT_191808,0.000501787980645632,0
ACCT_191810,0.022614247839510947,0
ACCT_191816,0.1485756251066552,0
ACCT_191829,0.0009284521011965542,0
ACCT_191836,0.0007066357759396369,0
ACCT_191841,0.03972898746336562,0
ACCT_191846,0.0008717968889793982,0
ACCT_191849,0.0019068503620844905,0
ACCT_191851,0.03623587047204019,0
ACCT_191866,0.00014782430610734172,0
ACCT_191871,0.002662578787138959,0
ACCT_191875,0.00046115014286482697,0
ACCT_191890,0.01636737706777844,0
ACCT_191912,0.0005556451159594642,0
ACCT_191916,0.009495038609671727,0
ACCT_191922,0.007426814010400051,0
ACCT_191924,0.020858701940060786,0
ACCT_191925,0.004349286500814166,0
ACCT_191926,0.0245115159213097,0
ACCT_191936,0.009711736476003208,0
ACCT_191940,0.003879213417717414,0
ACCT_191942,0.0009528544089439613,0
ACCT_191943,0.0001658664820841004,0
ACCT_191945,0.13470668672254238,0
ACCT_191952,0.0012671426258410647,0
ACCT_191953,0.0010531049915532538,0
ACCT_191954,0.006156494491637885,0
ACCT_191961,0.0005729140182893183,0
ACCT_191964,0.00012672767285183768,0
ACCT_191969,0.0008714094516811764,0
ACCT_191980,1.924201190215834e-05,0
ACCT_192001,0.0005188086377832005,0
ACCT_192034,5.2762516303349236e-05,0
ACCT_192041,0.0029035846949657775,0
ACCT_192044,0.0010834374731979366,0
ACCT_192045,0.006915632555337136,0
ACCT_192053,0.0004980966646052249,0
ACCT_192062,0.002386792972394908,0
ACCT_192096,0.00021976470154831923,0
ACCT_192099,0.001214747381902567,0
ACCT_192106,0.00012016543884327704,0
ACCT_192113,0.0021221183238604815,0
ACCT_192116,0.0003320607659350662,0
ACCT_192122,0.020083073226635714,0
ACCT_192136,5.6945794254996616e-05,0
ACCT_192137,0.0004996948147018615,0
ACCT_192139,0.0017312446345268207,0
ACCT_192142,0.006080890580365516,0
ACCT_192144,0.007038472318577657,0
ACCT_192146,0.21635199856215154,0
ACCT_192150,0.002814690521858455,0
ACCT_192159,5.425162421025056e-05,0
ACCT_192178,0.0023220569591052313,0
ACCT_192182,0.00015799852015200205,0
ACCT_192183,0.00017487816708185538,0
ACCT_192193,0.0034359325115536662,0
ACCT_192202,0.0003646808370185688,0
ACCT_192204,0.0007851434189780885,0
ACCT_192224,0.00025874711458503973,0
ACCT_192233,0.0002909779921000621,0
ACCT_192236,0.016772793200738684,0
ACCT_192241,2.0049801537145566e-05,0
ACCT_192265,0.000515499140666107,0
ACCT_192271,0.00901881896259067,0
ACCT_192284,0.00015560032931077078,0
ACCT_192286,6.504852136534524e-05,0
ACCT_192291,0.002458615015653492,0
ACCT_192295,3.914789529524816e-05,0
ACCT_192331,0.001751603444146591,0
ACCT_192336,0.00048777532742032005,0
ACCT_192365,0.00027407204159224835,0
ACCT_192370,0.0008808318344901635,0
ACCT_192374,0.00017570358280742172,0
ACCT_192377,0.0005879224060045653,0
ACCT_192378,0.0004924028663382447,0
ACCT_192382,0.04314083887608561,0
ACCT_192390,0.006006767864950935,0
ACCT_192393,0.0003611900685845498,0
ACCT_192395,0.00712709165433704,0
ACCT_192399,0.004354028185534521,0
ACCT_192401,0.0003439523169243537,0
ACCT_192402,0.0006621595504889972,0
ACCT_192410,0.09169948717616602,0
ACCT_192417,0.0001313774053442279,0
ACCT_192429,0.00039500475513172133,1
ACCT_192438,0.0036959833873263766,0
ACCT_192447,0.0005962285563784757,0
ACCT_192458,0.00016898007858993827,0
ACCT_192470,0.0006279724528620807,0
ACCT_192483,0.002224540497680831,0
ACCT_192488,0.0032047138641043455,0
ACCT_192490,0.055727721325216285,1
ACCT_192502,0.0010543887123428007,0
ACCT_192511,0.0004326932393737825,0
ACCT_192533,0.0003587905414791178,0
ACCT_192539,0.0021639756607564177,0
ACCT_192547,0.000769114094628222,0
ACCT_192552,0.0038114710655270134,0
ACCT_192571,0.002181476661196408,0
ACCT_192584,0.0013570879137511456,0
ACCT_192608,0.00024232355696073926,0
ACCT_192625,0.00657516545472516,0
ACCT_192626,0.0007860695089183196,0
ACCT_192648,0.0012919334387523638,0
ACCT_192678,0.000354444251753007,0
ACCT_192680,0.0002517225821493992,0
ACCT_192690,0.005041430846314024,0
ACCT_192692,4.459726155869237e-05,0
ACCT_192697,9.357007269114232e-06,0
ACCT_192706,0.002758451298203402,0
ACCT_192708,0.001941470814370712,0
ACCT_192711,0.0005779340873961612,0
ACCT_192729,0.0003479688719031819,0
ACCT_192761,0.00017565977808240026,0
ACCT_192763,0.000734656482203759,0
ACCT_192772,0.00011843114910797147,0
ACCT_192789,0.0011946817024177634,0
ACCT_192793,0.003618159255063527,0
ACCT_192803,0.001761360173591039,0
ACCT_192822,4.1447621767374855e-05,0
ACCT_192845,0.014799291337585464,0
ACCT_192853,0.0003923103384206834,0
ACCT_192857,0.0006114073519958198,0
ACCT_192863,0.8384941389863863,1
ACCT_192865,0.0008922394520031215,0
ACCT_192871,0.00013409895617896923,0
ACCT_192873,0.0009916772504151964,0
ACCT_192877,0.005292023607564722,0
ACCT_192885,0.09595134887186377,0
ACCT_192903,0.0007397775373180815,0
ACCT_192907,0.007940876837051648,0
ACCT_192908,4.3914464915632346e-05,0
ACCT_192913,0.05176013013469887,0
ACCT_192931,0.0006472760847239962,0
ACCT_192938,0.0017077732098523108,0
ACCT_192943,0.004309187592069594,0
ACCT_192944,0.03616548474006103,0
ACCT_192955,0.018615479289941315,0
ACCT_192958,0.0011775451455418725,0
ACCT_192975,0.0011191875805873256,0
ACCT_192976,0.004604003485848841,0
ACCT_192982,0.008983433526274698,0
ACCT_192990,0.0038395684725410074,0
ACCT_192991,0.0027890793409824674,0
ACCT_192999,0.00041541004418437405,0
ACCT_193006,0.00039076740552658826,0
ACCT_193054,0.00011828365591932088,0
ACCT_193059,0.00918987788633695,0
ACCT_193073,0.00015217360759001267,0
ACCT_193076,0.022867130923504002,0
ACCT_193082,2.9080226369812346e-05,0
ACCT_193087,0.02216956415117964,0
ACCT_193107,0.044934005411519894,0
ACCT_193109,0.00012242151956503555,0
ACCT_193121,0.0009634213493457682,0
ACCT_193123,0.021496336419323987,0
ACCT_193133,0.0004496225137177836,0
ACCT_193138,0.0008372572234611183,0
ACCT_193148,0.0023273193020569086,0
ACCT_193169,0.023933974082405277,0
ACCT_193170,0.0020639422689107284,0
ACCT_193179,0.11906309059238611,0
ACCT_193187,0.005002125936589639,0
ACCT_193190,0.006641268476852981,0
ACCT_193195,0.003511188903785347,0
ACCT_193200,0.0014010299108150302,0
ACCT_193203,0.0010264900658712565,0
ACCT_193207,0.00027485956951391716,0
ACCT_193208,0.028212263661473894,0
ACCT_193210,0.000884475101827112,0
ACCT_193211,0.000709305377515429,0
ACCT_193234,0.01919817834175618,0
ACCT_193240,7.959102761018994e-05,0
ACCT_193242,0.008081658775370669,0
ACCT_193256,0.01650174772599439,0
ACCT_193259,0.0013761466052853717,0
ACCT_193266,0.005354310632889131,0
ACCT_193268,7.756100605417516e-05,0
ACCT_193274,0.00038209210936659776,0
ACCT_193297,0.0005372228126530869,0
ACCT_193301,0.0053129106391997605,0
ACCT_193314,0.07109601133625033,0
ACCT_193321,0.0006649727908457868,0
ACCT_193324,0.0003983560559223658,0
ACCT_193331,0.02887813890483341,0
ACCT_193333,0.00016546910234176206,0
ACCT_193336,0.017536958167148755,0
ACCT_193340,0.19910909062156018,0
ACCT_193341,0.0026546543551768725,0
ACCT_193343,9.922907786824664e-05,0
ACCT_193350,0.00022640199102996574,0
ACCT_193353,0.002419594611635832,0
ACCT_193354,0.0008572220135455483,0
ACCT_193360,0.0005089901552536874,0
ACCT_193362,0.0012025921618303086,0
ACCT_193369,0.0004154075022388498,0
ACCT_193390,0.01648662013018647,0
ACCT_193396,6.942531311497864e-05,0
ACCT_193409,0.00019576909891756003,0
ACCT_193411,0.00032210740752306973,0
ACCT_193421,0.012546829498850692,0
ACCT_193436,0.00015511269574981247,0
ACCT_193448,0.0005445828081839924,0
ACCT_193472,0.00018974210098573625,0
ACCT_193474,0.00015089599720389773,0
ACCT_193501,6.460843611240285e-05,0
ACCT_193511,0.0439123058918041,0
ACCT_193513,0.00018448355746589998,0
ACCT_193521,0.0033049053209125746,0
ACCT_193534,0.0006844378789487418,0
ACCT_193540,0.00047748531472583577,0
ACCT_193560,6.812782061493875e-05,0
ACCT_193562,0.00038599362193851865,0
ACCT_193563,0.0004781877713460238,0
ACCT_193566,0.001283413060192008,0
ACCT_193577,0.0002547241856658039,0
ACCT_193585,5.274867966800907e-05,0
ACCT_193588,0.00016944564638590693,0
ACCT_193596,0.00046529986260551265,0
ACCT_193604,4.505623860115011e-05,0
ACCT_193613,0.002617204482267678,0
ACCT_193622,0.0002622408276251175,0
ACCT_193625,0.000727269134084361,0
ACCT_193629,0.00047871153076664574,0
ACCT_193632,0.05337928515433268,0
ACCT_193634,0.0009449670700706872,0
ACCT_193643,0.004309535135088348,0
ACCT_193644,0.0005336767016709417,0
ACCT_193654,0.00480181456668515,0
ACCT_193663,0.0010646949513002384,0
ACCT_193687,0.01443329636533264,0
ACCT_193688,0.00013109040753869934,0
ACCT_193695,0.0012752038783629906,0
ACCT_193707,0.0103927610864956,0
ACCT_193716,0.012687709798564598,0
ACCT_193717,0.0040287176242761675,0
ACCT_193724,0.0047262546952441505,0
ACCT_193725,4.4635332131221284e-05,0
ACCT_193733,0.019821704810074083,0
ACCT_193738,0.005403992911938685,0
ACCT_193746,0.0024403050376287584,0
ACCT_193757,0.0016975926531240099,0
ACCT_193760,0.001017912618629686,0
ACCT_193763,0.00022145204859558217,0
ACCT_193766,0.0019182918774320109,0
ACCT_193775,0.0017177508023391963,0
ACCT_193779,0.004152760897863037,0
ACCT_193783,0.00015800979446441076,0
ACCT_193785,0.00010571733796521868,0
ACCT_193815,4.13405334220049e-05,0
ACCT_193816,9.726408129798571e-05,0
ACCT_193825,0.00017423612468081974,0
ACCT_193830,5.416609506542549e-05,0
ACCT_193845,0.014028772286563448,0
ACCT_193870,0.0006602154341312243,0
ACCT_193898,0.241562574196472,0
ACCT_193900,0.0001351631617032414,0
ACCT_193907,0.0030158043420146453,0
ACCT_193915,8.956553766180783e-05,0
ACCT_193917,0.0010468984962452139,0
ACCT_193924,0.0015415870032579803,0
ACCT_193936,0.0004158534785875339,0
ACCT_193938,0.000946161630774056,0
ACCT_193939,0.0007406759924591318,0
ACCT_193950,0.00010759211458363659,0
ACCT_193965,0.0005178007466206147,0
ACCT_193968,0.0036167440281140288,0
ACCT_193993,0.006777303766135699,0
ACCT_194002,0.0012933174557251254,0
ACCT_194006,0.00014775888518303126,0
ACCT_194010,0.00019610359235806943,0
ACCT_194019,0.0005112092515585897,0
ACCT_194023,0.0024046192189116165,0
ACCT_194024,0.0023196399713490286,0
ACCT_194030,0.007491113384110674,0
ACCT_194032,0.04727279484313814,0
ACCT_194048,0.010163117232484434,0
ACCT_194050,0.0012463895364687434,0
ACCT_194051,0.0071775975343485315,0
ACCT_194069,0.004223295499984023,0
ACCT_194070,0.037516842553935975,0
ACCT_194093,2.7512517192150652e-05,0
ACCT_194129,0.0002750314416421204,0
ACCT_194135,0.00016370238505346158,0
ACCT_194140,0.0017740866563298768,0
ACCT_194146,0.0001696286975655199,0
ACCT_194152,0.027568306106471846,0
ACCT_194153,0.0029634387997607686,0
ACCT_194177,0.0006992790484232034,0
ACCT_194179,0.004588586179988809,0
ACCT_194181,0.18121153333278067,0
ACCT_194233,5.7007587903098645e-05,0
ACCT_194242,0.00045569049563455333,0
ACCT_194244,0.005367141796271603,0
ACCT_194250,0.0014993239402086092,0
ACCT_194252,0.0021348543471442776,0
ACCT_194259,0.0008471062107784845,0
ACCT_194271,0.0040089005601333366,0
ACCT_194280,0.9060955529393561,1
ACCT_194285,0.005789191896087697,0
ACCT_194289,0.009832054401716488,0
ACCT_194292,2.8092713680786406e-05,0
ACCT_194294,0.00028389683278638044,0
ACCT_194295,0.017722186506155854,0
ACCT_194298,0.0014420456945721946,0
ACCT_194304,0.2874916032447546,0
ACCT_194312,0.0013516965421661,0
ACCT_194317,0.0011461835797498656,0
ACCT_194323,0.0016709554784372952,0
ACCT_194331,0.3740639559141719,0
ACCT_194333,2.802938975726029e-05,0
ACCT_194334,0.11033571971953542,0
ACCT_194342,0.00545315069835024,0
ACCT_194349,2.8483970034009208e-05,0
ACCT_194355,0.5021812896174793,0
ACCT_194371,0.0006075304670477365,0
ACCT_194377,4.276530624866372e-05,0
ACCT_194388,0.0009098028962111854,0
ACCT_194392,0.005347596798515753,0
ACCT_194395,0.0001981476457531165,0
ACCT_194396,0.0011473655906137383,0
ACCT_194435,0.4156966567963283,0
ACCT_194442,0.0003812936792323231,0
ACCT_194449,0.009426538822745531,0
ACCT_194453,0.0005150312719086788,0
ACCT_194455,0.004147084950598478,0
ACCT_194474,0.000746728486277848,0
ACCT_194479,0.0009146195003671692,0
ACCT_194487,0.0005013359295233929,0
ACCT_194511,9.596797687019176e-05,0
ACCT_194516,0.0001225699787262863,0
ACCT_194519,0.001682495641358938,0
ACCT_194522,0.03845908675950904,0
ACCT_194554,0.001141209682119068,0
ACCT_194559,9.87549739020629e-05,0
ACCT_194560,0.001969683604380161,0
ACCT_194563,0.00010405234631416101,0
ACCT_194566,0.006016557359195585,0
ACCT_194569,0.0007496900760139658,0
ACCT_194592,0.0002256096540234637,0
ACCT_194613,0.0049051268160113,0
ACCT_194614,0.00032405937403494204,0
ACCT_194615,0.0379195790854928,0
ACCT_194624,1.7975241505715555e-05,0
ACCT_194626,0.0009080848370196294,0
ACCT_194647,0.0005486050493968584,0
ACCT_194649,0.010997086588429263,0
ACCT_194662,0.0008592955736319601,0
ACCT_194666,0.002695473062832438,0
ACCT_194682,0.002821336169804258,0
ACCT_194697,0.0010863825557475531,0
ACCT_194716,0.0013831877345119275,0
ACCT_194720,0.014901188725265743,0
ACCT_194726,1.0272066589070303e-05,0
ACCT_194728,0.030600353033239918,0
ACCT_194729,0.02183236605020346,0
ACCT_194734,0.00045169325637993467,0
ACCT_194736,0.0007213211904456583,0
ACCT_194737,0.012923167438485823,0
ACCT_194738,0.0007361378894858636,0
ACCT_194742,0.0037012947227810945,0
ACCT_194743,2.3681119341240766e-05,0
ACCT_194744,0.0028405932057418964,0
ACCT_194751,0.00028337684561703793,0
ACCT_194754,0.5630415003242825,0
ACCT_194758,0.0020385213926762806,0
ACCT_194764,0.01764459115010569,0
ACCT_194767,0.003014068703272583,0
ACCT_194774,0.0006702173570480173,0
ACCT_194802,0.0015937773461928617,0
ACCT_194806,0.01533454431287685,0
ACCT_194807,0.012082191353051178,0
ACCT_194811,0.0011530257649848576,0
ACCT_194818,0.0009402583327461023,0
ACCT_194822,0.00010061030634884778,0
ACCT_194828,0.0026545372048256805,0
ACCT_194830,0.3530045148882142,0
ACCT_194845,0.01383109123380768,0
ACCT_194846,0.00022240847503075435,0
ACCT_194858,0.00021985440588930747,0
ACCT_194860,0.0019490925843149713,0
ACCT_194869,8.260001554833127e-05,0
ACCT_194874,0.03570002902342887,0
ACCT_194875,0.00012068463723754993,0
ACCT_194896,0.05885307299602119,0
ACCT_194900,0.0014297619653878939,0
ACCT_194902,0.0022365185030401866,0
ACCT_194905,0.000321300880162499,0
ACCT_194907,0.019947413490976704,0
ACCT_194921,0.18408210051261012,0
ACCT_194922,0.008405243863885753,0
ACCT_194925,0.0005706488406951943,0
ACCT_194935,0.006807137791459662,0
ACCT_194945,0.0011028657793096495,0
ACCT_194955,0.01649688037877229,0
ACCT_194958,0.0029355431698883465,0
ACCT_194962,8.51512241551712e-05,0
ACCT_194979,0.0025679416282457083,0
ACCT_194997,0.002874456189998989,0
ACCT_195006,0.0015918373935308156,0
ACCT_195023,0.0015401882959597357,0
ACCT_195033,0.00019228541606992091,0
ACCT_195035,0.0007184691797245465,0
ACCT_195047,0.0015963650834666418,0
ACCT_195056,0.0001090409658867165,0
ACCT_195062,0.009214847728865178,0
ACCT_195074,0.0012768803834960268,0
ACCT_195096,0.00021398716372922485,0
ACCT_195102,0.000417211460625802,0
ACCT_195123,0.08849795818626031,0
ACCT_195125,0.0002903506204310218,0
ACCT_195138,0.0003480560685356376,0
ACCT_195147,0.007202130712742321,0
ACCT_195151,0.001350994391830554,0
ACCT_195158,1.2505153258315226e-05,0
ACCT_195173,0.10386244344745194,0
ACCT_195174,0.0010508948412328958,0
ACCT_195179,0.0005895477073360485,0
ACCT_195182,0.0002927233716996378,0
ACCT_195183,0.0005676582109139811,0
ACCT_195202,0.001185356849750844,0
ACCT_195204,0.0003514988919569003,0
ACCT_195205,0.0006931901341568687,0
ACCT_195208,0.0005123565115933475,0
ACCT_195212,0.002185151104816009,0
ACCT_195213,0.007389492575442385,0
ACCT_195222,0.0012933350528747444,0
ACCT_195225,0.000104741316638341,0
ACCT_195239,5.367776708615507e-05,0
ACCT_195246,0.0009658352874740942,0
ACCT_195249,0.0001717059766642669,0
ACCT_195255,0.0012774971217890223,0
ACCT_195266,0.004224636442599067,0
ACCT_195284,0.0013166628211754184,0
ACCT_195319,0.0009809185453678044,0
ACCT_195324,0.12728863934500143,0
ACCT_195338,0.00013921939695711285,0
ACCT_195358,0.00019541847860730412,0
ACCT_195359,0.001685601017097537,0
ACCT_195360,0.00012594438445371483,0
ACCT_195373,0.00274991529242712,0
ACCT_195379,0.04079712132021105,0
ACCT_195402,0.0012186761794315292,0
ACCT_195404,0.014895681995907059,0
ACCT_195411,4.774071594091464e-05,0
ACCT_195421,0.00020297789977855604,0
ACCT_195431,0.004819458228806587,0
ACCT_195435,0.0008756589540173786,0
ACCT_195443,0.00035190938622756455,0
ACCT_195448,7.634520044100646e-06,0
ACCT_195450,0.0003086125486218261,0
ACCT_195451,0.04640812085188585,0
ACCT_195454,0.01233774448975873,0
ACCT_195461,0.043065676653848195,0
ACCT_195484,0.00012465371282549193,0
ACCT_195490,0.003017333211446755,0
ACCT_195492,0.0005361762361802801,0
ACCT_195505,0.020250356825468274,0
ACCT_195507,0.0036611108350502386,0
ACCT_195509,0.00011825788095156832,0
ACCT_195517,0.016520414251151444,0
ACCT_195523,0.10364523832341263,0
ACCT_195531,0.00011331643375502072,0
ACCT_195539,0.000556709340291043,0
ACCT_195545,0.004631383498798394,0
ACCT_195546,0.00036339159864447825,0
ACCT_195550,0.0014360923856536931,0
ACCT_195555,8.254692267256086e-05,0
ACCT_195578,0.008685677783009356,0
ACCT_195585,0.0008708828514389553,0
ACCT_195598,0.0010737976542718973,0
ACCT_195608,0.001462362443563737,0
ACCT_195622,0.0004591559371437238,0
ACCT_195633,0.11502730536855796,0
ACCT_195640,0.00033934474237054426,0
ACCT_195642,0.012253738621647184,0
ACCT_195654,0.00024523856692590547,0
ACCT_195678,0.0006861127635433641,0
ACCT_195683,0.0012789167944437393,0
ACCT_195695,0.0003953025553931735,0
ACCT_195696,0.017692355388410446,0
ACCT_195702,0.02264283806532318,0
ACCT_195703,0.6302937201622688,0
ACCT_195715,0.0013350533325425886,0
ACCT_195734,0.005346838962477859,0
ACCT_195736,0.005226023893342748,0
ACCT_195737,7.364138520773894e-05,0
ACCT_195740,0.0014934465030116415,0
ACCT_195752,0.011638982407112204,0
ACCT_195758,0.00011684963812601838,0
ACCT_195783,0.0001339058954001773,0
ACCT_195807,0.003583475829739664,0
ACCT_195811,0.001191985195966517,0
ACCT_195813,0.006525837290401302,0
ACCT_195814,2.4634180322975103e-05,0
ACCT_195819,0.00025964585774245754,0
ACCT_195820,0.0013241567370055715,0
ACCT_195824,8.955008659417634e-05,0
ACCT_195826,0.005081085680244052,0
ACCT_195834,0.035811729311265736,0
ACCT_195844,0.023122982339150243,0
ACCT_195869,1.9232309407773943e-05,0
ACCT_195892,0.02922756184677234,0
ACCT_195899,0.0025910870130789816,0
ACCT_195908,0.007470356926423866,0
ACCT_195915,0.036357639347421894,0
ACCT_195938,0.0010272810786646476,0
ACCT_195952,0.0010273983662582532,0
ACCT_195953,0.0005434809342737343,0
ACCT_195955,0.0009054602591684966,0
ACCT_195960,0.008291858666584313,0
ACCT_195970,0.00026853183014119046,0
ACCT_195978,0.02478877261929771,0
ACCT_195981,0.02458171611684872,0
ACCT_196007,0.001015791610541712,0
ACCT_196012,0.11811186549450907,0
ACCT_196014,0.012526164549817975,0
ACCT_196018,0.009079389059368573,0
ACCT_196019,0.0006483905154047276,0
ACCT_196023,0.0022150630622540584,0
ACCT_196038,1.6854193424136725e-05,0
ACCT_196043,3.771710951844599e-05,0
ACCT_196049,0.0005107642790555007,0
ACCT_196053,0.003505377288859922,0
ACCT_196059,0.0009173989560385301,0
ACCT_196065,0.0034384246883915905,0
ACCT_196087,0.0032035247239439214,0
ACCT_196096,0.008974365462016628,0
ACCT_196098,0.0019869718373084306,0
ACCT_196103,3.017456106868328e-05,0
ACCT_196126,0.002838343420009514,0
ACCT_196127,0.0008644605830805092,0
ACCT_196130,0.02266657938321478,0
ACCT_196147,0.0005479871533277369,0
ACCT_196170,0.0012865848847426781,0
ACCT_196171,0.0009574357520287663,0
ACCT_196176,0.04051013359793555,0
ACCT_196189,0.007830645989320137,0
ACCT_196191,1.5262913021275812e-05,0
ACCT_196197,0.00017616401345928363,0
ACCT_196199,0.029828605597966046,0
ACCT_196215,0.13612541359853125,0
ACCT_196229,0.00023871815636873793,0
ACCT_196230,6.19828819408806e-05,0
ACCT_196232,0.20215442338127204,1
ACCT_196236,0.009706899264057017,0
ACCT_196245,0.001235739479354906,0
ACCT_196248,0.0015719578821510268,0
ACCT_196251,0.00032679779632853874,0
ACCT_196253,0.00759191178204334,0
ACCT_196257,0.00012061968371400423,0
ACCT_196265,0.15133861606063131,0
ACCT_196268,0.013288170079080775,0
ACCT_196278,0.00030636638650135395,0
ACCT_196279,0.001579921573377665,0
ACCT_196287,0.0028307651986985358,0
ACCT_196300,0.0007946181902860436,0
ACCT_196322,0.0051338235604196794,0
ACCT_196327,0.054192415395253615,0
ACCT_196342,0.02085935766392521,0
ACCT_196345,0.0012828090960665017,0
ACCT_196366,0.754410214253768,0
ACCT_196367,0.00103300275251475,0
ACCT_196380,4.314437044039582e-05,0
ACCT_196383,0.003372171354748919,0
ACCT_196409,0.0011320116905472414,0
ACCT_196416,0.0016467945595936785,0
ACCT_196418,0.0018074186165043336,0
ACCT_196422,0.0009012606610703139,0
ACCT_196424,0.00013050915256080446,0
ACCT_196427,6.548151240249127e-05,0
ACCT_196440,0.01066643093271541,0
ACCT_196447,0.0005765752683811469,0
ACCT_196462,0.0026531890386581993,0
ACCT_196465,0.00024408960150747977,0
ACCT_196480,0.00018396950493901592,0
ACCT_196482,0.247984807002399,0
ACCT_196515,0.0004792136231577639,0
ACCT_196527,0.0002607790320799924,0
ACCT_196529,0.0012381819476247114,0
ACCT_196542,1.4601377826190307e-05,0
ACCT_196544,0.0007350625566808826,0
ACCT_196557,5.897202611288135e-05,0
ACCT_196562,0.0004918565840375828,0
ACCT_196564,0.00414141625331111,0
ACCT_196565,0.5057239244501317,1
ACCT_196567,0.0001650442737880288,0
ACCT_196572,0.002737415296141572,0
ACCT_196576,0.002499211174147357,0
ACCT_196599,0.004025431147162212,0
ACCT_196604,0.005432607735228508,0
ACCT_196629,0.0004414644428562204,0
ACCT_196635,0.007565270734984599,0
ACCT_196636,6.526627838741092e-05,0
ACCT_196653,0.0008156814438826156,0
ACCT_196654,0.001972396368361017,0
ACCT_196658,0.0004812511508710534,0
ACCT_196682,3.785130920792203e-05,0
ACCT_196683,0.004085025708730856,0
ACCT_196685,0.007266685586817381,0
ACCT_196700,0.0015352657714594296,0
ACCT_196704,1.645377019661907e-05,0
ACCT_196705,0.0004516391330796865,0
ACCT_196711,0.00026499172171625117,0
ACCT_196715,0.4804327757229744,0
ACCT_196733,0.0007465577651294664,0
ACCT_196744,0.004560575428076167,0
ACCT_196747,0.0010479307289266912,0
ACCT_196749,0.0006637602924433203,0
ACCT_196764,0.013909198496736093,0
ACCT_196795,3.205889704914122e-05,0
ACCT_196799,0.0005596286930299073,0
ACCT_196821,0.001790516883358692,0
ACCT_196829,0.0019169312860600146,0
ACCT_196831,0.00017351788690405837,0
ACCT_196834,0.000530825210904962,0
ACCT_196861,0.002221936995178663,0
ACCT_196879,0.00376373360542967,0
ACCT_196888,0.043988371546745016,0
ACCT_196899,0.013136592595756402,1
ACCT_196903,6.477519200683925e-05,0
ACCT_196912,0.0006849345539313897,0
ACCT_196913,0.007459677286260502,0
ACCT_196914,0.00020765839178423282,0
ACCT_196916,0.0009161740533613165,0
ACCT_196918,0.00016874363231072598,0
ACCT_196927,0.005211431981277324,0
ACCT_196938,0.00011183158188014401,0
ACCT_196958,0.0050170424049090405,0
ACCT_196967,0.011947017901336093,0
ACCT_196970,3.1949596266385186e-05,0
ACCT_196971,7.208441468894575e-05,0
ACCT_196973,0.00258993678138714,0
ACCT_196974,0.0001840647258377845,0
ACCT_196975,0.0010734382659919827,0
ACCT_196983,0.011108489334849791,0
ACCT_196989,5.636593159142473e-05,0
ACCT_197001,0.0001488464185266948,0
ACCT_197007,0.0037382200899446264,0
ACCT_197014,0.0012115866315673216,0
ACCT_197015,0.0005539150168877859,0
ACCT_197031,0.8931357728629775,1
ACCT_197051,0.0005334891863421642,0
ACCT_197055,0.00034277967115034345,0
ACCT_197063,0.0003278399737828495,0
ACCT_197065,0.00010870371051300793,0
ACCT_197068,0.02379347288215448,0
ACCT_197071,0.012360969521085669,0
ACCT_197085,7.143050311588152e-05,0
ACCT_197095,0.0008001392729383394,0
ACCT_197102,1.278038565838439e-05,0
ACCT_197107,0.002059069719933718,0
ACCT_197124,0.026058123266186037,0
ACCT_197127,0.00020455831593329515,0
ACCT_197131,9.839772440306906e-05,0
ACCT_197145,0.005010011865137421,0
ACCT_197159,0.00036877028515058124,0
ACCT_197186,0.003180106098756598,0
ACCT_197193,0.00016794583158733693,0
ACCT_197212,7.84771772998718e-05,0
ACCT_197214,0.00021858602974171633,0
ACCT_197215,0.00019471598264979133,0
ACCT_197216,0.07207621430489133,0
ACCT_197219,0.00027752554333657304,0
ACCT_197223,0.003972373386072759,0
ACCT_197226,0.0001857911825616382,0
ACCT_197228,0.0007777405165651029,0
ACCT_197229,0.0001856190173382072,0
ACCT_197230,0.0007363250420746691,0
ACCT_197257,0.0012015946160828244,0
ACCT_197258,0.2828618851317786,0
ACCT_197263,0.00031690015219561966,0
ACCT_197274,0.0015332375451919066,0
ACCT_197282,0.0009321477095481474,0
ACCT_197285,0.0011709571763855856,0
ACCT_197287,0.0017968271487193343,0
ACCT_197298,0.039419289731698635,0
ACCT_197311,0.034027537147006806,0
ACCT_197312,6.104328377106688e-05,0
ACCT_197318,4.733377302632656e-05,0
ACCT_197327,0.466157928196859,0
ACCT_197328,0.0002979146994325084,0
ACCT_197332,0.022416180108438818,0
ACCT_197337,0.0001393423974717491,0
ACCT_197345,0.0034943413928501055,0
ACCT_197346,0.011408028120291645,0
ACCT_197353,0.00026430183595675834,0
ACCT_197355,0.0004354975294760972,0
ACCT_197367,0.00728301616859393,0
ACCT_197371,0.0047903815983607635,0
ACCT_197377,0.0007456227663651377,0
ACCT_197387,0.0039020599540990626,0
ACCT_197395,0.1572552465937551,0
ACCT_197398,0.00019446706253268685,0
ACCT_197405,0.015304982390475676,0
ACCT_197407,0.0002967223227054969,0
ACCT_197412,8.53272326840419e-05,0
ACCT_197448,0.0008996266084375104,0
ACCT_197457,0.0019624578361913106,0
ACCT_197458,4.5437044383304044e-05,0
ACCT_197459,0.00015778334615847037,0
ACCT_197466,7.362617830573764e-05,0
ACCT_197475,0.0006803838353941238,0
ACCT_197477,0.00011043038739365106,0
ACCT_197480,0.0016188662037648369,0
ACCT_197485,6.293595008867042e-05,0
ACCT_197507,0.0006377308192708357,0
ACCT_197525,0.0069771403153528035,0
ACCT_197535,0.00013960877470739814,0
ACCT_197547,0.0023355747635245916,0
ACCT_197567,5.112942365462823e-05,0
ACCT_197583,0.0030418001862989597,0
ACCT_197586,0.00032764549104117343,0
ACCT_197609,0.006760020646140318,0
ACCT_197619,0.001713542421626073,0
ACCT_197629,0.010961573586455275,0
ACCT_197630,0.00012008110236673415,0
ACCT_197631,0.01592125165157511,0
ACCT_197637,0.00012724436658083753,0
ACCT_197638,0.0025279154124759028,0
ACCT_197647,0.0005791528268812912,0
ACCT_197650,0.01589685607097045,0
ACCT_197678,8.259252715817421e-05,0
ACCT_197679,0.012440684657661294,0
ACCT_197682,0.005263141306650332,0
ACCT_197704,0.0017565358240964528,0
ACCT_197711,0.0005231431774229531,0
ACCT_197713,0.00033159346778708346,0
ACCT_197730,0.16043556329423997,0
ACCT_197731,0.0017739629821782604,0
ACCT_197740,0.11777421874725799,0
ACCT_197747,0.0009734247354324114,0
ACCT_197749,0.000274425514410131,0
ACCT_197751,0.0003241808725640326,0
ACCT_197754,5.655723768838306e-05,0
ACCT_197765,0.02134497102436985,0
ACCT_197770,0.0004231444147752213,0
ACCT_197787,0.046320661581663126,0
ACCT_197793,0.000265922449073954,0
ACCT_197795,0.002328268827163634,0
ACCT_197808,0.00024327038671639195,0
ACCT_197811,0.0005464667362420607,0
ACCT_197821,0.001246478245028352,0
ACCT_197824,0.0001007257129229357,0
ACCT_197831,0.009669763239019465,0
ACCT_197838,0.0014758125548326284,0
ACCT_197847,0.0009278652861613327,0
ACCT_197854,0.014463560140165777,0
ACCT_197858,0.0003026234050934159,0
ACCT_197862,0.004717375157180872,0
ACCT_197872,0.00011843932250226237,0
ACCT_197874,0.008226328230224145,0
ACCT_197886,8.881893170930213e-05,0
ACCT_197905,0.0011020332686230252,0
ACCT_197909,0.033162417624777174,0
ACCT_197919,0.0002514414168114162,0
ACCT_197926,0.0004758953761264652,0
ACCT_197938,0.00033100829549971496,0
ACCT_197940,9.221207813462494e-05,0
ACCT_197948,0.9579034165079908,1
ACCT_197949,0.0008129891812275647,0
ACCT_197950,0.00037088918568177844,0
ACCT_197952,0.000176719223798179,0
ACCT_197963,0.0010228963099416298,0
ACCT_197970,0.0002796213737605367,0
ACCT_197979,0.0002917819840746184,0
ACCT_197989,0.0005069447848096117,0
ACCT_197995,0.0001397832824257656,0
ACCT_198007,0.0001214629859964411,0
ACCT_198012,9.439213878170177e-05,0
ACCT_198014,0.00011945863985108613,0
ACCT_198031,0.0013749412461333487,0
ACCT_198033,0.03772511127441358,0
ACCT_198044,0.001615589294259208,0
ACCT_198064,0.0038196729868602256,0
ACCT_198101,0.0002393156060023092,0
ACCT_198108,2.6627188006384777e-05,0
ACCT_198119,0.0014117224786498223,1
ACCT_198165,0.0005333844652695043,0
ACCT_198203,0.0006295808357670019,0
ACCT_198204,0.0022026793201641503,0
ACCT_198205,0.00015008519581675674,0
ACCT_198225,0.00022917037272282404,0
ACCT_198248,0.002115066772216353,0
ACCT_198274,0.0017316297750147984,0
ACCT_198275,0.004212866934200768,0
ACCT_198295,9.311432476930744e-05,0
ACCT_198303,0.0008900050658323355,0
ACCT_198317,0.17829540980083336,0
ACCT_198336,0.0023992989123291634,0
ACCT_198344,0.15729970898780668,0
ACCT_198349,4.222049434423001e-05,0
ACCT_198356,0.00034770224938685646,0
ACCT_198364,0.004371764530223305,0
ACCT_198373,0.0031198918516548387,0
ACCT_198380,0.0006875094962523563,0
ACCT_198389,0.02038191679937581,0
ACCT_198391,0.001995053504171996,0
ACCT_198394,0.00021508001679873675,0
ACCT_198401,0.0032483088042475723,0
ACCT_198436,0.000150150488557664,0
ACCT_198449,0.00014874242269612804,0
ACCT_198467,0.002666314236445892,0
ACCT_198494,0.0006291834982273838,0
ACCT_198496,0.0010329186760978948,0
ACCT_198504,8.793338651008476e-05,0
ACCT_198509,0.0006093662587122897,0
ACCT_198514,0.00026606112680323187,0
ACCT_198520,0.0004670224744592868,0
ACCT_198526,0.009487103523599334,0
ACCT_198528,0.00026177598733967915,0
ACCT_198539,0.0007921692383668826,0
ACCT_198541,0.0010570750751476437,0
ACCT_198546,0.014748134150112903,0
ACCT_198550,0.00010190282594829804,0
ACCT_198562,0.00041245573695270415,0
ACCT_198565,0.0029198175443629227,0
ACCT_198593,0.0003384144109310877,0
ACCT_198597,0.00024933180841609827,0
ACCT_198603,6.32389189016938e-05,0
ACCT_198604,0.0006243459563566504,0
ACCT_198629,7.1859560960631e-05,0
ACCT_198638,0.10315593318317107,0
ACCT_198643,0.0023715758679973796,0
ACCT_198644,0.0005728699432602817,0
ACCT_198673,5.4403815207779476e-05,0
ACCT_198676,0.9865978962682762,0
ACCT_198682,0.0010042883299687568,0
ACCT_198683,0.001356819043996995,0
ACCT_198685,0.0010353423555644488,0
ACCT_198702,0.2871530893336062,1
ACCT_198705,0.0008725929773331402,0
ACCT_198713,0.0003084870906949537,0
ACCT_198717,0.00014819025443809465,0
ACCT_198742,5.229430472831431e-05,0
ACCT_198743,4.1488255464418154e-05,0
ACCT_198745,0.008161534193377638,0
ACCT_198750,0.0007174290218755321,0
ACCT_198763,0.03881011048823413,0
ACCT_198772,0.0010100295428882198,0
ACCT_198774,4.9054320502435194e-05,0
ACCT_198781,0.003030834198678121,0
ACCT_198789,6.301511478331468e-05,0
ACCT_198792,0.0057633166622577375,0
ACCT_198803,0.03229739371802455,0
ACCT_198811,0.000275885182428471,0
ACCT_198825,0.0003917012545505109,0
ACCT_198832,0.7028828094809384,0
ACCT_198835,0.00034776986116324303,0
ACCT_198868,0.0021415112573933133,0
ACCT_198882,0.003507200891569602,0
ACCT_198885,0.0015631504536011821,0
ACCT_198895,0.047703184828619925,0
ACCT_198913,0.0010459573053813445,0
ACCT_198947,0.00836832024301664,0
ACCT_198956,0.010944821605544653,0
ACCT_198969,0.05867855784258583,0
ACCT_198975,4.409533649545673e-05,0
ACCT_198976,0.0412080092553901,0
ACCT_198983,0.0002731582096877809,0
ACCT_199011,0.03238723481257437,0
ACCT_199032,0.02166678553139801,0
ACCT_199042,7.347853665637453e-05,0
ACCT_199046,9.96707882681016e-05,0
ACCT_199048,0.022968554780705315,0
ACCT_199050,0.003697368458517578,0
ACCT_199056,0.0002767499460254587,0
ACCT_199066,0.0013589758580958174,0
ACCT_199069,0.0007591616933141481,0
ACCT_199075,0.004908319877057894,0
ACCT_199103,0.01870923274804214,0
ACCT_199104,0.00043049630008231945,0
ACCT_199105,0.0005309199736611825,0
ACCT_199113,0.00027748320232910554,0
ACCT_199114,0.0005915400942600394,0
ACCT_199119,0.0017486083561330376,0
ACCT_199153,5.321749576692445e-05,0
ACCT_199161,0.0021652109966328525,0
ACCT_199172,0.00042845406830947997,0
ACCT_199177,0.00045543790574066037,0
ACCT_199183,0.002058706604439209,0
ACCT_199186,0.0003746189706811018,0
ACCT_199194,0.03545805527087241,0
ACCT_199221,0.0008769164507948719,0
ACCT_199224,0.0002969977433326261,0
ACCT_199240,0.00033096132673345,0
ACCT_199245,0.0011575359331242668,0
ACCT_199250,0.005972795117320757,0
ACCT_199252,0.00028610595245981825,0
ACCT_199262,0.0032478904462078526,0
ACCT_199271,0.001376124768845754,0
ACCT_199274,0.0002886238130454152,0
ACCT_199289,0.0004620082832765099,0
ACCT_199305,0.027136467343597495,0
ACCT_199309,0.0010070219629069396,0
ACCT_199333,0.0004348968250991806,0
ACCT_199336,0.0014960878775698134,0
ACCT_199352,0.0051783716203259765,0
ACCT_199353,0.001326034513041964,0
ACCT_199355,0.000524195146228941,0
ACCT_199369,0.0031406212328920053,0
ACCT_199383,0.0017649550683286619,0
ACCT_199394,0.001067459767627496,0
ACCT_199437,0.006320466431873876,0
ACCT_199457,3.6905652807148656e-05,0
ACCT_199459,0.044096980591721395,0
ACCT_199484,0.004959190345679377,0
ACCT_199505,3.8691457408876264e-05,0
ACCT_199512,0.0004880246879683111,0
ACCT_199516,0.002866298143091691,0
ACCT_199519,0.001247514540363446,0
ACCT_199537,8.964905152208198e-05,0
ACCT_199540,0.0002306449508532339,0
ACCT_199541,0.00041373767762221156,0
ACCT_199548,0.0001267356692551113,0
ACCT_199557,0.013299676456450528,0
ACCT_199564,0.003257033597537763,0
ACCT_199569,0.005493418489527723,0
ACCT_199582,0.006252396392871944,0
ACCT_199587,0.007644706176005871,0
ACCT_199604,0.005218865523076932,0
ACCT_199607,0.0005951862403221855,0
ACCT_199626,0.0006859616760985154,0
ACCT_199632,4.8247347135301516e-05,0
ACCT_199646,0.0003727153580083157,0
ACCT_199649,0.029334755972413737,0
ACCT_199657,0.00012436720168611235,0
ACCT_199660,0.00692291510515,0
ACCT_199672,0.00014096063597576628,0
ACCT_199675,0.00012138326337864454,0
ACCT_199689,0.00025615860048214153,0
ACCT_199690,4.9705301096822394e-05,0
ACCT_199692,4.044140291736356e-05,0
ACCT_199693,0.0006936911141545986,0
ACCT_199696,0.0003210976936724175,0
ACCT_199702,9.061046338004025e-05,0
ACCT_199704,0.0009413741707226726,0
ACCT_199711,0.0988719875542867,0
ACCT_199713,0.00863867419119966,0
ACCT_199719,1.3477076748603529e-05,0
ACCT_199724,0.0003216281234911983,0
ACCT_199727,0.1800576620917984,0
ACCT_199729,0.0009173064070415412,0
ACCT_199736,0.0013808916189042046,0
ACCT_199741,0.018866747983486063,0
ACCT_199742,0.0009316211146812226,0
ACCT_199743,0.004182526720801956,0
ACCT_199745,5.4012201058221555e-05,0
ACCT_199752,5.214338766892138e-05,0
ACCT_199772,0.0007008158999377316,0
ACCT_199784,0.00025712032712355525,0
ACCT_199795,0.00013923433816244777,0
ACCT_199796,2.001612233770978e-05,0
ACCT_199798,0.06130035227376908,0
ACCT_199799,0.00013733873841309513,0
ACCT_199802,6.0994005964640165e-05,0
ACCT_199804,0.00025489704080452097,0
ACCT_199826,0.0009353188637791398,0
ACCT_199835,0.0008815841105954653,0
ACCT_199859,0.00010533093250200118,0
ACCT_199868,0.00567471948814138,0
ACCT_199886,6.991186148871382e-05,0
ACCT_199888,0.005726110967628691,0
ACCT_199907,0.0001474893781113886,0
ACCT_199924,0.031045778153523603,0
ACCT_199929,0.007220547007909594,0
ACCT_199935,0.0002589389821681538,0
ACCT_199942,0.0008106197166659803,0
ACCT_199949,0.00023944800717880954,0
ACCT_199952,8.58120670311772e-05,0
ACCT_199957,0.0004730663721814214,0
ACCT_199966,0.0590234470434601,0
ACCT_199971,0.06602792007541518,0
ACCT_199976,0.003336734141403489,0
ACCT_199989,0.00029016619088542207,0
ACCT_199992,0.0026818617923087557,0
ACCT_199996,0.00010595825430515608,0
ACCT_199998,5.126486591001602e-05,0
ACCT_200000,0.0009428954975410495,0
ACCT_200008,0.00016517153883374301,0
ACCT_200013,0.0001839245212754543,0
ACCT_200016,0.0007849292396313795,0
ACCT_200024,0.00013898627735023722,0
ACCT_200026,0.00031417085551413486,0
ACCT_200033,1.77670937694352e-05,0
ACCT_200034,0.008948482049502859,0
ACCT_200039,0.00012779955646923392,0
ACCT_200048,0.0005234415448059537,0
ACCT_200055,0.000542391784421674,0
ACCT_200062,0.0017772220968908985,0
ACCT_200075,0.00014744524532623034,0
ACCT_200076,0.00021136321198324276,0
ACCT_200083,0.00015936299178948344,0
ACCT_200085,0.00011003005222401776,0
ACCT_200105,7.471083451491216e-05,0
ACCT_200107,0.0004024634050512377,0
ACCT_200108,0.0033083095749825387,0
ACCT_200109,0.001446663631399624,0
ACCT_200110,0.0007525420667229188,0
ACCT_200112,0.0008142967046645419,0
ACCT_200123,0.002236658036668025,0
ACCT_200131,0.02505005908418013,0
ACCT_200136,0.003993652872765795,0
ACCT_200143,0.04345698758369171,0
ACCT_200161,0.00042756149670370575,0
ACCT_200165,0.0001231923917104382,0
ACCT_200166,0.00011143856941713179,0
ACCT_200173,0.0008307033873545301,0
ACCT_200176,0.0006265799823470112,0
ACCT_200179,0.00020206271009096704,0
ACCT_200183,8.224258132477497e-05,0
ACCT_200189,0.004031451281242848,0
