tree
version=v4
num_class=1
num_tree_per_iteration=1
label_index=0
max_feature_idx=30
objective=binary sigmoid:1
feature_names=tx_count_7d tx_count_30d tx_amount_30d debit_credit_ratio_7d peak_daily_tx tx_velocity_zscore fan_in_unique fan_out_unique counterparty_entropy repeat_cp_ratio hub_score round_amount_pct channel_entropy night_tx_ratio structuring_rate salary_cycle_pct weekend_tx_ratio dormancy_days active_lifespan_days avg_amt_first30d activity_burst_zscore kyc_compliant_flag kyc_doc_score customer_age account_age_days multi_account_flag mobile_update_flag credit_to_balance_ratio debit_spike_flag mule_pattern_score product_count
feature_infos=[1:446] [1:4482] [-389408.52000000002:38604964.090000004] [-22400:997500] [1:239] [0:7.3671579785015462] [1:86] [1:101] [-1.4426951601859516e-10:7.0266579352036818] [0:0.99980003999200162] [0.0058139534883720001:0.95930232558139539] [0:1] [-1.4426951601859516e-10:3.4182958324675252] [0:1] [0:0.96428571428571441] [0:1] [0:1] [0:3351] [0:1823] [-20035.73:853094.67000000004] [0:7.3671579785015462] [0:1] [0:3] [18.496919917864481:80.492813141683783] [10:3650] [0:1] [0:1] [-67474.899999999994:22472663.57] [0:1] [0:7] [1:4]
tree_sizes=3354 1893 3053 2333 3057 2847 2239 2777 2761 2668 3380 3382 3376 3412 3397 3396 3398 3390 3414 3405 3405 3406 3408 3411 3407 3404 3400 3379 3407 3367 3379 3417 3411 3422 3420 2796 3431 3416 3405 3402 3411 3415 3407 3401 3305 3424 3411 3421 3436 3434 3415 3393 3300 3393 3396 3416 3433 3437 3431 3433 3422 3416 3438 3425 3431 3403 3409 3408 3379 3401 3438 3424 3414 3444 3412 3414 3407 3433 3407 3428 3399 2561 2362 3398 3398 3434 3436 3431 3445 3454 3422 3443 3214 3437 3455 3423 3420 3405 3426 3435 3429 2819 2799 3408 2702 3415 2991 3411 2884 3105 2886 2788 2995 2678 3209 3442 3436 3442 3432 3452 3444 3422 3437 2687 3427 3449 2793 3439 2860 3016 3410 2460 2755 3418 3398 3431 3218 3309 3414 2485 3417 3427 2760 3415 3425 3440 3448 3423 3430 3427 3384 3453 3446 3453 3419 2893 3436 3104 2868 3428 3416 3433 3002 3423 2251 3439 3412 3328 2493 2697 3434 3435 3462 3454 3444 3436 3434 3414 3089 3435 3232 3433 3425 3339 3404 3410 3419 3411 3290 3423 3434 3435 2379 2881 3426 3396 3450 3434 3206 3429 3454 3440 3440 3449 3438 3424 3418 3414 3430 3415 2688 2793 3430 3333 2698 3444 3441 3417 2785 3443 3414 2910 3427 3417 3442 2691 2580 3444 2872 3416 3433 3440 3420 3412 3439 3434 3414 3431 3434 3438 3111 3438 3298 3086 3227 3449 3423 3455 3467 3434 3441 3414 3444 2907 3100 3436 3426 3427 3421 3432 2332

Tree=0
num_leaves=31
num_cat=0
split_feature=10 9 24 14 6 18 11 10 11 14 18 7 11 6 5 17 16 11 19 5 2 22 14 12 1 17 11 18 26 1
split_gain=155767 56044.4 39653.8 26108.8 20299.4 18791.9 12909.8 11460.2 11381.9 11829.8 11108.5 10536.2 19047 8435.48 8434.32 9282.88 7365.25 7168.9 6577.64 6392.22 5887.66 5872.47 5716.43 6074.5 5344.1 5138.33 4226.47 3970.76 3700.09 3166.06
threshold=0.20058139534883718 0.97837774661056576 450.50000000000006 0.019672342621259005 28.500000000000004 1.0000000180025095e-35 0.10031446540880502 0.072674418604651167 0.1718563544152745 0.16542288557213927 371.50000000000006 7.5000000000000009 0.17701232163272215 15.500000000000002 2.5074067043251591 6.5000000000000009 0.19436178197712919 0.12165737165737162 2000.0600000000002 2.0409012226547243 12314.530000000001 1.5000000000000002 0.0027210934723373502 2.6599178741139125 3.5000000000000004 2.5000000000000004 0.16093922216973702 192.50000000000003 1.0000000180025095e-35 2.5000000000000004
decision_type=2 2 2 2 2 2 2 2 2 2 2 2 2 2 2 2 2 2 2 2 2 2 2 2 2 2 2 2 2 2
left_child=2 8 6 5 14 -4 25 -5 13 18 19 16 -13 26 22 21 -7 -9 -10 -8 -19 -16 23 -3 -20 -1 -2 -27 -21 -15
right_child=1 4 3 7 -6 11 10 17 9 -11 -12 12 -14 29 15 -17 -18 20 24 28 -22 -23 -24 -25 -26 27 -28 -29 -30 -31
leaf_value=-0.15464138378644687 -4.5489479770066534 -4.5510547996694148 -0.28209717470510398 -4.5512763085201424 -0.61381473978447643 -3.633995107557622 -4.0960148697426071 -0.54158222517016164 -4.5471355279330883 -4.5508561723275918 -1.0597221341445464 -2.7496215013282646 -4.3810261749757755 -1.3839078459615251 -0.8087333485179502 -4.5510020631347947 -4.5539013203854388 -4.5502104665422971 -0.55670499491279379 -4.5416487278743896 -1.7541516661695162 -4.5465610080954608 -4.5533773150776522 -1.7243536946689222 -3.0008822611337402 -1.3793644776123655 -0.71197269142358799 -4.5463698605040053 -0.38075869725764555 -0.16906721935715474
leaf_weight=13.247485397383572 1.8299297224730247 3.1401160918176201 4.129456363618373 3.3891597818583277 9.0710117164999229 48.990380784496665 9.7597212288528699 11.157395871356131 1.3318423423916161 2.9452123343944541 7.6559627261012784 57.473552111536264 25.990873027592897 7.0242341365665188 7.1362193729728443 3.0859761592000714 39.045719403773546 2.447124954313038 15.719971695914866 0.70381912402808611 7.966268964111805 1.2235624771565197 12.777024097740648 4.6888062916696072 2.8081538807600728 5.5912345442920914 1.0756760369986293 1.1910785175859926 2.0647281818091869 92.609584558755159
leaf_count=62 169 290 24 313 123 3631 812 137 123 272 171 3253 2311 202 123 285 3606 226 201 65 289 113 1180 165 170 159 10 110 12 512
internal_value=-2.25885 -1.08295 -3.07286 -3.36124 -2.69133 -3.57737 -1.64091 -1.85037 -0.557181 -1.59602 -2.54994 -3.65916 -3.25683 -0.329245 -3.28971 -2.20674 -4.04164 -1.42752 -1.15953 -3.48106 -2.40589 -1.35044 -3.89969 -2.84505 -0.916825 -0.73937 -3.05124 -1.92881 -1.40473 -0.25145
internal_weight=407.271 166.467 240.804 200.59 41.1227 175.63 40.214 24.9599 125.345 22.8052 20.1842 171.501 83.4644 102.539 32.0517 11.4458 88.0361 21.5708 19.86 12.5283 10.4134 8.35978 20.6059 7.82892 18.5281 20.0298 2.90561 6.78231 2.76855 99.6338
internal_count=19119 3938 15181 13790 2279 12825 1391 965 1659 766 1060 12801 5564 893 2156 521 7237 652 494 889 515 236 1635 455 371 331 179 269 77 714
is_linear=0
shrinkage=1


Tree=1
num_leaves=17
num_cat=0
split_feature=10 25 27 8 24 3 13 8 8 27 1 8 14 12 9 12
split_gain=1816.23 2247.17 2245.92 1830.12 2519.4 1734.11 1530.99 1161.19 213.024 185.078 163.918 637.622 432.887 107.24 302.532 109.432
threshold=0.17732558139534882 1.0000000180025095e-35 3462714.2650000001 4.3632585927001015 1217.5000000000002 38331.200000000004 0.52272727272727282 2.1261214466220206 2.6501287461511782 1.4435719008132637 1.5000000000000002 3.9898569214791393 0.015180320313400102 2.6472965808784656 0.88013490725126486 2.7193005650055739
decision_type=2 2 2 2 2 2 2 2 2 2 2 2 2 2 2 2
left_child=1 2 3 5 -5 6 -1 -7 -2 -10 11 -11 -13 14 -12 -15
right_child=8 -3 -4 4 -6 7 -8 -9 9 10 13 12 -14 15 -16 -17
leaf_value=0.14540269417807461 0.24523457573146457 0.97240076560375188 1.604812181562641 0.16308969530742212 0.80306050421358932 1.7250501139568077 1.1643687795539057 0.48921211034225875 -0.072160126656213214 0.63746088521253941 0.10332488470159762 -0.066610090121110174 0.16411451513750203 0.13184793571449782 0.03918393421068541 0.10319566044762066
leaf_weight=1234.9822053369135 27.214269878342748 8.6978579135611636 2.6249846685677758 37.109013455919921 26.273439941927791 2.4429935906082383 3.6009268239140502 8.1895315637812001 14.623292268253861 6.4243563422933212 957.91592833865434 23.353344677016139 153.0054906019941 450.89012246113271 228.04307206720114 1318.9115370437503
leaf_count=14020 12 34 37 36 13 12 39 76 210 30 523 283 153 736 1672 1233
internal_value=0.126418 0.175637 0.17029 0.167296 0.429298 0.153965 0.148463 0.787059 0.105922 0.104711 0.105539 0.151592 0.133513 0.102684 0.0910001 0.110505
internal_weight=4504.3 1323.92 1315.22 1312.6 63.3825 1249.22 1238.58 10.6325 3180.38 3153.17 3138.54 182.783 176.359 2955.76 1185.96 1769.8
internal_count=19119 14267 14233 14196 49 14147 14059 88 4852 4840 4630 466 436 4164 2195 1969
is_linear=0
shrinkage=0.05


Tree=2
num_leaves=28
num_cat=0
split_feature=10 24 24 17 8 14 8 15 18 12 11 2 12 2 2 11 9 17 8 23 16 17 1 11 2 11 10
split_gain=1002 779.394 1076.56 1815.67 1688.34 1107.76 2064.08 915.109 1484.94 1046.48 390.498 2076.09 299.083 267.955 197.008 217.554 191.611 188.872 174.434 158.919 148.454 125.649 96.2993 275.285 152.435 59.144 0.136448
threshold=0.17732558139534882 553.50000000000011 786.50000000000011 430.50000000000006 4.3632585927001015 0.0057489625794131501 1.5847915159922179 0.90000000000000013 1539.5000000000002 2.4856974433416918 0.29449472096530921 2432.8300000000004 3.0336206456189534 19.080000000000002 1342.4500000000003 0.087194107864100714 0.98918887330528293 43.500000000000007 2.6501287461511782 70.373716632443546 0.19322852697944812 36.500000000000007 3.5000000000000004 0.17361310471815933 1419.1400000000001 0.30053763440860221 0.20058139534883718
decision_type=2 2 2 2 2 2 2 2 2 2 2 2 2 2 2 2 2 2 2 2 2 2 2 2 2 2 2
left_child=1 10 3 5 7 6 -3 9 -9 -4 16 -12 -7 20 15 -15 17 21 -16 -5 -2 -1 24 -24 -20 -13 -17
right_child=13 2 4 19 -6 12 -8 8 -10 -11 11 25 -14 14 18 26 -18 -19 22 -21 -22 -23 23 -25 -26 -27 -28
leaf_value=0.10134891150139291 0.41210512146949685 0.066613003253430642 0.021883429850464237 0.55426593187159845 0.36472425352780463 0.034617491282272032 0.35543372765135639 -0.051734572979136639 1.5219862463246834 0.19795651561859684 1.6008033371043238 0.17317357842761272 0.29505335465782134 0.091916410670321191 0.22272925754941758 -0.053126234393349459 -0.063944470285283356 -0.061495213369943805 0.27343277680818412 0.88564516529853066 0.16878368282027503 0.20077980901691941 0.093400936786959377 -0.0062254747001495537 0.10435880519407809 -0.050372257971654656 -0.071672949072709477
leaf_weight=524.75510368309915 9.5160960499197262 89.928163301199675 263.08581533189863 7.3204853283241418 64.010432239621878 83.25272554717958 198.80381292290986 3.1112199034541836 2.7708129845559597 124.2172785140574 2.6323490571230677 18.483301547355953 12.626856516115366 48.1957076350227 28.44005308393389 5.0070726200938216 17.737304952926934 16.950979991815984 13.406716264784334 9.5210833605378848 19.185542778111994 33.975564391352236 1190.1409002589062 73.515157174319029 1819.7842453951016 3.4338089069351545 31.693452078849077
leaf_count=973 11 825 5519 62 21 793 3259 121 7 1847 42 3 7 35 12 129 319 245 10 19 37 42 1492 1275 1512 163 339
internal_value=0.114309 0.148457 0.179288 0.239056 0.126755 0.216655 0.265549 0.0879185 0.701803 0.0784037 0.105587 0.300781 0.0692394 0.0987359 0.0973672 0.0221083 0.0974544 0.102446 0.0994092 0.746022 0.250782 0.107439 0.0982679 0.087601 0.105613 0.137853 -0.0694297
internal_weight=4715.5 1476.62 858.649 401.453 457.196 384.612 288.732 393.185 5.88203 387.303 617.968 24.5495 95.8796 3238.88 3210.18 84.8962 593.419 575.682 3125.29 16.8416 28.7016 558.731 3096.85 1263.66 1833.19 21.9171 36.7005
internal_count=19119 14267 12480 4965 7515 4884 4084 7494 128 7366 1787 208 800 4852 4804 503 1579 1260 4301 81 48 1015 4289 2767 1522 166 468
is_linear=0
shrinkage=0.05


Tree=3
num_leaves=21
num_cat=0
split_feature=10 1 27 1 19 6 19 9 13 2 2 13 8 12 1 16 27 1 11 10
split_gain=490.732 553.112 720.65 529.503 522.553 515.001 782.126 507.947 394.133 163.081 169.815 199.633 149.897 99.0405 79.8132 251.273 92.6951 1.29955 0.243793 0.0475882
threshold=0.17732558139534882 15.500000000000002 1487630.0000000002 1.5000000000000002 58059.270000000011 10.500000000000002 4693.0848611111123 0.93231791113147044 0.52272727272727282 19.080000000000002 1342.4500000000003 0.034286833855799302 2.6501287461511782 2.2915773145392087 3.5000000000000004 0.17814319667260847 4.204660630552266 5.5000000000000009 0.10031446540880502 0.20058139534883718
decision_type=2 2 2 2 2 2 2 2 2 2 2 2 2 2 2 2 2 2 2 2
left_child=1 2 3 4 8 7 -7 -5 -1 13 11 17 -12 -2 16 -16 -14 -11 -3 -13
right_child=9 18 -4 5 -6 6 -8 -9 -10 10 12 19 14 -15 15 -17 -18 -19 -20 -21
leaf_value=-0.0021175505813283788 0.31863966755275169 -0.090057512517454419 0.4458748125069274 0.13296880073359793 0.39412537986719776 0.22515272135394407 0.080710974512183661 0.035943599868303006 0.28381585057464209 0.077906289152256641 0.20633264312948851 -0.05283057698336957 0.022991429222955662 0.13751862077885665 -0.074714550752644424 0.085785217691366419 0.10062680270772602 0.098058905486345882 -0.057627459029246611 -0.070136279040315913
leaf_weight=146.12234696745872 11.860529631376265 1.4316520988941182 17.872388776391745 801.88566480390728 9.9003104418516141 311.73362305667251 134.39130464103073 162.4578745374456 13.03194624558091 25.560211836360395 29.152196768671274 4.7676470475271335 39.520068653859198 21.782322952523828 24.766249269247055 1247.3403575345874 1817.9747063303366 22.581722259521484 37.739551383070648 30.97000390663743
leaf_count=2636 2 6 37 6816 39 1206 498 2223 4 49 12 125 205 46 417 2350 1317 1 802 328
internal_value=0.103868 0.126242 0.130795 0.127199 0.0435034 0.137223 0.18168 0.116634 0.0214275 0.0926862 0.0915415 0.0212187 0.0934066 0.202275 0.0923465 0.0826509 0.0989791 0.0876465 -0.0591664 -0.068121
internal_weight=4912.84 1636.57 1597.4 1579.52 169.055 1410.47 446.125 964.344 159.154 3276.28 3242.63 83.8796 3158.75 33.6429 3129.6 1272.11 1857.49 48.1419 39.1712 35.7377
internal_count=19119 14267 13459 13422 2679 10743 1704 9039 2640 4852 4804 503 4301 48 4289 2767 1522 50 808 453
is_linear=0
shrinkage=0.05


Tree=4
num_leaves=28
num_cat=0
split_feature=6 8 23 23 13 7 23 18 17 5 27 5 5 2 29 8 2 2 11 29 12 2 18 24 14 24 24
split_gain=245.698 628.504 412.582 379.951 936.832 561.062 535.644 461.699 524.837 162.301 154.586 147.212 252.998 127.847 126.072 241.824 186.873 107.725 102.507 88.6853 247.051 92.3933 82.2963 43.4144 0.304025 0.248045 0.190442
threshold=14.500000000000002 2.1261214466220206 22.867898699520882 24.592744695414105 0.10449192198165451 3.5000000000000004 32.644763860369615 1710.5000000000002 351.50000000000006 2.0409012226547243 1.4435719008132637 1.7935336973832985 1.7888543519998328 701057.22500000021 1.0000000180025095e-35 3.8630770068093625 6.8500000000000005 3000.6100000000001 0.14305019305019304 1.5000000000000002 2.6315162608209213 3000.6100000000001 1794.5000000000002 195.50000000000003 0.022814018043025654 450.50000000000006 450.50000000000006
decision_type=2 2 2 2 2 2 2 2 2 2 2 2 2 2 2 2 2 2 2 2 2 2 2 2 2 2 2
left_child=2 -2 13 4 11 -6 9 8 -8 25 -3 12 -4 26 15 17 -17 -12 -11 20 -16 -21 -7 -13 -9 -5 -1
right_child=1 10 3 6 5 22 7 24 -10 18 14 23 -14 -15 19 16 -18 -19 -20 21 -22 -23 -24 -25 -26 -27 -28
leaf_value=-0.071573830134325098 0.54429402408245986 -0.071920604973911381 0.1380067474004168 -0.070658763454883311 0.98691934023571304 0.27768623465490955 0.11199970191037814 -0.053625888118489763 0.21130763439555073 0.07776889052522451 0.40518684932241017 0.1715723258848002 0.45669744898531195 0.086176469364976804 -0.018872987896315276 0.24245900996254852 0.035917865486574094 0.19440000512978017 -0.055191297283608054 0.042365221910445949 0.087427845123608988 0.090468767435730957 0.48520176921287866 0.08544685271358142 -0.073468368436491738 -0.057206754970246354 -0.055636890605851946
leaf_weight=6.2828438859432927 7.4403694979846469 15.118407803587614 22.025818412192166 11.808455495163797 4.2476615980267551 13.387762289494276 1178.9470670800656 31.930389627814293 150.22116551734507 78.468134448863566 9.6844246108084935 18.583733489736915 8.711572879925372 23.142137286253273 74.292518300935626 14.716318733990191 42.472839669324458 17.486055480316281 17.654602617025375 104.15820490662009 205.63956722430885 2823.7746002124622 8.2531035579741001 73.810637287795544 4.6918635182082644 34.059593273326755 38.786596864461899
leaf_count=76 6 211 131 149 29 94 8698 812 1401 211 7 2 3 16 749 3 445 44 462 441 547 2513 2 145 61 927 934
internal_value=0.0960703 0.0880912 0.111394 0.116356 0.192582 0.465555 0.108806 0.118415 0.123242 0.0163252 0.087047 0.134817 0.22968 -0.00903871 0.0877807 0.148233 0.0894842 0.270925 0.0532645 0.0861848 0.0592016 0.0887607 0.358923 0.102991 -0.0564973 -0.0609248 -0.0581228
internal_weight=5039.8 3314.78 1725.01 1656.8 149.02 25.8885 1507.78 1365.79 1329.17 141.991 3307.34 123.132 30.7374 68.2116 3292.22 84.3596 57.1892 27.1705 96.1227 3207.86 279.932 2927.93 21.6409 92.3944 36.6223 45.868 45.0694
internal_count=19119 4966 14153 13127 406 125 12721 10972 10099 1749 4960 281 134 1026 4749 499 448 51 673 4250 1296 2954 96 147 873 1076 1010
is_linear=0
shrinkage=0.05


Tree=5
num_leaves=26
num_cat=0
split_feature=8 8 24 24 15 18 6 8 14 23 11 5 16 7 18 2 13 18 9 8 24 24 8 17 24
split_gain=479.099 771.515 842.424 913.918 984.565 821.998 488.341 3706.55 3256.1 2318.77 1873.46 2000.7 1862.36 344.554 320.599 308.029 245.994 237.387 206.916 171.85 134.136 1.5379 1.29677 0.262006 0.0988505
threshold=1.5847915159922179 2.3120690592282207 873.50000000000011 622.50000000000011 0.044949494949494906 692.50000000000011 15.500000000000002 4.8194190561928538 0.0057090427752085502 59.557837097878171 0.44722222222222224 2.9757010602942557 0.51470588235294124 7.5000000000000009 1539.5000000000002 937.19500000000005 0.52272727272727282 1.0000000180025095e-35 0.99882560147410138 3.3054806668694483 52.500000000000007 435.50000000000006 4.8194190561928538 4.5000000000000009 450.50000000000006
decision_type=2 2 2 2 2 2 2 2 2 2 2 2 2 2 2 2 2 2 2 2 2 2 2 2 2
left_child=14 2 3 16 5 -5 7 10 9 -9 12 -12 -3 -6 17 -8 24 -1 19 -17 -19 23 -20 -22 -2
right_child=1 6 -4 4 13 -7 15 8 -10 -11 11 -13 -14 -15 -16 18 -18 20 22 -21 21 -23 -24 -25 -26
leaf_value=0.081421068165944632 -0.066657787861785042 0.11078585717681087 -0.051666969002994813 0.41545642674775501 0.096553359516686463 0.97163704570251164 -0.068645889442929584 -0.049358042502265803 -0.058754072240344624 2.8347272627953815 -0.045877152017247375 2.4050853124319946 1.2874933997705664 0.36046368916736521 0.25056160429710334 0.1464033987379259 0.19709229151571089 0.076090901308119976 -0.056420787630111928 0.087010602782198798 -0.094301698099091322 -0.05269707718329595 -0.08595079605265922 -0.06537472059353501 -0.051306430970214846
leaf_weight=71.209343731403351 10.762096864171328 1449.5101326359436 25.072884375229478 28.7681730017066 29.329662936739624 8.7226059371605498 31.438677444122732 0.88775081094354336 2.6495067775249481 3.0309328129515052 1.507455517537891 1.7391899824142456 3.2721115089952937 21.508609995245934 14.553299325518308 127.24484512489289 17.021678924560547 23.251771239563823 11.656093359924855 3069.8263779403642 2.3255430981516865 82.739408168941736 8.8050209879875165 20.3195212893188 9.5013551479205471
leaf_count=19 172 9334 943 312 541 35 376 40 67 25 50 1 36 16 108 26 1 12 395 3642 33 2431 36 183 304
internal_value=0.0979963 0.101222 0.21261 0.265399 0.352955 0.547231 0.0976541 0.121661 1.29796 2.19514 0.116262 1.29821 0.113528 0.208795 0.0248041 0.0868421 0.0574532 0.0082217 0.088365 0.0893805 -0.0322923 -0.0563026 -0.0697278 -0.0689668 -0.0599925
internal_weight=5076.65 4862.26 150.687 125.614 88.3291 37.4908 4711.57 1462.6 6.56819 3.91868 1456.03 3.24665 1452.78 50.8383 214.399 3248.97 37.2851 199.846 3217.53 3197.07 128.636 105.384 20.4611 22.6451 20.2635
internal_count=19138 16352 2324 1381 904 347 14028 9553 132 65 9421 51 9370 557 2786 4475 477 2678 4099 3668 2659 2647 431 216 476
is_linear=0
shrinkage=0.05


Tree=6
num_leaves=20
num_cat=0
split_feature=9 8 16 29 17 12 12 27 2 17 23 27 10 17 7 30 6 8 17
split_gain=415.955 399.464 392.585 444.423 432.705 409.636 435.796 323.018 320.342 263.79 240.803 215.273 199.143 117.508 17.8332 11.0021 3.77626 1.28232 0.342394
threshold=0.99882560147410138 1.5847915159922179 0.059411764705882351 1.0000000180025095e-35 80.500000000000014 1.4496415490619237 1.4598162987373697 247.83712217947763 700.2600000000001 78.500000000000014 69.329226557152651 0.0010035466043956502 0.0087209302325580509 1.0000000180025095e-35 10.500000000000002 1.5000000000000002 10.500000000000002 4.8194190561928538 7.5000000000000009
decision_type=2 2 2 2 2 2 2 2 2 2 2 2 2 2 2 2 2 2 2
left_child=1 11 3 4 9 16 7 -7 -8 -3 -5 -1 15 -14 -12 -13 18 -2 -4
right_child=17 2 5 10 -6 6 8 -9 -10 -11 14 12 13 -15 -16 -17 -18 -19 -20
leaf_value=0.18907730600937145 -0.058306514488499765 0.27659253934467748 -0.073960933472455276 -0.054571950314435569 -0.052651690486336916 -0.048596895369833783 0.020796736984023678 0.6166905484864611 0.094924057165655537 0.61038903129529254 0.12271533202509322 0.048301024483390895 0.067393770127379612 -0.056148440875746844 0.19220470673176221 0.088752972091758101 -0.09778596795125255 -0.082881539848182612 -0.053474920129527426
leaf_weight=17.958102737553418 34.949759680777788 53.788241160102189 4.733017277903854 21.201176472008228 9.1890260223299247 2.4650008892640454 150.73086707433686 6.6340663926675916 4628.4631056506187 6.6969405338168135 23.565822671167552 28.734536158852279 23.971887610852718 95.589631018228829 17.306060791015625 44.949229581281543 7.5061133252456775 8.6813153922557813 29.17852408438921
leaf_count=90 795 176 81 437 187 69 1686 7 11866 4 91 88 68 2505 1 9 40 36 902
internal_value=0.0900623 0.0913597 0.0942269 0.179427 0.266069 0.091898 0.093253 0.437347 0.0925877 0.31458 0.0818239 0.0239695 0.00851049 -0.031301 0.152658 0.0731325 -0.064476 -0.0634889 -0.0566902
internal_weight=5216.29 5172.66 4961.46 131.747 69.6742 4829.71 4788.29 9.09907 4779.19 60.4852 62.0731 211.203 193.245 119.562 40.8719 73.6838 41.4177 43.6311 33.9115
internal_count=19138 18307 15547 896 367 14651 13628 76 13552 180 529 2760 2670 2573 92 97 1023 831 983
is_linear=0
shrinkage=0.05


Tree=7
num_leaves=25
num_cat=0
split_feature=8 3 3 6 17 14 6 8 18 12 2 18 18 3 8 24 3 14 10 24 24 11 11 17
split_gain=331.965 291.936 2532.31 4005.69 596.055 418.663 361.408 548.613 911.635 365.579 213.924 196.977 202.787 126.863 122.791 119.236 103.63 91.514 1.70162 2.50344 1.19515 0.372043 0.319399 0.230211
threshold=1.5847915159922179 15.73497170695955 8.3820002225766981 24.500000000000004 670.50000000000011 0.0024052925113394008 16.500000000000004 4.5123305714804598 413.50000000000006 2.5935206890718536 937.19500000000005 1539.5000000000002 1.0000000180025095e-35 0.0036244445074080501 1.9992950458351484 52.500000000000007 152846.49500000002 0.0075783681055906502 0.20058139534883718 450.50000000000006 435.50000000000006 0.17214152313758044 0.10285398744478026 4.5000000000000009
decision_type=2 2 2 2 2 2 2 2 2 2 2 2 2 2 2 2 2 2 2 2 2 2 2 2
left_child=11 2 6 4 -4 18 7 9 -9 -2 -8 12 -1 -12 -7 -14 17 -16 19 22 23 -20 -3 -17
right_child=1 5 3 -5 -6 14 10 8 -10 -11 13 -13 15 -15 16 20 -18 -19 21 -21 -22 -23 -24 -25
leaf_value=0.075102665080579611 0.078603355380320553 -0.10500144911505771 -0.067760736941479771 1.9971447616790385 0.58310834215020058 0.19962537553452184 -0.068614142518264365 0.56028048766517791 0.15176563694933909 0.13003771915312834 0.030936033298726868 0.17659368451045576 0.071174946082216958 0.081025126252549387 -0.0045067989158573589 -0.092269529812089968 0.17914418349798861 0.066793326570444247 -0.090841924137231078 -0.055022972384184236 -0.052456794693990394 -0.06934352968240097 -0.07284326080583986 -0.063946075456219262
leaf_weight=69.957101583480835 1064.2387189855799 3.5227583264932019 6.9253888269886392 4.2819892968982449 6.9842026550322771 17.034865230321884 24.803149441257119 14.482103318907319 222.62103373277932 512.94529950246215 133.41412255447358 18.838427294977009 22.636998681351542 2591.0568314567208 51.954300706274807 2.2836184632033136 18.190503986552358 329.54449338186532 11.584227622486653 33.391043617390096 76.07107228692621 9.32277421094477 6.1975264586508274 19.214277503080666
leaf_count=19 8718 19 123 24 2 37 297 16 191 2026 553 108 12 2341 514 33 13 569 100 592 2431 108 109 183
internal_value=0.0846027 0.0871525 0.0910438 0.678251 0.260522 0.0500453 0.0886871 0.106021 0.176964 0.0953416 0.0772432 0.0228047 0.00745852 0.0785754 0.0683397 -0.0318969 0.0626832 0.0570716 -0.068884 -0.0622963 -0.0559103 -0.0818692 -0.0859575 -0.0675995
internal_weight=5271.5 5062.5 4581.75 18.1916 13.9096 480.742 4563.56 1814.29 237.103 1577.18 2749.27 209.001 190.163 2724.47 416.724 120.206 399.689 381.499 64.0183 43.1113 97.569 20.907 9.72028 21.4979
internal_count=19138 16352 14291 149 125 2061 14142 10951 207 10744 3191 2786 2678 2894 1133 2659 1096 1083 928 720 2647 208 128 216
is_linear=0
shrinkage=0.05


Tree=8
num_leaves=25
num_cat=0
split_feature=9 2 11 2 24 17 8 2 14 5 16 1 27 8 13 8 18 18 2 24 13 6 1 10
split_gain=368.64 292.892 408.052 308.322 300.754 1754.25 267.09 322.036 331.234 460.047 407.447 325.651 293.652 192.407 284.025 184.911 172.842 168.782 149.785 114.4 17.4814 1.53832 0.353355 0.101355
threshold=0.99882560147410138 10378.020000000002 0.33072916666666669 2154.6200000000003 3301.5000000000005 1537.5000000000002 1.5847915159922179 12316.455000000002 0.0035603033308720506 2.9757010602942557 0.18335475578406166 5.5000000000000009 0.11379012198003587 3.2189606473413233 0.52272727272727282 3.2619278417372266 1539.5000000000002 1.0000000180025095e-35 12314.530000000001 52.500000000000007 0.30384615384615393 28.500000000000004 1.5000000000000002 0.20058139534883718
decision_type=2 2 2 2 2 2 2 2 2 2 2 2 2 2 2 2 2 2 2 2 2 2 2 2
left_child=1 2 4 22 13 -6 16 11 9 -9 -10 12 -8 14 -1 -15 17 -3 -13 -19 -5 -2 -4 -7
right_child=21 6 3 20 5 23 7 8 10 -11 -12 18 -14 15 -16 -17 -18 19 -20 -21 -22 -23 -24 -25
leaf_value=-0.059739272523323408 -0.058473373214622627 0.072302760980943015 -0.052950415018577439 0.27086905077852358 1.2453528177214441 -0.055716722625593219 -0.055922724081258958 -0.016349347232425007 -0.076103443301376195 0.14247072538838268 0.08503569662676258 0.18639372516474229 0.099570645494234167 0.15730623166676377 0.14840182501078888 0.045632701600404273 0.16993372202905685 0.073782095318822655 0.43810872578624815 -0.055507106021720071 0.36822255874711624 -0.084970442635730323 -0.092747327547152064 -0.079793096199075986
leaf_weight=86.17566199041903 36.045887026935816 69.05927811563015 5.4511321363970664 13.617247921414673 3.3800591463223091 5.5466213924810273 30.641812132671475 201.64004789758474 40.213342047296464 58.801053955219686 1450.3804612746462 17.977648007683456 2460.1182714514434 39.300829645246267 20.128324639052153 644.68127647181973 19.120050230994821 21.495823718607426 9.0366926193237322 81.982363081537187 10.51266731787473 8.5243215113878232 1.4253285899758337 3.8929179986007512
leaf_count=1980 795 19 117 58 13 117 711 1990 567 152 1932 68 5025 80 2 3010 57 6 1 2328 8 36 19 47
internal_value=0.0791894 0.0803955 0.0531731 0.230917 0.0462766 0.285665 0.0854837 0.0880768 0.0715896 0.01953 0.0806803 0.0995378 0.0976536 0.0423514 -0.020179 0.0520787 0.0276848 0.011803 0.272086 -0.0285559 0.314834 -0.0638319 -0.0631273 -0.0669024
internal_weight=5339.15 5294.58 834.112 31.0064 803.106 12.8196 4460.47 4268.81 1751.03 260.441 1490.59 2517.77 2490.76 790.286 106.304 683.982 191.658 172.537 27.0143 103.478 24.1299 44.5702 6.87646 9.43954
internal_count=19138 18307 5451 202 5249 177 12856 10446 4641 2142 2499 5805 5736 5072 1982 3090 2410 2353 69 2334 66 831 136 164
is_linear=0
shrinkage=0.05


Tree=9
num_leaves=24
num_cat=0
split_feature=9 8 9 12 18 24 8 6 6 23 8 23 27 18 24 18 13 23 10 4 10 6 24
split_gain=330.149 248.853 254.287 364.692 371.666 933.312 363.082 346.354 430.853 474.101 300.002 211.802 142.135 118.414 105.353 72.4181 47.5676 99.7759 41.9196 12.0079 5.3339 1.17629 0.59398
threshold=0.99882560147410138 1.5847915159922179 0.44543650793650796 2.5935206890718536 1710.5000000000002 2812.5000000000005 3.8738541574129033 15.500000000000002 14.500000000000002 74.532511978097219 3.8630770068093625 19.686516084873379 0.0017891463054638503 1.0000000180025095e-35 52.500000000000007 1539.5000000000002 0.055710738671632454 35.900068446269685 0.0087209302325580509 4.5000000000000009 0.20058139534883718 28.500000000000004 435.50000000000006
decision_type=2 2 2 2 2 2 2 2 2 2 2 2 2 2 2 2 2 2 2 2 2 2 2
left_child=1 12 7 4 5 -4 10 8 9 -3 -5 -8 15 -14 -15 18 17 -9 -1 -18 -6 -2 -16
right_child=21 2 3 6 20 -7 11 16 -10 -11 -12 -13 13 14 22 -17 19 -19 -20 -21 -22 -23 -24
leaf_value=0.081205051402175918 -0.058091728447825411 0.094048686472958054 0.05021798434461832 0.11087974486508011 -0.058916878324493251 0.39627658959869183 0.26610601037209897 -0.10159827958150905 0.34097188639969495 0.20718590695276728 0.38456372480610129 0.068266017110255248 0.065102426490783544 0.067991998571210119 -0.065102743491586193 0.17486227490066147 0.092226449177818415 0.066223425754110707 -0.06037795148034935 0.078283131862843594 -0.091197684249590669 -0.082231100391309611 -0.052303522438456942
leaf_weight=21.512813827022914 34.508123186416924 481.40362026449293 1242.512370754499 612.55067554768175 39.961882377974689 19.701352097094059 13.581400536000727 8.9700709544122201 22.004050658084452 114.84460310731083 10.113680354319511 1511.3046776726842 46.298329666256905 21.634394522756338 17.915591063909233 18.389767810702324 298.53065539896488 361.76494461018592 6.7745025698095551 356.13342858105898 21.289479913655668 8.3749563544988614 68.570690988563001
leaf_count=2 795 2552 7138 1771 723 199 40 95 19 287 26 2134 17 11 200 2 39 262 131 25 237 36 2397
internal_value=0.0748974 0.0760128 0.0781583 0.0704756 0.0498142 0.0556544 0.0832033 0.0943742 0.123953 0.11588 0.115394 0.0700487 0.0214069 -0.00169024 -0.0303714 0.0977651 0.0765248 0.0621231 0.0470281 0.0846621 -0.0703488 -0.0631028 -0.0550847
internal_weight=5358.65 5315.76 5114.67 3471.02 1323.47 1262.21 2147.55 1643.65 618.252 596.248 622.664 1524.89 201.096 154.419 108.121 46.6771 1025.4 370.735 28.2873 654.664 61.2514 42.8831 86.4863
internal_count=19138 18307 15547 12268 8297 7337 3971 3279 2858 2839 1797 2174 2760 2625 2608 135 421 357 133 64 960 831 2597
is_linear=0
shrinkage=0.05


Tree=10
num_leaves=31
num_cat=0
split_feature=11 29 18 8 8 15 17 1 19 22 8 10 19 19 23 30 23 11 11 25 4 22 27 6 17 17 10 10 14 11
split_gain=237.266 334.603 448.449 355.828 1132.62 335.226 377.402 296.693 213.644 202.221 170.457 248.438 145.104 128.344 992.222 231.361 126.297 118.561 109.329 110.294 104.572 93.4283 88.5335 50.9506 133.879 49.6609 30.1827 3.90327 3.36178 2.40323
threshold=0.050157232704402512 1.5000000000000002 1409.5000000000002 3.4186709875177446 3.3929543717218995 0.12012658227848101 1575.5000000000002 12.500000000000002 193.31750000000002 2.5000000000000004 3.6825651052209416 0.15406976744186049 64558.278928571439 1672.0250000000003 23.919233401779604 2.5000000000000004 61.685147159479818 0.15731751295776439 0.040270270270270254 1.0000000180025095e-35 3.5000000000000004 1.5000000000000002 2.6979242161139765 11.500000000000002 474.50000000000006 22.500000000000004 0.20639534883720928 0.20058139534883718 0.022814018043025654 0.10537419498112366
decision_type=2 2 2 2 2 2 2 2 2 2 2 2 2 2 2 2 2 2 2 2 2 2 2 2 2 2 2 2 2 2
left_child=13 2 7 4 5 -3 -7 8 -2 -10 -5 22 27 14 -1 16 20 -13 19 23 -16 -20 -12 24 -15 -18 -25 28 -4 -9
right_child=1 3 12 10 -6 6 -8 29 9 -11 11 17 -14 18 15 -17 25 -19 21 -21 -22 -23 -24 26 -26 -27 -28 -29 -30 -31
leaf_value=0.80657217661286207 -0.06048256891136651 -0.059958283785029987 -0.05581116769303749 -0.066901670821008549 0.89015170412134514 0.11868616645009158 0.45074349814486114 -0.11415557617944268 0.064860033310343526 -0.062345940616272015 -0.073032993596679599 0.072363920496337858 0.077667068710485093 0.066906441939032057 -0.070509251995802658 0.31627199571983577 0.088275106831967334 0.046659629332913351 0.17376242747275417 0.20401435524729902 0.073804326976202095 0.085299216107090389 0.13560025214845042 0.1005701247145844 -0.056452391826393146 0.17932825376118591 0.076511746612431278 -0.08469213174390125 -0.09220362211144513 -0.059633530293278919
leaf_weight=5.116740613244473 37.051431808620691 25.351073508150876 94.441746755503118 23.562923830002546 4.6741061061620703 244.14879145659506 8.7968560019507986 2.3739261329174033 1119.0040673161857 32.024587196297944 5.1704920353367916 1254.6942177340388 21.579078862443566 381.20638044923544 15.289292315021155 11.93791036121547 26.5095508787781 701.92997174803168 55.663958392105997 16.593688726425171 67.652851402759552 65.824172319844365 151.42927983961999 169.97992116399109 23.223007897846401 36.373316878452897 608.5744773298502 18.691603179089725 7.51477176696062 51.501112025231123
leaf_count=26 584 565 1686 313 25 839 32 10 7063 532 64 895 4 1758 184 5 70 2332 42 5 5 37 201 22 600 20 86 231 55 958
internal_value=0.0689089 0.0622851 0.0426642 0.0735045 0.126215 0.113051 0.130428 0.052297 0.0575041 0.0613114 0.0665162 0.0680093 -0.041393 0.0858799 0.127838 0.105296 0.087785 0.063148 0.0806936 0.0760927 0.0470889 0.125982 0.128638 0.074277 0.0597984 0.141223 0.081783 -0.0627761 -0.0586302 -0.0623356
internal_weight=5287.89 3803.94 1384.18 2419.76 282.971 278.297 252.946 1241.96 1188.08 1151.03 2136.79 2113.22 142.227 1483.95 162.88 157.763 145.825 1956.62 1321.07 1199.58 82.9421 121.488 156.6 1182.98 404.429 62.8829 778.554 120.648 101.957 53.875
internal_count=19249 16389 11123 5266 1461 1436 871 9147 8179 7595 3805 3492 1976 2860 310 284 279 3227 2550 2471 189 79 265 2466 2358 90 108 1972 1741 968
is_linear=0
shrinkage=0.05


Tree=11
num_leaves=31
num_cat=0
split_feature=9 12 18 12 12 11 15 12 8 11 23 8 10 23 12 11 12 15 11 9 7 14 8 9 12 7 19 14 3 10
split_gain=401.811 419.189 288.136 235.982 473.063 248.299 239.796 182.324 442.918 313.597 239.602 151.855 249.364 213.718 197.801 153.861 139.904 127.649 120.424 174.775 116.694 364.605 102.455 101.999 335.61 67.8413 59.7201 52.6576 44.3368 30.7544
threshold=0.37557339449541288 2.5935206890718536 1710.5000000000002 1.627173220899911 1.6645558116179004 0.23509672325305961 0.27055180180180188 2.52378771041128 4.8456129937700583 0.20621778350515463 56.992470910335399 3.8401870011413073 0.10174418604651156 75.299110198494205 2.6472965808784656 0.15535351873183043 2.6146506489016423 0.1441499941499941 0.16663960160225177 0.27353177795655675 20.500000000000004 0.013730049013447253 0.93144350770453521 0.11396103896103892 2.2516529081881687 3.5000000000000004 1085.3312500000002 0.36523199023199021 38331.200000000004 0.74709302325581406
decision_type=2 2 2 2 2 2 2 2 2 2 2 2 2 2 2 2 2 2 2 2 2 2 2 2 2 2 2 2 2 2
left_child=7 2 3 -2 5 -5 -6 9 10 18 -9 12 13 -3 15 -14 -13 -16 23 -20 21 -18 -11 26 -25 -21 -1 -22 -15 -10
right_child=1 11 -4 4 6 -7 -8 8 29 22 -12 16 14 28 17 -17 20 -19 19 25 27 -23 -24 24 -26 -27 -28 -29 -30 -31
leaf_value=0.12618832138095804 -0.058342289495387445 -0.05871782010527396 -0.070022787890599542 -0.058486574441647933 0.043540092731478325 0.30771362658042789 -0.067192919544726934 0.27030246212158837 0.068170038851059711 0.070415451099763257 0.1344887640519874 -0.088613231469106699 0.077164947618100055 0.04625581470135965 0.13930731187480014 0.18403275505563832 -0.068854088167861482 0.067598236396466171 -0.059077331448210146 0.23151495536332842 0.065802673534005471 0.073878143146766703 -0.058008839471625231 -0.076553549252041761 0.077339566234450818 0.11794221801442878 0.081834058682226318 0.11303449796583656 0.14924738002534832 0.11674152892494352
leaf_weight=83.810211648233235 59.062433331273496 47.709418617188931 63.002838944550604 5.6377557991072562 1206.3331943363883 24.529178623110056 50.83471610955894 53.235082484781742 215.05126619990915 21.470535010099411 84.857303615659475 15.337436457630245 49.424267986789346 22.346391226164997 79.956140709109604 108.47226839605719 66.301163057796657 281.95652636699378 8.610915180295704 30.829094436019659 1259.0828336058185 136.9783866526559 55.227572004310787 43.364338577724993 191.17880656011403 24.003910578787327 892.40531717892736 62.376682281494141 20.073854714632034 39.093005299568176
leaf_count=128 1368 1041 1020 83 6459 28 800 34 162 4 26 199 52 86 243 175 931 612 185 96 1514 115 1416 612 85 84 1683 3 2 3
internal_value=0.0652265 0.0555872 0.0343835 0.0392776 0.0437645 0.239144 0.0390535 0.0849023 0.114952 0.0761658 0.187039 0.0694823 0.0906225 0.0137638 0.103934 0.150683 0.0611013 0.0834886 0.0820768 0.149327 0.0626163 0.0272894 -0.0219483 0.0785367 0.0488447 0.182193 0.0856596 0.0680443 0.0953468 0.0757041
internal_weight=5302.55 3559.42 1409.4 1346.4 1287.33 30.1669 1257.17 1743.14 392.237 1350.9 138.092 2150.02 609.939 90.1297 519.809 157.897 1540.08 361.913 1274.2 63.4439 1524.74 203.28 76.6981 1210.76 234.543 54.833 976.216 1321.46 42.4202 254.144
internal_count=19249 14731 9758 8738 7370 111 7259 4518 225 4293 60 4973 2211 1129 1082 227 2762 855 2873 365 2563 1046 1420 2508 697 180 1811 1517 88 165
is_linear=0
shrinkage=0.05


Tree=12
num_leaves=31
num_cat=0
split_feature=9 12 18 12 12 15 12 8 11 23 7 8 15 3 15 9 2 7 8 11 9 9 12 29 9 12 12 10 5 11
split_gain=362.294 389.059 262.316 213.363 334.769 217.869 150.786 315.421 278.105 151.288 121.265 229.116 231.778 204.8 163.617 116.762 188.053 126.184 96.138 77.8647 134.481 86.3166 309.956 76.7953 62.7106 59.2229 41.5511 25.8817 8.52676 34.153
threshold=0.37557339449541288 2.5935206890718536 1710.5000000000002 1.627173220899911 1.6645558116179004 0.27055180180180188 2.52378771041128 4.8456129937700583 0.20621778350515463 56.992470910335399 8.5000000000000018 3.3131116006554975 0.14878492719401812 38331.200000000004 0.14119892231701844 0.99843871879875212 12643.150000000001 10.500000000000002 0.93144350770453521 0.16663960160225177 0.27353177795655675 0.11396103896103892 2.2516529081881687 2.5000000000000004 0.9546271485523824 0.81398360602640307 1.4598162987373697 0.74709302325581406 3.0151133707776387 1.0000000180025095e-35
decision_type=2 2 2 2 2 2 2 2 2 2 2 2 2 2 2 2 2 2 2 2 2 2 2 2 2 2 2 2 2 2
left_child=6 2 3 -2 23 -6 8 9 19 -8 13 12 14 -3 -12 17 -17 -13 -10 21 -21 25 -23 -5 -14 -1 -22 28 29 -9
right_child=1 10 -4 4 5 -7 7 27 18 -11 11 15 24 -15 -16 16 -18 -19 -20 20 26 22 -24 -25 -26 -27 -28 -29 -30 -31
leaf_value=0.046960971328388432 -0.058076482400066132 -0.05828454753106449 -0.069234020033743987 0.13588882793926979 0.04102731481368227 -0.066662816425040378 0.22691205212414137 0.070771703316303711 0.068363530354639698 0.12340387456899614 0.07595138427485168 0.14969771468106244 0.093622821851640239 0.12614631025907383 0.21917554575043072 0.11071139645199191 -0.067078785017847822 0.061649624071419253 -0.057799167595525419 -0.058733678980163823 0.19074171232821246 -0.075699469683000772 0.074804541138049838 0.2910037115825288 0.028723838152296812 0.086022071843477974 0.10553231439643365 0.11096144025915325 0.072063076678718238 -0.024903759588184651
leaf_weight=110.46211038623005 56.433031821623445 46.775844723917544 60.596807057969272 22.620316384360194 1215.9555282499641 48.731099842116237 60.057599091902375 38.997877612709999 21.023565486073494 87.782215500250459 29.452411543577909 41.762677354738116 177.22300121746957 22.071330763399601 63.455716140568256 22.858731174841523 42.121711746789515 1649.1009679688141 52.720225367695093 8.2382492963224632 35.454093226231635 41.704228525981307 187.86223309114575 12.762536048889158 47.559933230280876 863.11062793433666 25.410286100581288 39.077855840325356 159.18800898082554 12.103057655505834
leaf_count=462 1368 1100 1020 110 6459 800 34 4 4 26 89 83 31 15 24 15 768 2681 1416 185 90 612 85 1 167 1349 90 3 42 116
internal_value=0.0619304 0.0527772 0.0324416 0.0369921 0.0411268 0.0368689 0.0806135 0.107724 0.0726019 0.165611 0.0662239 0.0683914 0.107492 0.000865796 0.173957 0.0613083 -0.00438516 0.063836 -0.02172 0.0780743 0.129823 0.0750874 0.0474204 0.192642 0.0799325 0.0816006 0.155481 0.073333 0.0662673 0.0480093
internal_weight=5302.67 3559.48 1417.1 1356.5 1300.07 1264.69 1743.19 397.207 1345.99 147.84 2142.38 2073.54 317.691 68.8472 92.9081 1755.84 64.9804 1690.86 73.7438 1272.24 69.1026 1203.14 229.566 35.3829 224.783 973.573 60.8644 249.367 210.289 51.1009
internal_count=19249 14731 9758 8738 7370 7259 4518 225 4293 60 4973 3858 311 1115 113 3547 783 2764 1420 2873 365 2508 697 111 198 1811 180 165 162 120
is_linear=0
shrinkage=0.05


Tree=13
num_leaves=31
num_cat=0
split_feature=9 12 16 11 17 2 10 16 16 11 11 2 7 8 9 12 11 8 15 15 12 14 5 2 16 16 5 11 9 9
split_gain=332.465 360.953 202.401 209.714 674.8 195.65 171.972 199.149 150.757 189.494 178.845 176.584 151.931 228.323 144.415 127.929 247.961 232.973 126.526 126.487 125.806 122.77 116.171 96.3545 95.0828 59.9863 67.4875 51.7918 102.957 83.0407
threshold=0.37557339449541288 2.5898994260774146 0.10050505050505051 0.2245637385388938 20.500000000000004 22838.880000000005 0.061046511627906953 0.16925080128205128 0.19807227796358229 0.15586884598291442 0.15486043227978707 12316.455000000002 8.5000000000000018 3.7034651875097393 0.99442892613283684 2.52378771041128 0.20621778350515463 4.8456129937700583 0.11690309690309686 0.14784300456775504 2.271844807031322 0.071946169772256721 1.670841152286864 1000.5000000000001 0.90000000000000013 0.41801075268817206 1.3142023791759192 0.16663960160225177 0.27353177795655675 0.11396103896103892
decision_type=2 2 2 2 2 2 2 2 2 2 2 2 2 2 2 2 2 2 2 2 2 2 2 2 2 2 2 2 2 2
left_child=15 2 -2 4 5 -4 7 -5 9 10 11 -3 -10 22 19 16 25 18 -17 -11 -8 -6 -14 -15 -18 27 -27 29 -29 -1
right_child=1 8 3 6 21 -7 20 -9 12 14 -12 -13 13 23 -16 17 24 -19 -20 -21 -22 -23 -24 -25 -26 26 -28 28 -30 -31
leaf_value=0.08102600765841278 -0.061469597705360035 0.062930240402371204 0.055486601517236715 0.18595393652867923 -0.067091825239839184 -0.0037577549129924797 0.067559129124662692 -0.053163477282435805 -0.059451402744944905 -0.077499656137319184 0.1666093328512383 -0.079368958182434529 -0.067427459078968549 -0.070234242112301559 -0.064964341667871892 0.11120932262090451 -0.058452456647966777 0.071205836840682102 0.20327709893181176 0.045244426689176429 -0.068255231547153059 0.060227009979399532 0.11338888720127038 0.064018857122190506 0.068998603466544337 -0.05674539420301207 0.059373882311865481 -0.058730253177458142 0.13801525775633081 0.046874078500280691
leaf_weight=910.02135258447379 57.406378705054522 270.53131063934416 739.10437452513725 54.200195531360805 191.90260821348056 171.52454465068877 133.85170263191685 10.287984715774654 21.960397290531546 24.309125440195203 38.098356161266565 23.597056472674012 9.0273346528410894 13.399919637478886 54.978312432765961 90.574875209480524 50.392651788890362 244.12681841664016 64.597789721563458 149.00148618919775 19.420310943387449 20.886771286837757 335.87062535993755 1217.0767274871469 20.485019285231829 17.464345512911677 43.235837062820792 7.3090904289856544 65.280415546149015 222.88347364962101
leaf_count=1362 1030 233 2930 141 3012 1234 527 404 625 314 18 222 114 131 992 28 1392 165 32 426 376 45 392 1565 28 450 61 173 168 659
internal_value=0.0589239 0.0501608 0.0303647 0.0343035 0.0255876 0.0443228 0.0792131 0.147706 0.0629871 0.0406437 0.0647384 0.0514739 0.0708213 0.0726441 0.00554399 0.0768657 0.0694258 0.101742 0.149675 0.0279643 0.0502849 -0.0545487 0.108624 0.0625472 -0.0215009 0.0745208 0.025844 0.0769654 0.118082 0.0743162
internal_weight=5292.81 3556.44 1398.58 1341.18 1123.42 910.629 217.76 64.4882 2157.85 560.516 332.227 294.128 1597.34 1575.37 228.289 1736.37 1337.07 399.299 155.173 173.311 153.272 212.789 344.898 1230.48 70.8777 1266.19 60.7002 1205.49 72.5895 1132.9
internal_count=19249 14731 9699 8669 7221 4164 1448 545 5032 2205 473 455 2827 2202 1732 4518 4293 225 60 740 903 3057 506 1696 1420 2873 511 2362 341 2021
is_linear=0
shrinkage=0.05


Tree=14
num_leaves=31
num_cat=0
split_feature=2 12 5 13 4 13 2 14 5 13 16 6 4 1 16 12 24 17 12 16 18 12 5 2 8 7 16 7 24 18
split_gain=221.006 190.156 199.14 185.911 163.879 144.476 143.976 310.732 300.714 390.085 244.308 213.943 189.576 178.752 153.246 140.433 206.243 325.004 135.111 136.649 132.151 115.644 113.698 108.035 101.52 115.04 95.2242 95.1483 87.51 111.106
threshold=10378.020000000002 2.4399227698847441 1.8132902534642319 0.15351882160392796 2.5000000000000004 0.11495789538385881 12316.455000000002 0.0099173824667234522 2.653326011556723 0.076039864920517217 0.18335475578406166 40.500000000000007 2.5000000000000004 5.5000000000000009 0.11796331435800127 2.6117672088696793 666.50000000000011 465.50000000000006 2.6179706773774289 0.084039548022598873 1710.5000000000002 2.52378771041128 1.8030095222217659 8034.6150000000007 3.3131116006554975 9.5000000000000018 0.19807227796358229 9.5000000000000018 344.50000000000006 422.50000000000006
decision_type=2 2 2 2 2 2 2 2 2 2 2 2 2 2 2 2 2 2 2 2 2 2 2 2 2 2 2 2 2 2
left_child=1 2 22 5 -4 23 13 8 9 12 -9 -11 -8 15 -10 16 17 -2 -17 -20 -18 -16 28 27 25 -12 -26 -3 -1 -30
right_child=6 3 4 -5 -6 -7 7 10 14 11 24 -13 -14 -15 21 18 20 -19 19 -21 -22 -23 -24 -25 26 -27 -28 -29 29 -31
leaf_value=-0.07660822904014844 0.071192887128698853 -0.057593608017582912 -0.064620232985973247 0.13132540657054989 0.039640178489820488 -0.070326641568173032 -0.06936198156896578 -0.084453182043780592 0.21213497335372944 -0.06946296153594253 0.051658980120548703 0.057412409357754407 0.082170779360922666 0.17736183994402557 -0.072932874057252059 0.17788881146906957 0.044953459334018626 0.24293485173033416 0.17462628972908265 0.073814911437840233 -0.072296796860968404 0.063803871067974596 0.15561981648844209 -0.085726197520302749 -0.082071127238389843 0.13601693008423874 0.064127697488161314 0.057974824683724481 0.082013737451293534 -0.0093690759333485644
leaf_weight=17.494424062781036 578.84699275298044 18.525797859765589 122.60491748061031 65.136592360213399 54.256770380306989 27.269417403265834 24.685044903308153 26.477751166559756 16.332426820881665 190.17729454860091 65.414307228289545 40.133125260472298 122.93404289521277 36.960026464425027 16.566401064395905 34.44601096585393 889.55282217822969 28.876527546904981 34.809390092268586 1015.1834125602618 24.58007787913084 211.51932817324996 19.730921090580523 14.454696786589919 11.163274330087004 107.44754606485367 918.34254281129688 396.99184827459976 75.615197429433465 59.129987077787519
leaf_count=220 1680 434 1969 96 170 377 381 269 18 3160 171 13 331 70 232 14 5381 17 21 535 380 404 11 167 118 33 546 1130 146 755
internal_value=0.0562524 0.0332278 0.00462398 0.0523147 -0.0326031 0.041022 0.0608151 0.0496788 0.0212963 -0.00664414 0.0653188 -0.0473171 0.0567676 0.0681889 0.0645044 0.0666321 0.056815 0.0794002 0.0803978 0.0771781 0.0417877 0.0538228 0.0429357 0.0481102 0.068928 0.104171 0.0623578 0.0527976 0.0282059 0.0418981
internal_weight=5265.66 871.211 348.832 522.378 176.862 457.242 4394.45 1751.19 622.348 377.93 1128.85 230.31 147.619 2643.26 244.418 2606.3 1521.86 607.724 1084.44 1049.99 914.133 228.086 171.971 429.972 1102.37 172.862 929.506 415.518 152.24 134.745
internal_count=19249 5475 3271 2204 2139 2108 13774 5676 4539 3885 1137 3173 712 8098 654 8028 7458 1697 570 556 5761 636 1132 1731 868 204 664 1564 1121 901
is_linear=0
shrinkage=0.05


Tree=15
num_leaves=31
num_cat=0
split_feature=27 14 10 17 3 30 2 17 14 12 8 7 11 24 2 5 14 27 11 2 10 17 30 12 27 5 18 14 12 19
split_gain=274.579 219.487 362.249 219.264 195.921 205.233 233.536 231.986 218.779 201.649 172.892 170.232 335.807 379.094 186.822 229.269 146.022 145.419 143.993 136.384 97.6354 80.8679 79.3966 60.6916 49.9954 39.2793 33.7968 124.473 27.0643 138.055
threshold=75.683412767415604 0.071946169772256721 0.072674418604651167 862.50000000000011 0.51246942832954989 2.5000000000000004 12314.530000000001 4.5000000000000009 0.52859477124183019 2.8307123538831291 2.974999730373209 9.5000000000000018 0.040270270270270254 312.50000000000006 12316.455000000002 3.0277152493349475 0.0020110613429319005 0.50668622228818239 0.047247023809523808 57.930000000000007 0.65406976744186063 465.50000000000006 3.5000000000000004 2.2433122968709207 155.71340680723554 2.5394259322572874 829.50000000000011 0.30471628592483424 2.8545014558494866 30452.145333333337
decision_type=2 2 2 2 2 2 2 2 2 2 2 2 2 2 2 2 2 2 2 2 2 2 2 2 2 2 2 2 2 2
left_child=1 3 28 11 16 6 7 -6 10 18 -8 12 21 -14 17 -16 -2 -13 -7 -9 -5 -1 -20 -18 -25 -26 -4 -28 29 -3
right_child=4 2 26 20 5 9 8 19 -10 -11 -12 14 13 -15 15 -17 23 -19 22 -21 -22 -23 -24 24 25 -27 27 -29 -30 -31
leaf_value=0.053530830796109367 -0.075818638451885523 -0.057479750048707812 0.077322796698451796 -0.065581591512062026 -0.081091204288364693 0.16796553705294701 0.12208949776296965 0.10401096302548263 0.22711923649686222 0.34505469205055683 0.069834607103712171 -0.066253934299482509 0.059789365342010271 -0.036845645099038087 -0.008623642998754736 0.082602751448496076 -0.11644533010203434 0.067483491967086279 -0.072621764484449888 0.020332616051584051 0.063723017728928896 0.15406283788637909 0.090383622280554896 -0.072951686008086422 0.026343399440616002 0.065655160623125319 -0.10502812263230853 0.06312504203938879 0.31014673697619471 0.28301257577976574
leaf_weight=377.70392457023263 28.798498822841793 3.7792210588231692 237.29936110787094 68.415473886299878 41.953888359013945 55.293381325900555 174.98424951033667 71.20373107958585 23.804976657032967 11.025369192473589 1703.875388011802 20.641924107447267 153.57447852753103 298.7232566527091 214.74484819360077 101.22455811593682 5.7894396977499119 983.03218708466738 11.068925069645045 154.44788783695549 18.42900450527668 21.125157546252012 22.379334411583841 8.4877313738688809 108.70232623722404 155.44442191254348 12.399555133655666 91.365995952859521 12.126491822302343 13.055267851799726
leaf_count=1688 329 151 51 1266 515 13 983 99 3 12 2478 231 373 5111 1478 83 40 2026 157 875 3 246 2 130 609 112 131 57 4 5
internal_value=0.0570386 0.0456558 0.0813629 0.0397979 0.0686397 0.0737131 0.0704789 0.026703 0.0766315 0.143878 0.0747102 0.0429159 0.0254655 -0.0040169 0.0541642 0.0206029 0.0311243 0.0647217 0.118467 0.0467936 -0.038043 0.0589056 0.0362361 0.042227 0.0456562 0.0495125 0.0668808 0.0429015 0.250925 0.206391
internal_weight=5204.9 2627.64 370.026 2257.61 2577.26 2270.04 2170.27 267.606 1902.66 99.767 1878.86 2170.77 851.127 452.298 1319.64 315.969 307.222 1003.67 88.7416 225.652 86.8445 398.829 33.4483 278.424 272.634 264.147 341.065 103.766 28.961 16.8345
internal_count=19261 12904 399 12505 6357 5137 4953 1489 3464 184 3461 11236 7418 5484 3818 1561 1220 2257 172 974 1269 1934 159 891 851 721 239 188 160 156
is_linear=0
shrinkage=0.05


Tree=16
num_leaves=31
num_cat=0
split_feature=14 11 11 10 0 9 27 30 16 2 14 8 9 12 9 14 16 9 10 24 14 9 12 23 27 6 24 15 30 12
split_gain=272.279 369.694 325.56 286.96 2325.36 205.558 202.976 201.088 198.407 192.047 215.858 192.476 231.264 196.733 159.644 144.162 184.541 200.757 233.423 148.658 916.381 133.772 147.862 96.2664 89.802 86.6426 86.3651 50.9445 19.0041 11.5631
threshold=0.0057090427752085502 0.081356867071152708 0.12838827838827838 0.072674418604651167 7.5000000000000009 0.44543650793650796 166745.48000000001 2.5000000000000004 0.37431318681318687 34305.220000000008 0.0035603033308720506 3.198377032329589 0.33514492753623187 1.9829472547318157 0.99710563793247886 0.77998274374460752 0.18870581982460796 0.6198686371100165 0.25872093023255821 2812.5000000000005 0.0069693554078397507 0.40121951219512203 2.4301942485072989 75.299110198494205 3462714.2650000001 9.5000000000000018 663.50000000000011 0.059411764705882351 1.5000000000000002 2.8545014558494866
decision_type=2 2 2 2 2 2 2 2 2 2 2 2 2 2 2 2 2 2 2 2 2 2 2 2 2 2 2 2 2 2
left_child=1 6 8 4 5 29 7 21 -3 11 -11 12 -4 -13 -12 16 17 28 -19 24 -21 25 -23 -7 -18 -1 -9 -28 -5 -2
right_child=3 2 9 15 -6 23 -8 26 -10 10 14 13 -14 -15 -16 -17 19 18 -20 20 -22 22 -24 -25 -26 -27 27 -29 -30 -31
leaf_value=0.046375939715645964 0.17720011597672469 -0.067676230411614122 0.045961720114318691 0.034238201910557403 1.5826813303821317 -0.055336275823943917 0.15070760454689347 0.059642465993374631 0.086721948103927374 -0.068487442032174564 0.069251060302723669 -0.059493274535300116 -0.055222966155403466 0.056913608714404477 -0.064830217586045999 0.15599087857847396 0.060885068884196938 -0.078780243171105269 0.040205826472006309 0.45305051281026137 0.066443739897257367 -0.062529935061505573 0.052505243191307505 0.089330366184700832 0.12380705015153451 0.089855846716410878 0.19812995709646025 0.11589169679891825 0.071507815758843615 0.24246288384011777
leaf_weight=335.97685114108026 18.65321890451014 125.45437663467601 128.57860918249935 46.242556571960449 2.6529926438815883 15.471392568666486 70.215046055614948 38.045315274968743 24.82565381936729 88.204329147934914 87.03489008359611 37.62462312169373 100.52727438928559 945.6820491082035 29.667353332042694 40.231657519936562 2113.162281664554 74.422550505958498 92.091925094369799 17.519705220125616 118.73507051356137 50.37591105280444 62.446351123042405 43.700935038737953 58.439907046966255 174.94963294267654 34.183294302783906 44.568626785650849 141.78962285257876 14.698910713195799
leaf_count=1960 114 1508 1489 69 37 574 22 34 66 1297 159 609 2604 3106 624 4 2606 840 209 34 161 825 96 42 25 35 38 28 45 1
internal_value=0.054477 0.0420298 0.0278447 0.0650545 0.150397 0.10761 0.0694438 0.0617126 -0.0420963 0.0352666 -0.00947959 0.0428333 0.00153728 0.0524488 0.0350966 0.0620417 0.0606143 0.0269949 -0.0129596 0.0657756 0.116486 0.0504094 0.00108708 0.0513914 0.0625863 0.0612886 0.121939 0.151858 0.0623918 0.206751
internal_weight=5176.17 2378.36 1567.6 2797.81 95.1774 92.5245 810.761 740.546 150.28 1417.32 204.907 1212.41 229.106 983.307 116.702 2702.64 2662.4 354.547 166.514 2307.86 136.255 623.749 112.822 59.1723 2171.6 510.926 116.797 78.7519 188.032 33.3521
internal_count=19261 14500 11462 4761 768 731 3038 3016 1574 9888 2080 7808 4093 3715 783 3993 3989 1163 1049 2826 195 2916 921 616 2631 1995 100 66 114 115
is_linear=0
shrinkage=0.05


Tree=17
num_leaves=31
num_cat=0
split_feature=14 11 11 13 2 14 16 27 11 27 14 12 6 1 16 13 6 6 23 23 12 30 27 18 12 17 23 6 12 24
split_gain=253.946 326.935 296.823 192.588 192.532 197.554 184.31 178.606 146.397 135.499 134.546 137.958 132.9 281.835 176.122 104.618 102.745 196.618 226.912 84.3022 110.082 113.388 82.9189 35.8932 34.9747 28.4355 19.1297 7.34638 6.73351 6.25605
threshold=0.0057090427752085502 0.081356867071152708 0.12838827838827838 0.15351882160392796 34305.220000000008 0.0035603033308720506 0.37431318681318687 204.23497615844346 0.16671763506625889 1.4435719008132637 0.77998274374460752 1.5225384326999609 6.5000000000000009 17.500000000000004 0.18128072505300433 0.37980769230769235 9.5000000000000018 1.5000000000000002 62.121834360027385 43.16632443531828 2.6146506489016423 2.5000000000000004 0.17987398776905586 479.50000000000006 2.9983448564102235 15.500000000000002 61.685147159479818 17.500000000000004 1.9647221280248017 450.50000000000006
decision_type=2 2 2 2 2 2 2 2 2 2 2 2 2 2 2 2 2 2 2 2 2 2 2 2 2 2 2 2 2 2
left_child=1 7 6 4 8 -6 27 16 -4 15 11 -11 13 -13 -14 -2 17 22 -19 20 21 -9 -1 26 -25 -18 -21 29 -27 -3
right_child=9 2 3 -5 5 -7 -8 19 -10 10 -12 12 14 -15 -16 -17 25 18 -20 23 -22 -23 -24 24 -26 28 -28 -29 -30 -31
leaf_value=0.048252376726060253 -0.079926886357579024 -0.097360636511511153 0.064041631587826289 -0.05738078011804694 -0.067664378438564113 0.033955864173783011 0.08188101066616349 0.04728739596924144 0.02841845453947104 -0.11741921360398928 0.156925739621223 0.089651799126438975 0.015417919624791594 0.35375464656050004 0.064339993136355966 0.069234047762948253 0.050684473516512868 -0.062235934877713464 0.044491247873289529 0.046841543005915323 0.21368830230146618 0.1668753082997626 0.11853210252493039 -0.062672430355695238 0.062818393125791419 0.099993749747718241 0.10674822664337097 -0.10029009264585004 0.07818819020936614 -0.057542511069708105
leaf_weight=109.49097366677597 29.263030135538429 11.7260943679139 542.93657117057592 55.73997105890885 81.922363409306854 114.57241540169343 24.980208588764071 42.37459173053503 617.32575893215835 10.508895462378858 38.257818222045898 138.31762951053679 200.16264930739999 10.83486099494621 2323.7357177669182 19.483305022120476 63.180106282234192 80.00262942025438 131.53329058783129 19.53510753903538 32.196799099445343 37.586744658648968 68.623682358302176 8.6044267769902945 15.163409233093262 90.659213961102068 46.279728759080172 15.217429297044871 68.405452501028776 93.457571080885828
leaf_count=536 376 130 1843 1222 1246 783 66 103 4794 85 3 569 807 82 2836 3 56 1259 552 34 4 5 290 105 1 19 26 116 48 1262
internal_value=0.0520394 0.0400202 0.0265956 0.0335997 0.0373452 -0.00839896 -0.0413973 0.0657119 0.0450965 0.0623238 0.0638041 0.0624689 0.0631823 0.109095 0.0604629 -0.0201871 0.0522296 0.0367164 0.0040932 0.106534 0.135482 0.103702 0.075409 0.0701249 0.0171065 0.0793767 0.0891407 -0.0670626 0.0907027 -0.0621173
internal_weight=5142.08 2371.51 1557.88 1412.5 1356.76 196.495 145.381 813.636 1160.26 2770.56 2721.82 2683.56 2673.05 149.152 2523.9 48.7463 611.895 389.651 211.536 201.741 112.158 79.9613 178.115 89.5827 23.7678 222.245 65.8148 120.401 159.065 105.184
internal_count=19261 14500 11462 9888 8666 2029 1574 3038 6637 4761 4382 4379 4294 651 3643 379 2760 2637 1811 278 112 108 826 166 106 123 60 1508 67 1392
is_linear=0
shrinkage=0.05


Tree=18
num_leaves=31
num_cat=0
split_feature=8 12 24 23 15 15 13 2 2 16 10 9 13 27 23 9 10 23 1 29 27 10 6 27 22 9 8 16 8 12
split_gain=250.529 336.206 306.006 268.987 238.237 337.107 257.93 213.872 233.061 194.931 182.791 180.46 178.893 150.606 146.576 258.984 221.102 220.045 143.083 129.391 122.047 101.595 72.9029 71.7083 69.179 213.047 124.485 114.418 105.612 589.355
threshold=4.4885116358213661 2.6047599583082452 832.50000000000011 36.974674880219034 0.20245629897528628 0.20343188795895192 0.054135460761966757 10378.020000000002 20325.470000000005 0.19233705226071637 0.14244186046511628 0.93957648776925906 0.069022232304900163 0.023667015892136253 54.25735797399043 0.99442892613283684 0.07848837209302327 53.063655030800824 2.5000000000000004 2.5000000000000004 0.1648389370192869 0.18895348837209297 19.500000000000004 53.117540582245503 1.5000000000000002 0.98393548387096785 4.6974108584130612 0.34435336976320585 4.5991538411292519 2.2248271457855266
decision_type=2 2 2 2 2 2 2 2 2 2 2 2 2 2 2 2 2 2 2 2 2 2 2 2 2 2 2 2 2 2
left_child=1 2 7 11 19 -6 -7 9 13 21 -2 23 -10 -9 16 18 17 -5 -16 20 -4 -1 -21 -3 28 26 27 -26 29 -12
right_child=10 3 4 14 5 6 -8 8 12 -11 24 -13 -14 -15 15 -17 -18 -19 -20 22 -22 -23 -24 -25 25 -27 -28 -29 -30 -31
leaf_value=-0.0024754686816208771 0.13882639554720638 -0.078760074482589065 0.014983557581565055 0.1368761106783761 0.28335185219162567 0.064513127586290006 -0.063764034116000554 -0.06397251839964567 0.037914068611306542 -0.068431082836131571 0.53768077851965856 -0.067331472596629513 -0.071327861337035808 0.0629917530745676 -0.063468868258507158 -0.061592008565899907 0.078412154248593338 0.39888702382314944 0.069687693615221522 -0.076281285150572295 -0.064240069276763248 0.073532166246842737 0.068596156855958351 0.055871880474100633 -0.1119846348851109 -0.08017181077649313 0.058311966172899826 0.06445461629119871 0.060717540790678939 0.083681302667529475
leaf_weight=113.59284436004236 76.603173345327377 10.941096737980841 63.311426128260791 43.735033273696899 13.046766366809605 114.63212708290666 59.391332797240466 23.881175400689244 91.427916813176125 75.420415479689837 7.306495973840355 59.502628320362419 63.344264693092555 875.93030566908419 21.111464395187795 46.007198133971542 473.14333794265985 9.8216361701488477 407.17520005069673 10.771051395684479 207.4959561387077 71.492949088104069 42.767900523729622 93.577646169811487 21.037952455226332 30.73456948902458 738.08989697601646 16.131000518798828 1010.5654080305248 213.16162323020399
leaf_count=1018 7 112 660 192 6 551 1008 399 286 1245 16 927 965 3273 272 760 855 16 509 132 3656 85 24 72 141 511 417 1 894 251
internal_value=0.0497907 0.0404731 0.0270788 0.0614641 -0.00573012 0.0391808 0.0206941 0.0398409 0.0498618 -0.000709892 0.0629736 0.00207905 -0.00678074 0.0596098 0.0711887 0.0509829 0.0893614 0.185673 0.0630991 -0.0316525 -0.0457014 0.0268808 0.0392684 0.0416689 0.060112 0.0486883 0.0538129 -0.0353099 0.0675828 0.0989868
internal_weight=5105.15 2991.52 1826.51 1165.02 511.417 187.07 174.023 1315.09 1054.58 260.506 2113.63 164.021 154.772 899.811 1000.99 474.294 526.7 53.5567 428.287 324.346 270.807 185.086 53.539 104.519 2037.03 805.993 775.259 37.169 1231.03 220.468
internal_count=19261 17023 13308 3715 6037 1565 1559 7271 4923 2348 2238 1111 1251 3672 2604 1541 1063 208 781 4472 4316 1103 156 184 2231 1070 559 142 1161 267
is_linear=0
shrinkage=0.05


Tree=19
num_leaves=31
num_cat=0
split_feature=8 24 10 29 27 2 8 2 18 5 10 30 13 16 17 10 8 11 26 16 17 11 5 22 8 16 8 8 10 6
split_gain=243.744 210.341 273.177 253.048 273.265 208.631 199.022 248.113 172.424 229.429 156.479 152.638 148.472 255.566 150.684 133.44 123.307 117.59 116.887 105.702 85.1984 82.4399 64.4812 59.9537 149.613 100.221 86.2275 200.449 250.226 72.0276
threshold=4.4885116358213661 832.50000000000011 0.14825581395348839 1.5000000000000002 0.0017891463054638503 10378.020000000002 3.6402717280806791 12316.455000000002 696.50000000000011 1.4170062118589806 0.14244186046511628 2.5000000000000004 0.10799061032863851 0.22214262973575294 465.50000000000006 0.10174418604651156 3.3054806668694483 0.14037248293146656 1.0000000180025095e-35 0.14588963963963961 1.0000000180025095e-35 0.15793395560436108 2.2982894417204416 1.5000000000000002 4.6974108584130612 0.34435336976320585 4.5991538411292519 4.5624994231278935 0.28779069767441862 15.500000000000002
decision_type=2 2 2 2 2 2 2 2 2 2 2 2 2 2 2 2 2 2 2 2 2 2 2 2 2 2 2 2 2 2
left_child=1 5 3 4 -3 8 -4 11 9 19 -2 -8 14 20 18 -15 -5 -10 -7 -1 -14 -19 -18 26 25 -25 27 -12 -29 -28
right_child=10 2 6 16 -6 12 7 -9 17 -11 23 -13 13 15 -16 -17 22 21 -20 -21 -22 -23 -24 24 -26 -27 29 28 -30 -31
leaf_value=0.064125722832155924 0.13087115135219107 0.07398710605942023 0.10566684966097593 -0.057277465695559297 -0.059373747733821626 0.051189980306378537 0.030542680855982041 -0.075927634396013188 -0.065555108042145524 -0.069368838023414939 0.060286658801720322 0.13208455373758074 0.023097203216341979 -0.058349253907861443 0.21181110109593632 0.082336710668661162 0.083799056015756879 0.10488971947935628 0.084496015274643066 -0.070270237766888677 -0.065686186927485471 0.026274545305436933 0.0098499879141038024 -0.091614189461051709 0.052947794000286152 0.063488839219597124 0.092256304807311729 0.092382533495303662 0.28718999082574259 0.053433726042093767
leaf_weight=76.0218406310305 77.184843450784683 45.691508379764855 105.38372859824449 26.784855271223933 237.74705364927649 1058.6148167424835 286.00521853240207 49.784338016994298 18.471973285079002 104.1403418071568 149.10299452673644 42.488361208233982 41.625699995085597 19.250816002022475 16.373632665723562 129.87287539243698 91.40461939945817 72.350417579524219 352.09941697493196 17.991047158837318 76.347672925330698 62.331901041790843 43.770793636329472 30.856093044858426 739.33115484379232 15.573225021362303 139.75271022319794 46.613242292776704 25.640022126957774 849.95054864697158
leaf_count=173 7 117 52 685 4786 3922 1034 736 206 1568 169 38 163 470 59 169 86 86 689 289 1027 432 236 448 621 1 93 60 38 801
internal_value=0.0478186 0.0386377 0.0188972 -0.00934606 -0.0378393 0.0476 0.0449131 0.0279511 0.0125104 -0.0182641 0.060981 0.0437278 0.0548721 0.0206201 0.0612774 0.0641147 0.0404802 0.0523456 0.0595118 0.0383062 -0.0343245 0.0685897 0.0599157 0.0582706 0.047477 -0.0394578 0.065265 0.0935296 0.161883 0.0589296
internal_weight=5048.56 2974.55 929.06 445.399 283.439 2045.49 483.662 378.278 351.308 198.153 2074 328.494 1694.18 267.097 1427.09 149.124 161.96 153.154 1410.71 94.0129 117.973 134.682 135.175 1996.82 785.76 46.4293 1211.06 221.356 72.2533 989.703
internal_count=19261 17023 7770 5910 4903 9253 1860 1808 2754 2030 2238 1072 6499 1829 4670 639 1007 724 4611 462 1190 518 322 2231 1070 449 1161 267 98 894
is_linear=0
shrinkage=0.05


Tree=20
num_leaves=31
num_cat=0
split_feature=2 19 3 23 15 15 5 18 27 27 12 15 11 10 16 1 5 27 27 24 27 5 10 16 19 7 8 10 18 7
split_gain=294.066 277.057 199.82 197.038 221.739 188.854 167.71 136.908 136.345 134.937 134.87 111.242 110.391 283.879 177.574 90.529 85.7829 83.6182 77.3263 64.1735 54.4149 21.6413 18.7821 15.38 11.4595 9.89146 6.53199 1.97265 1.80443 1.22106
threshold=600.3850000000001 1051.1666666666667 0.038864319750589058 74.829568788501049 0.10271062271062266 0.23348909657320874 2.5394259322572874 1818.5000000000002 101.24926260837169 8.4895511109160271 1.4496415490619237 0.24509048902579897 0.23509672325305961 0.043604651162790657 0.24679434489561072 182.50000000000003 1.479200508224543 0.73004808345651473 404.51331513326039 1499.5000000000002 59.553305570312254 3.0277152493349475 0.20058139534883718 0.20692990062028946 200.00500000000002 44.500000000000007 3.6537934709879738 0.20058139534883718 124.50000000000001 18.500000000000004
decision_type=2 2 2 2 2 2 2 2 2 2 2 2 2 2 2 2 2 2 2 2 2 2 2 2 2 2 2 2 2 2
left_child=5 3 6 4 9 29 7 25 12 28 26 24 14 -14 -4 22 -11 21 -12 27 -8 -5 -6 -22 -7 -3 -10 -19 -2 -1
right_child=1 2 8 17 15 11 20 -9 10 16 18 -13 13 -15 -16 -17 -18 19 -20 -21 23 -23 -24 -25 -26 -27 -28 -29 -30 -31
leaf_value=-0.06106988977701349 -0.098347230183642026 -0.071697413543488256 0.030819289102305539 0.08769741042223031 -0.064495406905675304 0.11236920471456519 -0.077287812215720023 0.070894771919488384 -0.056942370983977399 0.094065173693447052 0.079182782475948787 -0.062799094118698898 -0.05487975865284387 0.096676876546905266 0.063306681716265953 0.060312185105502028 -0.0016353602882130157 -0.062016086392153648 0.059054782645167905 0.059936332051881008 0.015950703380403327 0.15931337346827765 -0.11228111298571129 0.062040398424172395 0.061745106104339378 -0.14214794307948492 -0.12869668713760571 -0.11623944425388977 -0.06163038145445731 -0.076498402900813278
leaf_weight=69.502307489980012 5.1785722589120295 65.313475488685071 1175.2415271964855 25.460688563995063 86.64200060069561 22.3745819311589 8.4792876932769996 19.764055677689612 10.793318017385898 62.233143638819456 724.55179399577901 16.967879313975573 35.470388738438487 234.64326165989041 656.32856573862955 13.455419540405272 37.336955394595861 9.6726393224671465 1420.4034597990103 30.752799232490361 22.910732194315642 19.383449554443359 27.871645851992071 93.814899509772658 24.753206212073565 5.6190445944666854 4.9529625847935668 2.6032030051574102 20.834171224851161 22.970318879466504
leaf_count=1324 36 1012 5500 46 1256 5 110 8 218 60 1347 358 1209 798 1906 1 232 125 2500 11 99 1 285 58 37 33 25 28 335 223
internal_value=0.0480805 0.0502715 0.0535816 0.00683627 -0.0155124 -0.0193229 0.00662408 -0.0450972 0.0559588 0.0316498 0.064787 0.0465478 0.0468776 0.0767435 0.0424664 -0.0618228 0.0581634 0.0713232 0.0658596 0.0213066 0.0441362 0.11905 -0.0762575 0.0530582 0.0860725 -0.0775409 -0.0804978 -0.074765 -0.06948 -0.0650349
internal_weight=4976.28 4819.71 4478.29 341.425 253.552 156.568 215.901 90.6966 4262.39 125.583 2160.7 64.0957 2101.68 270.114 1831.57 127.969 99.5701 87.8728 2144.96 43.0286 125.205 44.8441 114.514 116.726 47.1278 70.9325 15.7463 12.2758 26.0127 92.4726
internal_count=19186 17239 14823 2416 2205 1947 1320 1053 13503 663 4090 400 9413 2007 7406 1542 292 211 3847 164 267 47 1541 157 42 1045 243 153 371 1547
is_linear=0
shrinkage=0.05


Tree=21
num_leaves=31
num_cat=0
split_feature=0 23 14 19 2 9 11 27 14 5 7 15 5 9 15 13 29 15 27 15 6 15 14 10 12 10 8 9 1 6
split_gain=288.476 263.701 269.293 235.506 261.803 174.968 150.27 145.792 147.451 128.846 131.7 118.84 116.048 105.276 72.7599 68.6293 67.0296 57.5217 55.5962 77.2589 52.3672 17.4257 58.3619 16.4029 10.9494 3.80169 3.61732 3.53771 2.96819 1.88371
threshold=1.5000000000000002 72.088980150581804 0.020040160642570252 1051.1666666666667 600.3850000000001 0.99908717461587193 0.16364458326483641 101.24926260837169 0.77998274374460752 1.9280280772494167 7.5000000000000009 0.14584484346224677 2.8377158525307542 0.83424908424908439 0.23348909657320874 0.074131318335336815 1.0000000180025095e-35 0.23570261437908499 0.10067697722237286 0.16178850180849039 18.500000000000004 0.13154289834174474 0.020513359983168503 0.20058139534883718 2.6749265846788606 0.20058139534883718 4.6531006980201139 0.97837774661056576 2.5000000000000004 27.500000000000004
decision_type=2 2 2 2 2 2 2 2 2 2 2 2 2 2 2 2 2 2 2 2 2 2 2 2 2 2 2 2 2 2
left_child=1 2 23 6 14 7 9 13 -9 10 -2 21 25 -6 -5 -3 -12 -16 -17 -20 -14 22 -4 -1 -21 -11 -13 28 -25 -29
right_child=3 15 11 4 5 -7 -8 8 -10 12 16 26 20 -15 17 18 -18 -19 19 24 -22 -23 -24 27 -26 -27 -28 29 -30 -31
leaf_value=-0.059476232385249489 -0.068869127567498634 -0.085668673233743844 0.068591646861154265 -0.064911794169614165 0.054270334412738777 -0.064416045913111231 -0.0632619749829509 0.06327672855807677 0.18467035563941578 -0.066175890295933473 0.092841878055154203 -0.087664102487211334 -0.065497563777330292 0.030323188652518443 0.075321239495821521 0.14270224225017664 0.015843974920295916 -0.061502845382511787 -0.081110392932617084 0.031364783559135495 0.0515236923498468 0.07037843991093827 -0.092356381212075581 -0.082235768636883602 0.07403795993889993 -0.10302733581011295 -0.15134150743839592 -0.071572015256944468 -0.12167217100364032 -0.1070452451153112
leaf_weight=82.893486625980586 19.136610202025622 7.6741835018619886 19.174972268752757 57.795438705477864 1314.9974901559763 30.541819226462394 59.263503666501492 2059.4166630306281 25.296482086181641 39.363927733153105 98.487506587058306 6.8734488692134601 11.706232604105024 707.62448668479919 21.869750645011663 20.519715316593647 39.926484081894159 11.686009747441856 9.6898541273549181 19.2583047891967 49.741193033754826 59.103719398379326 7.8448491338640443 9.316871643066408 81.116979953832924 9.8422335013747198 4.6739002233371139 19.909556891303513 18.291477015241981 6.3840387738309792
leaf_count=1399 304 101 4 994 5583 597 1187 3435 2 466 88 68 135 3368 11 3 92 254 123 87 19 23 86 58 35 71 34 402 113 44
internal_value=0.0461148 0.00380725 -0.0284708 0.0495742 0.0527374 0.0545863 0.00870296 0.055474 0.0647609 0.0246409 0.0536783 0.0348897 -0.0166691 0.0458967 -0.0309256 0.058563 0.0706949 0.0274816 0.0671365 0.0528865 0.0290788 0.0551475 0.0215099 -0.0737387 0.0659397 -0.0738423 -0.114946 -0.0954289 -0.108889 -0.0807472
internal_weight=4929.42 372.725 234.466 4556.7 4229.23 4137.88 327.468 4107.34 2084.71 268.204 157.551 97.6709 110.654 2022.62 91.3512 138.259 138.414 33.5558 130.585 110.065 61.4474 86.1235 27.0198 136.795 100.375 49.2062 11.5473 53.9019 27.6083 26.2936
internal_count=19186 2580 2231 16606 14244 12985 2362 12388 3437 1175 484 215 691 8951 1259 349 180 265 248 245 154 113 90 2016 122 537 102 617 171 446
is_linear=0
shrinkage=0.05


Tree=22
num_leaves=31
num_cat=0
split_feature=0 23 14 19 9 27 12 17 17 9 11 14 5 7 15 5 13 13 6 6 12 27 15 16 10 19 6 10 8 9
split_gain=259.725 242.132 251.244 212.058 155.281 168.36 180.165 176.397 181.403 149.319 140.158 132.193 115.834 118.969 109.127 108.716 62.9835 49.0781 48.9995 46.882 42.1844 27.6468 15.9939 55.0063 13.3941 9.28637 8.04136 2.96975 2.60964 2.58929
threshold=1.5000000000000002 72.088980150581804 0.020040160642570252 1051.1666666666667 0.99908717461587193 18.41214289246199 1.4496415490619237 80.500000000000014 465.50000000000006 0.52506265664160412 0.16364458326483641 0.77998274374460752 1.9280280772494167 7.5000000000000009 0.14584484346224677 2.8377158525307542 0.074131318335336815 0.095248451707781817 18.500000000000004 33.500000000000007 2.3383011848335564 0.10067697722237286 0.13154289834174474 0.14068287037037039 0.20058139534883718 5400.3307142857147 10.500000000000002 0.20058139534883718 4.6531006980201139 0.97837774661056576
decision_type=2 2 2 2 2 2 2 2 2 2 2 2 2 2 2 2 2 2 2 2 2 2 2 2 2 2 2 2 2 2
left_child=1 2 24 10 5 7 26 9 -9 -5 12 -8 13 -2 22 27 -3 21 -17 -19 -15 -18 23 -4 -1 -23 -7 -14 -16 -26
right_child=3 16 14 4 -6 6 11 8 -10 -11 -12 -13 15 20 28 18 17 19 -20 -21 -22 25 -24 -25 29 -27 -28 -29 -30 -31
leaf_value=-0.059081782655113393 -0.06819922411717709 -0.084247767490529424 0.067582584271555543 0.067767839331171115 -0.063886438972021106 -0.05947804784608033 0.058608194654179172 -0.034970087549984923 0.037599595423717214 0.029649961249250508 -0.062789849585945967 0.17315499974984838 -0.065645900916312019 0.078926909111225324 -0.085330433685960633 -0.064799814159670052 0.1307672622786579 -0.074974946108622265 0.050538551481927908 0.061554827797498428 0.0042559155189682519 0.035408384169682082 0.068441119361017572 -0.090419453916461723 -0.10381698229599945 0.07573305801574752 -0.12874277968987241 -0.098984550972207153 -0.14102231372729976 -0.078935565215230791
leaf_weight=79.364511011168361 18.378562885802239 7.4215660300105801 18.603646019473675 484.19261573022231 29.311580855865031 18.597793916240338 2727.773146616295 150.5620203926228 200.83680124441162 549.32267756154761 56.787123810499907 25.396039545536041 37.739571969024837 116.44693131744862 6.7151237512007338 11.253232609014956 21.282262802124023 11.035072049126029 48.216119695454836 14.338059425354004 22.763318578712642 19.495651237666607 57.77456006128341 7.6945665287785223 27.521334251388907 63.042217254638672 5.7755112797021857 9.7386670429259521 4.7697874316945672 25.579907048959285
leaf_count=1399 304 101 5 1160 598 358 5502 2351 1618 2626 1187 3 466 108 68 135 1 150 19 1 72 67 23 85 171 29 28 71 34 446
internal_value=0.0442791 0.00367265 -0.027847 0.0475587 0.0505596 0.0513683 0.0584729 0.0371125 0.00649071 0.0475175 0.00839107 0.0596729 0.0237081 0.0509597 0.0338914 -0.0164109 0.0563005 0.0644719 0.0285573 0.00191892 0.0667646 0.0796949 0.0537022 0.0209961 -0.0724133 0.0663231 -0.0765543 -0.072783 -0.109909 -0.092096
internal_weight=4877.73 364.638 228.023 4513.09 4191.77 4162.46 2777.54 1384.91 351.399 1033.52 321.324 2753.17 264.536 157.589 95.5577 106.948 136.615 129.193 59.4694 25.3731 139.21 103.82 84.0728 26.2982 132.466 82.5379 24.3733 47.4782 11.4849 53.1012
internal_count=19186 2580 2231 16606 14244 13646 5891 7755 3969 3786 2362 5505 1175 484 215 691 349 248 154 151 180 97 113 90 2016 96 386 537 102 617
is_linear=0
shrinkage=0.05


Tree=23
num_leaves=31
num_cat=0
split_feature=2 19 0 14 29 24 30 6 15 23 0 9 15 6 10 23 9 17 18 27 12 10 11 15 29 14 10 14 9 7
split_gain=237.198 206.85 204.486 171.418 168.533 277.156 323.379 209.582 159.593 150.968 219.605 167.861 89.2656 87.0715 149.148 84.8212 170.116 79.8822 67.5563 26.8209 22.6763 13.8441 8.96475 7.07291 3.41971 2.90179 2.64954 1.74205 0.86711 0.767094
threshold=600.3850000000001 1051.1666666666667 1.5000000000000002 0.0020110613429319005 1.5000000000000002 774.50000000000011 2.5000000000000004 16.500000000000004 0.23348909657320874 74.829568788501049 2.5000000000000004 0.15504807692307693 0.24509048902579897 3.5000000000000004 0.072674418604651167 72.088980150581804 0.85115174960436091 12.500000000000002 301.50000000000006 0.73004808345651473 2.3383011848335564 0.20058139534883718 0.20840694935217902 0.24264069264069263 4.5000000000000009 0.30471628592483424 0.20058139534883718 0.019672342621259005 0.98340220385674926 19.500000000000004
decision_type=2 2 2 2 2 2 2 2 2 2 2 2 2 2 2 2 2 2 2 2 2 2 2 2 2 2 2 2 2 2
left_child=8 9 3 26 5 7 -7 -4 27 10 11 18 23 -6 -15 16 -5 29 -2 -19 -12 -13 -17 -10 -22 -21 -3 -1 -28 -11
right_child=1 2 4 15 13 6 -8 -9 12 17 20 21 -14 14 -16 22 -18 19 -20 25 24 -23 -24 -25 -26 -27 28 -29 -30 -31
leaf_value=-0.06034749809269218 -0.090353891888879462 -0.06068136649277181 0.056344273477516908 0.042789148800001432 -0.059732118968011817 -0.0074821294244259212 0.093867030751236868 -0.091447989365784285 0.055876757683250247 -0.064071209542924654 0.11033221141061836 -0.062408800749018993 -0.06181196284998558 0.13267041197683857 0.057231071009820993 0.047778944466531519 -0.07438212232633705 0.10381089384003686 0.062625622659442534 0.029169365334485872 0.026950886537760812 -0.10231362461791312 0.079143635749371638 0.096273135665803034 0.059980581484685339 0.060862938704526019 -0.093900577718946443 -0.081565325620441775 -0.067213215045019328 -0.11021407532797563
leaf_weight=71.271345255197957 8.6134986979886872 36.003933724015951 1029.612990797963 85.411511140875518 15.334895808715372 470.05327920010313 94.419699651189148 24.447953287512064 23.6526446249336 7.6389448577538115 22.597174180671573 102.11803426221013 15.608479475602506 67.464061172679067 2360.731006895192 53.23963365284726 48.472840937320143 45.625202322378755 41.579708278179169 17.780946362763643 15.539219754748045 28.751858425326645 42.873592352494597 22.774471183307469 18.200872182846069 13.855538368225099 13.855229478329422 14.331784414593129 8.2443662388250214 1.7631079060956834
leaf_count=1331 79 648 3770 102 445 5140 170 331 37 108 7 1661 358 314 2815 103 759 24 115 59 43 298 20 5 2 1 90 216 116 19
internal_value=0.0425598 0.0445311 0.047402 0.00667423 0.0502892 0.0377622 0.00947537 0.0529033 -0.0198037 0.00597424 -0.0146312 -0.0414727 0.0411752 0.0585828 0.0593345 0.0260786 0.000306109 0.0624286 0.0361464 0.0792088 0.0714673 -0.0712854 0.0618896 0.0759647 0.0450409 0.0433555 -0.069963 -0.0640492 -0.0845176 -0.0743191
internal_weight=4821.87 4674.23 4350.16 288.101 4062.06 1618.53 564.473 1054.06 147.639 324.064 237.4 181.063 62.0356 2443.53 2428.2 229.998 133.884 86.6637 50.1932 77.2617 56.3373 130.87 96.1132 46.4271 33.7401 31.6365 58.1035 85.6031 22.0996 9.40205
internal_count=19186 17239 14823 1838 12985 9411 5310 4101 1947 2416 2205 2153 400 3574 3129 984 861 211 194 84 52 1959 123 42 45 60 854 1547 206 127
is_linear=0
shrinkage=0.05


Tree=24
num_leaves=31
num_cat=0
split_feature=2 29 24 2 6 1 8 27 0 9 9 15 19 12 9 19 15 14 2 5 6 8 15 9 6 14 5 6 14 1
split_gain=215.586 193.272 256.249 329.504 226.921 190.342 186.718 189.746 156.981 153.23 150.761 149.436 108.034 105.719 86.5012 84.7259 81.7753 70.1595 70.8716 44.6179 11.0524 7.74237 6.20652 4.50808 1.78951 1.40652 0.661029 0.654589 0.580082 0.518367
threshold=600.3850000000001 1.5000000000000002 832.50000000000011 1997.6200000000001 17.500000000000004 1.5000000000000002 4.5123305714804598 0.0017891463054638503 1.5000000000000002 0.99307950191570893 0.99695585291719191 0.23348909657320874 3694.086666666667 1.5717529001735173 0.99908717461587193 1051.1666666666667 0.24509048902579897 0.0024052925113394008 154048.71500000003 2.8574102859353347 15.500000000000002 5.0228554598236856 0.24264069264069263 0.97837774661056576 24.500000000000004 0.019672342621259005 2.5249329038880459 28.500000000000004 0.035875160875160857 2.5000000000000004
decision_type=2 2 2 2 2 2 2 2 2 2 2 2 2 2 2 2 2 2 2 2 2 2 2 2 2 2 2 2 2 2
left_child=11 2 4 9 5 28 7 -5 12 -4 -7 25 24 21 15 -15 22 -14 -19 -11 -8 -10 -13 29 -3 -1 -25 -16 -2 -6
right_child=1 8 3 6 23 10 20 -9 13 19 -12 16 17 14 27 -17 -18 18 -20 -21 -22 -23 -24 26 -26 -27 -28 -29 -30 -31
leaf_value=-0.059905926752466858 -0.060761961185175656 -0.074153831082890753 -0.056452302580757924 0.067873097261969453 -0.077486164321976025 0.050869794757508052 0.077394547119760446 -0.04194932248442694 -0.05332314995767911 0.076547823562977513 -0.059718375564775432 0.05371663419904902 -0.075462618114013086 0.011678518705071521 -0.054766497709150555 0.058231533203951184 -0.061426032393984309 0.041440554455783728 -0.11357367088614355 0.16321476391997169 0.035243880859907588 -0.13435664078430473 0.091790338336657895 -0.060132940388293789 -0.10750650868160359 -0.079664841903843986 -0.093256792269066413 -0.083106431790375634 -0.096700975135701195 -0.11383586268933565
leaf_weight=68.283222664147615 37.676558270584792 19.984031281434003 13.410295585170386 44.416801817715168 3.2023925557732609 1290.4102053809911 41.1063232421875 336.24877408891916 9.5082053029909712 25.233773700892925 31.451100268401206 23.384510868228972 16.138260358944535 102.27965133311227 7.3018112727440876 2371.8458559890278 14.93879720661789 147.69058105908334 7.6503025903366497 38.169169721193612 26.337433994747698 4.6286312043666831 22.698796358890831 12.236458393745123 7.2778120664879671 13.952054992318152 3.0868857158347955 6.4485388100147247 1.9150528032332648 13.663587901741264
leaf_count=1331 626 281 277 101 18 5073 2 5046 313 55 512 37 200 420 259 2983 358 353 77 6 56 21 5 306 75 216 34 28 29 88
internal_value=0.040941 0.0428147 0.030671 0.000886522 0.041885 0.0449917 -0.0155111 -0.0291074 0.0514381 0.0965068 0.0482305 -0.019431 0.00863223 0.0548358 0.0556127 0.0563096 0.0397638 0.0233648 0.033706 0.128976 0.0610849 -0.0809634 0.0727366 -0.0890915 -0.0836008 -0.0634116 -0.0676913 -0.0689222 -0.0628656 -0.107726
internal_weight=4762.58 4619.32 1918.56 524.923 1393.64 1361.45 448.109 380.666 2700.75 76.8132 1321.86 143.257 198.741 2502.01 2487.88 2474.13 61.0221 171.479 155.341 63.4029 67.4438 14.1368 46.0833 32.1893 27.2618 82.2353 15.3233 13.7504 39.5916 16.866
internal_count=19186 17239 12229 5543 6686 6240 5205 5147 5010 338 5585 1947 986 4024 3690 3403 400 630 430 61 58 334 42 446 356 1547 340 287 655 106
is_linear=0
shrinkage=0.05


Tree=25
num_leaves=31
num_cat=0
split_feature=12 2 4 7 9 26 9 14 8 16 7 6 3 7 8 16 16 2 12 12 3 14 6 1 14 2 8 24 24 9
split_gain=188.894 218.926 196.577 198.953 168.79 312.451 202.041 197.756 140.266 215.166 95.2057 95.2336 92.3718 89.2965 78.9032 73.7251 55.1259 36.1451 30.6042 47.344 15.9829 11.7052 6.67369 7.99562 1.9318 0.455822 0.370933 0.250046 0.251035 0.0927546
threshold=2.5935206890718536 1342.4500000000003 3.5000000000000004 30.500000000000004 0.8680281982168776 1.0000000180025095e-35 0.99307950191570893 0.029459980713596855 4.5223423199249266 0.21676308855539009 5.5000000000000009 6.5000000000000009 1801.1390942698708 8.5000000000000018 3.6646976646111575 0.19807227796358229 0.090230664857530521 19.080000000000002 2.4573504061253648 2.5102698599177256 5.4039204318272702 0.011664081702992152 15.500000000000002 2.5000000000000004 0.023866484392800154 568.2600000000001 4.2629669489250839 450.50000000000006 312.50000000000006 0.99040434599600136
decision_type=2 2 2 2 2 2 2 2 2 2 2 2 2 2 2 2 2 2 2 2 2 2 2 2 2 2 2 2 2 2
left_child=2 24 3 4 8 7 -7 -6 9 -1 27 12 16 -13 29 -15 -12 -16 20 -20 -19 -10 -5 -24 26 -26 -2 28 -3 -4
right_child=1 10 14 22 5 6 -8 -9 21 -11 11 13 -14 15 17 -17 -18 18 19 -21 -22 -23 23 -25 25 -27 -28 -29 -30 -31
leaf_value=0.035398391729842348 -0.055969579825325314 -0.053294272354068951 -0.091858693350304055 -0.075009627343045393 -0.045110522942225027 0.0077485667431861629 0.12302309211057527 0.053327799659032706 0.074709846407047836 -0.017654272166541151 0.10323141304883282 -0.059157572981444445 0.20701308745414573 0.033285819259399552 0.12097313664176419 0.056335406516290557 0.016142195480327533 0.057707464190583757 -0.10236687498850126 0.039386034772445747 0.088788161499995744 0.054188969350813902 -0.079458739966193778 -0.15902023999855816 -0.079450835925178764 -0.11225245865219501 -0.074479497141826445 -0.05572375222969711 -0.10539356049494822 -0.059696662446295068
leaf_weight=887.01183894462883 14.388729154132308 1.5727945677936106 1.2567723281681527 6.9811633965000537 288.76219815667719 88.280055029783398 66.807014369405806 61.833886742126197 120.79193526133895 243.39094617776573 63.479778427630663 18.487044558860362 16.563775833696127 455.9113336042501 21.887189482338727 1475.6467077159323 25.702839168719947 376.52516010310501 6.1485228566452852 99.512398922815919 47.659720529802144 177.34309861622751 5.0801791474223164 12.449060009792445 8.0196231165900809 3.8777195597067466 9.4045304181054217 16.005434955004603 1.2606335412710903 12.307731762994079
leaf_count=5124 274 39 16 97 3799 530 111 121 28 3332 13 320 24 1539 4 2137 185 168 79 242 37 79 23 64 79 26 105 451 13 185
internal_value=0.0381811 0.0492248 0.028944 0.0214417 0.0232402 -0.00157577 0.057485 -0.0277247 0.0320277 0.0239705 0.0513394 0.0523668 0.0986294 0.0498506 0.0549221 0.0508995 0.0782341 0.0578583 0.0552194 0.031001 0.0612315 0.0625422 -0.1198 -0.136828 -0.0733556 -0.0914052 -0.0637762 -0.0601941 -0.0809812 -0.0636929
internal_weight=4634.35 2110.32 2524.03 1958.73 1934.22 505.683 155.087 350.596 1428.54 1130.4 2074.63 2055.79 105.746 1950.05 565.297 1931.56 89.1826 551.733 529.846 105.661 424.185 298.135 24.5104 17.5292 35.6906 11.8973 23.7933 18.8389 2.83343 13.5645
internal_count=19244 5205 14039 13308 13124 4561 641 3920 8563 8456 4721 4218 222 3996 731 3676 198 530 526 321 205 107 184 87 484 105 379 503 52 201
is_linear=0
shrinkage=0.05


Tree=26
num_leaves=31
num_cat=0
split_feature=12 2 8 5 2 17 23 26 5 5 9 19 17 3 16 7 10 10 19 16 17 0 16 7 2 18 23 16 9 1
split_gain=175.474 201.351 183.972 163.054 196.683 174.75 288.765 160.287 191.127 237.103 188.165 178.255 147.962 122.457 112.623 87.5522 105.554 83.8464 77.7181 65.4807 48.8742 41.838 40.3134 125.648 26.5203 25.0783 20.7895 9.71271 2.62346 1.09884
threshold=2.5935206890718536 1342.4500000000003 4.5223423199249266 2.0119049459411884 12316.455000000002 80.500000000000014 70.373716632443546 1.0000000180025095e-35 2.9943019345446191 3.040251657034597 0.99307950191570893 9083.9600571428582 2.5000000000000004 0.13833943993637379 0.24248871695680208 5.5000000000000009 0.07848837209302327 0.095930232558139469 106311.98500000002 0.19807227796358229 5.5000000000000009 7.5000000000000009 0.20947281273368226 24.500000000000004 19.080000000000002 1525.5000000000002 64.039698836413422 0.27605258144408457 0.97837774661056576 2.5000000000000004
decision_type=2 2 2 2 2 2 2 2 2 2 2 2 2 2 2 2 2 2 2 2 2 2 2 2 2 2 2 2 2 2
left_child=2 -2 3 4 5 14 -7 8 11 -10 12 -5 -9 -4 -1 -3 20 -18 28 -19 -17 -22 23 26 -24 -26 -15 -12 -6 -25
right_child=1 15 13 7 18 6 -8 10 9 -11 27 -13 -14 22 -16 16 17 19 -20 -21 21 -23 24 29 25 -27 -28 -29 -30 -31
leaf_value=0.052409823108241382 -0.071984852643251204 -0.059924431259896119 -0.10035533959252574 -0.066045746868511043 -0.082852065731428143 -0.045561681855035792 0.068658592732860499 0.050268533549206997 0.10073485997867011 -0.02997960592056044 0.10514266336339967 0.017152444459547646 -0.067467622976382299 0.00018949984989455806 -0.0082174880384642667 -0.053402751692794931 -0.060790080830197823 0.032982942663760527 0.059396030450017435 0.054426537564399247 0.096494533155468992 0.18718820360161725 0.10845674950661027 -0.070467769907444619 0.055884059846045789 0.013907886974569007 0.06050251731665153 0.15459468819878827 -0.060189969858913929 -0.11728751833202269
leaf_weight=743.57799464510754 34.605447908397764 18.019056188873947 13.51045755529776 207.91017427761108 32.960954610258341 147.09255948895589 88.563249398954213 71.65080973226577 64.454429871868342 74.836945897899568 25.203220325522125 93.065279660746455 42.375701521057636 19.053001700900495 85.211893552448601 4.1955605898983768 17.358993654605001 472.64566163951531 13.511798297986386 1468.1282057566568 49.380592862144113 17.604978561401367 22.822499884292483 2.7011447539553037 595.03967681201175 38.270551282446831 59.10378825571388 19.702515897341073 28.06010132888332 12.69711546320468
leaf_count=2326 484 503 139 3355 478 2815 523 94 137 806 73 423 620 71 970 100 306 1553 4 2159 99 1 8 33 364 102 25 2 538 133
internal_value=0.0366837 0.0474113 0.0277514 0.0187597 0.0298667 0.0353683 -0.00260374 -0.00234605 -0.0178916 0.030499 0.0406703 -0.0403061 0.00644963 0.0482183 0.0461702 0.0494353 0.0504117 0.0482281 -0.0485796 0.0492088 0.110259 0.120648 0.0509155 0.020098 0.0552983 0.053358 0.0458824 0.127246 -0.0726284 -0.109905
internal_weight=4583.31 2081.94 2501.38 1738.18 1138.98 1064.45 235.656 599.199 440.267 139.291 158.932 300.975 114.027 763.198 828.79 2047.33 2029.31 1958.13 74.5329 1940.77 71.1811 66.9856 749.688 93.5551 656.133 633.31 78.1568 44.9057 61.0211 15.3983
internal_count=19244 5205 14039 13164 7654 6634 3338 5510 4721 943 789 3778 714 875 3296 4721 4218 4018 1020 3712 200 100 736 262 474 466 96 75 1016 166
is_linear=0
shrinkage=0.05


Tree=27
num_leaves=31
num_cat=0
split_feature=4 12 14 7 24 18 2 12 2 29 7 2 27 6 10 12 2 2 18 2 14 30 24 6 1 14 8 18 14 27
split_gain=172.689 167.983 112.453 145.398 129.994 198.755 184.006 115.024 92.008 67.1407 82.3155 56.203 50.4311 45.1686 32.3546 40.3723 31.7047 87.0834 26.9381 22.8041 18.6658 15.7115 14.4013 13.4435 5.81186 3.36732 2.16601 0.471965 0.254517 0.192933
threshold=5.5000000000000009 2.9025305132540771 0.029459980713596855 51.500000000000007 619.50000000000011 569.50000000000011 122214.65000000001 1.6501739748453865 1735.4050000000004 1.5000000000000002 2.5000000000000004 5002.1550000000016 2.808239894294863 13.500000000000002 0.25872093023255821 3.0336206456189534 12316.455000000002 129159.96500000001 706.50000000000011 67.615000000000023 0.0092678485535628019 1.5000000000000002 865.50000000000011 16.500000000000004 5.5000000000000009 0.013341423948220002 3.6537934709879738 563.50000000000011 0.026432231020027903 3462714.2650000001
decision_type=2 2 2 2 2 2 2 2 2 2 2 2 2 2 2 2 2 2 2 2 2 2 2 2 2 2 2 2 2 2
left_child=1 2 3 4 5 -1 -6 26 27 10 -2 28 -13 20 15 25 22 -18 -10 -16 -11 -21 -14 -5 -25 -15 -4 -9 -3 -12
right_child=9 11 7 23 6 -7 -8 8 18 13 29 12 16 14 19 -17 17 -19 -20 21 -22 -23 -24 24 -26 -27 -28 -29 -30 -31
leaf_value=0.020648807851716397 0.073901269809970083 -0.057749889391900948 -0.070168194441878301 -0.077651613251886395 0.01730296411271761 0.072703485812456822 -0.085448143099732032 -0.12173511169466605 0.057255498337799061 0.05478942983992216 -0.056829573231755595 0.1377706311800794 0.071789499573564619 -0.06059706317375152 0.1065972135175005 0.058061084536462193 -0.098436187206775605 0.052319925171820381 0.038347745678934175 0.045031885486137867 0.10586452004979352 0.061210711937498198 0.04677411486476632 -0.13345302831997058 -0.23123472229734224 -0.13607288960770911 -0.11860053796844239 -0.078631418435589046 -0.090357154999015366 -0.077538639778106849
leaf_weight=519.87829079432413 19.945749282836914 3.4127959311008444 4.9740715948864809 5.6952380109578362 1617.3630833681673 283.6500467765145 44.664851953741163 1.5919180139899243 391.9065199540928 25.437720300629735 22.59420068515465 21.399612117558718 238.74654661584646 8.0378320855088514 22.481178283691406 11.667342185974121 11.238374257925896 61.264559832401574 369.99596941797063 246.94058715319261 67.900018165819347 404.05856262147427 78.732934268191457 4.2709301710128766 3.7616074979305267 2.0772272180765876 8.378029225394128 11.475915633607654 3.8145785462111235 3.8560519563034168
leaf_count=2944 1 56 96 66 12260 516 621 20 273 65 478 33 62 175 1 1 117 43 565 292 15 154 58 20 23 17 40 167 34 31
internal_value=0.035331 0.0306757 0.026851 0.0216151 0.0225228 0.0390374 0.0145337 0.0433069 0.0458225 0.0558707 -0.00247424 0.0605048 0.0629445 0.0593095 0.0548914 -0.00485165 0.0587914 0.0287796 0.0480863 0.0568316 0.0920719 0.0550892 0.0656183 -0.140027 -0.182139 -0.0777666 -0.101585 -0.0851466 -0.0766405 -0.0603176
internal_weight=4521.21 3686.22 3267.61 2479.28 2465.56 803.528 1662.03 788.322 774.97 834.996 46.396 418.609 411.382 788.6 695.263 21.7824 389.982 72.5029 761.902 673.48 93.3377 650.999 317.479 13.7278 8.03254 10.1151 13.3521 13.0678 7.22737 26.4503
internal_count=19244 18014 17611 16450 16341 3460 12881 1161 1025 1230 510 403 313 720 640 193 280 160 838 447 80 446 120 109 43 192 136 187 90 509
is_linear=0
shrinkage=0.05


Tree=28
num_leaves=31
num_cat=0
split_feature=29 17 17 24 7 16 18 2 3 2 24 18 24 24 12 11 11 16 4 17 19 7 18 7 2 6 8 18 14 6
split_gain=169.48 297.749 152.844 139.029 211.917 212.17 208.718 154.314 138.59 122.473 191.522 118.843 115.181 106.109 90.3993 74.4571 106.533 34.8191 24.5718 26.8706 4.93925 4.83729 3.95105 3.01308 2.59839 1.9281 1.4501 0.895751 0.802286 0.709169
threshold=1.5000000000000002 474.50000000000006 465.50000000000006 601.50000000000011 12.500000000000002 0.14588963963963961 569.50000000000011 43720.600000000006 0.0036244445074080501 2154.6200000000003 2661.5000000000005 1799.5000000000002 513.50000000000011 589.50000000000011 1.5717529001735173 0.37638888888888894 0.15854419780152859 0.16140117503602702 5.5000000000000009 862.50000000000011 33410.898750000008 17.500000000000004 1.0000000180025095e-35 43.500000000000007 1000.5000000000001 17.500000000000004 4.7550871611455277 1778.5000000000002 0.021352583586626103 15.500000000000002
decision_type=2 2 2 2 2 2 2 2 2 2 2 2 2 2 2 2 2 2 2 2 2 2 2 2 2 2 2 2 2 2
left_child=1 2 3 6 5 -5 13 -6 11 10 24 23 -8 -1 21 16 -16 -17 19 -12 -13 -11 -3 29 -10 28 -26 -27 -24 -2
right_child=8 22 -4 4 7 -7 12 -9 9 14 18 20 -14 -15 15 17 -18 -19 -20 -21 -22 -23 25 -25 26 27 -28 -29 -30 -31
leaf_value=0.012737461602517541 -0.059657004803289615 -0.16027579657171789 0.16782729679503011 0.025724569477059256 0.046375864122822741 -0.032808036781117038 0.053911284825187346 -0.065113598045675153 -0.070151855541647851 -0.053684146896897725 0.061198397902355629 0.022792249192918418 0.12387614591253092 0.072551519473053244 0.053333377046149912 0.12051087858726002 0.029960278752246602 0.065632377468171868 0.10083269996440553 -0.065724932309152703 0.063356466387250621 -0.11677101178774377 -0.055821464002624492 -0.12115825113043986 -0.08640401015609589 -0.11269529221399502 -0.12894170673832583 -0.067954242602862647 -0.081915894405245715 -0.086097325888034482
leaf_weight=403.1426775646396 5.6812076098285642 0.98327796161174674 19.12404251890257 298.23163411580026 470.21891314000823 321.68615783425048 161.88715329766273 33.107879101298749 31.252360151614994 9.1778347231447679 14.229148067533972 15.822396511677653 92.987661288119853 90.874464511405677 1439.5334677761421 44.225465731695294 739.81620426755399 87.371857242658734 22.58061408996582 5.7589156744070342 15.493807792663574 5.2212771028280249 86.753304785117507 7.1623658221215001 13.555456747766586 2.7576956683769804 3.8246510829776517 5.4777200403623283 4.3851738609373561 23.314335055649281
leaf_count=2320 120 5 26 2062 1485 4842 59 528 502 298 2 53 197 150 1070 24 2713 60 1 88 1 23 1878 40 176 22 33 109 48 309
internal_value=0.0339181 0.0230446 0.0275007 0.0260557 0.014921 -0.00464135 0.0427453 0.0390209 0.042633 0.0446074 -0.0121748 -0.0279666 0.0794952 0.0237628 0.046837 0.0476175 0.045403 0.0841907 0.0651249 0.0242355 0.0431585 -0.0775526 -0.0608258 -0.0896548 -0.0799336 -0.0596314 -0.096735 -0.0847083 -0.0572202 -0.0813115
internal_weight=4475.64 1991.62 1891.26 1872.14 1123.24 619.918 748.892 503.327 2484.02 2416.55 91.2011 67.4741 254.875 494.017 2325.35 2310.95 2179.35 131.597 42.5687 19.9881 31.3162 14.3991 100.357 36.1579 48.6325 99.3739 17.3801 8.23542 91.1385 28.9955
internal_count=19244 13731 11669 11643 8917 6904 2726 2013 5513 4990 802 523 256 2470 4188 3867 3783 84 91 90 54 321 2062 469 711 2057 209 131 1926 429
is_linear=0
shrinkage=0.05


Tree=29
num_leaves=31
num_cat=0
split_feature=4 12 14 7 23 23 12 2 6 2 0 9 2 2 29 18 6 30 11 24 6 24 8 6 8 6 1 2 8 8
split_gain=169.301 160.598 107.841 127.865 122.716 118.608 100.086 80.1471 63.3955 49.9141 42.2359 193.149 39.4789 83.2544 33.8206 26.8794 26.1994 19.4441 38.474 11.275 9.19993 7.58977 5.36103 4.98063 3.93718 3.44715 3.30123 3.10754 5.46935 1.21022
threshold=5.5000000000000009 2.9025305132540771 0.029459980713596855 51.500000000000007 20.865160848733748 23.668720054757017 1.6501739748453865 1735.4050000000004 9.5000000000000018 5002.1550000000016 3.5000000000000004 0.98752745241581275 12316.455000000002 129159.96500000001 1.0000000180025095e-35 706.50000000000011 13.500000000000002 1.5000000000000002 0.14730412513842742 859.50000000000011 16.500000000000004 2964.5000000000005 4.4004441331024422 28.500000000000004 3.3131116006554975 17.500000000000004 5.5000000000000009 1047580.4800000001 5.987538203217678 3.6537934709879738
decision_type=2 2 2 2 2 2 2 2 2 2 2 2 2 2 2 2 2 2 2 2 2 2 2 2 2 2 2 2 2 2
left_child=1 2 3 4 25 -6 29 -8 -2 -3 16 27 14 22 -11 -9 24 18 -18 -16 -5 -19 -14 -13 -10 -1 -22 28 -12 -4
right_child=8 9 6 20 5 -7 7 15 10 12 11 23 13 -15 19 -17 17 21 -20 -21 26 -23 -24 -25 -26 -27 -28 -29 -30 -31
leaf_value=-0.060845798048904109 -0.061992540289800994 -0.073768621413275864 -0.068748841024382584 -0.076808818192594316 0.057000766941894924 0.018064952523296159 -0.081703482305401767 0.054886086270841461 0.098066074773121029 0.10398038833731452 0.034997640189992185 -0.059743183469840602 -0.059067539521523584 0.050779889716000837 0.06668045767496214 0.035595774591327616 0.056739755078825893 0.061526243125570659 -0.0074005283478066749 0.043450355451973802 -0.12433156066672063 0.083119358183048053 -0.13024134507346996 -0.10711522367319333 0.077386757684959492 -0.10102986814647759 -0.20034055927510189 0.059378084837907422 0.058561281793042257 -0.10843845873929787
leaf_weight=30.288971049711108 11.585471006110309 6.956539290957152 4.7434568968601516 5.5888931844383469 214.75867297220975 2203.1103468614165 12.490013164002447 372.43174968007952 44.943478040397167 53.79412242397666 48.219340031966567 26.575811148155481 6.1986129344440979 57.592631556093693 195.76516973972321 357.13409154489636 108.17386892717332 178.29230326041579 29.622243695892394 74.502697084099054 4.3344579339027387 56.700284210965037 5.6411432307213545 7.7859729826450339 65.754253790713847 7.4683896675705901 4.1439237110316753 162.26722574979067 55.691830635070801 8.4309217352420074
leaf_count=553 252 90 96 66 741 14964 187 273 3 22 39 564 84 44 55 565 20 82 160 58 20 8 50 34 42 83 23 21 5 40
internal_value=0.0326249 0.0280369 0.0243244 0.0192631 0.0201282 0.0215276 0.0408644 0.0432984 0.0535187 0.057908 0.0552397 0.0404502 0.0602668 0.025885 0.0676076 0.0454562 0.0644124 0.0579945 0.0429198 0.0603137 -0.130479 0.0667908 -0.0942044 -0.0709019 0.0859087 -0.0691721 -0.163967 0.054865 0.047719 -0.0951504
internal_weight=4420.99 3625.37 3224.92 2469.69 2455.63 2417.87 755.23 742.056 795.612 400.451 784.027 300.54 393.494 69.4324 324.062 729.566 483.486 372.789 137.796 270.268 14.0673 234.993 11.8398 34.3618 110.698 37.7574 8.47838 266.178 103.911 13.1744
internal_count=19244 18014 17611 16450 16341 15705 1161 1025 1230 403 978 663 313 178 135 838 315 270 180 113 109 90 134 598 45 636 43 65 44 136
is_linear=0
shrinkage=0.05


Tree=30
num_leaves=31
num_cat=0
split_feature=29 12 17 19 19 9 4 14 8 30 17 12 12 14 12 17 9 13 20 1 18 14 8 23 19 9 10 11 7 8
split_gain=239.447 245.116 240.482 157.965 296.736 129.466 222.569 209.756 165.751 157.721 126.429 102.774 102.441 97.3062 84.7128 82.4123 77.861 70.5266 54.5946 54.8625 50.9662 67.9773 56.8406 98.7408 37.12 33.2156 19.2207 16.891 32.1651 12.823
threshold=1.5000000000000002 2.9209184210358194 474.50000000000006 25958.352500000005 5468.6820177304971 0.77812939521800295 2.5000000000000004 0.019672342621259005 4.2497049981380739 3.5000000000000004 465.50000000000006 1.5225384326999609 2.2248271457855266 0.041841736694677813 2.6472965808784656 351.50000000000006 0.99908717461587193 0.098058069381598764 3.1965049284923421 2.5000000000000004 221.50000000000003 0.77998274374460752 3.0392142742042991 36.974674880219034 99.892500000000013 0.77288845905867187 0.20058139534883718 0.14305019305019304 21.500000000000004 4.2892872834525644
decision_type=2 2 2 2 2 2 2 2 2 2 2 2 2 2 2 2 2 2 2 2 2 2 2 2 2 2 2 2 2 2
left_child=1 2 3 4 10 11 7 9 -9 26 -1 -2 -8 -6 17 27 -16 -14 19 -5 21 25 23 -22 -24 -13 -7 -3 -29 -10
right_child=5 15 -4 18 13 6 12 8 29 -11 -12 20 14 -15 16 -17 -18 -19 -20 -21 22 -23 24 -25 -26 -27 -28 28 -30 -31
leaf_value=0.019581484916316658 -0.075574714497964796 0.070519253617943506 -0.060851733958184454 -0.06690762759612591 -0.066760431241977447 -0.058485871370894851 0.11950659468842756 -0.083754028671698622 0.081615577521810187 0.071117208794797923 0.14287214596068229 0.0052780077335574495 0.018108112830186592 0.056341072814934293 0.048301988603554176 0.14402788735544145 -0.070361896337320304 -0.082546740239444361 0.13413969885999974 0.055574985164991965 0.13595881176880367 0.18287162974668494 -0.086035592389791457 -0.052987740038163457 0.052052867394806093 0.10193630144808259 -0.10459910163225153 -0.07320781414066245 0.059321734561710554 0.045507573271482964
leaf_weight=1254.0724780815654 14.994993742089717 76.277270364575088 97.14545527799055 9.446978463791309 134.56305850483477 39.493671975564212 41.773046425078064 24.488326540682465 42.998975619673729 19.084928512573242 21.06190575985238 14.82404091209173 105.90782089484856 18.104309878777713 700.2957505970262 41.043517312966287 13.983626048546283 20.71892798691988 21.316869990900159 206.79063524492085 42.6944749224931 17.8677978515625 4.7718725628219536 8.1492600655183178 1292.5855935178697 22.570943832397461 56.794118145713583 6.377337495330722 15.409087752923369 61.348822861444205
leaf_count=9074 344 35 2050 128 1939 728 45 278 6 1 28 60 432 18 937 17 285 330 8 292 64 1 60 183 1200 1 525 88 5 42
internal_value=0.0340453 0.0206155 0.0155662 0.0200303 0.0137422 0.0440754 0.0314084 -0.0108175 0.0329974 -0.0597749 0.0216329 0.0541322 0.0430965 -0.0521022 0.0392811 0.0844979 0.0459624 0.00154716 0.0577815 0.0501724 0.0555269 0.102696 0.0535823 0.105532 0.0515345 0.0638688 -0.0858173 0.05941 0.0201419 0.0604985
internal_weight=4446.96 1901.61 1762.5 1665.36 1427.8 2545.35 1126.89 244.209 128.836 115.373 1275.13 1418.46 882.679 152.667 840.906 139.107 714.279 126.627 237.554 216.238 1403.46 55.2628 1348.2 50.8437 1297.36 37.395 96.2878 98.0637 21.7864 104.348
internal_count=19204 13682 13537 11487 11059 5522 3609 1580 326 1254 9102 1913 2029 1957 1984 145 1222 762 428 420 1569 62 1507 247 1260 61 1253 128 93 48
is_linear=0
shrinkage=0.05


Tree=31
num_leaves=31
num_cat=0
split_feature=29 12 17 19 19 23 9 15 13 14 12 3 12 14 3 12 17 12 16 13 17 23 5 5 10 13 23 10 10 10
split_gain=230.248 221.645 223.188 147.093 273.061 124.345 119.287 175.446 144.766 269.51 95.8054 95.4726 95.1883 91.6163 80.0264 66.3408 62.9968 49.0888 44.4504 41.2815 137.844 95.6897 81.2396 38.3954 40.7605 15.9693 53.5761 8.42176 6.25255 4.43691
threshold=1.5000000000000002 2.9209184210358194 474.50000000000006 25958.352500000005 5468.6820177304971 22.867898699520882 0.77812939521800295 0.20839201877934274 0.10087087314828856 0.016985214569058705 2.7017711401447597 7308.5350000000008 1.5225384326999609 0.041841736694677813 0.26869352861182699 3.1086348305682394 351.50000000000006 1.8108301105405296 0.60769230769230786 0.092395354111319869 5.5000000000000009 68.119096509240265 0.9576610116216121 1.0545506419330988 0.061046511627906953 0.04922070580634736 76.943189596167016 0.20058139534883718 0.33430232558139539 0.20058139534883718
decision_type=2 2 2 2 2 2 2 2 2 2 2 2 2 2 2 2 2 2 2 2 2 2 2 2 2 2 2 2 2 2
left_child=1 2 3 4 5 -1 12 8 11 27 -11 14 -2 -6 -8 29 25 -5 -19 20 21 -14 -22 -21 -25 -3 -27 -10 -13 -9
right_child=6 16 -4 17 13 -7 7 15 9 10 -12 28 19 -15 -16 -17 -18 18 -20 23 22 -23 -24 24 -26 26 -28 -29 -30 -31
leaf_value=-0.066351558078363432 -0.074707927579958339 0.071580111795337562 -0.060538471523960191 -0.081352493775466148 -0.066129236616318948 0.023233562657461029 -0.017128100589127792 -0.06721418611074724 -0.058928670462889389 -0.084326704136713795 0.057456167057190533 -0.078580699813064536 0.014691739111452868 0.054947774004513998 0.049277965889510396 0.055597858987157536 0.1309618296313684 0.052432624885738244 0.12824432808858249 -0.064804760928364638 0.15657606265644758 -0.12619355512920455 0.05299065736739092 0.1075537163546825 0.059999480073284352 -0.07600348052240366 0.070115130976897713 -0.095446942778358287 -0.1778245143865439 -0.10294895279951449
leaf_weight=39.859560265671462 14.426146467681972 65.863236809149384 92.874247688800097 6.2310418076813212 129.19214058388025 1241.9827827387489 47.922330921515822 17.064416910521686 27.398620396386832 13.316246770787982 105.39994015963748 9.4986660922877473 132.48968069115654 17.649382488336414 802.94721774803475 9.8329628780484182 42.840657494030893 205.90740556176752 21.439504623413086 5.7837972538545719 19.672217442654073 13.156397331040351 494.12682266393676 48.787683052476496 660.2652990007773 8.7682016007602233 21.232106700539589 43.722562108188868 2.0897381454706183 23.77566255046986
leaf_count=657 344 16 2050 73 1939 8445 355 278 493 144 45 134 395 18 1344 3 17 354 1 123 13 113 380 141 404 104 8 568 14 231
internal_value=0.0328019 0.0196543 0.0148397 0.0190577 0.0130369 0.020439 0.0427918 0.0305004 0.0348808 -0.00462212 0.0414529 0.0435812 0.0525476 -0.0515151 0.0455304 -0.0602567 0.080487 0.0558409 0.0596571 0.0538924 0.0448269 0.00185323 0.0569961 0.0622409 0.0632933 0.0577651 0.0271323 -0.0815514 -0.0982734 -0.0883405
internal_weight=4385.52 1893.84 1755.14 1662.26 1428.68 1281.84 2491.68 1102.97 1052.3 189.837 118.716 862.458 1388.71 146.842 850.87 50.673 138.704 233.578 227.347 1374.28 659.445 145.646 513.799 714.837 709.053 95.8635 30.0003 71.1212 11.5884 40.8401
internal_count=19204 13682 13537 11487 11059 9102 5522 3609 3097 1250 189 1847 1913 1957 1699 512 145 428 355 1569 901 508 393 668 545 128 112 1061 148 509
is_linear=0
shrinkage=0.05


Tree=32
num_leaves=31
num_cat=0
split_feature=29 12 17 19 19 3 11 9 4 16 12 12 8 12 9 13 18 14 17 17 16 17 13 17 23 16 8 8 13 27
split_gain=221.06 202.214 207.371 136.516 253.276 126.4 115.883 110.692 197.042 207.008 94.2832 88.2823 80.7027 77.308 72.0801 68.3149 63.8811 52.7084 48.9024 45.2552 50.7262 40.2832 39.9902 128.851 87.3828 56.5312 39.6091 44.938 14.9021 50.2262
threshold=1.5000000000000002 2.9209184210358194 474.50000000000006 25958.352500000005 4192.1501293103456 1.0000000180025095e-35 0.1453139325111644 0.77812939521800295 2.5000000000000004 0.22214262973575294 2.2248271457855266 1.5225384326999609 4.2497049981380739 2.6472965808784656 0.99908717461587193 0.022100122100122053 851.50000000000011 0.019672342621259005 351.50000000000006 7.5000000000000009 0.38529014844804316 3.5000000000000004 0.092395354111319869 5.5000000000000009 57.266255989048609 0.12522401433691757 2.6651841351762249 3.0392142742042991 0.04922070580634736 5993.4399814562248
decision_type=2 2 2 2 2 2 2 2 2 2 2 2 2 2 2 2 2 2 2 2 2 2 2 2 2 2 2 2 2 2
left_child=1 2 3 4 6 -6 -1 11 9 15 -10 -2 -11 16 -15 -9 -12 -14 28 21 -21 -5 23 24 -13 -25 -24 -28 -3 -30
right_child=7 18 -4 19 5 -7 -8 8 10 12 13 22 17 14 -16 -17 -18 -19 -20 20 -22 -23 26 25 -26 -27 27 -29 29 -31
leaf_value=0.0033119501048558494 -0.073838116326481892 0.069948720955010577 -0.060234375489960947 0.046162408328202564 0.026474271805347324 -0.066040274995912071 0.03414344773832359 0.043541068946796324 0.11530507978333226 -0.067910912406672047 0.014848533118383271 0.023616870996768551 -0.0093403286217879598 0.045948482254307227 -0.069818448359221227 -0.084237247457909351 -0.090187553215359997 0.063971560133840505 0.12055426887163355 -0.068895369352045932 0.058643472182935356 0.093677916952990131 -0.057797387327409279 0.10877708431103271 -0.067334560063590024 0.0500461657612866 0.10900394401484725 0.058414404648738538 -0.07513193100736465 0.068398448964807304
leaf_weight=543.52086660126224 13.88131183432415 64.077148349955678 88.77999020810239 130.08952377922833 50.113208519294858 138.96372517989948 694.90259249368683 11.856716262642292 40.43598317168653 18.882279931101948 106.23843375407159 109.98733913060278 34.172754794824868 669.75288044754416 13.602102862205355 82.634030112996697 16.655959458090365 85.472646506968886 44.182992227375507 14.814038656651976 16.230047582648695 68.804127828218043 6.8620964055880895 45.202133839949965 34.639526361133903 457.59229967743158 47.468737756367773 642.13714761473238 8.4935535490512866 20.753319881856441
leaf_count=3839 344 16 2050 170 280 2097 4843 20 45 346 539 300 154 937 285 1042 223 18 17 180 8 70 158 29 208 364 86 424 97 15
internal_value=0.0316331 0.0187625 0.0141595 0.0181508 0.012385 -0.0414926 0.0206175 0.0415765 0.029612 -0.0110831 0.0408177 0.0510841 0.0278082 0.0370619 0.043627 -0.0681217 0.000510517 0.0430004 0.0771276 0.0539033 -0.0020825 0.0626636 0.0523836 0.0433952 0.00176711 0.0553567 0.0607244 0.0619193 0.0564073 0.0264316
internal_weight=4321.2 1883.73 1746.22 1657.44 1427.5 189.077 1238.42 2437.47 1079.7 233.018 846.685 1357.77 138.528 806.249 683.355 94.4907 122.894 119.645 137.507 229.938 31.0441 198.894 1343.89 647.421 144.627 502.794 696.468 689.606 93.324 29.2469
internal_count=19204 13682 13537 11487 11059 2377 8682 5522 3609 1580 2029 1913 518 1984 1222 1062 762 172 145 428 188 240 1569 901 508 393 668 510 128 112
is_linear=0
shrinkage=0.05


Tree=33
num_leaves=31
num_cat=0
split_feature=29 24 12 1 23 27 11 27 10 5 24 17 18 23 5 9 4 16 12 15 1 1 24 24 12 0 12 5 13 14
split_gain=212.25 237.003 288.989 213.648 190.792 184.393 173.607 142.414 121.889 121.654 109.182 139.69 136.707 132.288 185.188 102.908 180.96 192.895 96.7422 92.3356 91.2876 187.425 85.1077 87.344 81.9026 81.5393 77.6518 72.8146 63.908 49.8552
threshold=1.5000000000000002 625.50000000000011 2.6047599583082452 6.5000000000000009 76.943189596167016 37.901751111235988 0.14609306859576213 0.68757472949789344 0.0087209302325580509 1.9207819076245067 613.50000000000011 38.500000000000007 569.50000000000011 57.266255989048609 1.9583148337368124 0.77812939521800295 2.5000000000000004 0.22214262973575294 1.5001361722992608 0.21064432381401932 3.5000000000000004 7.5000000000000009 598.50000000000011 513.50000000000011 1.5225384326999609 1.5000000000000002 2.2365089366290269 3.0075440743470589 0.022100122100122053 0.007884659107056503
decision_type=2 2 2 2 2 2 2 2 2 2 2 2 2 2 2 2 2 2 2 2 2 2 2 2 2 2 2 2 2 2
left_child=1 10 4 9 5 8 -7 -6 -3 -4 12 -12 13 14 -1 24 17 28 -15 -11 26 -22 23 -14 -2 -23 -18 29 -17 -19
right_child=15 2 3 -5 7 6 -8 -9 -10 19 11 -13 22 18 -16 16 20 27 -20 -21 21 25 -24 -25 -26 -27 -28 -29 -30 -31
leaf_value=-0.070018292438517538 -0.072969178582037289 0.039900351974893528 -0.066607837133600606 -0.061586171423552542 0.081380307020869513 0.032584156268296999 -0.06174413871209971 -0.065726039645535042 -0.060215229750485134 0.060618679126207831 -0.062722242589983351 0.12313316936132482 0.041217672382326737 -0.068161075806431395 0.02889958506656462 0.042456694534159151 0.12624145129975245 -0.078861799035544716 0.048114050442598554 -0.067455150264213434 -0.099538467995526791 -0.080524758061069027 -0.065741166131899273 0.10724991076652401 0.050928699114449076 0.036983983837028007 0.05020798656281248 -0.083248249447295405 -0.082736556238525411 0.047936966720383195
leaf_weight=83.383078613318503 13.358758544316514 33.498788330238312 21.575007718522102 49.924064683262259 74.133763804100454 174.0048573887907 67.649997451808304 21.017940165940672 316.69415238080546 341.45121121453121 11.803171622101216 66.954908096697181 102.32227073609829 19.106038848403841 109.04971960233524 11.561714148148893 37.385225330479443 8.2024344964884204 257.01403034245595 14.561447124462573 28.4393868050538 15.193815110251306 11.448799488600342 99.025143479462713 1313.9408614034764 412.17688977951184 337.39215657697059 13.34446486411616 79.995249099796638 113.56413528835401
leaf_count=1199 344 70 256 882 140 762 1277 328 5801 764 158 88 58 253 426 20 20 153 712 192 358 240 142 174 1569 1173 238 186 1042 179
internal_value=0.0304979 0.017903 0.00321521 0.0354899 -0.0168639 -0.0274354 0.00614215 0.0487988 -0.0506154 0.0483512 0.0394292 0.0951721 0.0329654 0.0178506 -0.0139507 0.0403961 0.0287419 -0.0108346 0.0400286 0.0553488 0.0395484 0.0244902 0.0661991 0.0737551 0.0496725 0.0327768 0.0578376 0.0271039 -0.0668437 0.0392968
internal_weight=4259.17 1874.62 1114.51 427.512 686.999 591.848 241.655 95.1517 350.193 377.588 760.107 78.7581 681.349 468.553 192.433 2384.56 1057.26 226.668 276.12 356.013 830.587 455.81 212.796 201.347 1327.3 427.371 374.777 135.111 91.557 121.767
internal_count=19204 13682 10472 2094 8378 7910 2039 468 5871 1212 3210 246 2964 2590 1625 5522 3609 1580 965 956 2029 1771 374 232 1913 1413 258 518 1062 332
is_linear=0
shrinkage=0.05


Tree=34
num_leaves=31
num_cat=0
split_feature=29 24 10 24 8 19 2 2 23 12 2 17 1 21 2 14 17 6 2 16 2 19 23 5 2 16 14 6 5 10
split_gain=200.286 212.958 265.633 192.708 186.944 173.512 201.132 157.088 149.675 125.08 99.6019 133.902 100.492 95.3045 90.5179 208.767 83.3162 69.5474 68.3929 155.226 74.0834 63.0876 56.2515 44.5768 76.5841 30.692 5.34058 5.30991 4.72076 4.27378
threshold=1.5000000000000002 625.50000000000011 0.10755813953488366 718.50000000000011 1.9219756182923899 3402.0297058823535 1091.4800000000002 21671.880000000001 55.675564681724858 2.6047599583082452 12314.530000000001 430.50000000000006 18.500000000000004 1.0000000180025095e-35 2154.6200000000003 0.18469785575048728 80.500000000000014 3.5000000000000004 12316.455000000002 0.17814319667260847 19653.390000000003 64558.278928571439 57.266255989048609 1.4495441598106982 12314.530000000001 0.15691974464204289 0.023866484392800154 56.500000000000007 1.2024300213979926 0.0087209302325580509
decision_type=2 2 2 2 2 2 2 2 2 2 2 2 2 2 2 2 2 2 2 2 2 2 2 2 2 2 2 2 2 2
left_child=1 5 4 -4 8 6 22 9 29 -5 11 -7 13 -12 15 -2 -10 -16 23 -20 -21 -9 -1 25 -25 -19 -6 -17 -24 -3
right_child=14 2 3 7 26 10 -8 21 16 -11 12 -13 -14 -15 17 27 -18 18 19 20 -22 -23 28 24 -26 -27 -28 -29 -30 -31
leaf_value=-0.067215984073451432 -0.075904456334574585 -0.1181867814610944 -0.068871849037970292 0.01091675070332844 -0.056138869160996099 -0.067851777716099626 -0.072972509286728243 -0.065298258826912342 0.065186099594740629 0.059469596131448525 -0.07950853535777197 0.085527011012916321 -0.065811202466233829 0.061646897780918211 -0.060493031742786418 0.050664178242802754 -0.017301622882901532 0.093185703781306695 -0.082673783446760338 -0.073557917147189913 0.037306316931606166 0.056745663415537932 0.091168563724587953 0.016569958406978651 0.051415256766773443 0.056165446982997025 -0.086307873669749957 0.084255968030634065 0.058430523853411381 -0.055320126279594199
leaf_weight=8.1217013956047577 52.949495545355603 3.0050308424979439 52.748331667855382 226.11807523691095 212.70060047670268 39.089779220055789 69.372674020938575 54.125467201694846 89.416231738869101 321.95743194129318 12.116026489995418 22.230899007990956 16.626272061374038 539.95264158211648 16.493300074944273 30.077126085758209 46.341550300363451 83.61150003131479 28.636153873056173 15.216110103763638 866.67107723420486 13.033284293487666 22.848062718752772 194.61073045944795 844.16285197716206 176.7955054002814 16.833357645664364 21.867746353149414 25.993672946002334 55.030095535796136
leaf_count=124 843 45 600 1406 4380 548 879 842 265 569 127 5 305 1148 506 59 706 48 378 156 1819 5 10 709 875 128 162 1 64 1492
internal_value=0.0295304 0.0172289 0.00309134 0.022732 -0.0278866 0.0376176 -0.0158216 0.0306039 0.00825158 0.039453 0.0483424 -0.0121165 0.0548713 0.0585261 0.0392776 -0.00606585 0.0369997 0.0414165 0.0421821 0.0316527 0.0353797 -0.0414901 0.0536978 0.0495547 0.0448941 0.0681023 -0.0584098 0.0650364 0.0740025 -0.058859
internal_weight=4178.75 1847.66 1091.31 667.983 423.327 756.352 126.336 615.234 193.793 548.076 630.016 61.3207 568.695 552.069 2331.09 104.894 135.758 2226.2 2209.7 910.523 881.887 67.1588 56.9634 1299.18 1038.77 260.407 229.534 51.9449 48.8417 58.0351
internal_count=19204 13682 10472 3422 7050 3210 1077 2822 2508 1975 2133 553 1580 1275 5522 903 971 4619 4113 2353 1975 847 198 1760 1584 176 4542 60 74 1537
is_linear=0
shrinkage=0.05


Tree=35
num_leaves=25
num_cat=0
split_feature=27 18 10 12 19 0 23 19 7 20 27 11 16 0 2 13 18 7 10 18 17 14 18 17
split_gain=177.222 153.609 214.359 186.049 131.052 117.163 187.638 154.162 128.243 101.45 202.923 132.267 79.7202 52.524 26.0629 45.539 78.9414 13.2434 2.05874 1.47343 0.816862 0.384858 0.103513 0.0991192
threshold=0.065420941914257361 1638.5000000000002 0.34011627906976749 2.9414691278528089 91.780000000000015 1.5000000000000002 40.097193702943194 137867.86625000005 18.500000000000004 1.0000000180025095e-35 0.26968815403354657 0.047247023809523808 0.90000000000000013 13.500000000000002 235.03500000000005 0.094744514347092176 1794.5000000000002 20.500000000000004 0.29941860465116282 13.500000000000002 1.5000000000000002 0.011918968064552752 184.50000000000003 175.50000000000003
decision_type=2 2 2 2 2 2 2 2 2 2 2 2 2 2 2 2 2 2 2 2 2 2 2 2
left_child=12 4 3 13 18 6 8 -8 -6 10 -7 -11 19 17 -4 16 -16 -3 21 -1 -21 -2 23 -22
right_child=1 2 14 -5 5 9 7 -9 -10 11 -12 -13 -14 -15 15 -17 -18 -19 -20 20 22 -23 -24 -25
leaf_value=-0.099996275064164628 -0.061197928321652419 -0.05981441822248125 0.074958905336448056 0.084818901297020036 0.05820956820924475 0.058798316779309891 -0.075492687775284117 0.059787944453925823 -0.08522988169825621 0.05911261370815063 -0.046371367178128488 0.034568257124674713 0.058658618857893446 0.053126077064732428 -0.139430494083877 0.052679599116740666 0.027020766481358205 -0.09647083990732222 -0.12863242547372478 -0.096847989317417532 -0.071251180218168647 -0.082645818097159512 -0.056662651955271703 -0.052548828235441727
leaf_weight=3.0981568060815325 22.725037766387693 104.04656094172969 43.446423361077905 25.542066133581102 129.33515850733966 84.595840674359351 89.849327087868005 27.374213650822639 17.599976015742868 705.0364929982461 99.935464169830084 2496.1355602603871 16.550432045944035 9.3067446392960829 9.4966821596026403 69.483953759074211 27.463074674829841 33.67633969662711 1.5981568712741125 2.1243292707949868 12.54750755056739 5.4313632277771822 48.697440810734406 5.4021842530928543
leaf_count=28 409 1839 16 34 520 441 1381 9 203 645 2030 9622 18 7 83 17 38 455 19 34 105 74 1094 116
internal_value=0.0300956 0.0316435 -0.00143126 -0.0394287 0.0345433 0.0353968 0.00330323 -0.0438351 0.040948 0.0378992 0.00182088 0.0399772 -0.0398645 -0.06109 0.0422798 0.0288366 -0.0158742 -0.0688775 -0.0697524 -0.0626723 -0.0607755 -0.06579 -0.0594074 -0.0662218
internal_weight=4090.5 4002.08 322.462 172.572 3679.62 3649.86 264.159 117.224 146.935 3385.7 184.531 3201.17 88.4201 147.03 149.89 106.444 36.9598 137.723 29.7546 71.8696 68.7715 28.1564 66.6471 17.9497
internal_count=19237 17842 2489 2335 15353 14851 2113 1390 723 12738 2471 10267 1395 2301 154 138 121 2294 502 1377 1349 483 1315 221
is_linear=0
shrinkage=0.05


Tree=36
num_leaves=31
num_cat=0
split_feature=27 11 16 8 29 10 17 18 4 14 24 17 16 19 11 16 12 16 19 9 16 27 18 12 12 16 12 30 18 24
split_gain=162.844 138.539 171.83 214.413 200.37 148.378 161.964 131.345 139.16 169.432 122.609 163.348 108.78 104.878 103.618 77.9037 77.0934 75.0768 63.0174 61.5536 59.4896 57.7429 33.2509 33.0434 32.1767 28.4808 55.2854 26.7282 5.95406 1.98148
threshold=0.065420941914257361 0.050157232704402512 0.18870581982460796 3.4397019787254108 2.5000000000000004 0.072674418604651167 51.500000000000007 1525.5000000000002 2.5000000000000004 0.033426443202979501 2084.5000000000005 41.500000000000007 0.19322852697944812 4192.1501293103456 0.18572768694719913 0.12917130144605118 1.3610469131144654 0.90000000000000013 23087.040952380954 0.11396103896103892 0.22537446903644087 0.073503318195150963 437.50000000000006 2.9983448564102235 2.5579513315397255 0.31267458100558665 1.8716125670497992 2.5000000000000004 1.0000000180025095e-35 479.50000000000006
decision_type=2 2 2 2 2 2 2 2 2 2 2 2 2 2 2 2 2 2 2 2 2 2 2 2 2 2 2 2 2 2
left_child=17 5 3 13 15 6 19 10 18 -10 11 -4 -12 16 -6 -5 -3 29 -9 27 22 -8 -7 -15 -24 26 -22 -2 -23 -1
right_child=1 2 7 4 14 20 21 8 9 -11 12 -13 -14 23 -16 -17 -18 -19 -20 -21 25 28 24 -25 -26 -27 -28 -29 -30 -31
leaf_value=-0.078989762946043665 0.044686823573420603 -0.055010896048791162 0.036972457406615623 -0.011230926983537174 0.036154094131546015 0.094963904725922657 0.048809056865671802 -0.076754447352530994 0.038462844291912712 -0.112057508352885 0.21409749720326163 -0.048106467203515635 0.067837041601065129 -0.064745490982742432 -0.089905692446776445 -0.073694114070428515 0.043839244659930707 0.057479708807440424 0.045712046724453836 -0.066123907484322314 -0.10186975823332392 -0.17182577573333827 0.033871093557848647 0.048882889523978561 0.082601355045814603 0.055699559261276822 0.035457814591856492 0.10478113614052487 -0.058399133402463221 -0.056928324862590599
leaf_weight=15.802970090880988 105.70152479130775 20.747992239892483 1846.9983870002907 76.128489732276648 138.90399223286659 136.42414834164083 14.421633495483546 64.743516383226961 174.33189240400679 20.830678547266871 16.111493362113833 58.061437439871952 60.822622857056558 35.050310765393078 18.353388525312766 146.24670147523284 357.70672839926556 16.059945790097117 12.411577749066053 11.217102609574793 7.7364633465185753 1.154665246605872 64.403937700204551 7.693308785557746 73.050597086548805 283.10837485361844 110.63480148371309 22.675703765824437 69.431865682825446 53.144323509186506
leaf_count=142 188 577 6349 478 235 24 24 1073 570 223 4 1248 196 577 215 1899 2068 18 12 211 45 6 99 2 10 78 123 4 1304 1235
internal_value=0.0289517 0.0304243 0.0253403 0.00543709 -0.0218035 0.0476728 0.0124327 0.0324081 -0.000133587 0.0223223 0.0368814 0.0343745 0.0987699 0.0300007 0.0213622 -0.0523474 0.0383937 -0.039461 -0.0569554 0.0455714 0.0593815 -0.041916 0.0773857 -0.0441108 0.0598465 0.0470709 0.0263618 0.0554137 -0.0605658 -0.0621644
internal_weight=4040.11 3955.1 3055.14 800.831 379.633 899.961 224.602 2254.31 272.318 195.163 1981.99 1905.06 76.9341 421.198 157.257 222.375 378.455 85.0072 77.1551 139.594 675.358 85.0082 273.879 42.7436 137.455 401.48 118.371 128.377 70.5865 68.9473
internal_count=19237 17842 15726 6051 2827 2116 1737 9675 1878 793 7797 7597 200 3224 450 2377 2645 1395 1085 403 379 1334 133 579 109 246 168 192 1310 1377
is_linear=0
shrinkage=0.05


Tree=37
num_leaves=31
num_cat=0
split_feature=27 11 12 18 24 10 17 3 18 3 9 1 7 16 20 9 27 4 16 0 18 12 16 12 30 10 18 24 24 9
split_gain=149.712 133.993 158.694 178.339 159.894 138.282 149.731 135.434 113.162 195.043 107.207 89.2566 78.3803 70.7372 59.3968 56.6558 54.4162 52.7434 50.9191 48.287 29.6666 29.7063 27.7204 50.9499 23.199 6.16274 4.3581 1.64563 1.49052 1.4661
threshold=0.065420941914257361 0.050157232704402512 2.5935206890718536 1583.5000000000002 2812.5000000000005 0.072674418604651167 51.500000000000007 0.023016825065486503 759.50000000000011 5.9930390832477292 0.68768063583815042 71.500000000000014 13.500000000000002 0.90000000000000013 4.6691970723183269 0.11396103896103892 0.073503318195150963 1.5000000000000002 0.22537446903644087 13.500000000000002 437.50000000000006 2.5579513315397255 0.31267458100558665 1.8716125670497992 2.5000000000000004 0.20058139534883718 1.0000000180025095e-35 479.50000000000006 344.50000000000006 1.0000000180025095e-35
decision_type=2 2 2 2 2 2 2 2 2 2 2 2 2 2 2 2 2 2 2 2 2 2 2 2 2 2 2 2 2 2
left_child=13 5 3 4 7 6 15 -3 11 12 -6 17 -10 27 -11 24 -8 -4 20 25 -7 -22 23 -20 -2 -5 -18 -1 -17 -24
right_child=1 2 8 19 10 18 16 -9 9 14 -12 -13 -14 -15 -16 28 26 -19 22 -21 21 -23 29 -25 -26 -27 -28 -29 -30 -31
leaf_value=-0.07746771018448835 0.043109586192738636 -0.07016569811745621 -0.062129436588197744 -0.059780725902436577 -0.071134434404223221 0.091366166226092629 0.047596343969999982 0.016230658156494729 -0.018066034529285263 -0.091980789505693716 0.13558505013076011 -0.072704595417127163 0.033862916991702935 0.056344200756187193 0.046148567430242871 -0.10340368565517327 -0.15296263991319856 0.050774973608379861 -0.098270811434792063 0.054633126695605966 0.032752942253323258 0.080007547123739295 0.059236433579972582 0.034546640756504092 0.09909877175898292 -0.090845951958194018 -0.058032785541297219 -0.056688193436667811 -0.053377530239308239 0.051088595855391161
leaf_weight=15.321975430939345 104.13457753602415 47.014255496673286 10.35271941218525 52.13279714086093 7.2744656200520685 134.75229309592396 14.061436807271091 1207.6668912137393 81.869936495786533 46.592946609482169 41.903573211282492 15.119984658900647 634.3120481565129 15.578713052906094 9.2232555132359249 2.3868600400164715 1.2420459538698185 840.48343255138025 7.6252645878121248 8.4895629882812482 63.304393606260419 71.685730770230293 130.09604200720787 107.94702619221061 22.779590116813779 25.544933881377801 66.452657633461058 50.761599817080423 8.3291730303317291 142.46642127912492
leaf_count=142 188 803 142 1231 176 24 24 8041 870 653 41 266 1421 18 5 20 6 1765 45 1 99 10 18 123 4 311 1304 1235 191 60
internal_value=0.0278712 0.0292733 0.0242833 0.0118511 0.0164595 0.0464866 0.0120749 0.012984 0.0348292 0.0208945 0.104823 0.0472425 0.027918 -0.0390712 -0.0690247 0.0439175 -0.0414567 0.0493882 0.0579509 -0.0577621 0.074677 0.0579249 0.0462977 0.025663 0.0532685 -0.0701647 -0.0600713 -0.0616914 -0.0658355 0.0550163
internal_weight=3986.91 3905.24 3027.98 1390.03 1303.86 877.264 219.386 1254.68 1637.95 771.998 49.178 865.956 716.182 81.6623 55.8162 137.63 81.7561 850.836 657.877 86.1673 269.742 134.99 388.135 115.572 126.914 77.6777 67.6947 66.0836 10.716 272.562
internal_count=19237 17842 15726 10604 9061 2116 1737 8844 5122 2949 217 2173 2291 1395 658 403 1334 1907 379 1543 133 109 246 168 192 1542 1310 1377 211 78
is_linear=0
shrinkage=0.05


Tree=38
num_leaves=31
num_cat=0
split_feature=4 18 2 16 6 5 12 17 23 10 2 27 27 18 13 1 9 23 0 8 10 8 11 30 7 11 9 13 1 6
split_gain=144.172 222.7 167.656 218.11 205.24 168.594 145.618 123.796 119.093 116.671 113.621 174.617 105.26 87.7135 66.7544 64.971 122.502 57.2014 13.3524 93.1643 13.0569 12.9896 14.4823 59.0699 12.443 9.41306 8.23914 4.73939 3.50757 3.12401
threshold=5.5000000000000009 1638.5000000000002 15622.800000000001 0.19807227796358229 37.500000000000007 0.66432845420876085 2.9414691278528089 80.500000000000014 53.278576317590698 0.34011627906976749 12314.530000000001 740.05636561605741 18.41214289246199 594.50000000000011 0.078451098749358864 40.500000000000007 0.98752745241581275 78.088980150581804 3.5000000000000004 5.0228554598236856 0.20058139534883718 3.9803677202776639 0.15486043227978707 1.5000000000000002 28.500000000000004 0.16739098712446351 0.9546271485523824 0.093534658439256471 2.5000000000000004 28.500000000000004
decision_type=2 2 2 2 2 2 2 2 2 2 2 2 2 2 2 2 2 2 2 2 2 2 2 2 2 2 2 2 2 2
left_child=1 2 5 17 8 7 9 13 -5 20 11 -7 -12 -1 -11 18 -17 24 21 26 -3 27 -23 -24 -4 -6 -20 -2 -22 -18
right_child=15 6 3 4 25 10 -8 -9 -10 14 12 -13 -14 -15 -16 16 29 -19 19 -21 28 22 23 -25 -26 -27 -28 -29 -30 -31
leaf_value=-0.023461711655568172 0.058815428972230743 -0.060069008660186711 -0.067588479124466777 0.038215869219084271 -0.17948856258665233 0.025548891998768343 0.063993420089201766 -0.055123153597528243 -0.018793962791621766 -0.11569487588832977 0.028143714229551448 -0.077017442723646315 0.054676220335199303 0.060047864751987846 0.040111289863754597 0.047155372939917214 -0.059909089212908134 0.025733327333074204 -0.19596807206875938 0.053612947635298981 -0.074860255431292211 0.058235231829685777 -0.091919648963486311 0.050356813402682991 -0.13865811494634658 -0.080840699965074758 -0.07243912427665597 0.077766789771204173 -0.10565888830357634 -0.10007404166690935
leaf_weight=58.187093008775264 58.618276529014111 72.726477453485131 95.233768281526864 346.94881496671587 12.418572477996348 648.16133606387302 35.799031431321055 90.177288815379143 124.25767093128525 8.0366218062117678 651.59827815624885 44.218312200624496 881.40217039291747 68.061932586599141 43.997754903510213 74.946840791963041 25.374792714137584 17.207628003321588 1.592065967619418 125.20000953041017 17.786513403756544 221.00511028245091 8.3831641362048668 51.470279738306999 6.7675275597721329 3.5669532865285865 10.630642686504869 95.268996739061549 29.679878372931853 7.0156353414058676
leaf_count=603 59 1622 1493 1106 67 3766 51 2436 817 74 2782 621 1457 334 29 36 635 61 11 22 236 44 106 54 39 26 191 48 380 31
internal_value=0.0268268 0.0224511 0.025868 0.00232794 0.0171709 0.0317115 -0.0275811 -0.0103955 0.0231709 -0.0466709 0.0358091 0.0189812 0.0434045 0.0215313 0.0157756 0.0477817 0.0120126 -0.0582548 0.0544799 0.0407118 -0.0737376 0.0588101 0.0522969 0.0302259 -0.0724839 -0.158427 -0.0903948 0.0706232 -0.0944048 -0.0690438
internal_weight=3935.74 3256.23 3048.21 606.401 487.192 2441.81 208.026 216.426 471.206 172.227 2225.38 692.38 1533 126.249 52.0344 679.506 107.337 119.209 572.169 137.423 120.193 434.746 280.859 59.8534 102.001 15.9855 12.2227 153.887 47.4664 32.3904
internal_count=19237 18000 15608 3609 2016 11999 2392 3373 1923 2341 8626 4387 4239 937 103 1237 702 1593 535 224 2238 311 204 160 1532 93 202 107 616 666
is_linear=0
shrinkage=0.05


Tree=39
num_leaves=31
num_cat=0
split_feature=4 2 16 6 14 27 24 10 29 24 27 9 3 27 16 1 9 23 5 26 15 7 15 4 6 7 12 8 2 3
split_gain=141.026 158.875 222.375 216.75 156.539 134.898 132.702 142.212 157.143 112.239 104.875 94.1359 93.631 94.3561 64.9848 60.7094 114.71 53.1473 47.1754 25.6141 10.7082 45.9098 28.2972 54.1643 10.9556 10.6329 8.53893 7.0898 6.45318 5.75463
threshold=5.5000000000000009 15622.800000000001 0.19807227796358229 37.500000000000007 0.0035603033308720506 0.065420941914257361 850.50000000000011 0.12499999999999996 1.5000000000000002 727.50000000000011 3101.6300625658273 0.15504807692307693 13.28117249069215 18.41214289246199 0.90000000000000013 40.500000000000007 0.98752745241581275 78.088980150581804 1.4170062118589806 1.0000000180025095e-35 0.1441499941499941 18.500000000000004 0.15787735521101298 15.500000000000002 13.500000000000002 28.500000000000004 1.6785155139489583 4.0940491386311129 200.03000000000003 0.0047484468360952008
decision_type=2 2 2 2 2 2 2 2 2 2 2 2 2 2 2 2 2 2 2 2 2 2 2 2 2 2 2 2 2 2
left_child=1 5 17 4 11 14 12 8 -8 -6 -9 -4 13 -7 -1 20 -17 25 -14 -19 24 -22 23 -23 -2 -3 -5 -24 -26 -28
right_child=15 2 3 26 9 6 7 10 -10 -11 -12 -13 18 -15 -16 16 -18 19 -20 -21 21 22 27 -25 28 -27 29 -29 -30 -31
leaf_value=-0.061307948624857861 0.075800413872914252 -0.06709938025481671 0.063618195715718098 -0.088441089393382882 0.050271358190154804 0.02574642208191788 -0.057826221085209462 0.029053755695668572 0.028320930591351136 -0.0082797228174962979 -0.089985933917407113 -0.059718003697700799 0.036300224454896418 0.049899192831886152 0.054918559706237671 0.04630018424994567 -0.068155910994751268 -0.075020527043508922 -0.072320023705856051 0.057882825062606016 -0.061911628815325609 -0.15013899230077338 0.068770986743818846 0.054906062718406159 0.072658920110886996 -0.12136152935112515 -0.11013836583243229 0.048842651916481954 0.049524464007543817 -0.19013860664430765
leaf_weight=61.034986122511327 83.227162874769419 100.26428537373431 19.037560410797596 5.1114355772733715 294.25367223378271 733.94663041573949 127.27875195955858 573.52572457515635 90.411155514651909 113.14933518879116 19.004933475633152 80.235842724563554 15.141823374666272 904.8765811258927 14.844699358567594 72.576965532265604 31.210468047764152 4.9193726121447989 28.783232654444873 12.833796374965459 9.35898081329651 4.9512084070593092 63.342665679752827 8.7593364715576172 38.983601988293231 10.333355910144745 4.0049510449171075 177.2975910413079 167.54170549381524 10.442805845290419
leaf_count=1345 30 1706 23 23 522 3787 3278 1831 672 631 226 1010 64 2217 18 36 666 67 428 7 178 58 8 1 3 57 20 157 100 68
internal_value=0.0258533 0.0215453 -0.000437196 0.0139498 0.020275 0.0271485 0.029149 0.0125127 -0.022028 0.0339995 0.0252127 -0.0359754 0.0371549 0.0390877 -0.0384618 0.0469679 0.0118009 -0.0594274 -0.0347655 0.0205615 0.0535502 0.0461318 0.0501497 -0.0193296 0.0602664 -0.0723194 -0.148918 0.0541355 0.0539486 -0.169216
internal_weight=3880.68 3223.43 654.586 526.236 506.676 2568.85 2492.97 810.221 217.69 407.403 592.531 99.2734 1682.75 1638.82 75.8797 657.25 103.787 128.351 43.9251 17.7532 553.462 263.71 254.351 13.7105 289.752 110.598 19.5592 240.64 206.525 14.4478
internal_count=19237 18000 4134 2297 2186 13866 12503 6007 3950 1153 2057 1033 6496 6004 1363 1237 702 1837 492 74 535 402 224 59 133 1763 111 165 103 88
is_linear=0
shrinkage=0.05


Tree=40
num_leaves=31
num_cat=0
split_feature=19 11 16 2 9 2 14 29 11 29 10 23 6 25 16 23 24 11 19 4 0 6 16 16 14 9 23 8 19 10
split_gain=163.094 133.686 114.714 146.031 99.8294 155.989 164.961 135.726 92.8584 104.004 90.0363 128.434 100.426 87.9773 77.3769 75.958 74.7811 74.0329 64.7133 47.8116 39.7445 36.5238 23.3681 25.9312 22.3561 18.7062 40.2999 17.7071 9.33059 4.7175
threshold=150.92250000000001 0.050157232704402512 0.18870581982460796 34305.220000000008 0.97379862700228836 15622.800000000001 0.0020110613429319005 1.0000000180025095e-35 0.15486043227978707 2.5000000000000004 0.049418604651162761 67.874058863791944 1.5000000000000002 1.0000000180025095e-35 0.17862089434111592 42.922655715263524 721.50000000000011 0.1931125706987776 487.01857142857142 15.500000000000002 13.500000000000002 1.5000000000000002 0.22537446903644087 0.28619047619047627 0.019267894267894253 0.37557339449541288 27.774127310061605 4.7266984957335234 400.2675000000001 0.375
decision_type=2 2 2 2 2 2 2 2 2 2 2 2 2 2 2 2 2 2 2 2 2 2 2 2 2 2 2 2 2 2
left_child=20 10 3 8 7 17 -7 13 9 -3 11 12 15 -4 -10 -2 21 -6 -9 29 -1 -13 25 24 -24 27 -27 -12 -25 -5
right_child=1 2 4 19 5 6 -8 18 14 -11 22 16 -14 -15 -16 -17 -18 -19 -20 -21 -22 -23 23 28 -26 26 -28 -29 -30 -31
leaf_value=-0.068857364645880756 0.048381122225227002 -0.029137710994866551 -0.061901113037220262 -0.069486377499694649 0.066608943830663667 -0.070160087555026895 0.031954052923541108 -0.077991464542553235 0.033388998759940967 0.044829672535072841 0.08593365103809858 0.10487362699469241 -0.062258798135049753 0.065424598434982592 -0.041914961784525591 -0.066743188280068547 -0.056216994473858098 -0.017094048044121148 0.028089832962711832 0.051151076957617871 0.053627910371050393 0.047995948377323107 -0.022493646616882492 0.077316604260158073 0.038289885900285606 0.07179483528756174 -0.026347483243450282 0.053552913586164014 0.052734240726350079 -0.13003825468168037
leaf_weight=51.233964964747429 66.875906132394448 177.38525034440681 70.81246002507396 59.607426372123882 496.31994538987055 43.862668472342193 392.35577613906935 14.42966022249311 486.47724826238118 64.773217523470521 136.1451189215295 46.596173346973956 56.335862161358818 16.654354095458984 36.543311973102391 18.104876891709864 12.851389575749634 27.764313128311187 1223.4437174471095 8.667907427530734 7.4820795059204093 73.657215631566942 18.509380409959704 45.988008709158748 79.256310500204563 32.593833267688751 15.226927497424183 63.773530371021479 305.36522343754768 3.688379772938787
leaf_count=881 343 1456 1254 1053 1211 626 2186 200 2958 59 55 58 1055 1 467 361 284 412 3674 13 1 107 99 9 55 22 102 26 141 20
internal_value=0.0295479 0.0307357 0.0256918 0.00984679 0.0314923 0.0437742 0.0216611 0.0225869 0.0162583 -0.00932173 0.0469432 0.0226425 -0.0105243 -0.0375532 0.028111 0.0237459 0.0578745 0.0621627 0.026843 -0.0581846 -0.0530996 0.0701455 0.056501 0.0496346 0.0267198 0.0689038 0.0404506 0.0756612 0.0559871 -0.0732933
internal_weight=4152.78 4094.07 3122.79 837.143 2285.64 960.303 436.218 1325.34 765.179 242.158 971.28 274.421 141.317 87.4668 523.021 84.9808 133.105 524.084 1237.87 71.9637 58.716 120.253 696.858 449.119 97.7657 247.739 47.8208 199.919 351.353 63.2958
internal_count=19189 18307 15590 6026 9564 4435 2812 5129 4940 1515 2717 2208 1759 1255 3425 704 449 1623 3874 1086 882 165 509 304 154 205 124 81 150 1073
is_linear=0
shrinkage=0.05


Tree=41
num_leaves=31
num_cat=0
split_feature=19 11 12 12 2 0 27 23 24 5 10 19 23 18 23 2 14 18 0 18 6 24 8 10 13 6 14 29 18 14
split_gain=150.495 129.29 170.627 116.893 115.348 218.005 132.537 124.152 91.5014 83.9312 81.5527 69.0946 68.4506 97.3802 64.5958 61.6576 174.258 65.7042 37.5133 29.9997 150.042 24.9167 12.1656 11.8587 8.03783 2.3955 1.95905 1.09478 0.89924 1.24249
threshold=150.92250000000001 0.050157232704402512 2.5935206890718536 1.5001361722992608 20325.470000000005 2.5000000000000004 1344.7165175156463 22.867898699520882 52.500000000000007 2.0966914211893948 0.020348837209302254 512.29750000000013 70.373716632443546 1539.5000000000002 70.607802874743342 38366.05000000001 0.0035603033308720506 1783.5000000000002 13.500000000000002 437.50000000000006 9.5000000000000018 275.50000000000006 4.5991538411292519 0.34011627906976749 0.030457637600494702 35.500000000000007 0.025751547303271404 1.5000000000000002 221.50000000000003 0.011918968064552752
decision_type=2 2 2 2 2 2 2 2 2 2 2 2 2 2 2 2 2 2 2 2 2 2 2 2 2 2 2 2 2 2
left_child=18 3 4 10 6 23 7 -3 -8 -7 12 -4 13 -2 -14 17 -17 -13 25 21 27 -5 -23 -6 -22 28 -12 -21 -1 -30
right_child=1 2 11 19 5 9 8 -9 -10 -11 26 15 14 -15 -16 16 -18 -19 -20 20 24 22 -24 -25 -26 -27 -28 -29 29 -31
leaf_value=-0.087490546933217325 -0.022910427196014563 -0.076220641719783627 -0.070914275783613187 0.018910419601694775 -0.073743491467405664 -0.084199623666561751 0.062860602581610123 0.024472674310827856 -0.073837071102750729 0.047497994521155461 -0.059072881057990315 0.045271965510054038 0.13695293462946076 0.091498804187431615 0.032337022284453475 -0.070755203200304428 0.030816510710879881 -0.0082042972953862547 0.053308193810505555 -0.056118453287963471 0.043465215786536171 0.077039874693548616 0.052531385930160157 -0.14142062246123605 0.059235855362858275 -0.13279661608751439 -0.093809841393552362 -0.080971513792756494 -0.056650689927468169 -0.080125735817572638
leaf_weight=5.9613203536719075 90.060930279782042 31.379542456939816 15.091796096414326 25.17754374537617 85.783731230301782 14.073189933318643 15.189774513244627 1089.0758878111374 60.976074049482122 81.979429103434086 20.551837993320081 1110.8587960684672 20.900084489956498 23.332005400210619 50.598280915990472 46.190525089390576 478.76259280508384 60.376251996261999 7.1593670845031729 19.665771625470374 121.41027464950457 217.6185912755318 69.361437357962132 7.2639959333464494 273.81705347262323 1.5448851119726885 6.4967464329674831 8.7885192423127574 31.99490147549659 9.634916657349093
leaf_count=53 1202 559 198 37 1397 275 1 7252 900 93 426 1990 3 13 229 677 1789 421 1 386 57 143 15 38 67 10 39 100 689 129
internal_value=0.0284294 0.0295606 0.0246104 0.0457265 0.0115618 -0.0247069 0.017299 0.0216416 -0.0464632 0.0280828 0.0129694 0.0351724 0.0248597 0.000646516 0.0631363 0.0361234 0.0218579 0.0425106 -0.0526634 0.0551515 0.0464231 0.0669637 0.0711541 -0.0792267 0.0544161 -0.0682825 -0.0679153 -0.0642265 -0.0658094 -0.0623826
internal_weight=4101.08 4044.78 3097 947.779 1385.72 189.1 1196.62 1120.46 76.1658 96.0526 211.94 1711.28 184.891 113.393 71.4984 1696.19 524.953 1171.24 56.2954 735.839 423.682 312.158 286.98 93.0477 395.227 49.136 27.0486 28.4543 47.5911 41.6298
internal_count=19189 18307 15590 2717 10515 1803 8712 7811 901 368 1912 5075 1447 1215 232 4877 2466 2411 882 805 610 195 158 1435 124 881 465 486 871 818
is_linear=0
shrinkage=0.05


Tree=42
num_leaves=31
num_cat=0
split_feature=19 11 12 12 2 0 27 16 16 24 5 19 2 14 3 22 17 6 0 18 6 26 13 8 13 6 6 18 8 18
split_gain=139.043 124.426 153.421 115.338 110.478 205.673 126.631 105.589 100.005 87.0558 78.5641 63.8465 56.8972 161.237 64.9086 45.465 80.6508 60.8515 35.2748 25.5389 131.722 11.9516 16.9644 9.31367 6.45372 1.80556 1.67309 1.2206 0.76166 0.743548
threshold=150.92250000000001 0.047247023809523808 2.5935206890718536 1.5001361722992608 20325.470000000005 2.5000000000000004 1344.7165175156463 0.077677224736048267 0.11566332218506127 52.500000000000007 2.0966914211893948 512.29750000000013 38366.05000000001 0.0035603033308720506 1934.5968995778719 1.5000000000000002 23.500000000000004 1.5000000000000002 13.500000000000002 437.50000000000006 9.5000000000000018 1.0000000180025095e-35 0.48076923076923078 4.7400374373446699 0.030457637600494702 35.500000000000007 10.500000000000002 1.0000000180025095e-35 4.5123305714804598 221.50000000000003
decision_type=2 2 2 2 2 2 2 2 2 2 2 2 2 2 2 2 2 2 2 2 2 2 2 2 2 2 2 2 2 2
left_child=18 3 4 7 6 23 8 15 -3 -8 -7 28 14 -14 -13 16 -2 -17 25 21 -21 22 -5 -6 -22 29 27 -9 -4 -1
right_child=1 2 11 19 5 10 9 26 -10 -11 -12 12 13 -15 -16 17 -18 -19 -20 20 24 -23 -24 -25 -26 -27 -28 -29 -30 -31
leaf_value=-0.085703668515575385 0.052390974903376311 -0.02666661396314662 -0.062155858546578471 0.051627709232148447 -0.071700588299651036 -0.083450872428653455 0.062009890053422667 -0.1202482051004765 0.025611068284476693 -0.073743815866534043 0.046482327972574629 0.042080424542406042 -0.069930827769645737 0.029539887589359604 -0.085416483609461413 0.067694604356031113 -0.062622633041433104 -0.018142993985131674 0.0530007100052916 -0.063078403508411471 0.043956184720808117 0.081048496914707571 0.086646705470420873 -0.12099290440506434 0.05859436793626388 -0.1241931679968398 -0.08921951426553977 -0.056268322514893832 -0.098722550423392078 -0.061807943393951063
leaf_weight=5.7878293776884666 29.756673791445792 100.10330383293331 11.754485676065086 169.23973859893158 79.259286165703088 13.504823793657122 14.64347457885742 0.90689627826214092 1042.8625883688219 58.906273173168302 79.644225167110562 1142.9596071571577 44.443785099545494 474.59370767860673 9.9553843801841122 86.529253302607685 31.020888606552035 26.949450063053519 6.8492789268493643 25.666409682715312 116.93641139147803 90.468483289703727 44.573020592331886 11.545499317580832 244.5510059222579 1.575392112135886 6.9323957059532395 28.502848583739251 2.7665516226552418 39.96786533202976
leaf_count=53 25 1469 156 160 1373 275 1 4 6373 904 93 2285 677 1789 128 248 517 250 1 465 52 25 3 68 58 10 37 830 42 818
internal_value=0.0274016 0.0284835 0.0237051 0.0448261 0.0114664 -0.0246274 0.0169299 0.012392 0.0210262 -0.0466004 0.0275216 0.033864 0.034774 0.021001 0.0409678 0.0285847 -0.00623632 0.0472674 -0.0520607 0.0546945 0.046105 0.0655882 0.0589885 -0.0781491 0.0538864 -0.0674493 -0.064978 -0.0588115 -0.0700921 -0.06512
internal_weight=4043.16 3988.98 3086.94 902.033 1400.47 183.954 1216.52 210.598 1142.97 73.5497 93.149 1686.47 1671.95 519.037 1152.91 174.256 60.7776 113.479 54.1804 691.435 387.154 304.281 213.813 90.8048 361.487 47.3311 36.3421 29.4097 14.521 45.7557
internal_count=19189 18307 15633 2674 10556 1809 8747 1911 7842 905 368 5077 4879 2466 2413 1040 542 498 882 763 575 188 163 1441 110 881 871 834 198 871
is_linear=0
shrinkage=0.05


Tree=43
num_leaves=31
num_cat=0
split_feature=19 11 12 12 16 2 0 9 24 9 5 19 2 14 18 23 23 23 0 18 6 24 8 8 15 6 6 18 29 8
split_gain=128.613 120.833 147.796 107.258 98.2125 96.2641 190.509 142.36 117.873 104.06 73.5154 59.1354 53.4606 149.237 62.1192 49.53 85.0273 47.7254 33.2311 22.5082 132.586 22.9901 7.912 7.23773 6.36373 1.33972 1.31832 0.881281 0.813512 0.605481
threshold=150.92250000000001 0.050157232704402512 2.5935206890718536 1.5001361722992608 0.077677224736048267 20325.470000000005 2.5000000000000004 0.99307950191570893 529.50000000000011 0.99488487702773432 2.0966914211893948 512.29750000000013 38366.05000000001 0.0035603033308720506 1783.5000000000002 70.373716632443546 42.922655715263524 70.607802874743342 13.500000000000002 437.50000000000006 9.5000000000000018 275.50000000000006 4.5991538411292519 4.7400374373446699 0.13498466257668715 35.500000000000007 10.500000000000002 1.0000000180025095e-35 1.5000000000000002 4.5123305714804598
decision_type=2 2 2 2 2 2 2 2 2 2 2 2 2 2 2 2 2 2 2 2 2 2 2 2 2 2 2 2 2 2
left_child=18 3 5 4 15 7 23 8 -3 -9 -8 29 14 -14 -13 16 -2 -17 25 21 28 -5 -23 -7 -22 -1 27 -6 -21 -4
right_child=1 2 11 19 26 6 10 9 -10 -11 -12 12 13 -15 -16 17 -18 -19 -20 20 24 22 -24 -25 -26 -27 -28 -29 -30 -31
leaf_value=-0.064552354196640585 0.034788384496344381 0.041169599141583926 -0.061495421914701545 0.016273490420576946 -0.11202173581932701 -0.070686220071518521 -0.082672829623335609 0.085995014288439864 0.0012814749365060239 -0.068010882024668637 0.045471575157098126 0.042409938202177144 -0.069138173168141137 0.028306551830855422 -0.0098410369414342422 0.12090117825847933 -0.065422889929983713 0.03183630307913677 0.05270435510828933 -0.055470528633696982 0.057616355776480326 0.072349628749851611 0.051669714441782845 -0.11498582573811429 0.043358848794210633 -0.11678985789247794 -0.086348778151748518 -0.055964925731478571 -0.078595444091202171 -0.09593653969323318
leaf_weight=43.907295067096129 71.295308316126466 237.37984623247758 11.299300796817986 24.095047118142247 0.93148154020309704 75.68117263680324 12.964982419740407 100.165772912791 842.82525060349144 12.204518179176373 77.403521400410682 1074.5730469981208 42.749778658850119 470.61668234295212 59.863579750293866 21.884048037230968 29.977996983798221 48.74684539809823 6.5514950752258292 17.953609179006893 244.66404309123755 209.93193877441809 63.637783855199814 11.299514501355587 123.74888765159994 1.5972217982634891 6.8111092345789066 27.298129395814613 8.281676276586948 2.7089310539886347
leaf_count=871 378 760 156 37 4 1368 275 214 7510 228 93 1990 677 1789 421 2 484 176 1 386 60 143 15 67 64 10 37 831 100 42
internal_value=0.0264306 0.0274658 0.0226867 0.043568 0.0119457 0.0105212 -0.0238287 0.0156351 0.0100547 0.0691784 0.0269606 0.0327112 0.0335842 0.0201704 0.0396477 0.0275222 0.00504016 0.0596345 -0.0515459 0.0530102 0.0451102 0.0634487 0.067578 -0.076624 0.0528539 -0.0667476 -0.064189 -0.05838 -0.0632309 -0.0691429
internal_weight=3983.05 3930.99 3031.74 899.258 206.945 1369.92 177.349 1192.58 1080.21 112.37 90.3685 1661.81 1647.8 513.366 1134.44 171.904 101.273 70.6309 52.056 692.313 394.648 297.665 273.57 86.9807 368.413 45.5045 35.0407 28.2296 26.2353 14.0082
internal_count=19189 18307 15590 2717 1912 10515 1803 8712 8270 442 368 5075 4877 2466 2411 1040 862 178 882 805 610 195 158 1435 124 881 872 835 486 198
is_linear=0
shrinkage=0.05


Tree=44
num_leaves=30
num_cat=0
split_feature=19 8 24 10 27 8 27 13 27 16 23 24 23 17 9 17 13 27 2 19 8 23 16 0 24 6 8 18 10
split_gain=118.942 84.239 113.926 128.275 187.662 162.539 143.974 134.692 112.462 96.502 85.6909 79.8152 119.523 87.8288 75.6457 57.7239 180.512 94.5124 64.8947 53.9541 40.3502 50.6624 33.0692 31.3409 1.30688 0.971929 0.558149 0.509943 0.120137
threshold=150.92250000000001 4.5123305714804598 786.50000000000011 0.14244186046511628 4.204660630552266 3.9898569214791393 1.738595135264118 0.047761619617907008 3462714.2650000001 0.19198009986338296 23.117043121149901 768.50000000000011 60.830937713894606 430.50000000000006 0.99882560147410138 7.5000000000000009 0.072314791079210419 381.97523501540758 3642.4800000000005 33410.898750000008 4.586665930357066 60.023271731690635 0.18479130434782606 13.500000000000002 435.50000000000006 35.500000000000007 4.7742676935239263 221.50000000000003 0.10755813953488366
decision_type=2 2 2 2 2 2 2 2 2 2 2 2 2 2 2 2 2 2 2 2 2 2 2 2 2 2 2 2 2
left_child=23 2 10 4 6 9 -4 -7 -6 -5 19 13 -13 -12 15 16 17 -3 -18 24 21 -17 -22 25 -2 27 -16 -1 -29
right_child=1 14 3 5 8 7 -8 -9 -10 -11 11 12 -14 -15 26 20 18 -19 -20 -21 22 -23 -24 -25 -26 -27 -28 28 -30
leaf_value=-0.08278778831602851 -0.093230912685385359 -0.087211030813408252 -0.026150411464571224 -0.06263459892743628 -0.063030719985893033 0.043418841295284984 0.053557399577520814 -0.038661099353784728 0.060997465971226864 0.054633038742616907 0.024940949369216415 -0.0693959880724975 0.083727100105343621 0.08237200563935243 -0.051416595496453416 0.0072964136253432597 -0.094304191884594227 0.0084841879675548459 0.041151790646197339 0.042307142353710823 -0.028039270573037314 0.087536634351050024 0.044448250519002287 0.05241808978470415 -0.064540529362011143 -0.11035584785748245 -0.084328585088994212 -0.053862921448850291 -0.065748843122462694
leaf_weight=5.4837231319397679 6.6583638512529424 45.023053341079503 103.66085606836714 18.569829908199608 170.89255317486823 77.860978314653039 124.57561250962317 139.06855429382995 20.344017829746008 285.83263449557126 1361.3087705580983 14.113337300019337 122.31838967977092 70.012170364614576 3.2144503635354331 24.163709366228431 8.8751765014603716 60.026682470459491 542.32979405205697 15.207851277664302 16.09600880369544 109.5692833722569 499.58389040618204 6.2656836509704581 27.418023220961913 1.611256519332527 10.972068618983029 15.857989647891371 20.740086427889764
leaf_count=53 82 366 2237 266 3586 105 569 1361 12 457 6609 218 147 76 146 77 73 159 676 17 82 30 425 1 459 10 72 509 309
internal_value=0.0254705 0.0264594 0.0211595 0.00731712 -0.0132559 0.0238795 0.0173381 -0.00917126 -0.0497853 0.0474446 0.029209 0.031252 0.0678113 0.0277592 0.0367243 0.0379765 0.0274935 -0.032526 0.038945 -0.0356082 0.0485565 0.073092 0.042171 -0.0510838 -0.0705492 -0.0661262 -0.0776333 -0.0640565 -0.0608957
internal_weight=3927.65 3877.7 2557.84 940.805 419.473 521.332 228.236 216.93 191.237 304.402 1617.04 1567.75 136.432 1431.32 1319.85 1305.67 656.255 105.05 551.205 49.2842 649.413 133.733 515.68 49.9587 34.0764 43.6931 14.1865 42.0818 36.5981
internal_count=19189 18307 16201 8593 6404 2189 2806 1466 3598 723 7608 7050 365 6685 2106 1888 1274 525 749 558 614 107 507 882 541 881 218 871 818
is_linear=0
shrinkage=0.05


Tree=45
num_leaves=31
num_cat=0
split_feature=11 12 14 2 23 1 6 14 16 2 2 6 18 9 1 3 30 4 9 23 27 10 23 1 18 18 6 13 29 13
split_gain=110.529 151.409 83.4715 84.9723 104.795 98.9314 91.5719 74.7612 73.8771 78.7333 92.7031 77.9987 67.7752 59.4051 127.497 101.546 50.3328 70.5537 107.55 63.1192 91.8694 40.2249 125.33 42.4463 32.8486 17.478 17.4948 36.5828 9.7292 9.29468
threshold=0.050157232704402512 2.6047599583082452 0.12565789473684211 22838.880000000005 23.117043121149901 7.5000000000000009 24.500000000000004 0.0061509022472316004 0.19322852697944812 4302.4000000000005 34305.220000000008 37.500000000000007 1274.5000000000002 0.99731543140476819 6.5000000000000009 6125.4900000000007 2.5000000000000004 1.5000000000000002 1.0000000180025095e-35 67.874058863791944 0.0017891463054638503 0.24127906976744187 38.22724161533197 1.5000000000000002 211.50000000000003 221.50000000000003 7.5000000000000009 0.37980769230769235 1.0000000180025095e-35 0.034286833855799302
decision_type=2 2 2 2 2 2 2 2 2 2 2 2 2 2 2 2 2 2 2 2 2 2 2 2 2 2 2 2 2 2
left_child=16 2 3 4 -2 -5 -6 -7 9 -3 12 -12 -11 21 -15 -16 17 18 19 20 -1 22 -10 -23 -21 -19 27 -27 -18 -28
right_child=1 8 -4 5 6 7 -8 -9 13 10 11 -13 -14 14 15 -17 28 25 -20 24 -22 23 -24 -25 -26 26 29 -29 -30 -31
leaf_value=0.061284080824625581 -0.072172351799844645 -0.076398771068697482 -0.1015275532496657 -0.074624139124044614 0.012019031841775918 -0.072680541089048964 0.062325748317237778 0.024756502884265893 -0.025200530197954471 0.040098437271171447 -0.073782605234304618 0.044707004412585127 -0.047727456889125594 0.056188164574110022 -0.072315784980645212 0.046550702620829242 0.080603772467179938 0.066220150072028403 -0.065458642287079996 0.065272890821886365 -0.02678292018799211 -0.086724753006164695 0.055880954905152352 0.031078912666705618 0.0044621533045991436 -0.07913028473644404 0.033334370647853009 0.057265585670625556 0.048208664665711692 0.052093468759117273
leaf_weight=44.652075700927526 34.483583779772744 24.830700575141236 17.158465052722022 61.313132177339867 1127.2372260279953 24.973221634863876 98.337493024300784 91.450122203677893 52.112816718872637 207.88822525274009 44.450633276253939 20.045130496844649 24.426164456177503 70.643236759118736 57.216196510009468 26.037240270525217 79.421971403993666 103.38481552805752 35.246564360335469 102.17733194213361 87.406349735800177 7.6592142540030173 541.47314985794947 463.95598342595622 28.616061276756227 8.7339041423983872 105.86331233475357 10.976213455200195 34.951341889798641 188.9695053640753
leaf_count=99 704 317 215 1083 8530 490 129 279 409 392 762 13 215 64 1032 52 64 31 819 109 1156 84 874 719 207 126 81 1 38 64
internal_value=0.0238092 0.0193305 0.0077576 0.00907225 0.0136401 -0.0232729 0.0160644 0.00376856 0.0302545 0.00891501 0.0160924 -0.0368667 0.0308261 0.0358794 0.00679738 -0.0350694 0.0399559 0.0350131 0.016396 0.0274118 0.00298062 0.0400753 0.0487511 0.0291372 0.05202 0.0482732 0.0423393 -0.00301581 0.0707986 0.0453883
internal_weight=3826.09 2995.69 1454.95 1437.79 1260.06 177.736 1225.57 116.423 1540.74 321.641 296.81 64.4958 232.314 1219.1 153.897 83.2534 830.399 716.026 298.098 262.852 132.058 1065.2 593.586 471.615 130.793 417.928 314.543 19.7101 114.373 294.833
internal_count=19158 16363 11430 11215 9363 1852 8659 769 4933 1699 1382 775 607 3234 1148 1084 2795 2693 2390 1571 1255 2086 1283 803 316 303 272 127 102 145
is_linear=0
shrinkage=0.05


Tree=46
num_leaves=31
num_cat=0
split_feature=11 12 14 8 7 8 16 24 16 17 9 8 13 19 1 17 12 6 23 17 6 18 18 23 8 8 17 18 6 13
split_gain=105.223 141.713 77.3008 86.069 160.332 145.591 124.018 115.542 67.5748 70.8432 85.5637 89.6356 89.2795 69.4392 91.7474 82.1878 49.1153 99.1701 88.7536 40.5839 38.5897 37.971 80.4797 34.7712 109.201 33.6087 30.8693 29.6612 82.4087 44.6431
threshold=0.050157232704402512 2.6047599583082452 0.12565789473684211 4.5624994231278935 26.500000000000004 4.390950952646123 0.29649979649979658 625.50000000000011 0.19322852697944812 1.5000000000000002 0.98393548387096785 4.549348456427885 0.055710738671632454 29028.020000000004 3.5000000000000004 18.500000000000004 1.5001361722992608 1.5000000000000002 71.608487337440124 984.50000000000011 72.500000000000014 692.50000000000011 80.500000000000014 37.778234086242307 4.586665930357066 4.3099522300998281 42.500000000000007 437.50000000000006 10.500000000000002 0.37980769230769235
decision_type=2 2 2 2 2 2 2 2 2 2 2 2 2 2 2 2 2 2 2 2 2 2 2 2 2 2 2 2 2 2
left_child=16 2 3 5 19 7 -6 -2 13 10 12 -12 -10 14 15 -3 17 21 -19 -5 -16 22 26 24 -11 -25 -1 -18 29 -29
right_child=1 8 -4 4 6 -7 -8 -9 9 23 11 -13 -14 -15 20 -17 27 18 -20 -21 -22 -23 -24 25 -26 -27 -28 28 -30 -31
leaf_value=-0.075292328883521581 0.02569541459850171 0.031048258647654578 -0.09923835965681771 0.048687930760879017 -0.1133047169717194 -0.094073890091559365 0.043649172981397151 -0.0065741614136313872 -0.074579184144405328 -0.043236345790574233 -0.065403897405162822 0.018606255973436875 0.040127749254610053 0.049157434057586186 -0.07078933792140385 -0.054848029023684713 0.058613897159585981 -0.065425780316419463 0.031181872044717403 0.12040346793390505 0.05311456379927848 0.082657354367909552 -0.056274622536855418 0.057184257652054732 0.051445590791012498 0.032570490902217406 0.059602931156606823 -0.067141532795964506 0.046109540118574585 0.05153795919457263
leaf_weight=4.3835719088092437 461.55872557405382 138.48672444396652 16.690866070333868 165.19534061080776 27.889650313882157 37.184338829480112 22.736193288117647 694.50944316631649 17.927696549799293 44.583605163730681 52.848794253077358 79.096061662305146 282.46910330001265 79.102779366541654 55.531369434669614 34.726283066440374 279.63084834162146 50.142674221657217 44.966676079668105 22.527220541494898 6.9640083312988272 47.302729172632098 21.901708704885095 414.51260977517813 95.338856558315456 211.01861368352547 73.867169660748914 27.129733103793114 249.97078419476748 11.04531150171533
leaf_count=29 2421 343 215 216 230 427 17 7888 150 450 939 246 239 82 964 309 207 967 158 16 1 106 554 753 83 374 131 526 106 11
internal_value=0.0229557 0.0185821 0.00739783 0.00865143 0.0360778 0.00316634 -0.0427707 0.00630621 0.0292863 0.0347053 0.0184993 -0.0150291 0.0332429 0.00864759 -0.00494123 0.0137769 0.0389259 0.0200451 -0.0197134 0.0573801 -0.0568398 0.0457194 0.0281584 0.0438487 0.021232 0.0488955 0.0518959 0.0469784 0.0356529 -0.032628
internal_weight=3771.24 2960.9 1448.29 1431.6 238.348 1193.25 50.6258 1156.07 1512.61 1197.8 432.342 131.945 300.397 314.811 235.708 173.213 810.341 242.565 95.1094 187.723 62.4954 147.455 100.152 765.454 139.922 625.531 78.2507 567.777 288.146 38.175
internal_count=19158 16363 11430 11215 479 10736 247 10309 4933 3234 1574 1185 389 1699 1617 652 2795 1945 1125 232 965 820 714 1660 533 1127 160 850 643 537
is_linear=0
shrinkage=0.05


Tree=47
num_leaves=31
num_cat=0
split_feature=11 12 2 1 2 5 1 9 24 24 5 11 9 1 15 12 6 17 11 7 5 29 12 10 18 22 18 6 9 24
split_gain=101.076 132.589 73.1403 98.7346 80.3552 201.116 95.1935 95.1758 90.4722 196.534 77.5331 73.883 60.3517 115.402 48.711 46.9106 91.1403 49.9194 39.4005 35.699 101.265 33.8826 32.6575 32.2392 27.4969 66.8196 26.559 77.1653 28.2305 27.6221
threshold=0.050157232704402512 2.6047599583082452 20325.470000000005 7.5000000000000009 12314.530000000001 1.8132902534642319 2.5000000000000004 0.30839160839160845 628.50000000000011 750.50000000000011 1.9207819076245067 0.18335721107927413 0.99843871879875212 4.5000000000000009 0.25112612612612611 1.5001361722992608 1.5000000000000002 51.500000000000007 0.16885267050829963 56.500000000000007 4.6691970723183269 1.0000000180025095e-35 2.9209184210358194 0.020348837209302254 692.50000000000011 1.5000000000000002 437.50000000000006 10.500000000000002 0.056079664570230552 275.50000000000006
decision_type=2 2 2 2 2 2 2 2 2 2 2 2 2 2 2 2 2 2 2 2 2 2 2 2 2 2 2 2 2 2
left_child=15 2 4 -4 5 6 -2 -7 11 -10 -5 -6 14 -14 19 16 21 23 -12 22 -21 24 -3 -18 25 -1 29 28 -28 -17
right_child=1 12 3 10 8 7 -8 -9 9 -11 18 -13 13 -15 -16 26 17 -19 -20 20 -22 -23 -24 -25 -26 -27 27 -29 -30 -31
leaf_value=-0.067581515651979562 0.043478054383861181 0.028705485239126638 -0.072614890232499119 -0.078583327819726614 0.049539851914961526 0.04112113605984364 -0.07913730286891274 -0.056837503792676859 -0.068462680424927633 0.018951080714043202 0.033717164978583632 -0.022070700011492961 0.061537651411763705 -0.066091480310382839 -0.043752354750602442 0.0055949253222627726 0.030962092986666863 -0.060727516718385777 -0.076673245742080468 -0.17267555680156751 0.053204540686672963 -0.059806323631929864 0.047424689322839428 -0.073774031994946962 0.081256417305553164 0.051721001309682817 0.02149330533762181 0.045406303956512552 -0.067820568060554018 0.062147388181781255
leaf_weight=13.699856980238108 156.61521812318824 1068.6168387925718 63.752259584027342 22.764295218046755 285.05579546280205 28.909036517608911 17.489979573525488 169.43250570353121 74.025370474439114 484.54208376118913 88.886863550404087 41.064757510088384 29.161061316728592 44.719764992361888 21.514386900234967 23.883570889942348 43.176809966564178 40.643438902916387 8.7727602374507097 7.9184664064086983 12.886614948511124 7.3111192556098095 299.8906569397077 8.7347242464311403 46.24619114305824 77.70406723767519 14.525129439076407 241.37094891536981 22.121021730592474 248.47166546713561
leaf_count=274 833 3303 1181 455 450 95 259 2810 906 3591 176 515 8 1035 197 43 107 895 159 62 3 189 325 123 75 282 96 106 441 164
internal_value=0.0221538 0.0178692 0.00706124 -0.0223485 0.0113753 -0.00809636 0.0310935 -0.0425209 0.0195784 0.00734725 0.00425915 0.0405034 0.0283566 -0.0156331 0.0306647 0.0380551 0.0194351 -0.0192767 0.0236814 0.0318238 -0.0329416 0.0441826 0.0328144 0.0131349 0.0497816 0.0337307 0.0460766 0.0351349 -0.0323218 0.0572104
internal_weight=3713.91 2926.02 1441.31 184.176 1257.13 372.447 174.105 198.342 884.688 558.567 120.424 326.121 1484.71 73.8808 1410.83 787.889 237.516 92.555 97.6596 1389.31 20.8051 144.961 1368.51 51.9115 137.65 91.4039 550.372 278.017 36.6462 272.355
internal_count=19158 16363 11430 1971 9459 3997 1092 2905 5462 4497 790 965 4933 1043 3890 2795 1945 1125 335 3693 65 820 3628 230 631 556 850 643 537 207
is_linear=0
shrinkage=0.05


Tree=48
num_leaves=31
num_cat=0
split_feature=11 16 9 23 18 6 25 7 29 11 9 7 11 26 10 10 6 23 17 17 9 14 16 9 18 6 13 2 19 18
split_gain=96.5086 89.8408 107.049 147.5 101.934 94.1947 95.0463 83.8246 80.8864 97.7019 91.942 65.4167 63.3776 61.7908 58.0072 45.8647 81.4624 88.0562 51.2577 45.8436 94.1823 88.1361 42.9404 35.9408 33.5434 50.129 42.4347 30.5257 24.8161 16.9472
threshold=0.050157232704402512 0.19198009986338296 0.69494949494949509 76.045174537987705 413.50000000000006 3.5000000000000004 1.0000000180025095e-35 65.500000000000014 1.0000000180025095e-35 0.14143877802414387 0.97501040799333893 18.500000000000004 0.16326807821743203 1.0000000180025095e-35 0.043604651162790657 0.049418604651162761 1.5000000000000002 67.874058863791944 51.500000000000007 670.50000000000011 0.99871050881277024 0.0023121418184928505 0.14068287037037039 0.20074626865671644 437.50000000000006 10.500000000000002 0.37980769230769235 19653.390000000003 1051.1666666666667 692.50000000000011
decision_type=2 2 2 2 2 2 2 2 2 2 2 2 2 2 2 2 2 2 2 2 2 2 2 2 2 2 2 2 2 2
left_child=15 2 4 5 -2 14 -7 8 9 10 -3 -11 27 22 -4 16 23 -18 -19 20 -10 -21 -6 28 -17 26 -26 -5 -1 -30
right_child=1 7 3 12 13 6 -8 -9 19 11 -12 -13 -14 -15 -16 24 17 18 -20 21 -22 -23 -24 -25 25 -27 -28 -29 29 -31
leaf_value=-0.071634841291821141 -0.063618926179999105 -0.029213053334928869 -0.051821410235062586 -0.0068175754097217645 0.0095302685175456623 -0.042059383061541 0.055341323874334492 -0.13549172435269755 0.025700496232806971 -0.060803151407949611 0.059257785805545998 0.050281834065139322 -0.066277481368222729 -0.064044287108009801 0.094582749560865848 0.061008436721432135 -0.063070435423860802 0.047961749249680823 -0.064034087494755407 -0.067883416307129241 -0.065489867950568117 0.056449596588387677 0.047353060887401183 -0.060963728156388869 -0.070100355601277073 0.042119457188043261 0.056171724955165397 0.073392844424537015 0.040601286450442017 0.076999115551833572
leaf_weight=4.0888463980518273 31.150303912581876 48.213519138051197 9.2794570811092836 14.242023052647708 111.74626619322225 314.63254463730846 27.084274929016829 8.2090949704870564 1547.3333366294391 80.949786404729821 74.62948794150725 15.715560613200067 11.333417624700813 16.366452053654939 24.03044472169131 218.8225271506235 48.017514837440103 52.336086163297296 12.564738741144536 15.162644859519785 28.719642689451575 211.83549771364778 231.02192092686892 7.7861415948718777 19.376001086318865 237.99517835630104 9.9773254394531268 67.250260576605797 109.95313076744787 46.156843047123402
leaf_count=41 627 607 316 82 868 3792 8 51 5737 1561 166 26 206 252 29 80 1070 69 212 437 658 352 544 212 323 135 1 44 565 87
internal_value=0.0213836 0.0171933 0.00362168 -0.0124998 0.0229583 -0.0264758 -0.0343109 0.0229253 0.0235774 -0.00505868 0.0244985 -0.0426583 0.0438788 0.0304973 0.0536149 0.0371541 0.0210259 -0.0117754 0.0261374 0.0270665 0.0240316 0.0480964 0.0350434 0.0430984 0.0464563 0.0345084 -0.0269652 0.0593224 0.0482222 0.0514374
internal_weight=3655.98 2888.91 858.137 467.852 390.285 375.027 341.717 2030.77 2022.56 219.508 122.843 96.6653 92.8257 359.135 33.3099 767.074 280.903 112.918 64.9008 1803.05 1576.05 226.998 342.768 167.985 486.171 267.349 29.3533 81.4923 160.199 156.11
internal_count=19158 16363 6768 4477 2291 4145 3800 9595 9544 2360 773 1587 332 1664 345 2795 2256 1351 281 7184 6395 789 1412 905 539 459 324 126 693 652
is_linear=0
shrinkage=0.05


Tree=49
num_leaves=31
num_cat=0
split_feature=11 12 23 2 0 12 9 16 24 16 2 2 17 10 17 9 13 8 22 10 27 10 23 2 9 17 23 10 24 12
split_gain=92.4608 122.376 70.4886 79.2738 92.1902 71.7881 119.303 88.8951 59.5495 56.9287 70.0923 78.2174 62.482 60.0625 59.8933 75.7781 82.5708 80.5749 52.1507 44.2636 71.7482 63.9749 46.8118 39.6655 35.3327 31.3411 30.9009 29.5137 27.2402 21.2142
threshold=0.050157232704402512 2.6047599583082452 23.117043121149901 32582.055000000004 2.5000000000000004 2.5017210456935275 0.42940199335548174 0.11566332218506127 682.50000000000011 0.19322852697944812 4302.4000000000005 34305.220000000008 18.500000000000004 0.45058139534883723 1.5000000000000002 0.98393548387096785 0.055710738671632454 4.549348456427885 2.5000000000000004 0.049418604651162761 0.68757472949789344 0.0087209302325580509 42.72826830937715 701057.22500000021 0.18230694037145653 1.0000000180025095e-35 37.778234086242307 0.0087209302325580509 275.50000000000006 1.5717529001735173
decision_type=2 2 2 2 2 2 2 2 2 2 2 2 2 2 2 2 2 2 2 2 2 2 2 2 2 2 2 2 2 2
left_child=19 2 23 5 -5 7 -7 -4 -6 10 -3 12 -12 -13 15 16 -11 -17 26 20 22 -22 27 -2 28 -23 -16 -1 -24 -21
right_child=1 9 3 4 8 6 -8 -9 -10 14 11 13 -14 -15 18 17 -18 -19 -20 29 21 25 24 -25 -26 -27 -28 -29 -30 -31
leaf_value=0.049566889757294778 -0.073872208201579012 -0.074897337938487449 -0.028897447313844218 -0.075580449569143171 -0.086325694381967216 0.037937023929214254 -0.073061279104436327 0.019774520798332872 0.037939025278899953 -0.072888654804412922 0.038232270707710202 -0.07099564465285213 -0.043589555185000517 0.037439380973378615 0.01989584224610812 -0.065227374642491218 0.037832288788265681 0.016584511041162483 -0.080445355639223171 -0.0087178825204060513 0.045950012803982372 0.048583351596582822 -0.071058353481978642 0.052940397664104237 -0.06075828917291845 -0.062970934703980963 0.046721972003085505 -0.05940345257076738 0.055440799088371406 0.047696692558016694
leaf_weight=9.1961792754009384 39.590191637049429 23.724184990627691 102.92113415105268 58.453179213451222 11.978652696125208 40.226999056525528 60.360668138368055 1042.5668547840323 47.495127093512565 17.859050770523027 191.55284639587626 40.197089449036866 26.42724436102435 18.552650392986834 132.14444233477116 49.740778194274753 265.40441069705412 75.742236637510359 8.7064181831665319 17.115730298683047 25.971404135460034 7.0935960463248184 4.2598546072840682 7.1789604807272545 7.1482673517893991 49.112107350258157 594.18410378182307 18.503691984107718 154.31833733711392 453.48027677624486
leaf_count=5 837 317 1580 1058 243 83 935 6577 114 150 382 758 225 17 503 939 239 246 105 94 51 5 24 3 222 1060 1052 420 469 445
internal_value=0.0206284 0.0165283 0.00604919 0.0081235 -0.0310307 0.0118352 -0.0286276 0.0153949 0.012724 0.0267599 0.00736663 0.0144617 0.0282741 -0.0366624 0.0318488 0.0164792 0.0308107 -0.0158316 0.0403855 0.0363048 0.0203482 -0.018735 0.0369797 -0.0542287 0.0470424 -0.0487418 0.0418517 -0.022998 0.0519685 0.0456328
internal_weight=3601.21 2855.01 1410.77 1364 117.927 1246.08 100.588 1145.49 59.4738 1444.24 300.454 276.73 217.98 58.7497 1143.78 408.746 283.263 125.483 735.035 746.199 275.603 82.1771 193.426 46.7692 165.726 56.2057 726.329 27.6999 158.578 470.596
internal_count=19158 16363 11430 10590 1415 9175 1018 8157 357 4933 1699 1382 607 775 3234 1574 389 1185 1660 2795 2256 1116 1140 840 715 1065 1555 425 493 539
is_linear=0
shrinkage=0.05


Tree=50
num_leaves=31
num_cat=0
split_feature=4 19 16 18 2 2 9 14 27 18 16 18 8 4 7 27 27 23 12 15 12 8 7 10 7 10 18 14 9 24
split_gain=89.1834 149.206 83.0225 134.218 118.108 104.095 74.6609 69.1121 70.4408 64.9697 59.485 58.9628 54.6099 64.5698 128.077 48.9393 35.7548 25.8221 25.6479 16.5659 12.786 4.31706 2.56426 1.7542 1.64813 1.57513 1.40967 1.33881 1.12363 0.919321
threshold=1.5000000000000002 1497.241666666667 0.18728506092156424 1083.5000000000002 34305.220000000008 2353.9250000000006 0.99908717461587193 0.045649908830424558 1651.9663253630195 1680.5000000000002 0.14588963963963961 818.50000000000011 2.7255678241131136 5.5000000000000009 52.500000000000007 186.87167501149477 657203.69500000018 37.508555783709795 2.046446696107624 0.1441499941499941 2.0405293986468238 4.1811959255027302 30.500000000000004 0.20058139534883718 18.500000000000004 0.055232558139534857 1.0000000180025095e-35 0.029459980713596855 0.97022314171715685 450.50000000000006
decision_type=2 2 2 2 2 2 2 2 2 2 2 2 2 2 2 2 2 2 2 2 2 2 2 2 2 2 2 2 2 2
left_child=1 26 3 4 5 -2 12 8 9 11 -7 -3 15 14 -14 17 25 -4 20 -15 -5 24 -6 -11 -20 -9 -1 29 -23 -28
right_child=2 7 6 18 22 10 -8 16 -10 23 -12 -13 13 19 -16 -17 -18 -19 21 -21 -22 28 -24 -25 -26 -27 27 -29 -30 -31
leaf_value=-0.13265138109812505 -0.066370521957330786 0.010913699104222989 -0.059851806861674989 -0.064882339680653017 -0.064713782915960485 0.04789506282591089 -0.063090466465348202 -0.058524512892467545 -0.062618570869071466 -0.057509515409183656 0.0080970395511907964 0.041163089056049817 0.026008986822205246 0.056535063069736539 -0.086380807183377761 -0.057118070635786868 0.05125790065391489 0.06950212839207956 -0.058885489934903126 0.035773780635439172 0.052334068006213541 -0.10378166777638585 -0.13777263747078514 -0.096670342864682568 -0.11745554104384603 -0.10108407997061185 -0.07356048130159179 -0.086936373072009188 -0.073230465490481261 -0.055902155958406245
leaf_weight=0.85173827409744163 29.276724104303867 451.89217364951037 3.8503216962562865 3.5799710021819902 36.4295663991943 224.40293551026843 21.255293464986607 3.7695617466233733 27.249893394764513 17.157068764790896 162.05100971693173 250.90803165792022 1616.7477599992417 208.77675395458937 25.637627490796149 8.412581153213976 5.1441559791564933 143.68369864556007 21.910713837016377 183.38088968000375 6.1822547912597656 16.955633447039876 1.3706387355923642 4.404816970229148 1.5111268935725082 17.67368572158739 13.318573367781935 6.5874534875620148 6.9704113756306461 46.993244659621269
leaf_count=4 476 4370 197 70 763 425 603 156 509 490 781 1512 5177 131 158 319 1 413 464 313 1 137 8 22 13 145 175 73 183 1086
internal_value=0.0212907 0.00710125 0.0256976 0.00751071 0.0166197 0.0243267 0.0298937 0.0133051 0.0161161 0.0190931 0.031226 0.0217245 0.0308011 0.028608 0.0242464 0.0593452 -0.065735 0.0660541 -0.0646419 0.046851 0.00861984 -0.0798387 -0.0678514 -0.0661497 -0.0633602 -0.0941409 -0.0639979 -0.0628525 -0.0954311 -0.0599997
internal_weight=3568.34 845.95 2722.39 510.641 453.531 415.731 2211.74 778.199 751.612 724.362 386.454 702.8 2190.49 2034.54 1642.39 155.947 26.5874 147.534 57.1101 392.158 9.76223 47.3479 37.8002 21.5619 23.4218 21.4432 67.751 66.8993 23.926 60.3118
internal_count=19175 8543 10632 3321 2453 1682 7311 7205 6903 6394 1206 5882 6708 5779 5335 929 302 610 868 444 71 797 771 512 477 301 1338 1334 320 1261
is_linear=0
shrinkage=0.05


Tree=51
num_leaves=31
num_cat=0
split_feature=4 7 9 12 19 22 19 6 2 2 11 8 1 7 14 14 6 13 29 9 9 19 9 14 14 10 7 18 18 10
split_gain=86.5308 88.8266 85.5852 78.3445 101.051 87.9468 67.5769 50.1878 33.5624 45.4843 26.7881 77.0283 19.9056 52.4902 14.6765 13.1373 7.13073 7.10606 4.81185 3.82616 2.32841 2.03671 1.27831 1.90641 0.721203 0.533186 0.3349 0.0990769 0.205514 0.0649237
threshold=5.5000000000000009 62.500000000000007 0.99908717461587193 2.9209184210358194 150.92250000000001 2.5000000000000004 30452.145333333337 19.500000000000004 12316.455000000002 129159.96500000001 0.15854419780152859 4.7266984957335234 15.500000000000002 25.500000000000004 0.02332381340949265 0.20112359550561798 13.500000000000002 0.11909059652741961 2.5000000000000004 0.71498599439775923 0.7226162141157042 5068.9050000000007 0.59280792420327322 0.0065848601431679511 0.012917130144605103 0.5901162790697676 17.500000000000004 472.50000000000006 437.50000000000006 0.026162790697674351
decision_type=2 2 2 2 2 2 2 2 2 2 2 2 2 2 2 2 2 2 2 2 2 2 2 2 2 2 2 2 2 2
left_child=1 3 10 4 24 6 -6 -7 14 18 16 12 -12 -14 17 -16 -2 -5 -10 25 -18 -22 -13 -24 29 -3 -26 28 -4 -1
right_child=2 19 27 8 5 7 -8 -9 9 -11 11 22 13 -15 15 -17 20 -19 -20 -21 21 -23 23 -25 26 -27 -28 -29 -30 -31
leaf_value=-0.071357831772939501 0.068700320040585183 -0.065894480501349245 -0.051125120858323853 0.047602496121726477 0.015590653614618425 -0.055654347849876586 0.04125293087986831 0.015418666734827472 -0.066722762053383608 0.037769942197417514 0.056014660850817743 -0.050285848155309676 -0.066561585988410124 0.040073905600751109 0.0033956339376381138 0.051938691554228048 0.053136938559911889 0.068162391092944835 -0.14635821634963039 -0.15451850889166227 0.048206990539775334 0.029761856340838014 -0.075718285378311184 -0.13364670015722255 -0.070593837292841508 -0.10675079416561246 -0.11009070696383416 -0.05726576199448883 -0.10200826646232181 -0.055955746056653023
leaf_weight=5.6607094879727837 65.371254097670317 3.1851704875007254 1.4363506759982585 93.276575379772112 2356.5978980195941 64.423759640892968 288.1878725993447 40.178996793460101 5.6560394335538167 17.84769990015775 72.141590196639299 1.5297634778544296 14.317677409155293 57.389777551405132 28.117076942231506 28.034379140473902 157.0080673545599 83.690140821505338 3.4684598208405077 4.8583451467566192 45.664927043952048 26.181226903107017 3.4302345216274244 5.2238568896427751 7.6192149706184846 3.9448436424136162 1.6657008428592233 17.043912121094763 1.2895637189503757 23.988088457612321
leaf_count=94 30 44 54 88 15026 968 490 150 76 27 26 28 308 60 71 19 35 34 38 32 23 50 29 40 97 19 30 548 10 631
internal_value=0.0204561 0.0173901 0.0404856 0.0179274 0.0154754 0.0166104 0.0183903 -0.0283181 0.0441789 -0.0084385 0.0449852 0.0279953 0.0374491 0.0186495 0.0502893 0.0277696 0.0538503 0.0573868 -0.0987948 -0.117834 0.0495584 0.0416057 -0.104122 -0.112384 -0.0643868 -0.0903546 -0.0793098 -0.0609996 -0.079724 -0.0592945
internal_weight=3528.43 3060.4 468.028 3048.41 2788.32 2749.39 2644.79 104.603 260.09 26.9722 448.258 154.033 143.849 71.7075 233.118 56.1515 294.225 176.967 9.1245 11.9884 228.854 71.8462 10.1839 8.65409 38.9337 7.13001 9.28492 19.7698 2.72591 29.6488
internal_count=19175 17934 1241 17839 17486 16634 15516 1118 353 141 629 491 394 368 212 90 138 122 114 95 108 73 97 69 852 63 127 612 64 725
is_linear=0
shrinkage=0.05


Tree=52
num_leaves=30
num_cat=0
split_feature=4 7 9 16 9 23 15 15 2 13 2 4 7 6 11 8 16 2 7 6 10 20 9 9 14 27 6 18 18
split_gain=85.0305 80.571 80.3776 71.6368 131.944 106.726 95.1625 86.5002 70.225 105.42 72.8384 65.1842 107.208 70.9524 25.6255 71.4555 21.9086 18.9844 49.0305 6.21891 3.94554 3.12401 6.79089 2.746 2.19082 1.76695 0.175282 0.0465446 0.135392
threshold=5.5000000000000009 62.500000000000007 0.99908717461587193 0.19198009986338296 0.93957648776925906 77.403148528405225 0.17593423764877983 0.20011001100110012 3764.1700000000005 0.52272727272727282 20325.470000000005 1.5000000000000002 9.5000000000000018 6.5000000000000009 0.15854419780152859 4.7266984957335234 0.37573529411764711 51092.935000000005 25.500000000000004 13.500000000000002 0.20058139534883718 2.4168974532582639 0.18230694037145653 0.71498599439775923 0.0084785699452067532 948.36918674423202 17.500000000000004 472.50000000000006 437.50000000000006
decision_type=2 2 2 2 2 2 2 2 2 2 2 2 2 2 2 2 2 2 2 2 2 2 2 2 2 2 2 2 2
left_child=1 3 14 4 8 11 20 -8 9 -1 -10 12 -5 -13 19 17 24 -16 -19 -2 -6 22 -21 26 -7 -17 -3 28 -4
right_child=2 23 27 5 6 16 7 -9 10 -11 -12 13 -14 -15 15 25 -18 18 -20 21 -22 -23 -24 -25 -26 -27 -28 -29 -30
leaf_value=-0.0648210112773661 0.067239286643068663 -0.06341322622833355 -0.050546382936054693 -0.024948398312114081 -0.058878814855378415 -0.06953913320519349 0.027005678294827959 -0.068199982860203762 0.022892224284588758 0.070700731086304466 -0.074647218767388931 0.059317099404759148 0.032436260725368329 0.024735063033023409 0.055270893461642857 -0.074694499729022298 0.017622060629992026 -0.065736427504018299 0.039055825286680244 0.05098603026811277 -0.081761933529868491 0.053862326983077136 0.020106892443116222 -0.14347659664793325 -0.10201926483527664 -0.12485717127056356 -0.098531412437076971 -0.056895933992912207 -0.099142114651378677
leaf_weight=56.312877576798201 63.501874895300716 2.5242541157640499 1.3826650287956028 162.87557600566652 59.966977944946848 19.974244211334739 86.162687504431233 32.877526241820306 711.9539186519105 19.124562907963991 19.550658552558161 165.03978278080467 162.44605884631164 1486.0180352937896 69.520774618722498 5.0887188902124745 6.8796811378560951 13.812315525952725 56.020973806269467 56.402437448501587 32.119587017805316 136.39229724276811 27.208933846093714 4.9750924175605178 9.6578622064553183 4.9200723394751549 4.4725779891014099 16.316030583810061 1.2640428107697514
leaf_count=1013 30 41 54 3415 1196 335 497 584 3825 2 304 918 539 4553 30 60 63 304 60 15 504 29 64 32 91 37 22 548 10
internal_value=0.0196269 0.0166177 0.0398734 0.0171321 0.00631584 0.0225996 -0.0288576 0.000633839 0.0155272 -0.0303498 0.0202686 0.0241673 0.00369185 0.0281983 0.044297 0.0274379 -0.0619593 0.0367527 0.0181931 0.0531487 -0.0669947 0.0490302 0.041033 -0.112253 -0.0806009 -0.100839 -0.0876384 -0.0605465 -0.0783401
internal_weight=3494.76 3042.93 451.831 3030.96 1018.07 2012.89 211.127 119.04 806.942 75.4374 731.505 1976.38 325.322 1651.06 432.868 149.363 36.5118 139.354 69.8333 283.506 92.0866 220.004 83.6114 11.9719 29.6321 10.0088 6.99683 18.9627 2.64671
internal_count=19175 17934 1241 17839 7925 9914 2781 1081 5144 1015 4129 9425 3954 5471 629 491 489 394 364 138 1700 108 79 95 426 97 63 612 64
is_linear=0
shrinkage=0.05


Tree=53
num_leaves=31
num_cat=0
split_feature=4 12 19 7 13 22 19 3 15 11 3 8 3 2 2 14 14 15 13 10 18 10 8 11 15 14 8 11 15 14
split_gain=83.1688 74.8689 91.2348 90.4923 88.559 78.7298 67.0006 54.2169 52.2419 48.8344 76.8981 64.5272 43.8292 33.8153 40.3953 14.414 13.4812 17.3544 6.29489 6.03575 5.46886 4.77064 4.46307 4.46655 11.2256 33.2102 3.13452 1.81533 1.14617 0.903262
threshold=5.5000000000000009 2.9209184210358194 150.92250000000001 41.500000000000007 0.095232016728059615 2.5000000000000004 30452.145333333337 3004.9000000000005 0.033908045977011456 0.15854419780152859 2.0453342931480307 4.7266984957335234 0.36388521161566911 12316.455000000002 129159.96500000001 0.02332381340949265 0.20112359550561798 0.1874175461741425 0.11909059652741961 0.26453488372093026 556.50000000000011 0.34593023255813959 3.694390457119971 0.13283981643356643 0.18522207466430571 0.030366625329899203 4.4004441331024422 0.17544739128752299 0.17781370699721546 0.0098135521399129021
decision_type=2 2 2 2 2 2 2 2 2 2 2 2 2 2 2 2 2 2 2 2 2 2 2 2 2 2 2 2 2 2
left_child=1 2 -1 5 8 6 -4 -7 -5 22 11 12 -11 15 26 18 17 -17 20 -14 -3 29 -2 -24 25 -25 -15 -28 -13 -12
right_child=9 13 3 4 -6 7 -8 -9 -10 10 21 28 19 14 -16 16 -18 -19 -20 -21 -22 -23 23 24 -26 -27 27 -29 -30 -31
leaf_value=-0.063850664935403603 0.065742976902658748 0.058857941446199359 0.014818673416943521 0.034654853787710951 0.036364731130828908 -0.043508829168390481 0.040916716438107736 0.055110572270517161 -0.12343297539014889 -0.066763872566093466 -0.063349349726385937 -0.08103252800037189 0.024797720216079368 -0.064277576567067479 0.033590738632368049 -0.043147058054775117 0.051249731115731771 0.036105277855339193 0.065907999956531432 0.052124379313969349 0.03352242461666493 -0.1467001466112976 0.052565577889349929 -0.11826963832700582 0.052003877953003347 0.045710388643678365 -0.16996208232599416 -0.087815792999680287 -0.13652138657571261 -0.11553062235656147
leaf_weight=37.446183126419783 52.085009878035635 43.996841147542 2298.3748299428262 6.2487903051078311 19.617292509414256 84.682270322111435 275.67186943208799 16.548655591905117 29.392591338371858 9.0660783315543068 13.850450892350638 8.2469716609921289 26.746473956154659 4.8907153871841746 17.188539762049913 12.182443510740997 26.394758909475058 15.674093535169957 80.698230834677815 98.796293437480927 45.213018614798784 2.4785904204472891 177.0071943346411 4.2185093387961379 29.861435684841126 10.729230746626852 1.9021423477679489 2.3367671924643219 1.7311026817187656 1.2760900817811478
leaf_count=853 40 12 14881 16 14 1077 472 33 228 242 391 99 223 73 29 54 19 18 34 68 77 19 44 68 14 4 16 28 14 15
internal_value=0.0188641 0.0159115 0.013539 0.0146044 -0.0486523 0.0159147 0.0176171 -0.0272993 -0.0955571 0.0392812 0.0174765 0.029528 0.0386662 0.0420939 -0.0113305 0.048391 0.025711 0.0012368 0.0555838 0.0463667 0.0461254 -0.0808247 0.0521636 0.0489243 0.0343442 -0.000713741 -0.095894 -0.128898 -0.0924146 -0.0688096
internal_weight=3454.55 3018.46 2767.98 2730.54 55.2587 2675.28 2574.05 101.231 35.6414 436.093 162.192 144.587 134.609 250.478 26.3182 224.159 54.2513 27.8565 169.908 125.543 89.2099 17.6051 273.901 221.816 44.8092 14.9477 9.12962 4.23891 9.97807 15.1265
internal_count=19175 17934 17574 16721 258 16463 15353 1110 244 1241 1071 646 533 360 146 214 91 72 123 291 89 425 170 130 86 72 117 44 113 406
is_linear=0
shrinkage=0.05


Tree=54
num_leaves=31
num_cat=0
split_feature=4 9 12 7 13 22 16 28 23 3 15 13 2 2 11 8 13 3 14 14 23 15 12 11 13 8 11 15 9 29
split_gain=81.5902 71.986 71.1544 80.7079 80.8234 72.3681 68.5709 158.014 101.455 49.5582 47.1859 37.8516 31.509 37.5314 23.4772 61.924 40.7474 25.3811 13.4861 12.9152 18.1719 7.66009 8.84489 6.52113 5.04897 4.13866 3.56699 9.71504 2.9617 2.80083
threshold=5.5000000000000009 0.99908717461587193 2.9209184210358194 41.500000000000007 0.095232016728059615 2.5000000000000004 0.19198009986338296 1.0000000180025095e-35 76.943189596167016 3004.9000000000005 0.033908045977011456 0.06156633221850611 12316.455000000002 129159.96500000001 0.15854419780152859 4.7266984957335234 0.084273196240548368 0.36388521161566911 0.02332381340949265 0.20112359550561798 23.668720054757017 0.14119892231701844 2.9414691278528089 0.10967256932843301 0.11909059652741961 3.8287041226997931 0.13283981643356643 0.18522207466430571 0.98572447523945395 2.5000000000000004
decision_type=2 2 2 2 2 2 2 2 2 2 2 2 2 2 2 2 2 2 2 2 2 2 2 2 2 2 2 2 2 2
left_child=2 14 3 5 10 6 7 -1 -8 11 -5 -7 18 29 25 16 28 -18 21 20 -20 22 -4 -12 -23 -2 -27 -28 -16 -14
right_child=1 -3 12 4 -6 9 8 -9 -10 -11 23 -13 13 -15 15 -17 17 -19 19 -21 -22 24 -24 -25 -26 26 27 -29 -30 -31
leaf_value=0.028372937097495006 0.063764689508846048 -0.059717204574888078 0.052894777669646759 0.03369701509043551 0.035566832064194767 -0.0078477365310305885 0.02344007925332231 -0.013974590892359737 -0.061020196324499121 0.052592717727550135 -0.094456764151788622 -0.074295242290277591 -0.06548610552136265 0.032722633093253455 -0.14896496701070935 -0.095493363612447132 -0.068397686247608266 0.045622212446353866 0.045821235826724704 0.05076971336079418 -0.03535182826154018 0.048018231368056399 -0.011656241761007637 -0.14514228347271127 0.067464957749491752 0.051842342818911938 0.00024420117494995675 0.05151136153791315 -0.061920626464285415 -0.12839418527345015
leaf_weight=391.36941453511827 60.59554033819586 17.658729289658368 12.508276373147966 6.1114835366606703 19.070784514769912 41.743063781410456 1668.998398100026 503.51094850886147 36.204629589337856 16.278527178801596 16.199338620761413 44.411102658836171 5.1652211141772586 16.775612886063755 2.2228448372334233 9.5763811743818206 4.96560951671563 120.96614464814775 12.487890437245371 25.339830215089023 15.135214498033745 66.756321431603283 8.9271189779974502 13.258714145980774 77.096971807070076 159.28996091336012 13.904297887347637 28.670764754526317 2.6302424441091716 3.7431017155759037
leaf_count=2200 32 612 9 16 14 396 8353 5069 513 34 137 748 76 29 15 97 94 229 7 19 65 54 40 94 20 43 49 14 56 41
internal_value=0.0181012 0.0387347 0.0152074 0.0129138 -0.0471745 0.0141322 0.0157577 0.00454131 0.0216404 -0.0270543 -0.0916521 -0.0422048 0.0410959 -0.0110928 0.0430767 0.0264679 0.0355026 0.0410359 0.0472626 0.0250603 0.00119756 0.0543272 0.02585 -0.117853 0.0585149 0.0519264 0.0483182 0.0349253 -0.105001 -0.0936057
internal_weight=3421.57 420.481 3001.09 2757.16 54.6403 2702.52 2600.08 894.88 1705.2 102.433 35.5695 86.1542 243.936 25.6839 402.822 140.361 130.785 125.932 218.252 52.9629 27.6231 165.289 21.4354 29.4581 143.853 262.461 201.865 42.5751 4.85309 8.90832
internal_count=19175 1241 17934 17574 261 17313 16135 7269 8866 1178 247 1144 360 146 629 491 394 323 214 91 72 123 49 231 74 138 106 63 71 117
is_linear=0
shrinkage=0.05


Tree=55
num_leaves=31
num_cat=0
split_feature=29 23 24 12 5 5 2 9 27 7 9 13 12 27 13 2 0 7 8 10 19 17 2 12 9 17 13 4 27 9
split_gain=132.769 173.455 87.7148 117.757 116.798 160.377 129.75 110.626 110.532 118.314 78.1839 137.939 160.504 71.6071 104.135 92.2036 77.2663 66.784 66.1933 64.3639 56.932 62.62 61.7639 53.6961 38.6281 34.613 169.882 63.5884 46.7044 34.4627
threshold=1.5000000000000002 37.238877481177283 832.50000000000011 2.9209184210358194 2.5304963814329677 2.1731989681633563 12316.455000000002 0.90436248682824039 0.0017891463054638503 18.500000000000004 0.77812939521800295 0.10318304626815261 2.9414691278528089 75.683412767415604 0.090882617673532062 8818.3600000000024 3.5000000000000004 31.500000000000004 4.9231523562205188 0.0087209302325580509 12637.005166666668 1.0000000180025095e-35 57.930000000000007 1.627173220899911 0.89810518802115447 5.5000000000000009 0.083290510448783814 2.5000000000000004 0.86054637092250441 0.93957648776925906
decision_type=2 2 2 2 2 2 2 2 2 2 2 2 2 2 2 2 2 2 2 2 2 2 2 2 2 2 2 2 2 2
left_child=1 19 4 8 5 6 -3 -6 -4 -10 23 13 17 14 18 -15 -17 -13 -12 -1 21 29 -23 -2 -22 26 27 -25 -27 -21
right_child=10 2 3 -5 7 -7 -8 -9 9 -11 11 12 -14 15 -16 16 -18 -19 -20 20 24 22 -24 25 -26 28 -28 -29 -30 -31
leaf_value=0.04904319038379603 -0.04740810585632782 0.025874096310916916 0.058456457582293599 0.05944163844746584 -0.064120809474508253 -0.068464100794070476 -0.042741134585574693 0.06521041469589843 -0.055114774600838606 0.021000906997895613 -0.07860884917489 -0.080414140175659232 0.051887597255695674 -0.089498617165981412 0.028569299289354588 0.04484194841684043 -0.014080358515832843 0.042149848221810844 0.03960512159855889 0.039899057223978636 0.030260826685596171 0.028826394676239493 -0.067657396531457539 0.021017517405864061 -0.068514510326401212 -0.069383277536888957 0.046532148677034077 -0.076501905597727016 0.044896434497422873 -0.062301026482579326
leaf_weight=24.250543456058949 19.335426415782422 596.07466871989891 37.28988433862105 52.731629252433777 18.021501237992197 58.234606673475355 77.760925885871984 186.77483917842619 180.80445389845408 70.951704350416549 53.526643081684597 89.007232096511871 41.004489367827773 14.848817145684732 93.156140178442001 397.77498497487977 64.492702304618433 12.578560985624788 15.068329526111482 28.400801698910072 45.387710856739432 18.205274764914066 173.68320851994213 25.352582910098135 12.537379867397247 8.9580111224204284 188.41759374644607 48.382343365810812 592.63451349781826 11.49094929313287
leaf_count=35 395 2781 80 41 233 815 1125 283 3945 245 597 1372 33 196 286 661 446 6 12 44 94 118 3319 59 223 161 139 423 690 276
internal_value=0.0146384 0.0043138 0.0124933 -0.00917661 0.0204042 0.0110545 0.0179433 0.0537795 -0.0217284 -0.0336436 0.0245129 0.0129809 -0.0314546 0.0229097 -0.00581104 0.0326563 0.0366094 -0.0651623 -0.052548 -0.0289762 -0.0355389 -0.046619 -0.0584673 0.0347096 0.00871437 0.036559 0.0213462 -0.0429206 0.0431752 0.0102528
internal_weight=3257.14 1592.6 1278.64 341.778 936.867 732.07 673.836 204.796 289.046 251.756 1664.54 781.458 142.59 638.868 161.751 477.117 462.268 101.586 68.595 313.956 289.705 231.78 191.888 883.08 57.9251 863.745 262.153 73.7349 601.593 39.8918
internal_count=19133 13657 9548 4311 5237 4721 3906 516 4270 4190 5476 3609 1411 2198 895 1303 1107 1378 609 4109 4074 3757 3437 1867 317 1472 621 482 851 320
is_linear=0
shrinkage=0.05


Tree=56
num_leaves=31
num_cat=0
split_feature=29 13 22 9 9 30 24 6 6 27 19 9 13 12 13 0 27 6 2 15 7 7 9 10 9 6 7 27 1 19
split_gain=123.52 115.443 237.213 126.238 106.078 102.206 93.0625 103.312 89.4614 79.0907 109.181 72.9135 127.623 150.338 68.5387 66.09 68.9148 98.3801 96.4987 63.5611 62.6837 57.8187 71.0198 55.2549 65.2727 54.7614 41.7853 38.0952 42.6063 34.2845
threshold=1.5000000000000002 0.073189727224375015 1.5000000000000002 0.81853972798854702 0.83424908424908439 1.5000000000000002 774.50000000000011 1.5000000000000002 16.500000000000004 81.893513671305229 2000.0600000000002 0.77812939521800295 0.10318304626815261 2.9414691278528089 0.055710738671632454 3.5000000000000004 75.683412767415604 19.500000000000004 8818.3600000000024 0.20343188795895192 31.500000000000004 43.500000000000007 0.98615900383141775 0.13081395348837208 0.89499326879928209 3.5000000000000004 5.5000000000000009 53.117540582245503 3.5000000000000004 27812.215783410142
decision_type=2 2 2 2 2 2 2 2 2 2 2 2 2 2 2 2 2 2 2 2 2 2 2 2 2 2 2 2 2 2
left_child=1 6 3 29 -5 -6 9 -8 -4 10 -1 25 15 20 -12 16 17 -13 -18 26 -14 22 -17 -9 -25 -2 -11 -10 -29 -3
right_child=11 2 8 4 5 -7 7 23 27 19 14 12 13 -15 -16 21 18 -19 -20 -21 -22 -23 -24 24 -26 -27 -28 28 -30 -31
leaf_value=-0.067953929633542784 -0.065432489137988464 -0.062040823966881334 -0.067920137371975761 0.090197336428071928 -0.013192698581746931 0.037708118548123296 0.040681977861034585 -0.059166159080133202 -0.080507639803287387 -0.025301268161647281 0.029194490022593934 -0.082474231790519076 -0.079305590090831976 0.050898630081246711 -0.072438979725588659 0.028890293046783578 -0.087819571728892695 0.019156013251287875 0.043542181460508401 -0.070645367872943898 0.041469337804921839 -0.1845469691518844 -0.076510788092935073 0.028505342633770126 -0.072470989518923737 0.035412507460085861 0.065546897982393451 0.03941913904291066 -0.075449567541320317 0.028535530202251976
leaf_weight=36.180759804323316 13.556229692534542 68.029248121194541 182.28985076898243 47.822608404327184 203.98018246539868 190.59807517868467 72.331499646184966 84.226400027167983 11.841556205414234 13.458903033286331 300.29676107130945 29.523663262836635 85.821220353478566 39.745287489145994 17.438353558070958 42.948536830954254 14.386232890654354 121.26500198605936 389.38573356694542 9.763347070431335 12.158102534711359 5.0189156644046298 25.29791297018528 55.222179903183132 22.417232637526467 848.24806143413298 183.78330824966542 43.745104932924733 9.7772167832590622 12.197208676487206
leaf_count=559 439 1253 3215 41 1731 825 609 2267 209 149 1472 394 1372 33 215 50 195 381 661 144 6 31 486 145 291 1428 209 64 231 28
internal_value=0.0141891 0.0041575 -0.00963306 0.00946019 0.0199344 0.0113852 0.0175231 -0.00893088 -0.0499336 0.0285768 0.0141916 0.0238349 0.0125929 -0.0309642 0.0235797 0.0221592 0.0280596 -0.000751013 0.0388288 0.0531281 -0.0642408 -0.0224113 -0.0101619 -0.0311432 -0.000641482 0.033813 0.0593128 0.000179 0.0182406 -0.0481894
internal_weight=3192.75 1565.4 770.281 522.627 442.401 394.578 795.119 234.197 247.654 560.921 353.916 1627.35 765.551 137.725 317.735 627.826 554.561 150.789 403.772 207.006 97.9793 73.2654 68.2464 161.866 77.6394 861.804 197.242 65.3639 53.5223 80.2265
internal_count=19133 13657 7597 3878 2597 2556 6060 3312 3719 2748 2246 5476 3609 1411 1687 2198 1631 775 856 502 1378 567 536 2703 436 1867 358 504 295 1281
is_linear=0
shrinkage=0.05


Tree=57
num_leaves=31
num_cat=0
split_feature=29 23 23 24 23 15 24 9 13 12 24 3 4 14 18 7 19 17 12 23 9 12 24 27 17 13 23 14 9 24
split_gain=114.522 155.639 76.6873 127.268 125.916 96.9778 159.666 66.8433 118.245 140.825 66.6188 65.2623 66.4644 130.903 58.8798 58.8537 51.4244 57.882 49.7882 48.3088 45.3008 39.2071 37.5605 35.2759 36.3916 157.111 34.5018 33.0852 31.5082 17.326
threshold=1.5000000000000002 37.238877481177283 44.04928131416839 592.50000000000011 48.47775496235456 0.062895569620253167 616.50000000000011 0.77812939521800295 0.10318304626815261 2.9414691278528089 959.50000000000011 0.26869352861182699 2.5000000000000004 0.029459980713596855 1.0000000180025095e-35 31.500000000000004 12637.005166666668 1.0000000180025095e-35 1.5717529001735173 72.088980150581804 0.99399393983118112 2.3971157480910232 619.50000000000011 0.86054637092250441 5.5000000000000009 0.083290510448783814 24.386036960985631 0.026432231020027903 0.93957648776925906 52.500000000000007
decision_type=2 2 2 2 2 2 2 2 2 2 2 2 2 2 2 2 2 2 2 2 2 2 2 2 2 2 2 2 2 2
left_child=1 14 3 -3 -4 10 -7 18 11 15 -6 19 13 -13 -1 -10 17 28 -2 -9 21 -5 -14 29 25 -25 -18 -19 -16 -20
right_child=7 2 4 20 5 6 -8 8 9 -11 -12 12 22 -15 16 -17 26 27 23 -21 -22 -23 -24 24 -26 -27 -28 -29 -30 -31
leaf_value=0.049056391772463181 -0.067545422539814978 -0.07928061344794074 -0.067665962585306397 0.024413322489290602 0.040420024381655255 0.023651001833890614 -0.027534132597031455 -0.088617896814468647 -0.07822758496608348 0.0499169976117953 -0.056498766152980162 -0.061678603857705822 0.00066121252917134346 0.046215940139448602 0.038834103454535862 0.040784161905814353 0.033359586841904418 -0.065335485411208261 0.049444526648678759 0.025225148623740135 -0.060825083376063821 0.063592672037556239 0.040074571546846238 -0.042427593995874424 0.042567272771607427 0.04535921602339734 -0.053092210030716652 0.00054588640744699052 -0.061661505782263329 -0.070495670383158737
leaf_weight=22.492061957716942 12.069301321636884 22.79404065432027 56.242411629762501 110.01166499662213 260.09061616659164 306.63273334957194 302.5973022566177 22.475636825198308 82.733537316322327 38.533501421101391 18.89965382986702 57.302212066831999 71.731352166971192 54.96627573040314 27.303180657327175 11.756186693906782 39.367531057912856 159.78949086205103 3.9154602140188208 15.714650647714732 9.9263956954237056 154.49861073028296 393.34401168697514 72.12734786956571 572.61513792350888 172.81160242110491 16.19011793739628 21.462886236375198 10.784977986244483 11.674598886398597
leaf_count=7 337 317 1005 806 1233 1194 3961 375 1372 33 579 566 310 68 45 6 108 3368 2 57 199 254 822 468 717 129 210 95 276 214
internal_value=0.0137339 0.00400145 0.0117859 0.033934 0.00480754 0.00940931 -0.00176419 0.0231284 0.0122346 -0.0304819 0.0338186 0.0214776 0.0256718 -0.00881518 -0.0284771 -0.0633401 -0.0348546 -0.0457376 0.0327679 -0.0416993 0.043381 0.047332 0.0340078 0.034235 0.0356601 0.0194814 0.00802661 -0.0575106 0.0101601 -0.0399307
internal_weight=3132.85 1539.08 1241.69 297.231 944.463 888.22 609.23 1593.77 748.557 133.023 278.99 615.534 577.344 112.268 297.39 94.4897 274.898 219.341 845.213 38.1903 274.437 264.51 465.075 833.144 817.554 244.939 55.5576 181.252 38.0882 15.5901
internal_count=19133 13657 9548 1576 7972 6967 5155 5476 3609 1411 1812 2198 1766 634 4109 1378 4102 3784 1867 432 1259 1060 1132 1530 1314 597 318 3463 321 216
is_linear=0
shrinkage=0.05


Tree=58
num_leaves=31
num_cat=0
split_feature=29 13 22 17 9 9 8 9 2 6 8 12 9 13 12 4 14 2 9 17 7 2 6 17 18 19 19 12 1 18
split_gain=106.719 101.071 218.841 125.445 163.803 115.806 107.011 89.3173 88.0823 83.6541 104.79 65.8544 62.1433 109.398 131.924 56.2051 125.365 56.5584 86.891 56.1112 55.2764 54.5879 49.0558 46.6254 69.8936 33.6253 45.701 38.7952 32.4079 32.112
threshold=1.5000000000000002 0.073189727224375015 1.5000000000000002 6.5000000000000009 0.33514492753623187 0.81853972798854702 3.9655652963987684 0.83424908424908439 1500.1550000000002 16.500000000000004 3.9434079933211876 2.9668991407349821 0.77812939521800295 0.10318304626815261 2.9414691278528089 2.5000000000000004 0.029459980713596855 158610.36000000002 0.98615900383141775 1.0000000180025095e-35 31.500000000000004 57.930000000000007 3.5000000000000004 80.500000000000014 80.500000000000014 1252.2950000000003 360.53250000000008 1.5717529001735173 2.5000000000000004 714.50000000000011
decision_type=2 2 2 2 2 2 2 2 2 2 2 2 2 2 2 2 2 2 2 2 2 2 2 2 2 2 2 2 2 2
left_child=1 3 5 6 23 -3 29 -7 -9 -4 -11 21 22 15 20 16 19 -17 -19 -14 -15 -6 -2 28 -25 26 -24 -27 -5 -1
right_child=12 2 9 4 11 7 -8 8 -10 10 -12 -13 13 14 -16 17 -18 18 -20 -21 -22 -23 25 24 -26 27 -28 -29 -30 -31
leaf_value=0.054144740204861812 -0.065164554624400947 -0.047872244377669848 -0.067306284726654717 -0.063447578769425098 0.030928568183609395 0.083462185081162613 -0.082006922050333844 0.047283407449689556 -0.0046027450664005041 0.053913259459263431 -0.07756770358118141 0.049872928310535747 0.022735166574132468 -0.077180199353469175 0.048941513165432916 0.036616118212997234 0.044519608582713137 0.024574074678205292 -0.078121822332529359 -0.088389514433715594 0.040094096202893045 -0.06401270943420248 0.014483611111712267 0.038184629154412619 -0.038385297398575408 -0.070791897029828951 -0.11975354647736502 0.036968556406959459 0.041395704951216639 0.00046872100816145547
leaf_weight=259.30163397197612 12.698221491067669 75.981785506126471 171.78499679861125 7.5634787098970255 17.107409874442965 47.725186145398766 16.525409268331714 116.8848953404231 271.41456832562108 37.016586019657552 25.510478095966391 17.563532313331962 15.047102229669688 79.740882966550998 37.36826339084655 392.45592717640102 53.755022499011829 69.765230632387102 29.097987325279973 45.023970970418304 11.372132793068884 124.02155257971026 34.696939966874197 55.461110178846866 64.164246282540262 8.3244115982670319 7.6457737560849628 762.63549278117716 179.28131160396151 31.430308781797066
leaf_count=510 439 1281 3215 133 99 41 218 387 2169 12 492 19 41 1372 33 867 73 91 537 589 6 2490 136 221 1511 96 102 1094 580 279
internal_value=0.0132804 0.00384193 -0.00927535 0.016522 0.00013313 0.00903351 0.041309 0.0189701 0.0110112 -0.049291 0.000152173 -0.0410739 0.0224674 0.0118638 -0.0300076 0.0207655 -0.0108536 0.0281018 -0.00564984 -0.0604795 -0.0624601 -0.0524549 0.0318766 0.0214932 -0.00284169 0.0334057 -0.00986267 0.0357895 0.0370932 0.0483613
internal_weight=3078.37 1518.74 746.318 772.42 465.163 512.006 307.257 436.025 388.299 234.312 62.5271 158.692 1559.63 733.627 128.481 605.145 113.826 491.319 98.8632 60.0711 91.113 141.129 826.001 306.47 119.625 813.303 42.3427 770.96 186.845 290.732
internal_count=19133 13657 7597 6060 5053 3878 1007 2597 2556 3719 504 2608 5476 3609 1411 2198 703 1495 628 630 1378 2589 1867 2445 1732 1428 238 1190 713 789
is_linear=0
shrinkage=0.05


Tree=59
num_leaves=31
num_cat=0
split_feature=29 23 23 6 5 17 12 9 24 11 2 6 11 3 18 12 18 9 4 13 5 18 12 24 5 9 11 13 24 10
split_gain=98.9259 140.543 70.7873 64.4328 130.581 109.077 101.314 77.2619 71.4413 60.1031 106.313 63.3333 59.8773 58.9136 72.7809 61.4839 200.222 52.9586 84.4742 70.0807 60.8146 40.8331 24.9126 21.9802 19.3913 9.94731 7.74869 11.6149 6.69815 3.84045
threshold=1.5000000000000002 37.238877481177283 78.339493497604394 6.5000000000000009 2.5074067043251591 39.500000000000007 1.3711279975482602 0.92875939849624067 275.50000000000006 0.091372912801484213 1735.4050000000004 10.500000000000002 0.071714285714285717 0.078498794099401872 1799.5000000000002 2.6315162608209213 678.50000000000011 0.93957648776925906 2.5000000000000004 0.055710738671632454 1.6547948967210366 773.50000000000011 1.8716125670497992 81.500000000000014 2.027687055061548 1.0000000180025095e-35 0.031498015873015858 0.028674203494347305 450.50000000000006 0.31686046511627913
decision_type=2 2 2 2 2 2 2 2 2 2 2 2 2 2 2 2 2 2 2 2 2 2 2 2 2 2 2 2 2 2
left_child=1 17 3 5 12 8 -7 -6 -3 11 -11 23 -5 14 29 16 -15 18 19 20 -1 -17 24 -2 -13 -26 -24 -28 -21 -12
right_child=9 2 -4 4 7 6 -8 -9 -10 10 13 22 -14 15 -16 21 -18 -19 -20 28 -22 -23 26 -25 25 -27 27 -29 -30 -31
leaf_value=-0.063693115296163963 0.04941448361125042 -0.07187028609143141 -0.069031385386024685 0.022442886685158068 -0.027254139014060843 0.021777540477546108 -0.057236847480960695 0.045008936139362396 0.049250564552526202 -0.071359829133383124 -0.070344331714500524 0.027834146104357201 -0.023128810136234239 -0.083613220677077882 0.036983959975138231 0.042697412103603422 0.019979446947714682 -0.065036671992969364 0.046973756598015233 -0.11164487416022886 0.021003943465889238 0.017631683204017555 0.052927926916468915 -0.088407848253878582 -0.0061453653218570652 -0.10649697879913428 0.0013567593377151038 0.042388084936947255 -0.064395765228005067 -0.11092643702820881
leaf_weight=30.440050068194978 3.6048884391784695 12.565012295031918 26.823611047351733 91.010983324609697 45.052820106735453 124.25595701520797 60.099333778140135 203.21414597029798 303.40709145180881 33.849459456978366 17.868659262428995 17.55400520563126 343.68091448245104 54.484864660887979 20.411306072026491 329.83507118490525 320.3134978619637 72.178235331200995 43.047902755439281 9.2572963456623238 69.085155456559733 322.47032535262406 180.49662698805332 12.836137057980521 4.87621872872114 5.1771072149276733 19.454512667376548 172.19294828176498 57.305936888908036 10.840231911744921
leaf_count=903 1 175 472 430 455 1218 1437 621 1521 686 394 18 3219 902 57 618 1354 1596 38 97 401 928 54 179 13 28 34 107 1074 103
internal_value=0.0128689 0.0037064 0.0111101 0.0129367 0.00294104 0.0265677 -0.0039709 0.0318696 0.044397 0.0218181 0.0157326 0.0380298 -0.013573 0.0184829 -0.034924 0.021045 0.00488844 -0.0281163 -0.0153253 -0.031521 -0.00488862 0.0303183 0.0419959 -0.0577704 -0.00365219 -0.0588553 0.0453958 0.0382519 -0.0711996 -0.0861732
internal_weight=3017.69 1491.42 1210.11 1183.29 682.959 500.327 184.355 248.267 315.972 1526.27 1110.07 416.192 434.692 1076.22 49.1202 1027.1 374.798 281.315 209.136 166.088 99.5252 652.305 399.751 16.441 27.6073 10.0533 372.144 191.647 66.5632 28.7089
internal_count=19133 13657 9548 9076 4725 4351 2655 1076 1696 5476 5042 434 3649 4356 554 3802 2256 4109 2513 2475 1304 1546 254 180 59 41 195 141 1171 497
is_linear=0
shrinkage=0.05


Tree=60
num_leaves=31
num_cat=0
split_feature=11 12 6 2 8 8 24 12 2 5 25 1 29 16 24 23 2 6 6 28 24 5 23 24 29 23 8 23 27 17
split_gain=98.6799 88.239 138.56 143.88 94.7033 126.009 149.078 171.612 119.307 163.187 133.646 78.4479 114.051 67.5426 60.0967 59.0515 48.7759 48.1889 81.9862 48.0128 47.5783 67.4955 43.8192 40.9743 34.1421 26.481 24.1413 25.1415 21.5693 18.1274
threshold=0.047247023809523808 2.0691945320152842 3.5000000000000004 57.930000000000007 3.7034651875097393 3.627748091029646 616.50000000000011 2.4980708421893305 12316.455000000002 2.653326011556723 1.0000000180025095e-35 2.5000000000000004 2.5000000000000004 0.17743619098929223 774.50000000000011 34.648870636550321 1735.4050000000004 2.5000000000000004 1.5000000000000002 1.0000000180025095e-35 768.50000000000011 1.7865919524245164 30.590006844626974 663.50000000000011 1.0000000180025095e-35 70.607802874743342 1.5847915159922179 71.608487337440124 0.15053936216725841 206.50000000000003
decision_type=2 2 2 2 2 2 2 2 2 2 2 2 2 2 2 2 2 2 2 2 2 2 2 2 2 2 2 2 2 2
left_child=16 2 14 -4 5 6 19 -8 11 10 -10 12 -6 -13 20 29 -1 18 24 -3 21 -2 -11 -17 25 -18 27 -19 -28 -7
right_child=1 4 3 -5 8 15 7 -9 9 22 -12 13 -14 -15 -16 23 17 26 -20 -21 -22 -23 -24 -25 -26 -27 28 -29 -30 -31
leaf_value=-0.075355342195720446 -0.055858802356495096 -0.0090950758365389971 0.047431385970377077 -0.066179704370185666 -0.066545857871919689 0.085833914793658345 -0.061412542775704709 0.0163571460882375 -0.061843588526803606 -0.093440645192078842 0.055743370911329762 -0.017900645035479317 0.021970408738188247 0.029770756839464986 -0.052812433597026642 -0.065020524528203713 0.040168816379876314 -0.06881167456454465 -0.062839888325374391 0.046884106666090671 0.078480998016997039 0.045295115839154146 0.02352044615138954 0.053896349210821662 -0.066131333171797257 -0.062415626940485337 -0.059237167835595621 0.033467951444736618 0.04700907554520331 0.14758681405805404
leaf_weight=10.119106755824758 24.154005775111727 43.298538136295974 34.641293688328005 140.2626696494408 64.435910278698429 31.997221245896071 98.453455804497935 252.93090312753338 186.92325715359766 8.2910147194052097 27.626276838593185 85.071030164603144 83.249757289711852 577.31250745430589 21.960277116391808 7.6566210065502665 120.17613632651046 9.3892558746738377 30.173941522836685 320.7121526892297 43.652651333250105 51.317193810944445 170.27252208534628 105.57801139075309 8.8470068671740574 6.5140732936561099 4.7083746436983338 16.251812364207581 427.78731698426418 20.34580266661942
leaf_count=245 653 431 129 2755 940 72 2028 1953 2521 98 10 425 264 1294 1017 90 563 319 572 751 16 230 415 194 218 106 95 55 608 10
internal_value=0.0153487 0.0107104 -0.0138996 -0.0436352 0.0144446 0.0269008 0.0177887 -0.00542999 0.00531842 -0.0172742 -0.0466604 0.0162892 -0.0166347 0.0236389 0.0229335 0.0662062 0.0328962 0.0346719 0.0115158 0.0402111 0.0369716 0.0128243 0.0180125 0.0457611 0.0281401 0.0348097 0.0430324 -0.00391242 0.0458274 0.110168
internal_weight=3034.11 2400.14 315.988 174.904 2084.15 880.973 715.395 351.384 1203.18 393.113 214.55 810.069 147.686 662.384 141.084 165.578 633.967 623.848 165.711 364.011 119.124 75.4712 178.564 113.235 135.537 126.69 458.137 25.6411 432.496 52.343
internal_count=19077 16296 4800 2884 11496 5529 5163 3981 5967 3044 2531 2923 1204 1719 1916 366 2781 2536 1459 1182 899 883 513 284 887 669 1077 374 703 82
is_linear=0
shrinkage=0.05


Tree=61
num_leaves=31
num_cat=0
split_feature=11 12 6 2 2 5 13 14 12 9 9 2 9 7 23 2 24 6 2 6 6 24 23 26 7 17 29 29 23 19
split_gain=92.5258 80.9469 129.841 135.703 75.5997 136.9 134.474 88.9555 87.4784 76.7121 119.568 67.2623 135.837 99.1296 64.6632 58.1815 55.962 52.0158 46.4211 44.7144 75.1115 43.6336 63.9447 40.3664 34.4181 34.6014 31.9 29.764 24.3954 16.0529
threshold=0.047247023809523808 2.0691945320152842 3.5000000000000004 57.930000000000007 12316.455000000002 2.5990321461448791 0.080814173094028316 0.004072490496692901 2.8040660703162206 0.99307950191570893 0.99488487702773432 12314.530000000001 0.53378995433789966 6.5000000000000009 30.590006844626974 19653.390000000003 774.50000000000011 29.500000000000004 7866.9000000000005 2.5000000000000004 1.5000000000000002 768.50000000000011 44.280629705681044 1.0000000180025095e-35 3.5000000000000004 51.500000000000007 3.5000000000000004 1.0000000180025095e-35 70.607802874743342 215.56500000000003
decision_type=2 2 2 2 2 2 2 2 2 2 2 2 2 2 2 2 2 2 2 2 2 2 2 2 2 2 2 2 2 2
left_child=18 2 16 -4 9 6 7 -6 -8 11 23 12 -3 -13 -7 -16 21 -12 26 20 27 22 -2 -11 25 -21 -1 28 -20 -26
right_child=1 4 3 -5 5 14 8 -9 -10 10 17 13 -14 -15 15 -17 -18 -19 19 24 -22 -23 -24 -25 29 -27 -28 -29 -30 -31
leaf_value=-0.077598975412974711 0.041957173085487215 0.045314599178951184 0.045924302566230112 -0.065701119542008565 -0.070581031751413892 -0.082103753442122229 -0.068407203009475906 0.027492445620285563 0.0053086912099250816 0.042141647640769206 -0.067610397390188579 -0.061322779906059145 -0.017327617942689753 0.028297864262214197 -0.081973044577277498 0.036034861441239775 -0.052673513629724167 0.053527494512557429 0.038945341178791781 0.02922311609464236 -0.062218805592988202 0.075920756717259549 -0.060721584083750182 0.094733316761237876 0.071507491751812008 -0.061896910688177723 0.043584128654376622 -0.066057381612180707 -0.061997538693264131 0.04378265023304781
leaf_weight=15.739576498861426 52.69113715167623 119.56624029763043 34.008829765254632 134.37009913742077 27.305001292726956 13.061114384443497 144.48815117601771 147.36174610583112 55.580461864592507 68.001609144615941 26.315391874639317 32.057042018743232 312.54170225118287 748.16582143725827 10.76371707790531 260.78243818343617 20.943226894713007 13.204916954040526 118.66405006498098 40.709503742866218 27.876532410620712 42.891094632912427 21.152734414325096 80.545430151047185 63.798278142232448 13.878058821894227 8.1274913400411588 7.8027150686830273 6.1787460914347312 315.7407030405011
leaf_count=327 391 289 129 2755 503 184 2950 489 291 241 485 708 2932 1616 136 618 1017 2 551 125 556 16 492 52 28 475 4 212 104 399
internal_value=0.0148227 0.0103172 -0.0136644 -0.0431117 0.0138835 -6.93255e-05 -0.01993 0.0121008 -0.047911 0.020456 0.0501731 0.0158381 6.7501e-07 0.0246018 0.026061 0.0313103 0.0223182 -0.0269755 0.0320437 0.0347933 0.0121922 0.0358487 0.0124347 0.0707362 0.043134 0.00589498 -0.036114 0.0279031 0.0338638 0.0484738
internal_weight=2984.31 2365.8 306.057 168.379 2059.74 659.343 374.735 174.667 200.069 1400.4 188.067 1212.33 432.108 780.223 284.607 271.546 137.678 39.5203 618.516 594.649 160.522 116.735 73.8439 148.547 434.127 54.5876 23.8671 132.646 124.843 379.539
internal_count=19077 16296 4800 2884 11496 5171 4233 992 3241 6325 780 5545 3221 2324 938 754 1916 487 2781 2450 1423 899 883 293 1027 600 331 867 655 427
is_linear=0
shrinkage=0.05


Tree=62
num_leaves=31
num_cat=0
split_feature=11 12 6 2 2 5 5 5 15 19 24 15 24 13 27 24 7 2 15 24 27 7 18 19 21 6 17 14 21 2
split_gain=86.6278 74.3797 121.642 128.029 68.7169 128.035 94.0795 103.826 81.6339 62.9709 53.7774 92.259 52.0738 49.6822 44.065 53.9352 41.4061 38.0556 37.7848 30.7968 26.1434 23.0383 22.2622 19.6731 34.8333 13.5772 7.94853 6.05473 4.79728 17.4819
threshold=0.047247023809523808 2.0691945320152842 3.5000000000000004 57.930000000000007 12316.455000000002 1.670841152286864 1.6775531153250267 2.5990321461448791 0.033908045977011456 29028.020000000004 628.50000000000011 0.26705426356589146 774.50000000000011 0.038554440728353706 0.15053936216725841 945.50000000000011 2.5000000000000004 1735.4050000000004 0.41885964912280704 622.50000000000011 0.0017891463054638503 24.500000000000004 1.0000000180025095e-35 2724.9625000000001 1.0000000180025095e-35 30.500000000000004 5.5000000000000009 0.010377631303411303 1.0000000180025095e-35 50.445000000000007
decision_type=2 2 2 2 2 2 2 2 2 2 2 2 2 2 2 2 2 2 2 2 2 2 2 2 2 2 2 2 2 2
left_child=14 2 12 28 8 9 -7 -8 21 25 13 -12 16 -10 15 22 -2 -16 23 -18 -17 -3 -1 26 -25 -6 -19 -5 -4 -30
right_child=1 4 3 27 5 6 7 -9 10 -11 11 -13 -14 -15 17 20 19 18 -20 -21 -22 -23 -24 24 -26 -27 -28 -29 29 -31
leaf_value=0.035011085220149882 -0.052808397801459475 -0.06760363522270782 0.063150547280877586 -0.059320790057588169 -0.074235929548221113 0.1064017479835949 -0.018392602411992903 0.025221164152016712 -0.090545527058021907 0.032133171171118594 0.01795153258730884 -0.072799753453899843 -0.052538029564937361 0.039286861907560394 -0.079982427038988363 0.057141977804133964 -0.014188510423411464 0.020774878406434261 -0.060560647884185151 0.057614180288789722 -0.05848840538731967 0.029017690026145224 -0.060940861611875674 -0.054037518245080331 0.036645380483651534 -0.15580194379794332 0.06116801086326077 -0.086744317711791252 -0.061171503042556266 0.055213902659324292
leaf_weight=7.2370475977659217 11.965599430492146 33.402787037775852 17.055521522182971 101.44151670183055 57.207615977269597 23.26348864310421 266.44094062200747 279.4194571338594 7.3918478772975496 14.813095185207201 906.9654263551929 28.781088571297005 19.972147964523174 401.38238082127646 6.811744471313431 31.736532593262382 17.956968674669042 14.210272305412216 9.4258745843544585 84.654974652454257 5.6501072078244752 7.4217464211396864 33.384817230515182 10.773129821987821 369.50742133194581 5.7715672254562369 114.68497366900556 27.270612071617506 4.2638091794215152 12.081565322354436
leaf_count=4 390 554 15 2490 1292 26 2833 938 122 46 4314 476 1017 828 165 59 243 47 191 266 244 31 609 148 1191 36 123 265 105 9
internal_value=0.0143305 0.00995205 -0.0134234 -0.0425905 0.0133673 -7.96581e-05 0.00813975 0.00392414 0.0196498 -0.0602098 0.0217684 0.0151474 0.0216872 0.0369053 0.0312164 -0.0037874 0.0347036 0.0364227 0.0379764 0.0449985 0.0394244 -0.0498881 -0.0436796 0.0398219 0.0340497 -0.0820252 0.0567731 -0.0652327 0.0444475 0.0243625
internal_weight=2932.35 2328.92 296.663 162.113 2032.26 646.916 569.124 545.86 1385.35 77.7923 1344.52 935.747 134.55 408.774 603.422 78.0085 114.578 525.413 518.602 102.612 37.3866 40.8245 40.6219 509.176 380.281 62.9792 128.895 128.712 33.4009 16.3454
internal_count=19077 16296 4800 2884 11496 5171 3797 3771 6325 1374 5740 4790 1916 950 2781 916 899 1865 1700 509 303 585 613 1509 1339 1328 170 2755 129 114
is_linear=0
shrinkage=0.05


Tree=63
num_leaves=31
num_cat=0
split_feature=9 8 12 6 17 17 30 2 2 8 7 24 12 11 11 11 11 6 29 17 17 9 13 17 13 5 29 23 5 23
split_gain=83.1996 104.555 118.677 87.5076 94.2296 117.745 81.5412 77.886 109.83 85.353 76.9839 174.383 83.4492 74.5151 70.1794 62.0296 57.2096 56.9908 94.9589 88.3916 68.5698 88.5541 58.3753 71.1407 53.9436 46.7491 44.2611 43.9964 55.0705 43.2893
threshold=0.5692508710801395 3.8820469656535983 2.0691945320152842 23.500000000000004 35.500000000000007 17.500000000000004 2.5000000000000004 24830.250000000004 12314.530000000001 5.0228554598236856 12.500000000000002 616.50000000000011 2.6406531826691721 0.18519259259259258 0.23509672325305961 0.17361310471815933 0.235533237685318 10.500000000000002 1.0000000180025095e-35 57.500000000000007 55.500000000000007 0.056079664570230552 0.058939323761000452 1.5000000000000002 0.076715444082771408 1.8480168609220329 2.5000000000000004 42.72826830937715 1.9583148337368124 53.278576317590698
decision_type=2 2 2 2 2 2 2 2 2 2 2 2 2 2 2 2 2 2 2 2 2 2 2 2 2 2 2 2 2 2
left_child=17 2 14 4 5 6 -3 8 9 -5 11 29 -13 -12 -2 26 -16 18 24 20 21 -20 23 -19 27 -7 -9 28 -1 -4
right_child=1 3 10 7 -6 25 -8 15 -10 -11 13 12 -14 -15 16 -17 -18 22 19 -21 -22 -23 -24 -25 -26 -27 -28 -29 -30 -31
leaf_value=-0.059107392702134609 -0.06276313469008836 -0.042890310666449341 0.048853820949057887 -0.11158825121169005 -0.084773455477606507 0.052108234117450428 0.036813759540433012 -0.099011758537289038 0.049302564028379486 0.02090520807471213 0.048265410625804535 -0.044512860301230292 0.011473050833835784 -0.068654922842097676 0.075398763183452164 -0.083436189581027692 -0.05609727075344062 -0.052182880792876002 0.023386312574871629 -0.060329474650412829 0.066704698169203783 -0.072044945579577635 0.050739233294664121 0.028352789289381654 -0.061108528638327934 -0.021862958371459781 0.0087625775768021674 0.042037894467475627 0.03991346426455282 0.0090104505691902086
leaf_weight=26.33124236157164 67.943810884840786 221.21957202849444 231.57479891041294 20.983401786535978 52.566401975229383 75.847030681557953 37.384211267810315 10.369127192068843 169.28268250846304 28.532530710333958 308.24921099608764 136.95970301935449 129.12261417414993 14.137571260798721 21.28148209489882 28.270143528818153 13.3617410978768 31.554816666059196 65.856229428434744 67.275741736870259 37.890491326339543 38.369374930858612 303.76055279909633 203.67287672334351 15.561185092199592 29.540902554057539 105.60062714992091 274.40222556283697 29.82566810969729 97.141057749744505
leaf_count=592 1755 2444 629 248 819 70 97 151 151 42 647 2585 1138 309 18 395 468 258 352 2200 22 713 168 260 339 222 293 1089 109 494
internal_value=0.0137933 0.00717664 0.0177155 -0.00660303 -0.0222432 -0.0131783 -0.031339 0.0113303 0.0301368 -0.0352526 0.0234237 0.0127434 -0.0173315 0.0431029 -0.0332435 -0.017164 0.0245219 0.024665 0.0134086 -0.0131492 0.00917683 -0.011733 0.0362526 0.0175104 0.0294888 0.0313252 -0.000907702 0.033786 -0.00644978 0.037101
internal_weight=2893.87 1799.37 1019.77 779.597 416.558 363.992 258.604 363.039 218.799 49.5159 917.185 594.798 266.082 322.387 102.587 144.24 34.6432 1094.5 555.512 209.392 142.116 104.226 538.988 235.228 346.12 105.388 115.97 330.559 56.1569 328.716
internal_count=19077 12975 8043 4932 3652 2833 2541 1280 441 290 5802 4846 3723 956 2241 839 486 6102 5416 3287 1087 1065 686 518 2129 292 444 1790 701 1123
is_linear=0
shrinkage=0.05


Tree=64
num_leaves=31
num_cat=0
split_feature=9 16 16 8 12 19 23 2 27 19 5 5 2 15 17 6 29 17 11 9 5 8 23 5 5 19 27 12 11 14
split_gain=77.5634 140.672 109.59 81.0659 138.229 93.7127 101.033 86.0601 101.091 99.6002 93.5856 81.002 77.5703 68.5696 64.9368 53.6157 86.8687 83.8209 63.89 71.224 48.9923 46.2849 42.4129 62.7084 39.7643 34.5673 33.2041 29.3758 31.5039 118.634
threshold=0.5692508710801395 0.18870581982460796 0.14588963963963961 3.8820469656535983 2.102046855113485 3339.1125000000006 25.663244353182755 12316.455000000002 7.0589068840285014 29028.020000000004 2.5618294073129957 1.8441326803566513 12314.530000000001 0.20245629897528628 35.500000000000007 10.500000000000002 1.0000000180025095e-35 57.500000000000007 0.37638888888888894 0.056079664570230552 2.0412414148193161 4.9231523562205188 42.72826830937715 1.9583148337368124 1.6997998522472915 829.85500000000013 81.893513671305229 1.5225384326999609 0.19446571379955757 0.071946169772256721
decision_type=2 2 2 2 2 2 2 2 2 2 2 2 2 2 2 2 2 2 2 2 2 2 2 2 2 2 2 2 2 2
left_child=15 2 11 4 -3 6 -6 8 -5 10 -9 -2 -10 -7 25 16 20 18 19 -18 22 24 23 -1 -4 -13 -24 -17 -29 -30
right_child=1 3 21 7 5 13 -8 9 12 -11 -12 14 -14 -15 -16 27 17 -19 -20 -21 -22 -23 26 -25 -26 -27 -28 28 29 -31
leaf_value=-0.058977089287801002 -0.066663358565521233 -0.06331493857833688 -0.014404892896687053 -0.068746985125665225 0.050337885941088602 0.027599439612609935 -0.059718916674560189 -0.074766681384680803 -0.0032922088807755129 0.036004983028301768 -0.0026814027902732191 -0.060180989278328594 0.044345216367000923 0.065983516432468706 -0.063528137054429751 -0.073698828775238243 0.019705447294037105 -0.060093317078051593 0.052739573469702199 -0.072510370744383032 -0.059646854828004595 0.024921235253815472 0.02858115416974252 0.04743856001327687 -0.068922942452733268 0.040759672357787005 0.066275519128836211 0.041450283661030388 0.050848239515076145 -0.089708078991707782
leaf_weight=28.51213297736831 30.777941621257924 41.750939895282499 45.670843969797716 32.433900724165142 33.38601893640589 493.01863654924091 55.08844167587813 95.741089765098877 152.1654580719769 54.764250968582928 85.214311592979357 8.9576812488958222 194.24889526469633 152.76516196742887 19.334974738187157 5.9809832409955552 52.026053495472297 64.240221599233337 51.970894014695659 34.850470051518641 14.988365394645369 20.277105541434139 185.68309920700267 26.697998597286642 128.12854322302155 127.98551893618423 85.977429136633873 451.03254404640757 45.83983609918505 22.194188784342259
leaf_count=672 684 1240 589 347 127 2147 904 1476 819 93 336 212 189 433 436 44 251 2200 173 663 325 31 973 40 2468 444 119 319 29 294
internal_value=0.013347 0.00692287 -0.0199796 0.0143008 0.0250434 0.0300823 -0.0181224 0.000726328 0.0154917 -0.0229798 -0.0408686 0.00730689 0.0234107 0.036696 0.0219401 0.0239779 0.0129736 -0.0129059 0.00891771 -0.0172702 0.0283617 -0.0462949 0.0324296 -0.00743448 -0.054642 0.0340814 0.0405494 0.0353851 0.0366656 0.00485794
internal_weight=2841.7 1771.71 381.133 1390.58 776.009 734.258 88.4745 614.568 378.848 235.72 180.955 187.056 346.414 645.784 156.278 1069.99 544.947 203.088 138.847 86.8765 341.859 194.076 326.871 55.2101 173.799 136.943 271.661 525.048 519.067 68.034
internal_count=19077 12975 4864 8111 4851 3611 1031 3260 1355 1905 1812 1776 1008 2580 1092 6102 5416 3287 1087 914 2129 3088 1804 712 3057 656 1092 686 642 323
is_linear=0
shrinkage=0.05


Tree=65
num_leaves=31
num_cat=0
split_feature=4 2 14 24 2 19 9 20 24 16 6 17 20 25 16 20 6 13 22 0 9 9 2 17 9 7 16 11 13 0
split_gain=87.62 76.9588 119.023 98.7295 76.6146 72.3744 59.8348 79.0964 75.2811 71.3671 69.627 64.0168 53.9637 48.2073 42.84 38.3867 23.0349 22.2223 20.8642 16.6669 70.5762 15.7484 10.3392 19.8779 9.6335 9.1555 6.36886 12.3244 4.96734 1.7994
threshold=5.5000000000000009 39517.060000000005 0.091287878787878765 669.50000000000011 33522.450000000004 18157.852000000003 0.37557339449541288 1.8480168609220329 586.50000000000011 0.11566332218506127 24.500000000000004 862.50000000000011 2.7803728552821689 1.0000000180025095e-35 0.32529069767441865 1.2613124290237832 9.5000000000000018 0.089696549209017665 1.0000000180025095e-35 3.5000000000000004 0.98752745241581275 0.62678571428571439 1047580.4800000001 6.5000000000000009 0.99589320650340707 37.500000000000007 0.21268028732511554 0.06030303030303031 0.084273196240548368 1.5000000000000002
decision_type=2 2 2 2 2 2 2 2 2 2 2 2 2 2 2 2 2 2 2 2 2 2 2 2 2 2 2 2 2 2
left_child=1 4 3 5 6 12 8 9 15 -8 -9 -10 -3 14 -5 -1 -2 24 -19 25 22 -7 23 -21 -6 26 28 -28 -18 -4
right_child=16 2 29 13 17 21 7 10 11 -11 -12 -13 -14 -15 -16 -17 19 18 -20 20 -22 -23 -24 -25 -26 -27 27 -29 -30 -31
leaf_value=-0.068571176864743955 -0.061852816904138443 -0.062151984897664714 0.058576858718011361 -0.086388566270938744 0.035933454160157551 -0.037694284026254812 -0.06153051145565689 -0.010500830751918147 0.031884277945644302 0.026386991009572976 0.025291237706705473 -0.073704396351105872 0.037566561459721259 0.05354250504352516 0.042560292879267325 0.0046010086665949903 0.026216762982442278 0.051101372655260102 -0.069699352762827432 -0.027534737603960264 -0.064253518079115515 0.042027943552604433 0.050747046100159621 0.046778411705811929 0.075286679062449291 0.0091029248212830902 0.049957458663412835 -0.013582294051811696 0.055201977942441541 0.039227296553859453
leaf_weight=29.736103485221975 5.8967334027402094 55.341005108202808 30.616736263269559 89.441374755348079 22.091877277125604 6.7524448251351705 24.343577976571396 792.92891467257868 521.457182658487 407.60590007214341 163.82341965544038 14.641622699215075 17.82157250889577 7.49760096380487 6.8279481960926196 44.575204859487712 17.484933168045245 7.9241336961276811 6.3401729550678283 14.693146111909298 19.761846837005578 60.800211732974276 65.056232022121549 22.703949451446533 60.462633269140497 16.624805954284966 21.610321991145611 11.550719590857623 148.67399359459523 25.65745572373271
leaf_count=456 263 916 12 1587 88 32 679 7159 3032 2487 395 557 26 2 16 248 35 8 132 44 621 108 22 9 22 34 7 63 160 36
internal_value=0.0114924 0.00810164 -0.01554 -0.0306441 0.0114971 -0.00331146 0.00938874 0.00364881 0.0224363 0.0214075 -0.00436497 0.028978 -0.0377753 -0.0676221 -0.0771562 -0.0246649 0.0350887 0.0549239 -0.00235526 0.0368117 0.021949 0.0339412 0.0386715 0.0174522 0.0648723 0.0451862 0.0481646 0.0277005 0.0521995 0.0499286
internal_weight=2740.74 2396.69 300.756 244.482 2095.93 140.715 1999.11 1388.7 610.41 431.949 956.752 536.099 73.1626 103.767 96.2693 74.3113 344.057 96.8188 14.2643 338.16 122.215 67.5527 102.453 37.3971 82.5545 215.945 199.32 33.161 166.159 56.2742
internal_count=19256 17998 2735 2687 15263 1082 15013 10720 4293 3166 7554 3589 942 1605 1603 704 1258 250 140 995 696 140 75 53 110 299 265 70 195 48
is_linear=0
shrinkage=0.05


Tree=66
num_leaves=31
num_cat=0
split_feature=4 2 14 24 2 19 3 9 5 24 3 5 17 25 5 6 17 13 22 11 11 1 2 9 9 19 1 3 6 3
split_gain=83.1516 70.4289 111.096 93.463 71.3885 66.8613 69.3444 54.7783 71.9106 68.6852 68.2307 66.2134 59.4133 45.2548 36.5012 21.6265 21.5787 20.1609 19.673 16.0511 16.2932 15.2971 41.6152 14.6264 9.20179 8.18746 41.3923 7.30223 4.81963 1.2215
threshold=5.5000000000000009 39517.060000000005 0.091287878787878765 669.50000000000011 33522.450000000004 18157.852000000003 152846.49500000002 0.37557339449541288 1.8480168609220329 586.50000000000011 130.01007521230073 1.0545506419330988 862.50000000000011 1.0000000180025095e-35 1.2613124290237832 9.5000000000000018 2114.0000000000005 0.089696549209017665 1.0000000180025095e-35 0.19232997593368392 0.68926553672316393 71.500000000000014 3127116.3350000004 0.62678571428571439 0.99589320650340707 8104.7025761554632 17.500000000000004 0.15907002240105658 36.500000000000007 42668.355000000003
decision_type=2 2 2 2 2 2 2 2 2 2 2 2 2 2 2 2 2 2 2 2 2 2 2 2 2 2 2 2 2 2
left_child=1 4 3 5 7 6 -3 9 11 14 -10 -9 -11 16 -1 -2 -5 24 -19 21 -21 25 28 -7 -6 27 -27 -17 -23 -4
right_child=15 2 29 13 17 23 -8 8 10 12 -12 -13 -14 -15 -16 19 -18 18 -20 20 -22 22 -24 -25 -26 26 -28 -29 -30 -31
leaf_value=-0.067852052436339044 -0.061737746359003837 -0.061969287904043061 0.039911508156557987 -0.080754630598988242 0.034510355193612202 -0.035350303788931982 0.058501246497805803 -0.05962656033042394 -0.0015221263011941238 0.030547280039600527 -0.072178230974080035 0.025313262874519293 -0.073597914816329199 0.053213821751730631 0.0043785522903221101 -0.0035254101728812628 0.048850726219892782 0.050561516355396491 -0.069114830735000896 -0.079968378346739699 0.049897256694749412 -0.06157897110763199 0.049741377648411522 0.041120574404148784 0.073240152649584583 0.049648298779127104 -0.03939365288086847 0.047559326367193816 -0.15892503571656255 0.056640610602479879
leaf_weight=28.579087964026257 5.6195225918199858 56.686600129818544 24.77938845846802 89.526181827182882 21.862805703771301 6.8443667357787481 15.001451063668354 24.197867710492574 919.13645860942779 517.1826395962853 35.396489456295967 404.42365288792644 13.947347568464464 7.1754810237325719 44.504831742728129 7.0252268835902205 3.2193050384521475 7.617170622572301 6.0815006225602701 5.772194760036653 3.969252347946167 8.1998180163791421 16.62766520655714 59.081082927412353 59.082336708437651 48.323683677241206 17.722697596647777 218.43183786678128 1.6136858165264119 29.546932514756918
leaf_count=456 263 935 41 1602 88 32 7 1008 6882 3032 672 2158 557 2 248 86 1 8 132 88 1 263 22 108 22 23 216 288 8 7
internal_value=0.0110582 0.00777117 -0.0152203 -0.0299869 0.0109971 -0.00321317 -0.0366436 0.00897214 0.00348074 0.021532 -0.00415476 0.0204935 0.0277897 -0.0667702 -0.0238526 0.0344449 -0.0761543 0.0534117 -0.00232207 0.0361279 -0.0265759 0.0380726 0.00145492 0.0330641 0.0628966 0.0413752 0.025656 0.0459445 -0.0795321 0.0491893
internal_weight=2707.18 2373.87 291.861 237.534 2082.01 137.614 71.6881 1987.37 1383.15 604.214 954.533 428.622 531.13 99.921 73.0839 333.306 92.7455 94.6438 13.6987 327.686 9.74145 317.945 26.4412 65.9254 80.9451 291.503 66.0464 225.457 9.8135 54.3263
internal_count=19256 17998 2735 2687 15263 1082 942 15013 10720 4293 7554 3166 3589 1605 704 1258 1603 250 140 995 89 906 293 140 110 613 239 374 271 48
is_linear=0
shrinkage=0.05


Tree=67
num_leaves=31
num_cat=0
split_feature=4 2 14 3 10 2 16 3 2 14 27 12 19 16 11 3 8 3 13 19 10 10 10 13 1 13 4 11 27 14
split_gain=78.8994 64.3821 104.749 82.4669 68.3418 66.6196 50.764 49.041 82.7997 63.7639 47.2901 43.7665 35.6246 21.334 19.1456 67.3116 48.9527 33.4221 18.3251 18.5735 9.90707 7.54211 6.88921 5.92694 5.36981 4.17128 8.9405 20.69 43.2929 3.88643
threshold=5.5000000000000009 39517.060000000005 0.011199255821731603 152846.49500000002 0.4912790697674419 33522.450000000004 0.19807227796358229 13.28117249069215 24830.250000000004 0.011398182873277452 78.850461239806307 2.4524925807483702 3621.3991666666666 0.32529069767441865 0.1600389755011136 2.0453342931480307 4.7266984957335234 0.36388521161566911 0.089696549209017665 64558.278928571439 0.32848837209302328 0.25290697674418611 0.26453488372093026 0.089184368673072612 13.500000000000002 0.09186477288425067 8.5000000000000018 0.06030303030303031 11596.991040871257 0.011516357206012351
decision_type=2 2 2 2 2 2 2 2 2 2 2 2 2 2 2 2 2 2 2 2 2 2 2 2 2 2 2 2 2 2
left_child=1 5 3 13 6 7 -4 8 10 -9 -1 -11 -8 20 25 16 17 -16 23 -20 -3 -10 -19 24 -7 26 27 -2 -29 -17
right_child=14 2 4 -5 -6 18 12 9 21 11 -12 -13 -14 -15 15 29 -18 22 19 -21 -22 -23 -24 -25 -26 -27 -28 28 -30 -31
leaf_value=0.0053679788498320362 0.046795675600875643 -0.066137330114592205 -0.07914600762019626 0.057592499963195209 -0.10607295113207016 0.032158660416539017 -0.080146869910407481 -0.068533457219612973 -0.065545660717127113 0.042480272521245005 0.021904702390141507 -0.083367846926116609 0.032177816635189926 0.035442210159279883 -0.068969435229290221 -0.066667261992021998 -0.084058476462577428 0.020947709875934667 -0.068327493179879462 0.050260418546391419 -0.10929625315120051 -0.13187647684527737 0.052676780435529182 0.083755897660563544 0.064436289324824175 0.050542883714368138 0.046272346817674871 -0.19454681558555811 0.038285901521692617 -0.13360106324438567
leaf_weight=1185.5201761869248 12.613126933574678 76.086648533586413 12.203896318678742 14.688930614618583 11.751512644812463 22.066029709763825 7.3167211937252423 45.975667784281541 15.423583693453113 33.449230903759599 681.49603188969195 8.5863088801270333 139.86937284097075 4.5391590071376404 6.5282563483342519 11.224304223083889 8.4200284115504456 22.111962961615063 5.8583482626127061 7.2970165144652128 17.036319237435237 6.5329903186648144 89.070404054829851 21.816047450061888 35.404067564290017 113.38281326042488 48.290159373194911 3.2225881648482737 4.8737620362080634 3.1103494670242062
leaf_count=10352 6 2022 197 15 69 97 101 981 296 69 3127 109 200 33 246 390 111 209 137 3 98 79 68 2 11 112 36 49 6 25
internal_value=0.0106315 0.00744764 -0.0148876 -0.0523834 0.00971466 0.0105103 0.018344 0.00856595 0.0102682 -0.0278818 0.0114077 0.0165186 0.0265095 -0.0690175 0.0338108 0.0198506 0.0315626 0.03994 0.0519857 -0.00228902 -0.0741954 -0.0860169 0.0464359 0.0610456 0.0522073 0.0445184 0.0344875 0.00667702 -0.0550213 -0.082362
internal_weight=2675.77 2352.92 283.493 112.351 171.142 2069.43 159.39 1976.98 1888.97 88.0112 1867.02 42.0355 147.186 97.6621 322.848 140.465 126.131 117.711 92.4415 13.1554 93.123 21.9566 111.182 79.2861 57.4701 182.382 68.9996 20.7095 8.09635 14.3347
internal_count=19256 17998 2735 2168 567 15263 498 15013 13854 1159 13479 178 301 2153 1258 1049 634 523 250 140 2120 375 277 110 108 209 97 61 55 415
is_linear=0
shrinkage=0.05


Tree=68
num_leaves=31
num_cat=0
split_feature=4 9 7 6 24 5 5 24 17 5 16 15 5 19 27 3 9 0 9 22 19 19 1 7 8 16 9 4 13 6
split_gain=75.3633 56.9622 80.083 79.6252 69.2441 67.0305 72.235 48.9994 42.517 37.3118 65.562 35.4267 40.7255 34.2938 50.5013 23.6102 19.899 18.0231 68.7452 17.1048 9.06978 17.9921 19.5111 8.25798 7.35375 5.79453 9.12198 25.1211 4.58321 3.8864
threshold=5.5000000000000009 0.37557339449541288 49.500000000000007 24.500000000000004 586.50000000000011 3.0824931695634024 3.0075440743470589 2694.5000000000005 6.5000000000000009 2.2807184923549566 0.21138500708850502 0.11690309690309686 1.2613124290237832 3057.2583333333337 1014.6361837957935 2.0224891493885573 0.15504807692307693 3.5000000000000004 0.98752745241581275 1.5000000000000002 5001.4987500000007 29028.020000000004 24.500000000000004 37.500000000000007 4.0189885125014788 0.21268028732511554 0.11396103896103892 8.5000000000000018 0.084273196240548368 10.500000000000002
decision_type=2 2 2 2 2 2 2 2 2 2 2 2 2 2 2 2 2 2 2 2 2 2 2 2 2 2 2 2 2 2
left_child=1 4 3 5 11 6 -3 13 -7 15 -11 12 -1 19 -15 -5 -14 23 20 -6 -19 22 -22 25 -13 28 -27 -28 -2 -9
right_child=17 2 -4 9 7 8 -8 29 -10 10 -12 24 16 14 -16 -17 -18 18 -20 -21 21 -23 -24 -25 -26 26 27 -29 -30 -31
leaf_value=-0.068538614721285945 0.023420993977047971 -0.0019778279065505262 -0.10796152181518125 -0.00020294691604685815 0.056749583549286067 -0.0048411436919249071 0.050100821081618979 -0.054401142084725351 -0.074757509559219573 -0.062111583547266758 0.023307413189359298 -0.064741587617479571 0.036429119230066968 0.024702922813460045 -0.056261083093509835 0.048202227186037581 -0.062836059973904942 0.049398213619005558 -0.062224037429096171 0 0.026975585501812744 0.047790908128211573 -0.080293963656899281 0.0069503486856524969 -0.14155166677071251 0.045276225246717795 -0.11656978300645367 0.043342016250222291 0.052527934881166131 -0.12093728777379945
leaf_weight=17.42755382868927 16.006750905304216 1183.5616234912304 16.216749800601974 29.843968204804696 115.43049957160838 39.019737557973713 70.448566064005718 6.739707127097061 49.517436047201045 28.051810019067489 110.89154276985209 15.751467168098317 35.569696392863989 412.41554077330511 20.075598956784233 154.6387429345632 5.7571534581948063 54.473925428465009 21.780258172249887 15.056173076736739 9.3146399110555667 21.354719124734402 7.5633244886994353 15.434052920900283 4.1739331693388513 19.468913399614397 3.6578130286652577 6.9545470732264221 135.54169068241026 3.8824409276712686
leaf_count=282 39 11147 114 155 175 227 246 354 969 251 202 272 72 2737 216 242 95 24 823 170 11 7 35 34 42 16 57 8 204 30
internal_value=0.0102148 0.00712863 0.00226136 0.0033437 0.0196711 -0.00201855 0.000947654 0.0257089 -0.0440409 0.0256117 0.00599361 -0.0242597 -0.00458656 0.0277278 0.020921 0.0403487 0.0223617 0.0333138 0.0174397 0.0502169 0.0362565 0.0173217 -0.0209892 0.0424972 -0.0817078 0.0454848 0.024973 -0.0118825 0.0495041 -0.0800878
internal_weight=2646.02 2334.47 1682.19 1665.97 652.28 1342.55 1254.01 573.6 88.5372 323.426 138.943 78.6798 58.7544 562.978 432.491 184.483 41.3268 311.551 114.487 130.487 92.7066 38.2327 16.878 197.064 19.9254 181.63 30.0813 10.6124 151.548 10.6221
internal_count=19256 17998 13553 13439 4445 12589 11393 3682 1196 850 453 763 449 3298 2953 397 167 1258 900 345 77 53 46 358 314 324 81 65 243 384
is_linear=0
shrinkage=0.05


Tree=69
num_leaves=31
num_cat=0
split_feature=4 2 14 24 2 19 23 24 24 5 25 19 9 5 11 3 8 3 13 19 3 9 8 10 9 14 13 4 9 23
split_gain=71.607 58.2147 96.5377 81.6064 60.5131 60.4455 57.9727 59.024 57.4093 44.765 40.2566 36.8433 31.3686 19.8842 18.298 60.7335 44.1809 30.3887 16.1794 17.4851 11.3929 8.23897 33.5366 6.84749 4.6559 4.22782 3.71427 8.57053 22.6256 47.9194
threshold=5.5000000000000009 39517.060000000005 0.091287878787878765 669.50000000000011 33522.450000000004 4494.3350000000009 23.117043121149901 3347.5000000000005 3256.5000000000005 1.5550511395877378 1.0000000180025095e-35 15700.969375000002 0.99838318406867754 0.9576610116216121 0.1600389755011136 2.0453342931480307 4.7266984957335234 0.36388521161566911 0.089696549209017665 64558.278928571439 2.0224891493885573 0.99589320650340707 6.2176013331727065 0.26453488372093026 0.98650808342589169 0.017574746725969852 0.09186477288425067 8.5000000000000018 0.11396103896103892 20.865160848733748
decision_type=2 2 2 2 2 2 2 2 2 2 2 2 2 2 2 2 2 2 2 2 2 2 2 2 2 2 2 2 2 2
left_child=1 4 3 5 6 -3 11 8 -8 -7 13 12 -1 -5 26 16 17 -16 21 -20 -13 22 -6 -19 -17 -9 27 28 -2 -30
right_child=14 2 -4 10 18 9 7 25 -10 -11 -12 20 -14 -15 15 24 -18 23 19 -21 -22 -23 -24 -25 -26 -27 -28 -29 29 -31
leaf_value=-0.075219525396738138 0.050494430548519743 -0.078109566408186615 0.047923973769326861 0.046032607710091628 -0.08459736838318653 -0.084349654435994514 0.0090266949567156789 -0.066367264607794185 0.067521980381820626 0.023111258925859621 0.052731297973414852 0.051939192338614659 0.051234082228824668 -0.078197141237957221 -0.06874586844015261 -0.13447387472340014 -0.082261808491853217 0.019168754957557224 -0.06762878273880614 0.049766633640805462 -0.025414824205388153 0.068753493874848526 0.065123250680437783 0.051437077627530782 -0.062648604358336343 -0.12865412883768354 0.049531473340212802 0.045686745133226341 0.050409074131651715 -0.19391372209381172
leaf_weight=42.929207562003285 11.498395442962648 22.190211985027418 49.925985461683013 3.2357887940015635 4.7123899017460671 10.65592005336657 1827.2800636504544 13.895954189472834 42.865469523123465 96.851671783369966 6.6943908031098536 11.556184015236797 5.4161508735269299 83.924841027474031 6.1157927428721441 3.2604606417007735 8.0189723545918223 21.391765850305092 5.6125787658384052 7.0231175161898136 7.8682486275210968 55.570413899607956 16.495590209960938 82.73316722153686 10.284217854787128 3.8803753678221247 105.01535958843306 45.474182817037217 4.3877282142639151 3.5171049691271037
leaf_count=1056 5 485 48 6 87 233 13315 428 101 364 2 8 2 1597 246 26 111 209 137 3 60 22 1 68 389 43 112 36 1 55
internal_value=0.00980347 0.00681838 -0.0148363 -0.02889 0.00971715 -0.00314074 0.00787366 0.00950749 0.0103737 0.012345 -0.0643784 -0.0375148 -0.0608732 -0.0734804 0.0327178 0.0186501 0.0301832 0.038475 0.0499289 -0.00210755 0.0203797 0.0585493 0.0313799 0.0448805 -0.0811636 -0.0808871 0.0435849 0.0338211 0.00566421 -0.0587375
internal_weight=2620.28 2318.58 273.479 223.553 2045.11 129.698 1955.69 1887.92 1870.15 107.508 93.855 67.7698 48.3454 87.1606 301.697 131.804 118.26 110.241 89.4141 12.6357 19.4244 76.7784 21.208 104.125 13.5447 17.7763 169.893 64.8774 19.4032 7.90483
internal_count=19256 17998 2735 2687 15263 1082 15013 13887 13416 597 1605 1126 1058 1603 1258 1049 634 523 250 140 68 110 88 277 415 471 209 97 61 56
is_linear=0
shrinkage=0.05


Tree=70
num_leaves=31
num_cat=0
split_feature=27 23 23 16 5 5 17 8 12 16 2 2 27 12 11 2 16 17 3 22 3 8 12 5 11 10 5 13 17 10
split_gain=86.3086 62.7754 129.18 79.0513 97.4249 85.0592 74.2855 69.2545 66.2885 57.0219 51.4677 88.7557 67.127 66.6635 46.6657 46.1632 44.1101 40.7042 82.2802 53.4616 51.871 40.5086 38.062 40.039 59.1442 34.0185 33.1539 24.7468 19.8736 16.4398
threshold=75.683412767415604 74.829568788501049 62.881587953456538 0.22496021414782372 2.027687055061548 1.3995156359132472 65.500000000000014 4.8456129937700583 2.7017711401447597 0.097167584579071611 12314.530000000001 2500.5500000000006 1113.3883028815771 2.9414691278528089 0.20177405396900316 1997.6200000000001 0.14709889405353418 1.0000000180025095e-35 2.0453342931480307 2.5000000000000004 0.6221636669182985 3.9898569214791393 1.3610469131144654 0.70710678076082301 0.16671763506625889 0.014534883720930151 1.7935336973832985 0.10292013995012146 51.500000000000007 0.34011627906976749
decision_type=2 2 2 2 2 2 2 2 2 2 2 2 2 2 2 2 2 2 2 2 2 2 2 2 2 2 2 2 2 2
left_child=1 2 3 4 6 -5 -1 -6 25 -2 11 12 21 -13 22 -7 -10 18 20 26 -12 -11 -3 -24 -25 28 -19 -18 -4 -20
right_child=9 14 8 5 7 15 -8 -9 16 10 17 13 -14 -15 -16 -17 27 19 29 -21 -22 -23 23 24 -26 -27 -28 -29 -30 -31
leaf_value=0.017005627494633822 -0.066282555582635086 -0.062851594137728117 0.032041049524173762 -0.056106453654756895 -0.049928691300117511 0.05807623984806215 -0.042219470002251493 0.033124405133642579 0.053600256872061519 0.049922677660925376 -0.041873748679369473 -0.075040208834804736 -0.070141362279076719 0.033979145204162002 -0.064846368025245349 0.018720901402093645 -0.091650398497976807 0.049061779889805472 -0.053732918083808895 -0.083715971979936965 0.029629398038798993 -0.0091102830309911682 0.070577322995778569 0.032712460914345314 -0.083465274087833871 -0.070287533616927286 0.027121250281057847 0.0076328504217901428 -0.057237511064585134 -0.15137990001663384
leaf_weight=340.06899131787941 18.095149049069732 9.7109775780700129 14.588861526921393 31.862397150252946 152.34829937497852 99.795744311297312 62.577130261634011 29.899332753848284 26.478690087795258 103.16251199599355 29.418562953651417 51.18058646901045 17.475104478828143 19.160293952561915 12.732832793612031 296.86167619121261 11.673206157051029 263.23028396244626 18.472536199900791 9.543821520637719 178.56542317231651 40.217779926490039 64.162473922595382 128.40417172922753 11.860176295973359 107.91731187631376 505.48703218263108 13.232565164100377 10.708188594901001 5.7599175218492737
leaf_count=2010 342 178 47 1164 2547 475 1518 50 22 343 470 733 375 31 326 1540 154 784 451 189 439 244 75 401 221 1903 1913 63 293 45
internal_value=0.0120011 0.00356681 -0.000996957 0.00600724 -0.00593894 0.022322 0.00778056 -0.036265 -0.0394582 0.0215358 0.0228249 0.00151942 0.0220253 -0.0452671 0.027678 0.0286471 0.00868944 0.027694 0.00928762 0.0331777 0.0194763 0.0333344 0.0332307 0.0378479 0.0228009 -0.0580602 0.0346462 -0.0388812 -0.00563007 -0.0776753
internal_weight=2684.65 1424.88 1198.01 1013.41 584.894 428.52 402.646 182.248 184.599 1259.77 1241.67 231.196 160.855 70.3409 226.871 396.657 51.3845 1010.48 232.216 778.261 207.984 143.38 214.138 204.427 140.264 133.214 768.717 24.9058 25.2971 24.2325
internal_count=19346 12987 11786 9304 6125 3179 3528 2597 2482 6359 6017 1726 962 764 1201 2015 239 4291 1405 2886 909 587 875 697 622 2243 2697 217 340 496
is_linear=0
shrinkage=0.05


Tree=71
num_leaves=31
num_cat=0
split_feature=7 8 5 17 5 11 0 15 17 13 8 13 12 5 28 12 14 23 15 18 18 9 15 8 15 18 17 24 16 7
split_gain=79.5611 134.629 104.661 124.723 99.8564 72.7754 73.1465 71.8231 59.3909 88.0553 65.5824 64.6216 60.559 56.264 77.5297 55.9179 52.1584 51.4437 49.1556 46.3068 44.6428 43.8641 40.6171 35.8495 32.7165 49.1697 31.1823 44.9752 28.9285 27.4851
threshold=12.500000000000002 3.7034651875097393 1.9589845612752501 15.500000000000002 2.5990321461448791 0.091372912801484213 1.5000000000000002 0.077350427350427312 6.5000000000000009 0.086962761443618017 3.8287041226997931 0.30384615384615393 1.5849625001440784 1.7765926621801238 1.0000000180025095e-35 2.8093236892545557 0.029459980713596855 71.869952087611239 0.20245629897528628 379.50000000000006 822.50000000000011 0.99307950191570893 0.13644750083864474 4.3099522300998281 0.14530967117174012 671.50000000000011 1.5000000000000002 52.500000000000007 0.097167584579071611 50.500000000000007
decision_type=2 2 2 2 2 2 2 2 2 2 2 2 2 2 2 2 2 2 2 2 2 2 2 2 2 2 2 2 2 2
left_child=2 18 8 4 19 23 16 -8 9 26 -11 13 -13 14 -10 -9 29 -15 24 -4 22 -20 -6 28 -2 -26 27 -1 -3 -7
right_child=1 5 3 -5 20 6 7 15 11 10 -12 12 -14 17 -16 -17 -18 -19 21 -21 -22 -23 -24 -25 25 -27 -28 -29 -30 -31
leaf_value=0.052249991631763595 0.053335013877916816 0.049957621595915255 0.023657173276000736 -0.06251272603620725 -0.064267962202829487 -0.073146666377157457 -0.062612000399641127 0.0047052517049736607 -0.0019857273633679864 -0.065943778040641082 0.044999978853346626 -0.058609676455073804 0.062981276972647091 0.018879208192855514 -0.062054517681290458 0.032867929421067497 0.026201632348264833 -0.092739750412504027 0.028516420326659242 -0.06329715777443097 -0.060354750527620384 0.11969538753730108 0.050155311979025431 0.036031312973642336 0.034076773489285131 -0.091468900591491639 0.056627705632558423 -0.040589182067268956 -0.095921670824661909 0.016713868099601802
leaf_weight=30.065618650987744 117.12333650863729 5.1675491970963767 20.368487050291151 121.83891978650354 8.2969321354757977 56.600986080535222 32.435862034093589 594.24111313530011 158.74737364239991 35.743970238661859 21.060134906321764 12.038783809693994 64.704523238120601 198.9590283971047 81.236666024546139 250.83761583105661 23.880988522199914 10.777203933335839 19.11425956338644 60.162061208335217 11.927811607951297 44.22339801909402 98.376090881880373 329.47482792614028 29.430679345969111 10.49672217806801 156.31576568749733 22.846904162899591 9.3861445635557157 9.8707225695252401
leaf_count=19 161 5 82 3145 160 1079 335 3748 2450 829 23 484 84 762 2126 448 74 124 54 1354 311 13 244 344 63 141 315 269 80 20
internal_value=0.0115665 0.0189576 0.00139008 -0.0226879 0.00167303 0.0128758 0.00584699 0.0102633 0.0111499 0.0304012 -0.0247167 0.0014084 0.0437907 -0.00582101 -0.0223577 0.0130734 -0.036953 0.0130784 0.0551157 -0.0412398 0.0308634 0.0923462 0.0411569 0.032628 0.0400198 0.000800445 0.0453939 0.012068 -0.043796 -0.0597226
internal_weight=2645.75 1532.28 1113.47 320.97 199.131 1311.9 967.867 877.515 792.496 266.032 56.8041 526.464 76.7433 449.72 239.984 845.079 90.3527 209.736 220.388 80.5305 118.601 63.3377 106.673 344.029 157.051 39.9274 209.228 52.9125 14.5537 66.4717
internal_count=19346 6565 12781 5296 2151 6133 5704 4531 7485 1455 852 6030 568 5462 4576 4196 1173 886 432 1436 715 67 404 429 365 204 603 288 85 1099
is_linear=0
shrinkage=0.05


Tree=72
num_leaves=31
num_cat=0
split_feature=27 24 18 30 19 24 15 9 2 2 27 7 9 13 8 14 19 14 19 3 24 8 13 7 8 15 10 7 2 10
split_gain=75.1787 58.5252 90.9063 67.2111 108.034 63.3578 59.3022 53.5993 45.2712 81.5353 64.733 45.8392 44.9596 46.1432 37.9327 70.3673 36.8879 34.9958 34.4293 66.4787 41.326 32.3056 30.7292 26.1242 24.1425 12.7236 11.8062 10.1986 9.81902 7.89251
threshold=75.683412767415604 2293.5000000000005 1794.5000000000002 1.5000000000000002 2898.7450000000003 529.50000000000011 0.27055180180180188 0.99356906534325906 12314.530000000001 2500.5500000000006 1113.3883028815771 65.500000000000014 0.77812939521800295 0.092395354111319869 3.9898569214791393 0.18469785575048728 1051.1666666666667 0.091287878787878765 3461.5687500000004 0.0036244445074080501 577.50000000000011 3.2189606473413233 0.11773591611871331 19.500000000000004 4.7400374373446699 0.07092555331991951 0.25872093023255821 50.500000000000007 2043781.1600000004 0.18313953488372087
decision_type=2 2 2 2 2 2 2 2 2 2 2 2 2 2 2 2 2 2 2 2 2 2 2 2 2 2 2 2 2 2
left_child=1 2 3 4 17 -6 7 -5 9 10 14 16 13 -11 21 -16 23 -1 20 -20 -18 -2 27 -10 -3 -25 -8 28 -4 -26
right_child=8 24 22 6 5 -7 26 -9 11 12 -12 -13 -14 -15 15 -17 18 -19 19 -21 -22 -23 -24 25 29 -27 -28 -29 -30 -31
leaf_value=-0.059441905736876327 -0.063275619154588833 -0.063683236532033755 -0.066428978071679759 0.023926492742711095 0.027028535062474643 -0.008282788446488467 -0.063849365303026859 -0.068151981682499432 -0.068797451858325878 -0.11832427127327923 -0.069655973184751072 -0.11376324451895242 -0.075396352272521963 0.046315288528394519 -0.08160358852913574 0.051298671886942183 -0.081924511437613368 0.033582193306539727 -0.078327552482043539 0.024866639997811052 0.050145037245326596 0.05469677710201213 0.11617166203265948 0.052609366171085997 0.041743593520030757 -0.024948362160189513 0.036241513823653766 0.055487647760326955 0.048847652800481561 -0.021747553798157595
leaf_weight=106.43717052508146 6.0608284974005064 44.544694538286421 4.0204999593552229 475.36917626776267 176.01825345854741 455.5194534008624 25.800387189490724 16.227146521734539 16.87903681572061 5.3864981830120113 17.824056147073861 5.8204523494932792 44.264767369022593 18.811087956186384 18.401334321475588 21.448886325582862 5.9953898731619111 11.035143197979776 15.828670573013367 733.74140132952016 193.11452961148461 94.768483566585928 22.370349859702401 10.671507568564268 7.600705191493037 10.208252950804306 3.1926745586097232 17.211294949054718 3.2173211574554443 13.309161469805984
leaf_count=2031 189 1509 112 2666 686 4925 548 379 346 84 401 42 672 31 221 29 117 52 341 3165 466 179 16 5 3 71 9 3 1 47
internal_value=0.0111751 0.00318588 0.00548498 0.00295486 -0.00663108 0.00155377 0.0167551 0.0208637 0.020225 5.74786e-05 0.0197745 0.0248325 -0.0454806 0.00912381 0.0311823 -0.00999609 0.0256668 -0.0506397 0.0275985 0.0226707 0.0461041 0.0475003 0.0738351 -0.0226792 -0.0429151 0.0145144 -0.052569 0.0345791 -0.014538 0.00118224
internal_weight=2601.1 1381.87 1316.42 1269.6 749.01 631.538 520.589 491.596 1219.23 226.966 158.504 992.259 68.4624 24.1976 140.68 39.8502 986.439 117.472 948.68 749.57 199.11 100.829 46.8195 37.7588 65.4546 20.8798 28.9931 24.4491 7.23782 20.9099
internal_count=19346 12987 11428 11296 7694 5611 3602 3045 6359 1806 1019 4553 787 115 618 250 4511 2083 4089 3506 583 368 132 422 1559 76 557 116 113 50
is_linear=0
shrinkage=0.05


Tree=73
num_leaves=31
num_cat=0
split_feature=7 8 20 17 20 11 13 4 9 2 22 14 17 13 8 13 20 28 17 23 19 24 1 8 11 22 15 18 14 8
split_gain=69.4897 119.468 96.1439 115.677 91.1445 70.6658 66.5647 86.516 72.5062 58.4771 80.5448 60.2986 53.1167 79.9149 60.3486 59.3719 49.7853 74.213 49.2091 47.2362 44.3677 42.8962 39.5713 39.1121 36.3221 32.7203 32.5872 31.7003 24.7561 48.1993
threshold=12.500000000000002 3.7306582894673368 1.9589845612752501 15.500000000000002 2.5990321461448791 0.091372912801484213 0.065961956824900955 2.5000000000000004 0.82368180432794891 15622.800000000001 1.5000000000000002 0.0023121418184928505 6.5000000000000009 0.086962761443618017 3.8287041226997931 0.30384615384615393 1.7765926621801238 1.0000000180025095e-35 255.50000000000003 71.869952087611239 1427.6500000000003 401.50000000000006 7.5000000000000009 1.5847915159922179 0.17293726874102941 2.5000000000000004 0.20245629897528628 822.50000000000011 0.059072781655034858 4.3632585927001015
decision_type=2 2 2 2 2 2 2 2 2 2 2 2 2 2 2 2 2 2 2 2 2 2 2 2 2 2 2 2 2 2
left_child=2 24 12 4 21 28 7 8 -7 11 -11 -8 13 22 -15 16 17 -14 -9 -18 -6 -4 -1 -17 26 -26 -2 -22 29 -3
right_child=1 5 3 -5 20 6 9 18 -10 10 -12 -13 15 14 -16 23 19 -19 -20 -21 27 -23 -24 -25 25 -27 -28 -29 -30 -31
leaf_value=0.048176960120090054 0.045259051369428684 -0.090267622589242438 0.023667763399962953 -0.062109663141126308 -0.061371690955292095 0.033470654161784484 -0.0038290020795385127 -0.10682406171648334 -0.060832245375229715 0.0071275751012266743 -0.056906813773711984 0.032350274887312971 -0.0018136248701629072 -0.065370424586086232 0.043452769034812315 -0.059675987491599726 0.017673444730756029 -0.061676292654256573 -0.0050213141231748503 -0.09120744762864097 0.04829973655796739 -0.062418429346264986 -0.061811972621641335 0.055480309575597409 -0.070632476494163154 0.053980462927375399 0.090532444229005346 -0.058544918436427118 0.046571274062293305 0.025107162500560151
leaf_weight=193.62522264919244 159.88329092296772 9.4525828901678306 19.178537195082754 115.46401263721054 11.828471716726197 63.756169385276735 172.98066238622414 38.354782215086743 29.831673669279553 197.74524458008818 65.187104908749461 342.98854365502484 158.14024532743497 34.017230861820281 20.192136896308511 8.1779593712417391 196.68195899389684 77.011109300714452 17.337950974237174 10.382336892420424 94.299258270766586 57.40565721609164 8.4157926540356112 65.873837913852185 11.134350302629173 9.79437246453017 53.555226911325008 7.3687009264249346 149.81895573064685 168.64181033475325
leaf_count=408 219 88 70 3145 295 139 1137 485 341 1314 1261 905 2450 829 23 378 762 2126 73 124 224 1366 195 190 222 4 40 196 83 254
internal_value=0.0107489 0.0177431 0.00107373 -0.0226591 0.00129877 0.0116212 0.00456456 -0.0260004 0.00332484 0.0104315 -0.00874464 0.020213 0.0104687 0.0290743 -0.0247381 0.00122023 -0.00571123 -0.0214575 -0.0752868 0.0121486 0.0297556 -0.0407924 0.0435424 0.0426322 0.0505138 -0.0120981 0.0566794 0.0404568 0.0315727 0.0189082
internal_weight=2568.53 1490.46 1078.06 305.545 190.081 1256.1 928.182 149.281 93.5878 778.902 262.932 515.969 772.518 256.25 54.2094 516.267 442.216 235.151 55.6927 207.064 113.496 76.5842 202.041 74.0518 234.367 20.9287 213.439 101.668 327.913 178.094
internal_count=19346 6565 12781 5296 2151 6080 5655 1038 480 4617 2575 2042 7485 1455 852 6030 5462 4576 558 886 715 1436 603 568 485 226 259 420 425 342
is_linear=0
shrinkage=0.05


Tree=74
num_leaves=31
num_cat=0
split_feature=27 12 23 23 2 9 2 6 12 12 11 5 12 8 29 10 15 11 29 19 7 6 8 5 11 1 12 5 6 30
split_gain=65.985 55.5699 67.4443 114.137 63.5629 53.5061 53.2571 62.9561 51.1722 41.4459 46.1135 43.2934 40.3071 38.57 87.5356 52.7073 33.167 32.3536 31.4098 31.0432 28.9069 27.5941 23.0593 23.7635 17.7278 13.7127 39.9723 8.37103 7.33747 39.832
threshold=75.683412767415604 2.6375440040560267 74.829568788501049 62.881587953456538 12316.455000000002 0.99307950191570893 12316.455000000002 28.500000000000004 2.3635586736262435 1.4496415490619237 1.0000000180025095e-35 1.1282655357347913 1.3610469131144654 3.9898569214791393 1.5000000000000002 0.14825581395348839 0.21064432381401932 0.20271421336157283 3.5000000000000004 14702.197500000002 6.5000000000000009 6.5000000000000009 3.2618807846960576 3.3789294944032862 0.68926553672316393 23.500000000000004 2.656878998187028 3.8805698805813322 7.5000000000000009 2.5000000000000004
decision_type=2 2 2 2 2 2 2 2 2 2 2 2 2 2 2 2 2 2 2 2 2 2 2 2 2 2 2 2 2 2
left_child=1 2 3 4 5 -1 16 27 12 -2 28 24 -4 15 -15 -13 22 -14 -6 -18 21 -5 -3 -24 -12 26 -9 -8 29 -11
right_child=9 6 8 20 18 -7 7 25 -10 10 11 13 17 14 -16 -17 19 -19 -20 -21 -22 -23 23 -25 -26 -27 -28 -29 -30 -31
leaf_value=-0.00037115177510943915 -0.064248670466045057 -0.057607585485824189 -0.060769476414720171 -0.057280282367488493 -0.071758072258367084 0.069549734177857911 -0.069535489039304274 0.054733845797203098 -0.073278721523974563 -0.085975770878645941 -0.080862774475227564 0.010041379262459155 0.046280089905570046 -0.053923756337165951 0.015161942642264862 0.043250190754307388 -0.086114942724595953 -0.065617970407356896 0.016021650428970368 0.026816248436579478 -0.076680195125672423 0.018507862633526967 0.03828974868742957 -0.021668200394092035 0.048604614114646991 0.044965047767573763 -0.11095904308963717 0.025531682250778204 0.052817863445315527 0.061753888384377745
leaf_weight=584.52558457793202 14.624415714992208 6.8164465704467139 10.37401231669355 29.002942011342384 44.795046948478557 28.597880221204832 36.401097312453203 8.5893640518188459 11.962097243173046 6.1760928310686749 15.453502586460674 220.62510204332648 132.2894683618797 50.634067212697119 474.52796591562219 261.94548008416314 11.798226613667795 6.6698251221096134 13.029482272278981 12.288832129910586 67.454094216809608 20.252293764846399 268.52093255065847 17.437414949759841 3.064706325531005 27.838129002600908 6.1504300679080179 2.3432298963889471 112.57798820594326 16.512818740680814
leaf_count=6670 347 187 254 909 1168 153 814 1 245 95 367 2323 373 793 1734 652 166 156 32 21 1022 213 463 75 1 16 43 6 43 4
internal_value=0.0103928 0.00283309 -0.0037409 -0.009778 -0.0018289 0.00289282 0.0185098 -0.0175314 0.025697 0.0190464 0.0201049 0.0164773 0.0337025 0.0178754 0.00848245 0.0280831 0.0277781 0.0408299 -0.051899 -0.0284199 -0.0553929 -0.0260428 0.0324268 0.0346098 -0.0590218 0.0243287 -0.0143492 -0.0636062 0.0475576 0.0211205
internal_weight=2523.28 1347.14 948.953 787.657 670.948 613.123 398.184 81.3223 161.295 1176.14 1161.52 1026.25 149.333 1007.73 525.162 482.571 316.862 138.959 57.8245 24.0871 116.709 49.2552 292.775 285.958 18.5182 42.5779 14.7398 38.7443 135.267 22.6889
internal_count=19346 12987 11195 10167 8023 6823 1792 880 1028 6359 6012 5870 783 5502 2527 2975 912 529 1200 187 2144 1122 725 538 368 60 44 820 142 99
is_linear=0
shrinkage=0.05


Tree=75
num_leaves=31
num_cat=0
split_feature=11 12 24 18 27 27 12 8 18 27 8 19 27 23 7 30 18 23 9 9 24 18 18 24 23 12 17 11 25 24
split_gain=85.0415 53.426 47.1805 69.1775 64.5199 71.6231 61.0657 66.6356 57.6451 51.9693 51.9542 37.4255 27.7676 41.2645 33.1132 26.8774 23.674 21.9297 20.4305 35.0498 18.5251 40.5093 24.4155 64.5414 22.2686 18.1052 16.1262 15.1082 15.0424 14.5613
threshold=0.047247023809523808 2.9209184210358194 1998.5000000000002 1511.5000000000002 3.4857795123256037 1929.932572422045 2.5935206890718536 2.5006639546555807 1797.5000000000002 2.6979242161139765 3.688797141252421 64558.278928571439 28.235574102798882 42.479123887748123 4.5000000000000009 2.5000000000000004 459.50000000000006 29.813826146475019 0.11396103896103892 0.52506265664160412 435.50000000000006 257.50000000000006 211.50000000000003 829.50000000000011 55.675564681724858 2.5102698599177256 1.0000000180025095e-35 0.06030303030303031 1.0000000180025095e-35 1877.5000000000002
decision_type=2 2 2 2 2 2 2 2 2 2 2 2 2 2 2 2 2 2 2 2 2 2 2 2 2 2 2 2 2 2
left_child=12 2 3 6 -4 10 7 -2 11 -8 -6 -5 13 15 26 25 -16 28 -18 -20 21 -15 24 -24 -22 -1 -14 -19 -3 -10
right_child=1 17 4 8 5 -7 9 -9 29 -11 -12 -13 14 20 16 -17 18 27 19 -21 22 -23 23 -25 -26 -27 -28 -29 -30 -31
leaf_value=-0.065977694333309134 0.024386231705778669 -0.099381744729581847 -0.066078079044355365 -0.088495947421333931 0.064288319357576937 -0.078568104630686003 -0.06912302773419475 -0.011310064340821312 0.042988888456128034 0.017977873053840267 0.017008309748295852 0.039623639438092856 0.048998160182619627 -0.072449621912680492 0.060871419987708619 0.038763207464095339 0.042266905334009321 -0.2595842491643634 -0.086018846291254336 0.030989113737836856 -0.037275650983229797 0.044074313690351502 -0.052578262588989934 0.038537155945968078 0.055542384159436353 0.028890624135465472 -0.069380000481374354 0.036927605788279243 0.047575408641131432 -0.070423859139998643
leaf_weight=26.62714128207881 160.66425754374359 5.0452653891406944 18.221859202254564 46.758238914771937 102.90186856023502 13.949281903827794 17.479967222432606 698.88021060699248 17.604769722209316 637.1866768199834 134.41951054823585 6.3738514813594511 3.9856892302632323 13.641435197438115 130.51842780411243 12.03503877809271 78.623827122151852 0.32796744257211585 9.3437453587539512 19.715250949200708 6.7747523633297524 16.184217684203759 25.966677129385062 76.058462755987421 100.01640897826292 6.0528847086243323 9.4440848603844625 184.3344712217804 2.5057239532470703 3.2481187166413283
leaf_count=820 2560 63 662 821 722 331 284 6549 40 3358 724 8 2 104 61 33 59 3 97 41 114 24 446 572 187 8 228 299 1 88
internal_value=0.0123417 0.00770458 0.00510399 0.00181759 0.0244453 0.0310535 0.00412848 -0.00462991 -0.0453523 0.0156344 0.0375483 -0.0729869 0.0300957 0.0193177 0.0422001 -0.0246623 0.046517 0.0327967 0.0290318 -0.00662859 0.0275862 -0.00911746 0.0328545 0.0152694 0.0495779 -0.0482194 -0.0337757 0.0362337 -0.0499775 0.0248329
internal_weight=2584.89 2049.9 1857.69 1588.2 269.493 251.271 1514.21 859.544 73.985 654.667 237.321 53.1321 534.988 283.357 251.631 44.7151 238.201 192.213 107.683 29.059 238.642 29.8257 208.816 102.025 106.791 32.68 13.4298 184.662 7.55099 20.8529
internal_count=19309 16513 16147 13708 2439 1777 12751 9109 957 3642 1446 829 2796 2308 488 861 258 366 197 138 1447 128 1319 1018 301 828 230 302 64 128
is_linear=0
shrinkage=0.05


Tree=76
num_leaves=31
num_cat=0
split_feature=3 14 30 23 17 19 23 14 27 8 19 8 10 4 3 14 12 17 7 2 0 18 19 27 23 5 14 18 18 23
split_gain=50.2415 53.6015 46.023 45.9948 73.1307 75.83 68.0831 69.0008 53.604 62.125 51.9528 50.8517 35.9957 55.8493 35.0146 35.3675 34.8749 32.8962 35.0715 22.0437 21.6969 20.2664 19.8557 16.7519 14.2059 9.49621 9.28919 11.1214 14.9622 7.81101
threshold=15.73497170695955 0.0035603033308720506 2.5000000000000004 68.347707049965791 400.50000000000006 25958.352500000005 62.421629021218351 0.05581516095534781 1.5903132647451026 1.5296810517393513 860.55000000000007 4.0068571624932483 0.34011627906976749 10.500000000000002 1801.1390942698708 0.015686515748031454 2.656878998187028 1001.5000000000001 72.500000000000014 38366.05000000001 2.5000000000000004 550.50000000000011 1051.1666666666667 9.1077572397491604 72.088980150581804 1.2024300213979926 0.0080688565575193025 388.50000000000006 13.500000000000002 28.573579739904179
decision_type=2 2 2 2 2 2 2 2 2 2 2 2 2 2 2 2 2 2 2 2 2 2 2 2 2 2 2 2 2 2
left_child=2 -2 3 6 5 10 8 16 9 -1 -5 -10 14 -14 15 -3 -8 24 -19 -9 -17 -16 -4 -23 -6 -7 27 28 -24 -28
right_child=1 12 22 4 17 25 7 19 11 -11 -12 -13 13 -15 21 20 -18 18 -20 -21 -22 23 26 -25 -26 -27 29 -29 -30 -31
leaf_value=0.018013503568308168 -0.063867299249335305 -0.074865809684701176 -0.078860058534049579 0.034363327402512321 0.072240843326342952 0.06885989279279689 -0.071653167056455191 -0.027499425774510602 0.022317275459538596 -0.042065893160660638 -0.011497812871963116 0.001960859800088977 -0.12025381535760515 0.046694295088246685 -0.092271317195612837 -0.076737532025723337 -0.012487004675790073 -0.081281882497352756 0.055761456383192388 0.054711899227365315 0.048719036727892753 -0.076577760352538465 0.051306917524794472 0.037281983758893446 0.038749692561425048 0.037701196235446946 0.040538263342339217 0.049511637971480171 -0.072069188128423833 -0.024354909738061498
leaf_weight=77.350801829947159 40.401802588312421 19.97429420001572 3.3754302259767419 83.490422295872122 93.059500428964384 36.422365562524647 59.945343850704376 11.345214031636713 774.33547738433117 96.53249890729785 236.25092170404969 509.03441092796857 13.532521051354708 7.7980925142765036 3.2472575353458515 4.3594359620474306 43.038262445945293 8.8916110188001767 9.5891809463500977 27.875782132847235 14.874895818997173 3.242451839731074 5.1898260116577131 83.143606185098179 49.883774901740253 80.908201231388375 9.0780576746910828 136.23860056797275 4.4770802909042686 9.2033479590900225
leaf_count=858 1099 493 83 417 75 7 1236 70 5985 2192 2128 2643 93 3 48 77 310 288 1 15 14 59 1 299 201 114 11 336 89 64
internal_value=0.0118598 -0.0128185 0.0138505 0.0119204 0.0237475 0.0131046 0.00749059 -0.0255103 0.0107159 -0.0153163 0.000468752 0.0142478 0.000915568 -0.0590542 0.0109208 -0.0283786 -0.0470114 0.0525074 -0.00998732 0.0307945 0.019776 0.0281799 0.0391161 0.0328669 0.0606234 0.0474666 0.0416184 0.0458331 -0.00547377 0.00764252
internal_weight=2556.09 190.574 2365.52 2197.95 598.496 437.072 1599.46 142.205 1457.25 173.883 319.741 1283.37 150.173 21.3306 128.842 39.2086 102.984 161.424 18.4808 39.221 19.2343 89.6333 167.562 86.3861 142.943 117.331 164.187 145.906 9.66691 18.2814
internal_count=19309 2185 17124 16540 3231 2666 13309 1631 11678 3050 2545 8628 1086 96 990 584 1546 565 289 85 91 406 584 358 276 121 501 426 90 75
is_linear=0
shrinkage=0.05


Tree=77
num_leaves=31
num_cat=0
split_feature=9 24 17 18 16 18 22 18 23 15 0 5 23 30 15 5 7 24 15 23 4 18 16 17 9 17 24 18 14 24
split_gain=60.1782 59.7358 108.599 79.7717 111.75 57.6532 65.5594 56.8413 50.2588 49.6563 44.111 35.7659 30.4414 45.4843 59.5379 35.916 34.2315 31.7687 30.7826 29.8062 27.3837 25.2082 24.8702 23.4306 23.2014 20.2859 34.3461 28.8334 30.6933 25.0619
threshold=0.53378995433789966 1998.5000000000002 35.500000000000007 1680.5000000000002 0.26988996007400917 1511.5000000000002 1.0000000180025095e-35 201.50000000000003 67.201916495551004 0.25112612612612611 4.5000000000000009 2.8574102859353347 61.685147159479818 1.5000000000000002 0.15957873364159092 1.4999999775000006 1.5000000000000002 912.00000000000011 0.27842377260981915 52.81724845995894 9.5000000000000018 1242.5000000000002 0.16554007764329751 3.5000000000000004 0.22335600907029476 24.500000000000004 598.50000000000011 459.50000000000006 0.10033557046979867 619.50000000000011
decision_type=2 2 2 2 2 2 2 2 2 2 2 2 2 2 2 2 2 2 2 2 2 2 2 2 2 2 2 2 2 2
left_child=12 2 5 22 8 7 -7 -2 10 -9 -5 -10 13 14 15 -1 -15 -17 21 -16 -4 -18 -3 24 -14 27 -27 -25 -29 -28
right_child=1 3 20 4 -6 6 -8 9 11 -11 -12 -13 23 16 19 17 18 -19 -20 -21 -22 -23 -24 25 -26 26 29 28 -30 -31
leaf_value=-0.063450642507113214 -0.077249654765794762 -0.057704467749218107 -0.062668607914023414 -0.071590803512536327 0.068067619840819604 0.035943675427784372 -0.091909463450402018 0.010232893917425597 -0.088282347735649219 -0.047215215417066358 0.049162443422908056 0.040230951081684035 0.02121337160941808 -0.062032056777518607 0.026984621728389464 0.0058719196126878065 0.041863430575939518 -0.097284567394509913 -0.063195053666454865 -0.072987156324516911 0.048223142726227221 -0.032356930723961605 0.063712255154245237 0.062088866207041273 -0.059672379354399688 -0.059021752573692812 0.065756432145168395 -0.05460550354958485 0.047605283932376841 0.02190497687832095
leaf_weight=43.220985705556814 19.545939008879941 4.2681890230160198 75.093466358841397 52.803632831026334 45.503071654005907 14.759680531104094 30.583128234866308 1210.0664828479639 6.4030207314062855 38.696884719771333 8.7012616947758925 31.904231198132038 29.329161869594827 9.5914361535105837 129.55872803134844 64.858124017249793 196.62134470406454 8.3257239758968336 7.7431129964534184 7.7918129451572886 5.8887818343937388 11.998666802770456 109.77206324064173 115.84898399258964 12.578588129719718 11.035316808498463 41.37515071965754 11.993945985916072 18.562870068009943 156.59379062778316
leaf_count=1421 452 137 1888 1175 130 36 474 7951 195 640 21 108 74 286 691 366 568 162 210 152 4 146 260 95 108 211 41 157 11 1139
internal_value=0.0113807 0.00576183 0.00165955 0.0277927 0.00318281 0.0051289 -0.050194 0.00711447 -0.0263858 0.00844504 -0.0543743 0.018446 0.0219697 0.0134697 -0.00104082 -0.0273552 0.029781 -0.00591214 0.033901 0.0212279 -0.0544937 0.0375573 0.0590776 0.0322138 -0.00302967 0.0363832 0.0263142 0.0506956 0.00727588 0.0311237
internal_weight=2531.02 1653.99 1394.63 259.355 145.315 1313.65 45.3428 1268.31 99.8121 1248.76 61.5049 38.3073 877.028 479.71 253.755 116.405 225.955 73.1838 216.363 137.351 80.9822 208.62 114.04 397.318 41.9077 355.41 209.004 146.406 30.5568 197.969
internal_count=19309 13471 11445 2026 1629 9553 510 9043 1499 8591 1196 303 5838 4002 2792 1949 1210 528 924 843 1892 714 397 1836 182 1654 1391 263 168 1180
is_linear=0
shrinkage=0.05


Tree=78
num_leaves=31
num_cat=0
split_feature=11 12 4 5 16 11 15 13 5 23 12 9 19 22 18 27 19 2 8 11 2 16 19 23 18 23 30 3 18 13
split_gain=76.586 49.9563 54.9527 68.9687 49.0735 83.4657 28.7976 47.7627 26.9634 37.0436 26.3971 53.9653 29.5147 45.4765 29.807 23.499 22.527 43.743 22.5123 19.954 19.5414 19.9141 17.6536 14.6703 12.5328 30.3225 11.4527 11.1771 9.71803 15.9732
threshold=0.047247023809523808 2.9209184210358194 5.5000000000000009 4.098026835414978 0.35791925465838509 0.15390364493503503 0.11690309690309686 1.0000000180025095e-35 1.5064331735036856 61.685147159479818 1.8304444320150288 0.056079664570230552 1085.3312500000002 1.5000000000000002 649.50000000000011 0.31258137801798969 8104.7025761554632 63893.74500000001 2.5006639546555807 0.18702111481546466 7866.9000000000005 0.37573529411764711 10535.906206521742 29.813826146475019 452.50000000000006 76.943189596167016 3.5000000000000004 29.736647151958216 437.50000000000006 0.030457637600494702
decision_type=2 2 2 2 2 2 2 2 2 2 2 2 2 2 2 2 2 2 2 2 2 2 2 2 2 2 2 2 2 2
left_child=10 2 3 4 5 -2 7 -3 9 -4 11 12 24 14 -14 -15 27 -18 -12 -6 21 -20 -11 26 25 -1 -8 -10 -22 -30
right_child=1 6 8 -5 19 -7 23 -9 16 22 18 -13 13 15 -16 -17 17 -19 20 -21 28 -23 -24 -25 -26 -27 -28 -29 29 -31
leaf_value=-0.075809084591519485 -0.017741747327867218 0.0512473039928696 -0.090955719815516228 -0.12967225738318347 0.047285528320197542 0.0075681275943977559 -0.092133020970017507 -0.11802919531329864 0.045711288497737888 -0.070939845119535605 -0.061253912093448798 -0.067278423675147622 -0.059299133026339039 0.04428161226430341 0.021264542631590388 -0.0025604802780437013 0.045199219815806102 -0.099411525959389194 -0.092744611302350594 -0.010008064839414053 0.054320131255853457 0.04861115581989553 0.046077302418719018 0.040506599036989673 0.070397259183506936 0.060081651783776661 0.047079978215976148 -0.0091947444297631586 0.0046494724674606873 0.045480890804243029
leaf_weight=5.644706880673767 478.9961277328548 8.4063852196559328 10.45924576779362 9.9531980317551625 78.107243906473741 1017.4337014620251 3.7034621260827398 8.0400402133818698 146.60464913869509 3.8557740475516793 5.305769861675798 17.684020245273132 29.843122759601101 81.165872122044675 18.438265547913034 39.621822713408619 13.080238667782398 8.5548191244015452 5.2635685080895183 18.653959218761884 124.15248660929501 4.5186320205684751 16.920985466567799 161.04534134990536 38.566826260648668 14.173589363694191 2.2832200527191162 9.7018267929088307 33.55728123895824 86.356538538238965
leaf_count=65 4391 5 344 103 210 9742 51 95 362 105 151 652 626 322 154 427 17 237 77 496 43 6 42 214 31 5 1 98 127 110
internal_value=0.0109446 0.00654166 0.00402064 0.000871721 0.0016985 -0.000530679 0.0314002 -0.0314166 0.0281182 -0.0145764 0.0283551 0.0165477 0.0231136 0.0124756 -0.0284488 0.0288853 0.0356449 -0.0119462 0.0394939 0.0361897 0.0416427 -0.0271119 0.0238858 0.0376303 0.0537593 0.0209395 -0.0383169 0.0422676 0.0444288 0.0341095
internal_weight=2500.09 1995.8 1812.32 1603.14 1593.19 1496.43 183.478 16.4464 209.178 31.236 504.293 245.138 227.454 169.069 48.2814 120.788 177.942 21.6351 259.154 96.7612 253.849 9.7822 20.7768 167.032 58.3851 19.8183 5.98668 156.306 244.066 119.914
internal_count=19309 16513 16147 14942 14839 14133 366 100 1205 491 2796 2282 1630 1529 780 749 714 254 514 706 363 83 147 266 101 70 52 460 280 237
is_linear=0
shrinkage=0.05


Tree=79
num_leaves=31
num_cat=0
split_feature=9 15 16 24 27 24 13 18 13 2 2 16 18 16 14 12 6 18 13 5 2 23 5 18 25 19 19 24 6 2
split_gain=52.5745 56.7652 86.9352 63.4289 75.0053 64.1956 62.7671 62.2105 104.883 55.5604 53.5904 51.5501 46.9036 43 40.5055 48.127 33.7054 32.8663 31.818 30.2341 28.1292 26.7147 40.1568 48.1701 64.7057 37.8761 31.5129 30.6383 29.4298 28.591
threshold=0.53378995433789966 0.13327250608272509 0.20521312938177183 1998.5000000000002 1113.3883028815771 1043.5000000000002 0.071466686994968706 1680.5000000000002 0.11271057718862186 8818.3600000000024 228454.90000000002 0.19922623323754787 810.50000000000011 0.22379287379287377 0.029459980713596855 2.3876267655347125 26.500000000000004 671.50000000000011 0.069804355850867458 1.4411533579957847 650523.56000000017 61.685147159479818 1.3142023791759192 692.50000000000011 1.0000000180025095e-35 1427.6500000000003 200.00500000000002 2694.5000000000005 1.5000000000000002 1735.4050000000004
decision_type=2 2 2 2 2 2 2 2 2 2 2 2 2 2 2 2 2 2 2 2 2 2 2 2 2 2 2 2 2 2
left_child=21 2 6 4 5 10 20 -5 11 -6 -3 -9 17 -10 -4 -16 -7 -8 -11 -17 -2 22 23 24 -1 -24 -23 29 -25 -27
right_child=1 3 14 7 9 16 12 8 13 18 -12 -13 -14 -15 15 19 -18 -19 -20 -21 -22 26 25 28 -26 27 -28 -29 -30 -31
leaf_value=-0.060892386635131968 -0.068149071859003194 0.0037780213940152539 -0.063062661317482047 0.064567486450441469 -0.068761057454957739 -0.070983318100390949 0.0033714483483198187 0.0037255403349562462 -0.071288504130102279 0.054300079809968572 -0.07953182614111419 -0.086996988801825881 -0.033603923822452399 0.071238676387245223 0.03294322051897236 0.045379322126133326 0.0024891518656794871 0.051635476610176437 0.019013361320119576 -0.13015214554837648 0.049979836443299008 0.060763327076813006 -0.046335790239111579 0.053334039565600448 0.057519965698543708 -0.071290323030245573 0.023580798908564016 -0.093542377878720898 -0.034476249951626646 0.029498389052405257
leaf_weight=58.825339059229009 33.390615962300217 657.97550721641164 91.295393087959383 96.632767314556986 14.58275482081808 49.9835342488077 60.567084710288327 38.170580847538076 5.7293831948190919 96.536331859300844 19.784767474804539 26.323378934699576 33.815611459081993 55.915175852016546 28.302022438147105 3.2161560254171482 22.479900021688081 85.194975755788619 191.24059898150153 9.2637447819579375 5.8073040274903169 69.945782450726256 19.460387849248946 32.430418601084966 14.219692705199121 7.0779582897666833 313.89743722754065 5.2258015187690026 13.350679731112903 312.4646109812893
leaf_count=1823 730 4707 1683 238 307 1108 572 469 176 137 578 502 624 84 69 5 66 301 1030 81 4 104 294 143 6 198 1732 105 460 973
internal_value=0.010518 0.00525233 -0.0125494 0.0101541 0.00501732 -0.0034507 0.00677086 0.0343898 0.0111987 0.0260391 0.00132734 -0.033303 0.0193073 0.0578169 -0.0445705 -0.00299821 -0.0481495 0.0316311 0.0308826 -0.0845179 -0.050438 0.0206213 0.0125136 -0.0125135 -0.0377255 0.0211684 0.0303835 0.0252417 0.0275985 0.0272286
internal_weight=2473.11 1626.21 350.853 1275.35 1052.58 750.224 218.776 222.771 126.139 302.36 677.76 64.494 179.578 61.6446 132.077 40.7819 72.4634 145.762 287.777 12.4799 39.1979 846.898 463.055 118.826 73.045 344.229 383.843 324.768 45.7811 319.543
internal_count=19309 13471 4069 9402 7933 6459 2231 1469 1231 1474 5285 971 1497 260 1838 155 1174 873 1167 86 734 5838 4002 2432 1829 1570 1836 1276 603 1171
is_linear=0
shrinkage=0.05


Tree=80
num_leaves=31
num_cat=0
split_feature=4 9 9 16 8 19 9 15 15 15 24 27 19 6 0 9 2 2 16 2 15 28 4 9 6 15 1 6 2 18
split_gain=44.9699 66.8457 101.009 90.8453 58.5008 56.1411 44.7103 59.8009 80.4013 74.791 56.1478 45.366 32.2917 24.545 24.2562 46.9955 13.3717 8.12085 14.0272 27.1011 6.23293 16.6366 28.1673 13.1049 5.54733 2.72532 3.65493 2.24951 1.94516 3.34394
threshold=5.5000000000000009 0.99648505065480608 0.99307950191570893 0.19400176366843033 4.5991538411292519 31779.774545454547 0.53378995433789966 0.13154289834174474 0.059411764705882351 0.25112612612612611 2233.5000000000005 823333.66000000015 3708.0884210526319 36.500000000000007 3.5000000000000004 0.98615900383141775 1821.2050000000002 1176041.2350000001 0.29649979649979658 83041.910000000018 0.1441499941499941 1.0000000180025095e-35 8.5000000000000018 0.96299777220829852 28.500000000000004 0.16744583411978578 9.5000000000000018 13.500000000000002 284.28500000000003 645.50000000000011
decision_type=2 2 2 2 2 2 2 2 2 2 2 2 2 2 2 2 2 2 2 2 2 2 2 2 2 2 2 2 2 2
left_child=1 2 6 -4 12 13 10 8 -8 -9 11 -1 -5 24 20 17 -12 18 19 -16 27 25 23 -23 -3 26 -22 -2 -29 -30
right_child=14 5 3 4 -6 -7 7 9 -10 -11 16 -13 -14 -15 15 -17 -18 -19 -20 -21 21 22 -24 -25 -26 -27 -28 28 29 -31
leaf_value=0.018125739654663759 0.058393888806023024 -0.061446700332842157 -0.059264434550537454 0.063056076733370714 -0.087925835766238303 0.042854126746350377 0.010656972220434241 0.0093598091336362741 -0.04454106062390447 -0.051262344341313305 0.027845005828253822 -0.16066465861845647 0.019999259045896275 0.050519453207719417 0.042778859504574274 -0.062543683419100271 -0.080657307907293863 0.047741848801309772 0.050064010665292979 -0.10740321801068285 0.042541600291364834 -0.15341857790718055 0.048238533269351673 -0.026576433298949972 -0.10306595770909288 0.048490378049757012 -0.026348354453242254 0.055051118380212462 0.045743552863088927 0.0068292481781404568
leaf_weight=688.31341358192731 46.093422174919397 45.441276262863539 21.678811473335372 169.71780035863048 7.6134555308381087 16.612955918419175 112.2537556932657 767.70901915992727 159.378281564801 54.37238141632406 3.2246430903323953 3.4618650870397678 59.235212694271468 4.481977939605712 6.1038358658552188 18.333089088788256 18.479168239282444 29.263830052688718 10.209736466407774 5.689264303073287 4.7870794814079991 3.2251099832355994 9.6915480878669751 5.7148202502867207 10.633619293570517 48.253933420870453 3.0021966297645122 16.540474414825439 15.543799530249091 9.1022300274344143
leaf_count=5014 22 1295 652 445 114 39 1337 4689 2087 1238 37 31 364 1 3 839 685 14 6 37 6 22 13 112 53 61 47 2 17 41
internal_value=0.00971082 0.00744469 0.00915439 0.0384013 0.0473937 -0.0382029 0.00497039 -0.00137758 -0.0217162 0.00533844 0.0147072 0.0172007 0.0519517 -0.0605563 0.0306458 0.00586465 -0.0642535 0.0304991 0.00722777 -0.0295459 0.0412544 0.030405 -0.0102683 -0.0740792 -0.0695975 0.0440101 0.0153584 0.0504342 0.0412853 0.0316595
internal_weight=2374.16 2142.61 2065.44 258.245 236.566 77.1698 1807.19 1093.71 271.632 822.081 713.479 691.775 228.953 60.5569 231.554 69.5998 21.7038 51.2667 22.0028 11.7931 161.955 74.6747 18.6315 8.93993 56.0749 56.0432 7.78928 87.2799 41.1865 24.646
internal_count=19323 18081 16693 1575 923 1388 15118 9351 3424 5927 5767 5045 809 1349 1242 899 722 60 46 40 343 261 147 134 1348 114 53 82 60 58
is_linear=0
shrinkage=0.05


Tree=81
num_leaves=23
num_cat=0
split_feature=24 24 4 23 27 11 12 17 15 11 2 19 18 18 29 28 18 18 15 4 8 11
split_gain=44.5677 62.236 40.1554 39.6266 83.9851 55.9794 42.3519 52.6574 30.0727 25.5684 57.8999 38.9013 14.1556 13.315 4.31073 4.00908 5.95196 10.3528 3.88049 9.1439 0.575439 0.284079
threshold=52.500000000000007 156.50000000000003 5.5000000000000009 68.347707049965791 1489.9310752489457 0.26339712918660291 2.9414691278528089 240.50000000000003 0.13960674795086617 0.15854419780152859 51092.935000000005 2124.5116285714289 714.50000000000011 248.50000000000003 2.5000000000000004 1.0000000180025095e-35 575.50000000000011 301.50000000000006 0.14167239798257678 6.5000000000000009 3.8630770068093625 0.14447655748233781
decision_type=2 2 2 2 2 2 2 2 2 2 2 2 2 2 2 2 2 2 2 2 2 2
left_child=15 12 3 6 5 -5 7 -3 -8 18 14 -12 21 -6 -11 16 17 -1 20 -20 -4 -2
right_child=1 2 9 4 13 -7 8 -9 -10 10 11 -13 -14 -15 -16 -17 -18 -19 19 -21 -22 -23
leaf_value=-0.068829429356753125 -0.076376340557129732 0.0032866317376368001 0.056307618865862469 0.025347412776739103 0.026652438227962091 -0.073550613193512901 -0.029820897933099656 -0.029395308850845299 0.042680336824225444 0.05347280181161921 0.04819034646607491 -0.076143454412303579 -0.20489397246640695 -0.084731028371147127 0.019465334224843853 0.054253901183424186 0.048293069529006832 0.048551671037296226 -0.011865751948332807 0.042861900585536704 0.045796348992605901 -0.050709951707857609
leaf_weight=3.550569782266396 9.4663223730167356 1262.7265126990678 33.930282802204601 503.88270286828629 2.9339729920029667 14.60766462527681 16.640667756670155 136.47770530375419 96.19935857882956 32.042893071193248 8.3797160247340781 24.03705647517927 2.2842547744512549 21.924190725432709 14.10737957654055 55.298968328163028 12.244922894984482 3.7462050914764404 9.4111575309070741 36.755781653802842 47.5463242365513 3.9672727253637268
leaf_count=64 102 10921 15 2648 12 413 108 3188 124 31 12 891 18 360 47 14 5 2 49 57 36 206
internal_value=0.00931324 0.00806171 0.00875461 0.00664035 0.0182218 0.0225378 0.00247435 9.34049e-05 0.0319273 0.0297907 0.0072595 -0.0438001 -0.0907463 -0.0713301 0.0432499 0.0472675 0.0270673 -0.00804769 0.0436033 0.031596 0.0502986 -0.0695966
internal_weight=2352.16 2277.32 2261.6 2055.39 543.349 518.49 1512.04 1399.2 112.84 206.211 78.567 32.4168 15.7178 24.8582 46.1503 74.8407 19.5417 7.29677 127.644 46.1669 81.4766 13.4336
internal_count=19323 19238 18912 17774 3433 3061 14341 14109 232 1138 981 903 326 372 78 85 71 66 157 106 51 308
is_linear=0
shrinkage=0.05


Tree=82
num_leaves=21
num_cat=0
split_feature=24 24 23 23 26 19 8 18 27 9 17 19 17 9 17 5 18 28 0 18
split_gain=42.7195 57.3942 35.6311 56.9232 68.2881 62.7388 71.9978 60.0191 55.7039 54.1186 46.3113 49.258 32.115 27.192 23.2433 13.6281 10.4764 3.78333 6.27022 7.53764
threshold=52.500000000000007 156.50000000000003 68.347707049965791 50.171115674195768 1.0000000180025095e-35 99.892500000000013 4.4460805263480507 1757.5000000000002 1929.932572422045 0.97022314171715685 378.50000000000006 25958.352500000005 1001.5000000000001 1.0000000180025095e-35 19.500000000000004 4.6691970723183269 714.50000000000011 1.0000000180025095e-35 10.500000000000002 301.50000000000006
decision_type=2 2 2 2 2 2 2 2 2 2 2 2 2 2 2 2 2 2 2 2
left_child=17 16 3 4 7 14 -7 -3 10 -6 11 -4 -12 -10 -5 -15 -2 18 19 -1
right_child=1 2 8 5 9 6 -8 -9 13 -11 12 -13 -14 15 -16 -17 -18 -19 -20 -21
leaf_value=-0.069100510303323079 -0.068667736121396192 0.0063842721496815413 0.003998662682864868 -0.060508415746451251 0.0098670246806515545 -0.028977909117752571 0.010148580009940197 -0.070857078531573359 0.038346608626933738 0.054656524613814074 0.055176900011742608 0.043606364498464743 -0.018621500331243383 -0.083816164559463585 0.065336939944704478 0.034644850341449256 -0.18318632760128098 0.053832998433499916 0.048623219343101681 0.034900484126863557
leaf_weight=3.0180433127097812 12.955400252889374 823.6385033520055 311.22701309301192 3.9793903399258843 131.82697580871172 300.6899411031045 192.72062175127212 25.834677720500622 7.3002644812222597 138.79271803214215 129.27633579517715 105.04516800004058 16.47950358709204 21.768691868986938 34.883894502650946 2.6124257147312155 2.4348265340086064 53.003675878047943 11.93332015047781 3.8021236285567284
leaf_count=45 308 7550 2547 127 894 4694 709 722 17 502 280 128 285 404 51 2 18 14 22 4
internal_value=0.00892383 0.00771485 0.008378 0.00459854 0.0109976 -0.00885751 -0.0136865 0.00402121 0.0188858 0.0328684 0.02253 0.0140136 0.0467917 -0.0454733 0.0522005 -0.0708292 -0.0881737 0.0468924 0.0268293 -0.0107327
internal_weight=2333.22 2261.47 2246.08 1652.37 1120.09 532.274 493.411 849.473 593.709 270.62 562.028 416.272 145.756 31.6814 38.8633 24.3811 15.3902 71.7572 18.7535 6.82017
internal_count=19323 19238 18912 15249 9668 5581 5403 8272 3663 1396 3240 2675 565 423 178 406 326 85 71 49
is_linear=0
shrinkage=0.05


Tree=83
num_leaves=31
num_cat=0
split_feature=4 9 9 17 19 8 14 23 19 1 0 24 7 0 9 9 19 15 28 4 9 30 23 8 8 1 8 7 18 10
split_gain=41.521 61.1916 91.9205 63.9626 49.3066 47.6437 45.3574 41.2725 64.5254 49.4583 82.0099 38.721 23.5521 21.4168 40.9494 7.2898 19.3763 5.62228 15.4175 24.7959 11.7114 4.63401 8.56076 4.42919 3.49376 3.18321 1.86663 2.07416 2.93654 0.540967
threshold=5.5000000000000009 0.99648505065480608 0.99307950191570893 1.0000000180025095e-35 31779.774545454547 4.5991538411292519 0.010377631303411303 22.867898699520882 33410.898750000008 3.5000000000000004 2.5000000000000004 52.500000000000007 36.500000000000007 3.5000000000000004 0.98615900383141775 0.78404875463698998 40180.56427083334 0.1441499941499941 1.0000000180025095e-35 8.5000000000000018 0.96299777220829852 1.5000000000000002 74.076659822039701 4.7942475183123294 4.2779667576590503 28.500000000000004 3.8210167933507218 45.500000000000007 645.50000000000011 0.3808139534883721
decision_type=2 2 2 2 2 2 2 2 2 2 2 2 2 2 2 2 2 2 2 2 2 2 2 2 2 2 2 2 2 2
left_child=1 2 7 -4 12 6 -5 8 24 11 -11 -9 23 17 15 -15 25 26 21 20 -20 22 -19 -3 -1 -17 -2 28 -28 -16
right_child=13 4 3 5 -6 -7 -8 9 -10 10 -12 -13 -14 14 29 16 -18 18 19 -21 -22 -23 -24 -25 -26 -27 27 -29 -30 -31
leaf_value=-0.063705214555498046 0.056642942966552035 -0.061493496778598056 -0.067620746236469784 0.050915708472203815 0.039829056365510498 -0.076683745802242714 -0.063377619031161417 0.051810537970761156 0.038486070342854027 -0.04216710970742648 0.018650319646157012 0.0072151277019868983 0.050391427588374817 0.047469042369129182 -0.057823030252561261 -0.010071398393518907 0.052838747344406335 -0.041163414776953927 -0.14472199008188827 0.047867311344330025 -0.024220671801166167 0.050638069639152898 0.048422673643076397 -0.1007366204481798 -0.099090465695869712 -0.067178402957710479 0.044368582938238088 0.053926441239675993 0.0058061488065699867 -0.1026102193340635
leaf_weight=27.871663096681004 42.310102001181804 43.985790412756614 13.889722816995343 222.41263944498496 15.727334306342525 8.0125370630994421 8.912307517253792 50.328589931130409 18.706958383321762 130.39958193217171 96.14886703400407 1440.1902598580054 4.3727803230285636 25.143250171095133 15.50785435998114 4.7955717314034718 11.270652294158934 4.2417476753471401 3.2300847843289393 8.7749451906420273 5.5665441681048833 41.075601519551128 6.7157171722501516 9.5875685401260835 11.112042572640346 5.525903478031978 12.761053727474065 16.580464200582355 8.5967221007449535 1.1642124131321896
leaf_count=924 23 1300 291 919 39 161 204 19 29 1425 294 12292 1 16 833 14 2 63 22 13 112 42 9 48 135 28 16 5 38 6
internal_value=0.00854907 0.00641214 0.00804102 0.0362184 -0.0383079 0.0422912 0.0464652 0.00401596 -0.0375345 0.005417 -0.0163368 0.00872766 -0.0596335 0.029572 0.0051116 0.0291839 0.00754037 0.0398783 0.0292233 -0.0109987 -0.0701596 0.0428973 0.0132322 -0.0687843 -0.0741472 -0.0414763 0.04901 0.0402395 0.0291792 -0.0618418
internal_weight=2314.92 2101.66 2027.99 253.227 73.6735 239.337 231.325 1774.76 57.6907 1717.07 226.548 1490.52 57.9461 213.26 63.4074 46.7354 21.5921 149.853 69.6046 17.5716 8.79663 52.0331 10.9575 53.5734 38.9837 10.3215 80.2483 37.9382 21.3578 16.6721
internal_count=19323 18081 16693 1575 1388 1284 1123 15118 1088 14030 1719 12311 1349 1242 899 60 44 343 261 147 134 114 72 1348 1059 42 82 59 54 839
is_linear=0
shrinkage=0.05


Tree=84
num_leaves=31
num_cat=0
split_feature=4 1 9 17 9 19 17 23 19 1 1 9 19 1 11 15 8 10 19 12 9 19 6 5 4 13 9 4 12 13
split_gain=39.6473 58.4285 51.1051 76.211 56.025 46.2709 38.0717 37.5155 59.7711 38.2004 35.5561 34.1574 22.7345 20.6614 27.9979 35.1439 17.6743 11.5989 11.1895 10.3812 9.90184 9.26009 19.6931 3.00404 6.50486 8.15383 2.74843 2.50577 1.97981 2.44229
threshold=5.5000000000000009 14.500000000000002 0.99307950191570893 1.0000000180025095e-35 0.99595957946976632 5712.0859821428576 1575.5000000000002 22.867898699520882 33410.898750000008 3.5000000000000004 11.500000000000002 0.25098425196850399 1117.9025000000004 17.500000000000004 0.15854419780152859 0.17075680016059416 4.5014674536142367 0.28779069767441862 7808.3373333333338 2.9668991407349821 0.96881944444444457 8104.7025761554632 28.500000000000004 2.5921483450580634 9.5000000000000018 0.10418333333333331 0.95840854392298447 2.5000000000000004 2.7680479982359061 0.09186477288425067
decision_type=2 2 2 2 2 2 2 2 2 2 2 2 2 2 2 2 2 2 2 2 2 2 2 2 2 2 2 2 2 2
left_child=1 2 6 -4 5 -5 7 8 -1 -9 -6 -3 -13 23 18 26 17 -17 28 20 -14 -20 -23 -2 25 -25 -16 -8 29 -15
right_child=13 11 3 4 10 -7 27 9 -10 -11 -12 12 19 14 15 16 -18 -19 21 -21 -22 22 -24 24 -26 -27 -28 -29 -30 -31
leaf_value=-0.073216758152596428 0.048375982391678347 0.03610662953371304 -0.069312285842932378 0.053976527394095697 -0.049163368508909566 -0.01872561904139091 -0.062746888607389584 0.0090484191016568013 0.037693522655085514 -0.014388400514086906 0.027465371810444828 0.03456038349998878 -0.12979849267606114 0.0026552349359511905 -0.11714388164145886 -0.061504788730313953 -0.077444932074329245 0.052226012244600217 0.04805634733144637 0.018604475773005096 -0.067708057548398967 0.015527107898142406 -0.19006467171046559 -0.036572056701329958 0.051761500400807237 0.039940771352071906 -0.06159430920756509 -0.11906044200740017 0.055103267033008642 0.045051901694029922
leaf_weight=36.016712776065106 84.297474599210545 10.52615452557802 19.143461680039763 189.18044420256047 28.697013519646134 24.586696340236813 12.312421119771896 1473.8023319529893 18.161383632104844 196.87875598098617 31.754244609444868 5.1210451545193783 8.8476280218455923 5.3052646073047098 3.1057762801647213 2.4294507666491034 3.7931548297638065 18.284138241782784 3.0620392407290629 2.5819230088964096 28.457062083471101 3.0010479234624654 1.7511167991906402 6.4569284212775546 14.83407451584935 7.2966448538936675 14.471528183144981 2.8462477629072955 26.971407040720806 10.914113539503886
leaf_count=999 74 8 416 734 680 293 590 11749 29 1556 176 13 84 33 24 182 78 6 4 11 711 47 11 33 6 8 693 32 14 29
internal_value=0.00819502 0.00612752 0.00751244 0.0268169 0.0335689 0.0455864 0.00425353 0.00495157 -0.0359448 0.00628286 -0.00884985 -0.044414 -0.0633949 0.0291254 0.0115952 -0.0184906 0.0200373 0.0384151 0.0365044 -0.0761514 -0.0828755 -0.0179077 -0.0615564 0.0435141 0.0288848 0.00365446 -0.0722995 -0.0743592 0.0464829 0.0315918
internal_weight=2294.89 2088.91 2033.38 293.362 274.218 213.767 1740.02 1724.86 54.1781 1670.68 60.4513 55.5338 45.0077 205.974 93.089 42.084 24.5067 20.7136 51.005 39.8866 37.3047 7.8142 4.75216 112.885 28.5876 13.7536 17.5773 15.1587 43.1908 16.2194
internal_count=19323 18081 17254 2299 1883 1027 14955 14333 1028 13305 856 827 819 1242 1121 983 266 188 138 806 795 62 58 121 47 41 717 622 76 62
is_linear=0
shrinkage=0.05


Tree=85
num_leaves=31
num_cat=0
split_feature=12 11 11 16 19 14 6 23 15 16 17 17 9 15 5 12 23 17 19 9 27 2 24 4 27 27 8 2 3 14
split_gain=57.6786 69.7232 78.6074 100.433 87.88 87.6531 60.9655 57.7066 44.6671 67.4991 43.2458 121.059 40.1858 39.6978 38.4848 38.4671 32.6916 31.8292 35.3008 47.449 33.3747 52.066 30.9049 33.1222 29.7559 28.9396 25.7653 24.4986 20.0624 43.0952
threshold=2.5898994260774146 0.047247023809523808 0.14037248293146656 0.33489096573208726 3708.0884210526319 0.045649908830424558 20.500000000000004 44.743326488706373 0.11558704453441292 0.21054589598997492 65.500000000000014 409.50000000000006 0.24401709401709398 0.27055180180180188 3.1754263980429447 2.4524925807483702 42.922655715263524 1.0000000180025095e-35 21673.318937500004 0.98086080586080593 4947.2072496184946 101396.55500000001 655.50000000000011 3.5000000000000004 7.0589068840285014 78.850461239806307 3.694390457119971 12314.530000000001 5.0094763773344004 0.015180320313400102
decision_type=2 2 2 2 2 2 2 2 2 2 2 2 2 2 2 2 2 2 2 2 2 2 2 2 2 2 2 2 2 2
left_child=1 10 3 12 5 7 -6 -4 9 16 27 28 14 17 -3 -8 -2 18 19 -10 21 -19 -13 -24 -11 -14 -18 -1 29 -12
right_child=8 2 4 -5 6 -7 15 -9 13 24 11 22 25 -15 -16 -17 26 20 -20 -21 -22 -23 23 -25 -26 -27 -28 -29 -30 -31
leaf_value=-0.051954477457518002 -0.074404707014282243 -0.074153834907765462 0.031311352562784951 0.041909208094267673 -0.065930368667401165 -0.084884298564541175 0.041994139517222993 0.00031014983009469699 0.013719648643805355 0.0025446851106654348 -0.063013475054271656 0.060176403122064431 -0.069217994225910226 -0.07966806043087947 0.048154442381386192 -0.082991712581767962 -0.070684053018440066 0.028260105494911775 0.037288388204820389 -0.045847225117623645 0.05025599353226954 -0.045216219013689468 -0.060011427915179674 0.047304797855427114 -0.093498148572825401 -0.026379680315203342 0.037248722915239015 0.036091715064770248 0.040089277465723744 -0.32331364611163005
leaf_weight=8.0017555153463018 8.5284454218344745 9.1314230633433926 323.74631062024855 43.44916131417267 64.710849971452262 21.792243182717357 28.431016526476014 280.42117337998934 116.13895558787044 11.586082179914227 43.1810617079027 50.72064086701721 97.355727531510638 8.925804033118764 21.035144065448549 7.7366254407097577 5.9025357888313001 513.19065448141191 79.102128833823372 46.810643516422715 170.3667720980593 25.160362285590963 13.870129368733616 14.697994261980055 25.663939681951888 67.323820766265271 67.321924394811504 277.25661631149705 4.1788385678082696 1.5707557930145402
leaf_count=153 163 136 2791 143 1482 328 78 3668 248 75 1130 30 1779 157 9 159 115 1857 116 1199 375 502 673 9 306 655 134 706 11 28
internal_value=0.0123526 0.005571 -0.00178451 -0.0267035 0.0063809 0.0133674 -0.0368914 0.016933 0.0210138 -0.00784232 0.0227485 -0.00133324 -0.0420429 0.0245977 0.0108438 0.0149654 0.0175327 0.0255901 0.00990022 -0.00337913 0.0309395 0.0248091 0.0367792 -0.00465155 -0.0635647 -0.0517619 0.0283957 0.0335871 -0.0631428 -0.0729618
internal_weight=2457.31 1378.61 965.133 238.295 726.838 625.96 100.878 604.167 1078.7 119.003 413.478 128.219 194.846 959.695 30.1666 36.1676 81.7529 950.77 242.052 162.95 708.718 538.351 79.2888 28.5681 37.25 164.68 73.2245 285.258 48.9307 44.7518
internal_count=19215 13968 11228 2722 8506 6787 1719 6459 5247 793 2740 1881 2579 4454 145 237 412 4297 1563 1447 2734 2359 712 682 381 2434 249 859 1169 1158
is_linear=0
shrinkage=0.05


Tree=86
num_leaves=31
num_cat=0
split_feature=12 11 5 13 9 11 11 16 12 15 16 17 17 15 16 23 11 4 17 24 4 27 8 8 9 5 2 29 14 10
split_gain=53.0624 64.6654 74.0281 62.4414 64.7734 60.8764 88.7204 87.8838 66.4664 40.8618 62.308 39.3977 113.619 37.0104 36.0024 30.558 29.3397 42.8455 45.1244 28.5171 31.3581 28.2445 24.0275 23.763 41.7305 34.982 22.5422 16.1477 37.1357 15.2113
threshold=2.5898994260774146 0.047247023809523808 2.9757010602942557 0.092395354111319869 0.24401709401709398 0.24019230769230773 0.14785670545009183 0.38529014844804316 2.4023117769324949 0.11558704453441292 0.21054589598997492 65.500000000000014 409.50000000000006 0.27055180180180188 0.90000000000000013 42.922655715263524 0.11139311900733222 1.5000000000000002 1.0000000180025095e-35 655.50000000000011 3.5000000000000004 7.0589068840285014 3.694390457119971 3.6537934709879738 0.37557339449541288 3.1450605087791943 12314.530000000001 3.5000000000000004 0.015936507936507905 0.25290697674418611
decision_type=2 2 2 2 2 2 2 2 2 2 2 2 2 2 2 2 2 2 2 2 2 2 2 2 2 2 2 2 2 2
left_child=1 11 5 4 -4 6 7 -3 -8 10 15 26 27 16 -7 -2 -11 -18 -19 -14 -21 29 -17 25 -25 -5 -1 28 -13 -12
right_child=9 2 3 23 -6 14 8 -9 -10 13 21 12 19 -15 -16 22 17 18 -20 20 -22 -23 -24 24 -26 -27 -28 -29 -30 -31
leaf_value=-0.050079434610826305 -0.073647820835911246 -0.041396273322456177 0.045400727837642894 0.075501769800564084 -0.065986950232522129 -0.062075990948655728 0.017262266010379376 0.049796731723723453 -0.033003266781946664 0.043466431269822088 -0.084344756148242106 -0.062427939738882277 0.058872062611995693 -0.079127925913688557 0.046016823166225421 -0.070079800994259353 -0.076698227810996514 0.0011296264758927192 0.029122679189530255 -0.059721567335564309 0.047058676490064746 -0.091610768475005225 0.036207374066450734 0.055852641691476496 -0.032882727215785466 -0.052981165066253735 0.034946676694290302 0.032434363524743839 -0.32296739325233359 0.039846836812725946
leaf_weight=7.892881885636597 8.1947798621840757 198.28226966620423 22.671127839770634 65.872572170221247 30.411162335367408 69.836942097288556 388.29037105670432 30.34541994612664 79.026448389166035 170.54501474718563 3.4103988457936785 41.782299484824762 49.290864783339202 8.54764916829299 8.5298365324269962 5.6626960266148663 11.056358753470702 194.16441274323734 561.01081493109814 13.256581209774597 14.052970767021177 24.904604469542392 65.836452155956067 34.049512139521539 21.491938263876364 5.644101330661214 272.15930528880563 3.9796003364026538 1.3330421476275649 8.1653399253264052
leaf_count=153 163 2780 18 97 608 2548 2943 78 1646 150 58 1139 30 157 34 115 154 1541 2452 673 9 306 134 10 242 224 706 5 25 17
internal_value=0.0119165 0.00536506 -0.00172634 0.0271279 -0.018324 -0.00844826 -0.00373272 -0.029254 0.00874608 0.0202931 -0.00765244 0.0221376 -0.00132514 0.0237331 -0.0502033 0.017077 0.0246854 0.0204935 0.0219331 0.0361939 -0.00462087 -0.0617115 0.0276335 0.0461556 0.021429 0.0652323 0.0325155 -0.0624036 -0.0713277 0.00242074
internal_weight=2419.7 1358.2 954.452 180.14 53.0823 774.311 695.945 228.628 467.317 1061.5 116.174 403.748 123.695 945.324 78.3668 79.6939 936.777 766.232 755.175 76.6004 27.3096 36.4803 71.4991 127.058 55.5415 71.5167 280.052 47.0949 43.1153 11.5757
internal_count=19215 13968 11228 1199 626 10029 7447 2858 4589 5247 793 2740 1881 4454 2582 412 4297 4147 3993 712 682 381 249 573 252 321 859 1169 1164 75
is_linear=0
shrinkage=0.05


Tree=87
num_leaves=31
num_cat=0
split_feature=9 2 21 17 18 29 26 27 6 14 27 23 19 14 21 25 19 19 26 16 9 27 27 23 9 2 0 4 16 0
split_gain=42.5113 63.8257 78.0386 61.6343 51.1711 46.8951 44.0953 81.1169 53.1121 52.979 42.2025 36.311 46.5628 36.035 34.7205 45.1338 49.1269 31.5809 53.3673 30.8827 29.6356 27.5787 26.8565 23.6448 22.3645 21.3203 19.5998 18.4686 15.1284 15.4048
threshold=0.99307950191570893 12314.530000000001 1.0000000180025095e-35 1.0000000180025095e-35 1797.5000000000002 2.5000000000000004 1.0000000180025095e-35 11.040161431953683 28.500000000000004 0.026432231020027903 9.1077572397491604 23.412731006160168 33410.898750000008 0.0086600919132198521 1.0000000180025095e-35 1.0000000180025095e-35 181.03250000000006 7721.7495833333332 1.0000000180025095e-35 0.18870581982460796 0.99797365546805095 823333.66000000015 142.71637967308695 35.397672826830949 0.97022314171715685 228454.90000000002 6.5000000000000009 5.5000000000000009 0.22723760011240687 5.5000000000000009
decision_type=2 2 2 2 2 2 2 2 2 2 2 2 2 2 2 2 2 2 2 2 2 2 2 2 2 2 2 2 2 2
left_child=1 2 23 5 10 -2 8 24 9 -4 -5 12 27 -10 15 16 -13 19 -19 -12 -7 22 -16 -1 -8 -22 -23 -3 -25 -30
right_child=3 11 6 4 -6 20 7 -9 13 -11 17 14 -14 -15 21 -17 -18 18 -20 -21 25 26 -24 28 -26 -27 -28 -29 29 -31
leaf_value=-0.0748714780986178 -0.061429163649156286 -0.078287547349758596 -0.055608813117665704 -0.062172659636340756 -0.057609772933005711 -0.085185895014796495 -0.034951150679755683 -0.077558094618644449 0.049552987627651868 0.0080498379974899611 -0.013274377811776357 0.051088307109021847 0.039538587967637845 -0.041501396351199316 0.01193927543910093 0.053755259010160018 -0.049691891110063786 -0.066058611714255866 0.049526630355533847 0.051494572928630959 0.046455999617288607 -0.12927769501859529 0.026611939977824989 0.042408897105669044 0.056748463604336843 -0.064564746058485417 0.022694970403206852 0.033211201330905014 -0.067546468751072827 0.050589727800209511
leaf_weight=5.0304926001699632 31.649016944807954 28.353527261759154 157.97538543312112 10.014388059149494 14.360716346534899 5.996008906280621 7.6085288532194673 18.317966130794957 29.95451907068491 41.006773164437618 19.569654300314141 14.735868790652601 16.209479211596772 16.877696083858609 891.78853037318913 19.512557588517666 64.679495473275892 17.356859524414176 23.236169080657419 272.29680054378696 35.47251017135568 5.4240200712811184 481.65732118545566 84.025750450789928 46.773212257190607 4.7996112965047351 3.3211973793804646 4.1469142665155223 6.6359062145347689 4.5426807403564453
leaf_count=122 1211 796 3472 236 616 100 227 352 11 272 363 44 20 99 6912 4 873 434 71 741 70 47 1523 242 59 139 5 9 144 1
internal_value=0.0114952 0.00833632 -0.00895132 0.0256366 0.0344363 -0.0145916 -0.0210684 0.0130783 -0.0311889 -0.0424673 0.0383263 0.0130719 -0.0293313 0.0166132 0.0144717 -0.0141051 -0.0308881 0.0413864 0 0.0471316 0.0174025 0.0165215 0.0170901 0.0294857 0.0437864 0.0329736 -0.0713932 -0.0638492 0.035125 -0.0190728
internal_weight=2383.33 1948.58 418.749 434.752 356.835 77.9171 318.514 72.6997 245.814 198.982 342.474 1529.83 48.7099 46.8322 1481.12 98.9279 79.4154 332.459 40.593 291.866 46.2681 1382.19 1373.45 100.235 54.3817 40.2721 8.74522 32.5004 95.2043 11.1786
internal_count=19215 15234 5001 3981 2461 1520 4492 638 3854 3744 1845 10233 825 110 9408 921 917 1609 505 1104 309 8487 8435 509 286 209 52 805 387 145
is_linear=0
shrinkage=0.05


Tree=88
num_leaves=31
num_cat=0
split_feature=12 11 11 16 19 14 6 23 15 16 18 18 12 15 12 12 11 18 14 13 23 27 18 23 23 6 24 19 22 16
split_gain=46.4982 58.0764 67.5101 85.8874 79.2824 78.0019 53.673 49.5793 36.3333 57.1286 34.785 43.668 34.0756 33.9435 33.509 32.6111 28.7334 53.0124 62.1282 30.5133 27.7724 25.9724 24.5859 21.6167 19.8619 35.6955 24.0539 17.7743 16.5409 15.1132
threshold=2.5898994260774146 0.047247023809523808 0.14037248293146656 0.33489096573208726 3708.0884210526319 0.045649908830424558 20.500000000000004 44.743326488706373 0.11558704453441292 0.21054589598997492 818.50000000000011 851.50000000000011 2.5579513315397255 0.27055180180180188 2.4524925807483702 0.81398360602640307 0.11139311900733222 773.50000000000011 0.043797953964194357 0.11103728313030636 42.922655715263524 7.0589068840285014 1549.5000000000002 23.668720054757017 61.685147159479818 8.5000000000000018 808.50000000000011 14395.023968850701 2.5000000000000004 0.20492815219591173
decision_type=2 2 2 2 2 2 2 2 2 2 2 2 2 2 2 2 2 2 2 2 2 2 2 2 2 2 2 2 2 2
left_child=1 15 3 10 5 7 -6 -4 9 20 12 -12 -3 16 -8 23 -10 19 -19 -18 -2 -11 24 -1 25 -17 -26 -5 -25 -22
right_child=8 2 4 27 6 -7 14 -9 13 21 11 -13 -14 -15 -16 22 17 18 -20 -21 29 -23 -24 28 26 -27 -28 -29 -30 -31
leaf_value=0.039024736333770474 -0.072772884771577381 -0.069075523076722004 0.029094881526181393 -0.033350431179711301 -0.065182365605498657 -0.082515482148706118 0.039783182885702255 8.5199807436926519e-05 0.042334928580925586 0.0022905913421651081 0.031605206239037308 -0.044540263116101549 0.019801318290623149 -0.078748077672964822 -0.080618269374348281 -0.01207697608226754 0.035540131231745896 0.011045975414240518 -0.065065800828808154 -0.012163000680039362 0.0047103084771998394 -0.089783658469378344 -0.089762922402511186 -0.073168449538141569 0.044548773694570318 0.034443113661073402 -0.016124492326431396 0.054499969805498531 0.016504974910547511 0.051896373139860341
leaf_weight=9.504571228171697 7.7281823749653986 93.94680371688446 317.02117683066172 6.7782954343128941 60.404817010916304 20.855701689957641 26.383039511856623 275.65649204523652 162.41980275628157 11.069877493311649 30.613767313247081 48.409615033509908 12.042485272046177 8.1126572979264875 7.2785679826047263 71.483454367291415 370.57087143670651 308.61270782712381 29.253076440072618 36.641458237078041 37.13213426922448 23.984994667582214 4.4438086042064233 18.669716431119017 164.61581699212547 96.844117448898032 17.954596687690355 34.101409927941859 6.9242588800843796 31.592514014337212
leaf_count=45 163 1516 2791 129 1482 328 78 3668 150 75 97 913 53 157 159 1369 1524 2155 180 288 227 306 112 453 330 102 294 14 35 22
internal_value=0.011071 0.00487181 -0.00189635 -0.0256921 0.00569565 0.0122564 -0.0370102 0.0156131 0.0190554 -0.00785279 -0.0401961 -0.0149755 -0.0589211 0.0223384 0.0134393 0.0210627 0.0232561 0.0190853 0.00442397 0.0312335 0.0163341 -0.0606418 0.0256116 -0.0247908 0.0271122 0.0146624 0.038549 0.0397656 -0.0487436 0.0265181
internal_weight=2351.05 1323.93 933.492 225.892 707.6 613.533 94.0664 592.678 1027.12 111.508 185.013 79.0234 105.989 915.611 33.6616 390.44 907.498 745.078 337.866 407.212 76.4528 35.0549 355.342 35.0985 350.898 168.328 182.57 40.8797 25.594 68.7246
internal_count=19215 13968 11228 2722 8506 6787 1719 6459 5247 793 2579 1010 1569 4454 237 2740 4297 4147 2335 1812 412 381 2207 533 2095 1471 624 143 488 249
is_linear=0
shrinkage=0.05


Tree=89
num_leaves=31
num_cat=0
split_feature=12 11 5 11 11 16 21 13 28 15 16 16 15 12 11 18 14 13 8 27 10 18 16 15 7 19 12 8 14 10
split_gain=42.6014 53.5602 65.1925 57.1079 76.2239 74.9726 67.6777 56.4867 44.3499 33.1691 52.6551 32.6174 32.0822 30.0334 27.8318 49.194 55.877 27.7289 25.2879 24.5805 24.4619 22.954 22.7935 20.6993 45.0205 17.3727 31.0764 14.4807 31.241 14.1644
threshold=2.5898994260774146 0.047247023809523808 2.9757010602942557 0.24019230769230773 0.14785670545009183 0.38529014844804316 1.0000000180025095e-35 0.092395354111319869 1.0000000180025095e-35 0.11558704453441292 0.21054589598997492 0.90000000000000013 0.25112612612612611 0.81398360602640307 0.11139311900733222 773.50000000000011 0.043797953964194357 0.11103728313030636 3.694390457119971 7.0589068840285014 0.0087209302325580509 1549.5000000000002 0.30455486542443072 0.38675213675213677 12.500000000000002 1085.3312500000002 1.5001361722992608 3.8999814943180469 0.0087357442659091507 0.25290697674418611
decision_type=2 2 2 2 2 2 2 2 2 2 2 2 2 2 2 2 2 2 2 2 2 2 2 2 2 2 2 2 2 2
left_child=1 13 3 4 5 -3 -6 8 -4 10 18 -5 14 20 -11 17 -17 -16 -2 29 -1 25 -10 24 -9 -15 -27 -20 -29 -12
right_child=9 2 7 11 6 -7 -8 23 22 12 19 -13 -14 21 15 16 -18 -19 27 -21 -22 -23 -24 -25 -26 26 -28 28 -30 -31
leaf_value=0.021297041292409072 -0.070303749921971678 -0.039421919353527901 0.044182479594007604 -0.061368823069103844 -0.073733056229034796 0.047595011578412692 0.012432659346813363 -0.058786816364570255 -0.075977350621944842 0.041974079790896478 -0.084133090760128759 0.044707145175584447 -0.054904496223987867 0.04759463648768536 0.034598147563245571 0.010827480580860332 -0.060982056884912705 -0.011067028980978753 0.050822188121331491 -0.087810167786487772 -0.063355312190785995 -0.088979499801663337 0.024817345353506964 0.077031795838885517 0.045374171987871331 -0.006469357085219056 0.031006748491026598 0.026502245376888639 -0.091172776536725383 0.038833876096497882
leaf_weight=15.670268317218868 7.5321801099926224 188.87782318022801 17.858683380531147 66.220139047014527 23.936879470420536 28.349191379500553 435.08806829940295 11.891520096454768 25.190231891639996 154.59144334099256 3.2178785665892047 8.0079883374273759 13.40355987800285 74.780392610817216 363.93219778427738 306.18372429767624 29.608545661554672 36.361125073279254 30.823766707908362 23.31728811794892 18.376807706197724 4.2642194032086982 7.0669443757506079 34.596508134622127 75.726847598096356 77.224211866065161 192.8516830362496 29.78774038888514 6.8477362572448319 7.8431082466850057
leaf_count=23 179 2780 38 2548 470 78 4119 356 552 145 58 34 216 209 1507 2124 177 285 35 306 510 112 36 15 202 1292 594 115 83 17
internal_value=0.010662 0.00468694 -0.00183321 -0.00820712 -0.00362621 -0.0280261 0.00791338 0.0258841 -0.0187224 0.0183556 -0.00761185 -0.049813 0.0215029 0.0203993 0.0226644 0.0185971 0.00446451 0.0304359 0.0158299 -0.0587894 -0.0242991 0.0247785 -0.0537321 0.0442168 0.0311296 0.026225 0.0202741 0.025611 0.00418255 0.00217887
internal_weight=2319.43 1305.98 922.811 750.48 676.252 217.227 459.025 172.331 50.1159 1013.45 109.37 74.2281 904.081 383.168 890.677 736.086 335.792 400.293 74.9914 34.3783 34.0471 349.121 32.2572 122.215 87.6184 344.856 270.076 67.4592 36.6355 11.061
internal_count=19215 13968 11228 10029 7447 2858 4589 1199 626 5247 793 2582 4454 2740 4238 4093 2301 1792 412 381 533 2207 588 573 558 2095 1886 233 198 75
is_linear=0
shrinkage=0.05


Tree=90
num_leaves=31
num_cat=0
split_feature=8 2 12 20 12 14 2 21 9 30 24 12 19 16 9 2 8 16 8 3 23 12 23 6 18 23 9 7 18 24
split_gain=63.7756 58.676 72.548 61.6012 61.8602 57.2181 52.1119 43.8965 56.7875 39.6934 37.5064 71.3241 66.6642 63.2101 57.5485 29.811 25.3597 22.4739 18.5283 20.7625 17.0253 16.6795 13.3517 14.954 7.97439 6.43335 5.76877 3.66379 1.8885 5.99151
threshold=1.5847915159922179 12314.530000000001 2.1440192007374055 1.479200508224543 2.539664637867928 0.029459980713596855 9000.4100000000017 1.0000000180025095e-35 0.71498599439775923 1.5000000000000002 625.50000000000011 2.7069489525807082 3207.1726153846162 0.35791925465838509 0.98005235602094254 133267.74500000002 2.2511905895977846 0.90000000000000013 3.4466097959703146 3784.6550000000002 27.483915126625604 2.9414691278528089 71.608487337440124 7.5000000000000009 1.0000000180025095e-35 24.592744695414105 0.39077412513255577 35.500000000000007 1.0000000180025095e-35 52.500000000000007
decision_type=2 2 2 2 2 2 2 2 2 2 2 2 2 2 2 2 2 2 2 2 2 2 2 2 2 2 2 2 2 2
left_child=17 2 -2 18 5 -5 -6 8 9 20 12 14 13 -9 -12 -13 -14 22 25 -20 -3 27 24 -24 -1 -4 -11 -10 -25 -30
right_child=1 7 3 4 6 -7 -8 10 21 26 11 15 16 -15 -16 -17 -18 -19 19 -21 -22 -23 23 28 -26 -27 -28 -29 29 -31
leaf_value=-0.14369548696787657 -0.062772788455296644 0.019903085172831011 0.069298624998935382 -0.063030617807792774 0.010783888271689891 0.028706329212542354 -0.083182092231503912 -0.070269476789438623 -0.072220291069786183 0.0078657063258535248 0.0055413697745226795 0.031943595704242655 -0.057584102342551069 0.051397300935459071 -0.041405644070355241 -0.01940824000307366 0.033470971526140342 0.026559572208679466 -0.068258406038090982 0.05228965642183192 -0.08868010487595579 0.012800383669334609 -0.058782352489367709 0.050919369871710168 -0.056271631681994387 0.031423269587950046 0.049851593659370454 -0.14758164772226567 0.049092805018646359 -0.054701962272837225
leaf_weight=2.817287102341651 50.386772421974456 5.2258292734622982 36.863825344946235 73.983288188377628 241.17787071148632 21.909844000125304 15.609824661863966 31.916743351961486 32.952975577674806 11.582946717040612 568.7486629015475 340.39637795783347 7.642087396234273 15.883642214816062 73.637430705071893 30.630054930923507 484.97443087329157 11.914314923807977 6.9164158909115923 7.157814584672451 10.904558953014201 5.9615142287220797 9.1756164154503495 4.8342022895812988 44.730274165340234 17.318270420946646 30.87445992231369 1.8608736512251187 3.3795166015625 2.1979732321342453
leaf_count=13 1702 31 9 1727 1439 93 209 612 652 81 4486 930 176 21 1801 450 1547 77 110 2 212 17 310 1 2315 99 43 12 1 70
internal_value=0.00777542 0.00941868 -0.00613522 0.000645797 -0.00775993 -0.0420102 0.00502218 0.0138562 -0.018326 0.0131396 0.0159184 0.010236 0.0265613 -0.0297134 0.000146392 0.0276867 0.0320369 -0.0362816 0.0440992 -0.00666144 -0.053288 -0.063581 -0.0475312 -0.0123877 -0.0618473 0.0573648 0.0385602 -0.0768029 0.0281936 0.00706573
internal_weight=2203.57 2124.52 471.324 420.937 352.681 95.8931 256.788 1653.19 99.3632 58.5878 1553.83 1013.41 540.417 47.8004 642.386 371.026 492.617 79.0492 68.2563 14.0742 16.1304 40.7754 67.1349 19.5873 47.5476 54.1821 42.4574 34.8138 10.4117 5.57749
internal_count=19248 16461 5390 3688 3468 1820 1648 11071 1048 367 10023 7667 2356 633 6287 1380 1723 2787 220 112 243 681 2710 382 2328 108 124 664 72 71
is_linear=0
shrinkage=0.05


Tree=91
num_leaves=31
num_cat=0
split_feature=10 2 12 23 2 23 12 21 9 10 15 13 30 24 10 9 12 2 10 10 23 12 27 22 24 16 10 6 18 24
split_gain=47.4725 53.9039 69.4165 58.8823 78.7548 75.5898 45.102 40.268 52.8265 39.4968 39.4542 45.3285 37.1251 36.8411 50.7779 36.7734 36.2177 31.9122 24.2562 17.2286 16.2198 15.8027 12.516 23.1815 10.2295 6.22927 3.39684 2.54926 1.25143 0.433234
threshold=0.014534883720930151 12314.530000000001 2.1440192007374055 41.731690622861059 5503.8300000000008 57.266255989048609 2.6442780881957479 1.0000000180025095e-35 0.71498599439775923 0.21802325581395349 0.23845060412224586 0.14839839839839838 1.5000000000000002 655.50000000000011 0.055232558139534857 0.28642149929278643 2.7017711401447597 6610.9250000000002 0.0087209302325580509 0.07848837209302327 27.483915126625604 2.9414691278528089 0.0029252145381615502 2.5000000000000004 52.500000000000007 0.20492815219591173 0.20058139534883718 30.500000000000004 1.0000000180025095e-35 496.50000000000006
decision_type=2 2 2 2 2 2 2 2 2 2 2 2 2 2 2 2 2 2 2 2 2 2 2 2 2 2 2 2 2 2
left_child=18 2 29 6 5 -5 9 8 12 -4 11 16 20 19 -15 -13 -9 -8 22 -12 -3 27 -1 -24 -20 -14 -6 -10 -26 -2
right_child=1 7 3 4 26 -7 17 10 21 -11 13 15 25 14 -16 -17 -18 -19 24 -21 -22 -23 23 -25 28 -27 -28 -29 -30 -31
leaf_value=0.055355163661087316 -0.072321538159593746 0.019034601120398786 0.039343691878985815 -0.069644427276213214 -0.063021608091016396 0.013534623654927677 -0.069489265920596496 0.0069053981528851595 -0.071208570978276806 -0.063968247231723369 0.015844506121027151 0.010263002243658285 -0.0089837868940182957 0.04307596693909977 -0.022863184764043549 -0.070753436102426112 0.024726701786009615 0.014787286356433813 0.024179068690477468 0.059052626007819221 -0.087878853951514763 0.012280801103616354 -0.11278958178437107 0.0468249639650039 -0.10944698578914505 0.045439853085435966 -0.093552340435453032 -0.1337987184519441 -0.056778557840382826 -0.057881287151954647
leaf_weight=9.3758269501850027 13.822644309839232 5.1719273061025879 145.42449286187184 33.841187733458355 20.898797918460332 139.67305120325182 20.702764141606167 777.0530678560026 31.933657082787249 9.7557591562799626 29.604533201782033 26.335687232902274 5.9612497214693567 61.955294583051 54.95128379605012 29.539297118666582 451.36484162404668 24.195490950252861 3.9054384864866725 111.78149046347244 10.543888603337107 5.9086604802869251 4.1188264142256212 4.8002871802309528 1.4137041568756092 35.464155180146918 21.373420098796487 1.9915119116194535 43.832408052519895 35.593944613443455
leaf_count=2 288 35 846 716 383 1043 313 6103 689 190 272 288 72 647 643 681 1873 89 7 126 228 17 95 6 6 62 232 11 1765 1520
internal_value=0.0074903 0.00881588 -0.00619602 0.000455339 -0.0176449 -0.0026901 0.0200007 0.0130792 -0.0181362 0.0327795 0.0150458 0.0114521 0.0126055 0.032884 0.0120459 -0.0325283 0.0134591 -0.0240299 -0.0337559 0.0500583 -0.0524806 -0.0622811 0.0151211 -0.0267636 -0.0520439 0.0374849 -0.0787607 -0.0754122 -0.0587722 -0.0621593
internal_weight=2172.29 2104.84 465.282 415.865 215.786 173.514 200.079 1639.56 96.9751 155.18 1542.59 1284.29 57.1412 258.293 116.907 55.875 1228.42 44.8983 67.4465 141.386 15.7158 39.8338 18.2949 8.91911 49.1516 41.4254 42.2722 33.9252 45.2461 49.4166
internal_count=19248 17367 5620 3812 2374 1759 1438 11747 1114 1036 10633 8945 397 1688 1290 969 7976 402 1881 398 263 717 103 101 1778 134 615 700 1771 1808
is_linear=0
shrinkage=0.05


Tree=92
num_leaves=29
num_cat=0
split_feature=7 30 19 19 6 23 11 27 24 16 23 19 3 22 12 9 27 19 23 19 14 16 18 18 14 0 17 11
split_gain=56.4903 35.0991 41.2994 55.0562 55.5066 44.3675 36.2178 34.4666 37.6226 23.9393 22.5947 17.3767 16.5506 14.4084 14.0506 12.0477 11.5463 10.2252 7.84046 8.8055 7.8138 5.97865 5.90404 1.57547 0.786479 0.62249 0.472297 0.20078
threshold=1.5000000000000002 2.5000000000000004 29028.020000000004 7626.7223000000013 12.500000000000002 23.117043121149901 0.1718563544152745 1016202.0750000001 625.50000000000011 0.077677224736048267 41.252566735112943 1051.1666666666667 2.0453342931480307 2.5000000000000004 1.7927081442686263 0.20074626865671644 2729.9890937305922 27812.215783410142 67.438740588637941 33410.898750000008 0.0080688565575193025 0.32529069767441865 1.0000000180025095e-35 1.0000000180025095e-35 0.091287878787878765 2.5000000000000004 1.0000000180025095e-35 0.10967256932843301
decision_type=2 2 2 2 2 2 2 2 2 2 2 2 2 2 2 2 2 2 2 2 2 2 2 2 2 2 2 2
left_child=13 2 3 7 17 -6 14 8 -2 -8 -9 27 18 23 21 -14 -16 -5 20 -20 -13 -4 -15 -1 -11 -17 -25 -3
right_child=1 11 6 4 5 -7 9 10 -10 24 -12 12 15 22 16 25 -18 -19 19 -21 -22 -23 -24 26 -26 -27 -28 -29
leaf_value=-0.11166291530988737 0.017961605506725261 -0.095796762487381351 -0.072139024621445141 -0.069457876198816798 0.041728326253056142 -0.017794783226032767 0.044195658610213524 -0.051763478836274003 0.00051773603890980764 -0.065364743124856892 0.051160864511079686 0.046397259516775972 0.047242710290185036 0.050459634665754108 0.040366360006962081 -0.068610068318809378 -0.006248794773706187 0.01690968746921875 -0.057961573889927342 0.047222968323432757 0.0024823964871557181 0.013631902767274905 -0.048845349059036959 -0.10943663845250835 -0.10944628066529814 -0.1258774590323288 -0.057800307331286938 -0.052940570946244547
leaf_weight=1.8107157349586476 450.14431346560013 1.3555432243738317 4.0959014502586788 48.935243798041483 39.38777663061046 150.66502770848456 6.3014091369695988 5.702725541079416 988.06923306311364 12.276697373017667 62.323321174830198 111.70867316139629 2.3532302379608145 4.430731773376464 171.86282990977634 2.8928250403841957 14.170491121243684 3.5485710431821635 4.1844514412223353 3.5891239445190877 11.417327941278925 3.7310693371109664 2.1022862199461088 0.71578241512179275 1.7968302886001755 1.3751943865208884 33.193890844180714 2.4229692439548671
leaf_count=8 2848 19 37 1164 100 1197 6 61 11106 240 118 273 1 1 241 58 47 22 85 4 54 14 97 4 32 29 1305 77
internal_value=0.00719669 0.00834906 0.00661242 0.00406988 -0.018028 -0.00541708 0.0273319 0.0076324 0.00598181 -0.0358334 0.0423959 0.0324184 0.0353649 -0.0499601 0.0340115 -0.040935 0.0367873 -0.0635022 0.0392908 -0.00877901 0.042371 -0.0309656 0.0174954 -0.0624513 -0.0720781 -0.0906662 -0.0593559 -0.0716779
internal_weight=2146.56 2104.31 1963.01 1748.78 242.537 190.053 214.235 1506.24 1438.21 20.3749 68.026 141.299 137.521 42.2534 193.86 6.62125 186.033 52.4838 130.9 7.77358 123.126 7.82697 6.53302 35.7204 14.0735 4.26802 33.9097 3.77851
internal_count=19248 17833 17233 16616 2483 1297 617 14133 13954 278 179 600 504 1415 339 88 288 1186 416 89 327 51 98 1317 272 87 1309 96
is_linear=0
shrinkage=0.05


Tree=93
num_leaves=31
num_cat=0
split_feature=8 2 12 5 12 11 14 11 12 24 5 11 27 1 14 18 16 23 16 30 12 23 27 7 23 18 22 24 14 11
split_gain=53.2756 48.2388 64.3493 55.148 58.6265 55.4334 53.5779 36.4373 57.282 83.8532 89.715 52.3231 32.9267 30.325 54.7493 25.7599 20.239 16.3294 32.6429 15.0045 45.806 11.5509 9.96905 7.79228 5.95418 4.6217 0.38482 0.350123 0.097253 0.0445862
threshold=1.5847915159922179 12314.530000000001 2.1440192007374055 1.4933013742692238 2.539664637867928 0.20411694089400467 0.029459980713596855 0.047247023809523808 2.7017711401447597 625.50000000000011 2.9757010602942557 0.12481003039513676 0.17987398776905586 7.5000000000000009 0.031498015873015858 1525.5000000000002 0.90000000000000013 24.592744695414105 0.14588963963963961 1.5000000000000002 1.8585684650488987 71.608487337440124 17.685994346460891 21.500000000000004 74.532511978097219 1.0000000180025095e-35 2.5000000000000004 496.50000000000006 0.013730049013447253 0.10031446540880502
decision_type=2 2 2 2 2 2 2 2 2 2 2 2 2 2 2 2 2 2 2 2 2 2 2 2 2 2 2 2 2 2
left_child=16 2 27 17 6 -6 -5 12 9 11 -11 -9 -3 15 -15 -10 21 -4 -19 20 -14 25 -23 -21 26 -1 -24 29 -29 -2
right_child=1 7 3 4 5 -7 -8 8 13 10 -12 -13 19 14 -16 -17 -18 18 -20 23 -22 22 24 -25 -26 -27 -28 28 -30 -31
leaf_value=-0.12162134372264846 -0.081460613186881331 -0.0564611770125866 0.063974000791252664 -0.063798826666148944 0.011534795051010134 -0.075777691896906141 0.027248989743884972 -0.055462245610646554 0.036369141285008878 -0.025494873452246877 0.0210971835553934 0.025738647069676268 -0.049078458732755452 0.011487975071130413 -0.11842915119994078 -0.0041760969030248604 0.025779407259914889 0.047413453713758331 -0.066929812755936402 0.047286507587799995 0.033522258855132124 -0.057584002826193831 0.023413799762504791 0.010643387965595755 -0.053224843100890741 -0.055688927850274773 0.04966075454820075 -0.054889809742901176 -0.071005065667168271 -0.06111595645047771
leaf_weight=3.0033971518278113 6.1736215213313681 10.683002225268863 36.982037764508277 68.842439099302283 229.3615891431109 19.635785265476443 20.953872399986722 21.071430238429457 292.11889605387114 355.04319054400548 145.51313415440382 308.90379330964061 20.239312864490785 155.79156906332355 8.4513674860354495 44.966156088863499 11.267490219499448 21.343267532065514 8.6861934984335658 130.78985078423284 95.184283329872414 7.1310756007442277 4.1025707784574461 16.800844237208366 2.151447855285368 40.192593566549476 4.2586038575973362 28.328284530289238 5.1454348151455624 6.555424133897759
leaf_count=13 81 287 20 1720 1236 408 92 234 572 5270 757 1603 322 1242 60 273 77 47 165 204 198 242 36 49 100 2315 4 1303 131 187
internal_value=0.0068918 0.00837482 -0.00604556 0.000313959 -0.00787412 0.00460165 -0.0424906 0.0124378 0.00901643 0.000953276 -0.0119389 0.020523 0.0290591 0.0223615 0.00470448 0.0309461 -0.0353098 0.0417354 0.0140607 0.0325719 0.0189651 -0.0467293 -0.0121946 0.0431592 0.0183759 -0.060659 0.037802 -0.0618901 -0.05772 -0.071931
internal_weight=2129.67 2057.56 452.008 405.805 338.794 248.997 89.7963 1605.56 1331.86 830.532 500.556 329.975 273.697 501.328 164.243 337.085 72.1072 67.0115 30.0295 263.014 115.424 60.8397 17.6437 147.591 10.5126 43.196 8.36117 46.2028 33.4737 12.729
internal_count=19248 16461 5390 3688 3456 1644 1812 11071 10011 7864 6027 1837 1060 2147 1302 845 2787 232 212 773 520 2710 382 253 140 2328 40 1702 1434 268
is_linear=0
shrinkage=0.05


Tree=94
num_leaves=31
num_cat=0
split_feature=7 2 9 9 9 0 0 11 13 15 27 14 30 2 14 16 21 22 13 11 11 8 6 0 22 18 14 18 10 6
split_gain=50.4333 43.1591 57.9744 98.9288 86.8579 83.7483 49.3154 45.9051 43.209 31.5394 41.6585 49.9445 57.8324 40.0299 54.9365 47.8519 32.6605 30.4633 30.1017 29.1416 34.4492 18.8318 18.5906 16.5732 12.8711 5.32678 1.23352 0.954904 0.552518 0.205263
threshold=1.5000000000000002 12314.530000000001 0.98877192429519212 0.53378995433789966 0.99399393983118112 1.5000000000000002 5.5000000000000009 0.14989836774924439 0.090882617673532062 0.22929683928190439 101.24926260837169 0.066890380313199063 1.5000000000000002 51092.935000000005 0.16542288557213927 0.19807227796358229 1.0000000180025095e-35 1.5000000000000002 0.032433380084151454 0.25056053811659196 0.23822570123939982 3.4186709875177446 5.5000000000000009 5.5000000000000009 2.5000000000000004 1.0000000180025095e-35 0.055485586342009459 1.0000000180025095e-35 0.31104651162790703 1.5000000000000002
decision_type=2 2 2 2 2 2 2 2 2 2 2 2 2 2 2 2 2 2 2 2 2 2 2 2 2 2 2 2 2 2
left_child=24 2 3 18 7 8 -7 -4 -5 10 11 12 -3 14 -12 -15 26 -13 23 20 -18 -9 -20 -2 27 -26 -11 -1 -6 -21
right_child=1 9 4 5 28 6 -8 21 -10 16 13 17 -14 15 -16 -17 19 -19 22 29 -22 -23 -24 -25 25 -27 -28 -29 -30 -31
leaf_value=-0.10178018419920926 -0.069089583493505455 -0.019239180994985366 -0.067131719543018539 -0.070269210509763674 -0.060675355556635217 -0.071765076122294158 0.051594288067182706 -0.054551573025664171 0.026466051151182723 -0.067380654721349451 0.027901813088476862 -0.025346395337109424 0.013406304134071262 -0.068033467099512468 -0.10090695321614188 0.0076183740300761141 0.02324163424483601 0.042605222997870972 -0.055719886688693522 -0.098505254965720518 0.067943980010646096 0.048079842752410881 0.04135132234964195 0.049616486608278269 0.049997129832008859 -0.048218269658164337 -0.14196350009622546 -0.058813379875480298 -0.088683973194968332 -0.055053619224105489
leaf_weight=1.8440976440906514 12.008660777530165 344.32413208996877 9.9398520888062176 14.648895446094683 22.160763686755676 119.16917313390877 8.5746414661407453 4.5258439321187316 52.903752270736732 6.2380891519132993 445.7216933198506 19.978734408534365 223.57356614392484 23.60223416791996 8.3224155191564915 176.70274751924444 211.93420649279142 90.859447948285379 5.1534761352231717 0.76522392814513107 54.331500008585863 114.40233713205089 74.580376581172459 3.7535986900329581 4.0484066009521475 1.9358010222204027 0.81901929958257813 31.341927359462716 3.5323970839381209 7.8067958552855998
leaf_count=8 368 4363 180 367 552 2700 2 204 393 164 1655 125 1866 818 106 1160 1406 139 227 25 93 301 280 1 1 97 11 1309 51 276
internal_value=0.00664103 0.00771263 -0.00605958 -0.019218 0.0186608 -0.0396138 -0.0634117 0.0354267 0.00534209 0.0115138 0.00829396 -0.000377674 -0.0063782 0.0172951 0.0255081 -0.00130035 0.0267142 0.0303 0.0224385 0.0294641 0.032404 0.0440896 0.0349527 -0.0403713 -0.0494734 0.0171338 -0.0785976 -0.0616498 -0.0650488 -0.0606003
internal_weight=2099.5 2060.33 445.354 290.793 154.561 195.296 127.744 128.868 67.5526 1614.98 1333.08 678.736 567.898 654.349 454.044 200.305 281.895 110.838 95.4961 274.838 266.266 118.928 79.7339 15.7623 39.1702 5.98421 7.05711 33.186 25.6932 8.57202
internal_count=19248 17833 5626 4338 1288 3462 2702 685 760 12207 10232 6493 6229 3739 1761 1978 1975 264 876 1800 1499 505 507 369 1415 98 175 1317 603 301
is_linear=0
shrinkage=0.05


Tree=95
num_leaves=31
num_cat=0
split_feature=24 7 23 23 8 7 15 16 16 2 11 9 7 8 14 28 24 24 8 15 28 18 1 5 16 12 19 7 24 5
split_gain=36.9739 65.445 85.9084 67.7184 106.539 52.7836 46.1877 46.0012 55.7224 49.9193 40.1986 46.5269 40.7579 40.8126 56.6661 40.3552 32.0399 29.7158 27.6392 27.4799 25.4138 24.6415 22.4466 21.5358 21.2782 19.7376 19.5464 12.8404 8.29207 16.8638
threshold=625.50000000000011 12.500000000000002 36.770704996577699 37.508555783709795 1.9992950458351484 9.5000000000000018 0.27842377260981915 0.26692111959287529 0.24248871695680208 37413.19000000001 0.17500813272608975 0.81853972798854702 1.5000000000000002 3.7306582894673368 0.0051874271604242005 1.0000000180025095e-35 275.50000000000006 195.50000000000003 3.6402717280806791 0.040270270270270254 1.0000000180025095e-35 452.50000000000006 12.500000000000002 0.91661998685237067 0.32529069767441865 2.0691945320152842 19858.049375000006 10.500000000000002 3256.5000000000005 2.846049826651543
decision_type=2 2 2 2 2 2 2 2 2 2 2 2 2 2 2 2 2 2 2 2 2 2 2 2 2 2 2 2 2 2
left_child=10 2 -2 28 21 -6 7 8 9 -3 12 15 -1 16 19 -12 17 -14 -9 -15 -10 -5 -18 -13 -20 -17 -16 -27 29 -4
right_child=1 6 3 4 5 -7 -8 18 20 -11 11 23 13 14 26 25 22 -19 24 -21 -22 -23 -24 -25 -26 27 -28 -29 -30 -31
leaf_value=-0.06508635293397054 -0.060964635344064169 0.016977358861698971 -0.057920628983255999 -0.0048445414910160047 -0.052783565893813771 -0.0046606234562311423 -0.087358141252134119 0.072867073737427027 0.010563692846342388 -0.0190548697257606 -0.05717971944403976 0.029174135742120799 0.017971573602641251 0.040822551504209 0.00032132590136208601 -0.054711566738174157 0.042158023000530488 -0.070412888206215191 0.0097445211744504861 -0.065331284506702447 -0.072887572685307711 0.039503098766825062 -0.028906539217045946 -0.0687847213910356 0.044216285028502424 0.051467775036792021 0.037689105974172368 -0.012432577889586186 0.081096494428525456 0.058744309509070149
leaf_weight=12.596638021059333 71.946662077534711 548.39110079917009 3.7803713293978953 45.797424757736735 118.54045689455234 110.15608118340606 11.431633038009748 36.813015467952937 12.868715005461125 116.33985236016451 15.790095536271108 6.6100182213122016 45.5404785531573 7.315367607632651 64.661379905650392 5.819431589159648 339.19024164590519 11.912175492558161 100.20222200156422 33.49343673849944 30.2628327581333 97.596479985222686 11.337340460799167 33.198968084238004 81.622305972734466 47.626796528231353 76.888992444612086 9.2271952198352647 21.537204268621281 14.853098078165203
leaf_count=206 2865 2620 96 875 3547 1041 189 8 47 1437 501 79 181 11 286 216 1086 132 342 478 319 1273 152 913 96 86 79 88 8 20
internal_value=0.00901454 0.00433276 -0.0105885 -0.00177226 -0.00844774 -0.0296382 0.0120415 0.0132827 0.00707962 0.0106616 0.0182377 -0.00837798 0.0234674 0.0253761 0.00567506 0.013912 0.0341663 -0.000357599 0.0333303 -0.0461267 -0.0479066 0.0253109 0.0398377 -0.0523617 0.0252624 0.0319653 0.0206668 0.0410056 0.0598042 0.0346255
internal_weight=2143.35 1422.14 484.208 412.261 372.09 228.697 937.932 926.5 707.863 664.731 721.209 118.273 602.936 590.339 182.359 78.4635 407.98 57.4527 218.638 40.8088 43.1315 143.394 350.528 39.809 181.825 62.6734 141.55 56.854 40.1707 18.6335
internal_count=19277 14783 9725 6860 6736 4588 5058 4869 4423 4057 4494 1883 2611 2405 854 891 1551 313 446 489 366 2148 1238 992 438 390 365 174 124 116
is_linear=0
shrinkage=0.05


Tree=96
num_leaves=31
num_cat=0
split_feature=4 24 7 6 13 27 10 24 16 16 15 1 7 11 27 8 11 13 14 13 6 14 7 7 12 8 1 6 7 4
split_gain=34.5431 40.8867 42.1247 101.199 50.8021 55.213 45.1035 41.7435 40.6497 56.1869 40.3214 39.3728 39.5749 36.8279 51.136 35.0801 34.9835 33.4721 41.3793 28.794 26.2352 26.2126 13.4344 15.1883 9.78879 9.64963 6.51225 23.5284 2.6185 1.77964
threshold=6.5000000000000009 625.50000000000011 12.500000000000002 4.5000000000000009 0.055710738671632454 510550.84000000003 0.10755813953488366 697.50000000000011 0.26692111959287529 0.24248871695680208 0.24509048902579897 12.500000000000002 1.5000000000000002 0.17293726874102941 30.304305321996235 3.7306582894673368 0.25056053811659196 0.11119697750300532 0.029459980713596855 0.071126025354213265 32.500000000000007 0.025751547303271404 18.500000000000004 2.5000000000000004 2.8761099064345133 3.6402717280806791 40.500000000000007 34.500000000000007 33.500000000000007 9.5000000000000018
decision_type=2 2 2 2 2 2 2 2 2 2 2 2 2 2 2 2 2 2 2 2 2 2 2 2 2 2 2 2 2 2
left_child=1 11 3 7 6 -6 -5 -3 9 10 -4 12 -1 15 -15 -14 -9 18 -10 -11 21 24 23 -2 -13 -19 29 28 -28 -24
right_child=22 2 8 4 5 -7 -8 16 17 19 -12 20 13 14 -16 -17 -18 25 -20 -21 -22 -23 26 -25 -26 -27 27 -29 -30 -31
leaf_value=-0.062642015822752264 0.050623211319781362 -0.055715741569169176 0.0084499011426980783 -0.048091817810931171 -0.057953231161707447 0.035086797124396628 0.023618963431984497 0.027983472074323629 -0.044347852865997024 -0.11223285600467073 -0.075519498507830074 -0.067984171689591685 0.034976594908701079 -0.060314105459045801 0.017393746120669233 0.0042429688419153072 -0.057027899867214488 0.072304669520148343 0.027449656857929067 -0.023678781980714356 -0.17769956764774864 0.036348352522523192 0.036211380620782468 -0.065810066967123312 0.025694174272374932 0.037556420380770589 -0.053307602043326067 0.037581736091226406 -0.14575524046469893 0.051094941437834662
leaf_weight=13.992931603337636 4.5717868804931623 18.661855910206214 591.71946121344808 33.983544670103583 146.52607729510055 17.755035246256739 61.34897209337214 181.83017708454281 26.155087971012108 13.893045931938103 14.541590077249564 18.360964762570806 384.73150357592385 29.838596292480361 72.092120060347952 122.91969547432382 12.836603567644486 35.511266299057752 84.733400246594101 27.492929039639421 2.7948001828044644 12.62598787806928 41.684544727613684 6.8243100790714379 3.1456115022301665 48.98363080737181 4.6718622316839165 27.611650712788105 1.0256951972842214 50.976151823066175
leaf_count=343 1 560 3597 1230 3776 79 279 2788 224 164 270 504 1297 867 535 518 859 3 150 223 21 16 93 458 21 89 259 21 9 23
internal_value=0.008683 0.00699378 0.00189428 -0.0100431 -0.0310101 -0.0478521 -0.00191527 0.0154523 0.00859749 0.00255693 0.00641547 0.0171446 0.0201214 0.0220394 -0.00534181 0.0275471 0.0223256 0.0285833 0.0104451 -0.0537253 -0.032908 -0.0204218 0.032929 -0.0186314 -0.0539956 0.0522876 0.0376443 0.0183482 -0.0730398 0.0444995
internal_weight=2113.84 1976.47 1315.97 472.942 259.614 164.281 95.3325 213.329 843.03 647.647 606.261 660.502 623.575 609.582 101.931 507.651 194.667 195.383 110.888 41.386 36.9274 34.1326 137.366 11.3961 21.5066 84.4949 125.97 33.3092 5.69756 92.6607
internal_count=19277 18413 14291 9571 5364 3855 1509 4207 4720 4254 3867 4122 3560 3217 1402 1815 3647 466 374 387 562 541 864 459 525 92 405 289 268 116
is_linear=0
shrinkage=0.05


Tree=97
num_leaves=31
num_cat=0
split_feature=4 24 2 6 6 7 27 18 11 27 7 24 5 8 14 12 15 8 18 16 27 11 7 7 15 18 0 17 18 11
split_gain=32.9247 37.3815 60.5628 47.8372 70.8961 69.8103 62.7877 40.3802 35.1134 45.7693 38.1718 37.5704 40.3048 39.4402 69.5083 39.0753 32.7996 29.8121 21.6435 19.0861 15.9707 12.9535 12.5611 14.4298 10.5192 6.77928 6.56176 5.86951 12.54 8.48435
threshold=6.5000000000000009 625.50000000000011 158610.36000000002 12.500000000000002 4.5000000000000009 9.5000000000000018 3.6263242141457233 1539.5000000000002 0.17293726874102941 30.304305321996235 10.500000000000002 275.50000000000006 1.748260756710512 3.7306582894673368 0.010537419498112302 1.4496415490619237 0.27842377260981915 3.2189606473413233 301.50000000000006 0.36425061425061428 9283.3790715860214 0.1600389755011136 18.500000000000004 2.5000000000000004 1.0000000180025095e-35 516.50000000000011 9.5000000000000018 3.5000000000000004 986.50000000000011 0.13750934230194323
decision_type=2 2 2 2 2 2 2 2 2 2 2 2 2 2 2 2 2 2 2 2 2 2 2 2 2 2 2 2 2 2
left_child=1 8 3 4 7 -6 24 -3 11 -10 17 12 18 15 -15 -13 -8 -11 -1 25 -12 -14 23 -2 -5 -4 -27 28 -24 -30
right_child=22 2 19 6 5 -7 16 -9 9 10 20 13 21 14 -16 -17 -18 -19 -20 -21 -22 -23 27 -25 -26 26 -28 -29 29 -31
leaf_value=-0.078710179908510577 0.050387115826568699 0.002628842477442191 0.041239541611400657 0.04054654130475871 -0.055937593709001157 -0.0050117711739323381 0.015161411960230395 0.057807307398101027 -0.059775688903982604 -0.056961499444872679 -0.071763877297878129 -0.028231156517727451 0.032386772025656367 -0.063515709030057182 0.024062394976198741 0.040303401849840985 -0.095638052734778697 0.050492285266872619 0.047026071075134748 0.035791331951468913 0.012474835232581843 -0.020227589084772082 0.032410522978040979 -0.065717001571760927 -0.073317956804430956 -0.08708527342004159 0.013494921177540363 0.048364751429460361 0.044082595644014483 -0.09936822771791913
leaf_weight=22.790698533353865 4.36914014816284 173.90517860534601 1.0581175675615693 2.0903521124273565 110.36178175662644 172.89180091692833 734.59183214331279 40.936540352442535 31.83444758458063 7.3978849701816207 15.136520222877154 22.090265276958235 35.683388795820065 29.799975407659076 93.355225394945592 319.3820918421261 6.6305328534217542 45.301119953626767 3.9032354578375807 4.1578695885837069 8.7354722981108335 17.177257015369833 57.121846103167627 6.5005881328543182 24.397840905527119 27.92612160847057 1.6042825684417028 59.904636631021276 1.4005500078201283 3.0719303487567231
leaf_count=343 1 3821 2 6 3767 1746 3366 412 1050 237 346 399 68 412 156 924 102 78 3 5 70 36 299 458 440 609 15 53 1 52
internal_value=0.00835811 0.00671842 0.0018138 0.0036074 -0.00845315 -0.024884 0.011439 0.013188 0.0164835 -0.00946311 0.0114399 0.0216622 -0.0100314 0.0271006 0.00279614 0.0358482 0.0141508 0.0352339 -0.0600313 -0.0632062 -0.0408064 0.0151892 0.0324913 -0.0185587 -0.0640254 -0.0768986 -0.0814253 0.037111 0.0260243 -0.0533717
internal_weight=2085.51 1953.14 1300.55 1265.81 498.095 283.254 767.711 214.842 652.588 108.405 76.571 544.182 79.5546 464.628 123.155 341.472 741.222 52.699 26.6939 34.7464 23.872 52.8606 132.369 10.8697 26.4882 30.5885 29.5304 121.499 61.5943 4.47248
internal_count=19277 18413 14291 13660 9746 5513 3914 4233 4122 1781 731 2341 450 1891 568 1323 3468 315 346 631 416 104 864 459 446 626 624 405 352 53
is_linear=0
shrinkage=0.05


Tree=98
num_leaves=31
num_cat=0
split_feature=4 24 2 10 23 23 15 16 1 16 17 1 8 0 17 16 8 17 18 10 23 14 3 12 15 12 18 18 18 14
split_gain=31.2177 34.5676 56.5946 42.3303 85.6575 54.7925 38.4432 39.637 35.2087 28.9936 45.5978 38.982 25.784 21.9538 20.7103 17.9455 14.3229 10.8784 18.0977 13.8108 9.8696 9.46886 8.47411 13.3746 6.79235 6.07024 6.01563 5.53907 3.27917 2.93823
threshold=6.5000000000000009 625.50000000000011 158610.36000000002 0.14825581395348839 36.770704996577699 37.508555783709795 0.26705426356589146 0.26692111959287529 12.500000000000002 0.19807227796358229 39.500000000000007 3.5000000000000004 3.9434079933211876 6.5000000000000009 122.50000000000001 0.36425061425061428 3.9434079933211876 3.5000000000000004 1096.5000000000002 0.18313953488372087 19.889117043121153 0.0099173824667234522 0.66208455401014643 2.9668991407349821 0.083722741433021761 1.8304444320150288 516.50000000000011 1126.5000000000002 485.50000000000006 0.02332381340949265
decision_type=2 2 2 2 2 2 2 2 2 2 2 2 2 2 2 2 2 2 2 2 2 2 2 2 2 2 2 2 2 2
left_child=1 8 3 4 29 -6 7 -5 9 11 12 14 -11 20 -1 24 -12 18 19 -2 -10 -15 23 -21 -4 -8 -26 -22 -24 -3
right_child=17 2 15 6 5 -7 25 -9 13 10 16 -13 -14 21 -16 -17 -18 -19 -20 22 27 -23 28 -25 26 -27 -28 -29 -30 -31
leaf_value=0.00070252745723359657 -0.058069420665119977 -0.055301842826037818 -0.2573915009540193 0.005885513638372173 0.057101660372497837 -0.0055867515735570491 0.035952125570783915 0.032970349840590753 0.023667010852783832 0.036289672966874652 -0.056344692611563253 -0.066076298080051263 0.0058685164634755885 -0.071289097465529486 0.040422727118763081 0.035118276326513563 -0.29879118108169173 0.047055043475258636 -0.093082489159720574 -0.089298187553212532 -0.072029253999203638 0.031222819540297948 0.004831315958770622 0.048979129054966923 0.041502258805285713 -0.084031630545144009 -0.076425727038515134 -0.19377439690216994 0.042590695976887832 -0.084215516711180063
leaf_weight=137.97732581174932 4.6252663982450022 54.796422701678239 0.44279928901233034 589.83502975615556 38.360763882519677 371.79260928064468 1.0381887515541155 175.40507698128931 2.4937596089439493 304.02126414119266 10.921569901402105 18.352563741442282 90.934225518954918 2.6321076328167683 43.071277982264291 4.0308495843783012 0.56786842085421163 61.936819997848943 3.3797953441971904 3.4597680972656226 16.437476989056453 12.400060432730241 6.9877251837169743 3.3032751083374023 1.0089583396911646 12.054460508341434 28.033670057426207 1.0000169239938248 44.252193149412051 12.054755966935771
leaf_count=1144 321 2639 17 3510 123 6669 4 354 11 984 402 408 427 95 185 5 10 84 75 145 421 26 74 1 1 195 608 9 164 166
internal_value=0.00804622 0.00645617 0.00173268 0.00345067 -0.0082707 0.000276663 0.0106407 0.0121038 0.0159469 0.0187689 0.0264304 0.00312192 0.0293014 -0.0327245 0.0101966 -0.062284 -0.0712338 0.0319645 0.0176793 0.0238752 -0.0670428 0.0125902 0.0305844 -0.0213012 -0.0758422 -0.0739381 -0.0720289 -0.0803614 0.0375582 -0.0607083
internal_weight=2057.61 1929.66 1288.85 1255.34 477.005 410.153 778.333 765.24 640.81 605.846 406.445 199.401 394.955 34.9634 181.049 33.5163 11.4894 127.945 66.008 62.6282 19.9313 15.0322 58.003 6.76304 29.4854 13.0926 29.0426 17.4375 51.2399 66.8512
internal_count=19277 18413 14291 13660 9597 6792 4063 3864 4122 3560 1823 1737 1411 562 1329 631 412 864 780 705 441 121 384 146 626 199 609 430 238 2805
is_linear=0
shrinkage=0.05


Tree=99
num_leaves=31
num_cat=0
split_feature=11 24 7 11 11 8 8 5 19 27 11 23 11 27 9 8 14 24 23 1 19 12 27 17 12 8 15 29 5 9
split_gain=28.6911 31.903 72.1544 107.31 66.7354 43.4248 45.7917 38.8986 40.2417 38.2203 37.5587 32.0894 29.6419 42.713 41.9046 30.1656 51.2433 34.9239 41.614 25.9911 25.4805 25.0795 24.5595 20.7616 29.5742 35.572 21.578 21.6913 18.224 16.4897
threshold=0.040270270270270254 628.50000000000011 12.500000000000002 0.19167997870074541 0.26339712918660291 3.9898569214791393 4.2497049981380739 2.846049826651543 3108.7808888888894 3.6263242141457233 0.18519259259259258 36.770704996577699 0.17500813272608975 30.304305321996235 0.81853972798854702 3.7306582894673368 0.0051874271604242005 327.50000000000006 62.121834360027385 1.5000000000000002 22408.514166666671 2.2433122968709207 37.901751111235988 65.500000000000014 1.5717529001735173 1.0000000180025095e-35 0.11690309690309686 3.5000000000000004 0.91661998685237067 0.33514492753623187
decision_type=2 2 2 2 2 2 2 2 2 2 2 2 2 2 2 2 2 2 2 2 2 2 2 2 2 2 2 2 2 2
left_child=23 12 3 7 11 10 20 -3 -9 -8 22 -5 15 -14 29 17 -17 18 -2 -19 -7 -18 -4 -1 25 -25 27 -26 -16 -15
right_child=1 2 5 4 -6 6 9 8 -10 -11 -12 -13 13 14 28 16 21 19 -20 -21 -22 -23 -24 24 26 -27 -28 -29 -30 -31
leaf_value=0.029052554147367588 0.0080460058595138162 -0.06159291326984781 -0.0051297015478300951 -0.057927931020853946 -0.059107333999473224 -0.06153066851422994 -0.077160953047739289 0.034280416439116744 -0.061855340001047747 0.0075620277744326532 -0.063025977423570773 0.034534929547898795 -0.059305479731270039 -0.062527744942793062 0.030584094057168845 -0.053574128682585757 -0.087890698825075331 -0.060678192244134559 -0.13062416562975437 0.03911497099227295 0.017934230480851063 0.02272337982899035 0.038395385877262496 0.031774372807992265 -0.083744833255826281 -0.056236847270233106 0.039483930956105751 0.045891734066353579 -0.069823578861068367 0.042480067091993812
leaf_weight=239.26517095562303 39.212524633388966 124.7185278252 39.083606894477271 10.116179127973735 27.656268251768779 42.083645125880139 13.567644960770847 25.257460059772711 18.951837159052957 500.82429884508019 11.093512096093034 111.67347064358182 30.031261642463505 3.9108940109144887 5.8997509888722588 32.433179432933684 5.2632896516006431 6.5740321699995539 6.1667325475718817 251.34004708394059 13.091629322792867 109.24760057858657 183.6851789598004 17.469641966570634 7.9170926315127854 32.824667557113571 53.07181571709225 5.2643696218729019 17.815544238779694 50.820278336876072
leaf_count=860 226 3564 325 555 1542 1031 212 187 601 2385 382 1253 1074 106 50 486 45 167 88 714 52 295 485 108 167 1450 174 5 539 149
internal_value=0.00772244 0.00498694 0.000120302 -0.0200156 0.0108173 0.00810724 0.000648429 -0.0473125 -0.00686523 0.00530309 0.0262436 0.0267725 0.0147476 -0.0086765 0.0106927 0.020403 0.00177108 0.0294101 -0.0109342 0.0365294 -0.042587 0.0175233 0.0307378 0.0206232 0.00326545 -0.0255647 0.0252319 -0.0316388 -0.0446113 0.034785
internal_weight=2036.33 1680.52 1121.8 318.374 149.446 803.43 569.567 168.928 44.2093 514.392 233.862 121.79 558.715 108.478 78.4465 450.237 146.944 303.293 45.3793 257.914 55.1753 114.511 222.769 355.813 116.548 50.2943 66.2533 13.1815 23.7153 54.7312
internal_count=19277 16513 12574 7702 3350 4872 3680 4352 788 2597 1192 1808 3939 1918 844 2021 826 1195 314 881 1083 340 810 2764 1904 1558 346 172 589 255
is_linear=0
shrinkage=0.05


Tree=100
num_leaves=31
num_cat=0
split_feature=11 27 6 13 16 16 15 11 12 23 8 14 30 27 23 19 8 13 17 15 15 11 24 24 23 14 19 19 14 19
split_gain=34.3672 44.1754 50.8316 71.17 60.2657 69.8681 57.7802 57.1153 62.4711 53.1506 35.1176 29.9951 43.7563 53.3113 43.9507 39.5979 36.1333 29.5645 27.6716 21.1572 23.9909 32.8025 13.954 9.89084 8.43454 16.1676 31.8773 7.56964 6.308 11.839
threshold=0.10031446540880502 1016202.0750000001 6.5000000000000009 0.066772823779193163 0.21952852058641067 0.21177645883528232 0.13338692390139331 0.90442092154420928 2.7958275979250273 36.770704996577699 1.918840940606847 0.071946169772256721 1.5000000000000002 290.89429300265289 79.330595482546215 31779.774545454547 5.4692868805049146 0.1676706827309237 1.0000000180025095e-35 0.3585714285714286 0.20949163449163447 0.047247023809523808 856.50000000000011 774.50000000000011 66.451745379876812 0.077254641909814306 3694.086666666667 3694.086666666667 0.0036798559202686006 7287.6960000000008
decision_type=2 2 2 2 2 2 2 2 2 2 2 2 2 2 2 2 2 2 2 2 2 2 2 2 2 2 2 2 2 2
left_child=11 2 9 7 5 -5 -6 8 -4 -2 -11 12 13 14 15 -1 22 -12 27 20 21 -14 -15 24 25 -13 -27 -3 -20 -30
right_child=1 18 3 4 6 -7 -8 -9 -10 10 17 23 19 16 -16 -17 -18 -19 28 -21 -22 -23 -24 -25 -26 26 -28 -29 29 -31
leaf_value=-0.045827434003872347 -0.053904857421860679 0.018584469544716219 -0.065084604154693498 -0.0044926083488352605 -0.031238750081438438 -0.082273819028088335 0.025617428564042189 0.052829768268751832 0.002880004529740526 -0.056280307060887491 0.034680452240025125 0.047831089601616292 0.030421973798303255 0.044113867301983856 0.044048367670528672 0.026547639113184016 -0.08019735487338131 -0.055110843005179738 0.0589133649091379 -0.06679137706549991 0.050255704629884858 -0.025149639522071044 -0.018452663992952988 0.05024802085832001 0.040289957236239106 0.038964870589007501 -0.21505868808280681 -0.085733962946503969 -0.037029507600030979 0.044491567140537945
leaf_weight=103.26084075309336 22.049943348421948 2.4512728138361117 104.3444569754065 506.82955946968286 52.03130375809269 30.533252579130931 310.57799648598302 17.116709869005717 49.778936602175236 11.959276653069535 228.44069527913234 3.8818502672947961 111.90031142043881 73.78388070105575 21.80676525994204 22.96470821253024 7.0723513253033152 9.4215701917419192 47.631873740407173 5.6924556702142572 88.942724195017945 34.627930044312961 9.9572538081556541 80.554485287517309 10.253448241157455 2.3844867772422731 2.3490711563499644 5.1416019322350621 5.4147963365248897 22.243629920529202
leaf_count=2299 1472 18 1952 5167 644 506 1387 14 230 978 2229 5 587 150 50 51 40 366 47 157 173 317 103 79 18 8 37 96 76 25
internal_value=0.00733372 0.00315653 0.000965205 -0.00393164 0.00168598 -0.00893597 0.0174389 -0.0334686 -0.0431133 0.0202722 0.0268582 0.0176027 0.0124053 -0.00274529 -0.0212613 -0.0326098 0.0273724 0.0310812 0.0385617 0.027426 0.0297523 0.0172469 0.0366016 0.0426075 0.0096321 -0.0263247 -0.0879034 -0.0516022 0.0477772 0.0282758
internal_weight=2005.4 1425.97 1343.08 1071.21 899.972 537.363 362.609 171.24 154.123 271.871 249.822 579.433 480.009 238.846 148.032 126.226 90.8135 237.862 82.8832 241.163 235.471 146.528 83.7411 99.4233 18.8689 8.61541 4.73356 7.59287 75.2903 27.6584
internal_count=19281 15207 14945 9900 7704 5673 2031 2196 2182 5045 3573 4074 3927 2693 2400 2350 293 2595 262 1234 1077 904 253 147 68 50 45 114 148 101
is_linear=0
shrinkage=0.05


Tree=101
num_leaves=25
num_cat=0
split_feature=7 8 11 11 15 7 11 16 11 19 23 8 8 16 22 22 14 18 12 11 8 18 19 5
split_gain=35.1041 46.2063 58.4874 58.5518 73.8078 47.2652 64.4843 47.5126 44.4252 31.7049 23.8167 42.3391 26.6145 18.8812 17.2356 12.4389 4.77689 4.32719 2.01259 2.18374 9.27554 1.50838 0.319108 0.193966
threshold=1.5000000000000002 2.7830167420461192 0.37638888888888894 0.22586618876941458 0.048199767711962806 11.500000000000002 0.047247023809523808 0.18870581982460796 0.25056053811659196 4607.4381500000009 36.770704996577699 1.0000000180025095e-35 1.5011101264776212 0.90000000000000013 1.0000000180025095e-35 2.5000000000000004 0.011093991808565651 1.0000000180025095e-35 2.4980708421893305 0.90442092154420928 5.8642945565228972 1.0000000180025095e-35 43574.922500000008 1.9583148337368124
decision_type=2 2 2 2 2 2 2 2 2 2 2 2 2 2 2 2 2 2 2 2 2 2 2 2
left_child=15 8 3 5 9 6 -3 -7 10 -5 11 -2 13 -12 -14 23 -6 -17 19 20 -4 -10 -13 -1
right_child=1 2 18 4 16 7 -8 -9 21 -11 12 22 14 -15 -16 17 -18 -19 -20 -21 -22 -23 -24 -25
leaf_value=-0.055373685452380299 0.04938182958892022 0.035072666126833664 -0.061059662174555746 -0.061389150493810198 -0.057204051269277995 -0.013855359116215903 -0.020922301937687078 0.014507821884399122 -0.13937816394868055 0.049309271097461305 -0.041987286155442616 -0.055516596034517252 -0.054406451755350443 0.046322962476248127 0.038368422048025937 0.04402173438577725 -0.089760117298556708 -0.046990556466380812 0.057588071011305843 0.054231671449136765 0.051852972262750333 -0.052668377838529935 -0.099735642419179579 -0.075246167257889685
leaf_weight=22.495702863583578 16.413460408803076 62.157549808558542 2.5248327094013803 8.684292672085574 21.876344188232906 176.27692326417309 294.10974169432302 902.35150773229543 0.54420603811741131 24.246031838003546 19.226227806298994 19.727299283054894 4.969105106254573 8.6793200372485462 280.53854163605138 4.5873737186193457 29.031866480218014 1.6752462028525767 45.324668872635812 8.089320182800293 5.7101097106933594 15.641955640428931 0.81390223070047696 4.1661163801327339
leaf_count=1222 12 236 67 237 887 1989 3880 4364 3 44 620 1349 193 17 2506 2 399 94 24 1 1 1050 17 67
internal_value=0.00706052 0.00792941 0.00421522 0.00227217 -0.0383113 0.00464938 -0.0111318 0.00986702 0.0239238 0.0198673 0.0276792 -0.0101587 0.0321584 -0.0142747 0.0367177 -0.0440368 -0.0760077 0.0185343 0.0519206 0.0356254 0.0163169 -0.0567286 -0.0579856 -0.0589353
internal_weight=1979.86 1946.94 1580.38 1518.73 83.8385 1434.9 356.267 1078.63 366.554 32.9303 350.368 36.9547 313.413 27.9055 285.508 32.9244 50.9082 6.26262 61.6489 16.3243 8.23494 16.1862 20.5412 26.6618
internal_count=19281 17896 12129 12036 1567 10469 4116 6353 5767 281 4714 1378 3336 637 2699 1385 1286 96 93 69 68 1053 1366 1289
is_linear=0
shrinkage=0.05


Tree=102
num_leaves=25
num_cat=0
split_feature=7 8 11 11 15 6 13 8 11 12 11 13 15 17 18 22 14 18 27 11 6 18 13 5
split_gain=32.8574 42.6428 55.1689 54.7024 69.3753 42.9227 58.682 57.0286 41.3374 25.4509 23.4391 51.8184 39.0432 31.3501 17.3743 11.7805 4.18351 4.0816 1.97914 2.21233 2.50395 1.18932 0.963679 0.116767
threshold=1.5000000000000002 2.7830167420461192 0.37638888888888894 0.22586618876941458 0.048199767711962806 12.500000000000002 0.10524785801713581 3.6646976646111575 0.25056053811659196 2.6442780881957479 0.23509672325305961 0.06761837024994917 0.90000000000000013 240.50000000000003 692.50000000000011 2.5000000000000004 0.011093991808565651 1.0000000180025095e-35 4.204660630552266 0.90442092154420928 31.500000000000004 1.0000000180025095e-35 0.11755368814192342 1.9583148337368124
decision_type=2 2 2 2 2 2 2 2 2 2 2 2 2 2 2 2 2 2 2 2 2 2 2 2
left_child=15 8 3 5 9 6 -3 -7 10 -5 11 13 -13 -2 -12 23 -6 -17 -4 20 -20 -10 -16 -1
right_child=1 2 18 4 16 7 -8 -9 21 -11 14 12 -14 -15 22 17 -18 -19 19 -21 -22 -23 -24 -25
leaf_value=-0.055164990025553355 0.036819607436675603 -0.022703066974037622 0.060757743537748293 -0.058970622769021347 -0.056930850257280396 0.046487237749225085 0.013931843501760001 0.0063120016040457225 -0.13068065423087669 0.044910890811400088 -0.05023262807405339 -0.036177341066260568 0.055003561814232438 -0.056746516302155506 0.050065335052035101 0.043451315535855489 -0.088200849343208446 -0.046645008305824576 0.0021467352713087549 0.054510306310496762 0.045519595108731159 -0.052516145813920515 0.069087589839183769 -0.073888864690722006
leaf_weight=21.477860821731163 212.39029852169915 275.95758422612562 30.143148850067519 7.6700638890033614 20.907241810113192 98.260907550924458 180.70993080467451 873.07576751636225 0.55769391357898612 24.098118061199784 3.4094175879145032 54.558181357715512 14.82485279208049 9.2187493278470338 12.736604537698438 4.4207726418972006 28.093517930508824 1.6057752366177735 6.5033012341009453 15.391147136688232 7.3327887486666441 14.92141948774224 37.702760158164892 4.0356725290184832
leaf_count=1222 1306 3353 33 243 887 165 1640 5311 3 38 192 2506 28 553 82 2 399 94 53 2 5 1050 47 67
internal_value=0.00677453 0.00760557 0.00403701 0.00217154 -0.0378279 0.00443993 -0.00819528 0.0103857 0.0231169 0.0195666 0.0267194 0.0210708 -0.0165719 0.0328809 0.0570557 -0.0437437 -0.0751038 0.0182595 0.0512767 0.0411542 0.0256538 -0.056474 0.0644917 -0.0585988
internal_weight=1960 1928.46 1568.14 1508.77 80.7689 1428 456.668 971.337 360.32 31.7682 344.841 290.992 69.383 221.609 53.8488 31.5401 49.0008 6.02655 59.3704 29.2272 13.8361 15.4791 50.4394 25.5135
internal_count=19281 17896 12129 12036 1567 10469 4993 5476 5767 281 4714 4393 2534 1859 321 1385 1286 96 93 60 58 1053 129 1289
is_linear=0
shrinkage=0.05


Tree=103
num_leaves=31
num_cat=0
split_feature=4 6 13 6 19 23 8 2 4 12 17 17 12 8 24 8 8 17 0 9 19 15 27 15 18 13 23 4 13 9
split_gain=30.1399 32.7896 53.6083 63.6645 93.9707 68.4807 56.4711 46.1863 36.9899 68.1474 38 35.4822 31.2007 26.4267 24.1345 23.8548 23.6627 18.4771 15.0731 27.6586 13.8282 7.95014 22.0508 9.61572 9.97036 7.67394 4.0456 13.3777 2.63003 1.48041
threshold=5.5000000000000009 6.5000000000000009 0.22318007662835249 12.500000000000002 24004.011666666669 51.448323066392888 3.6646976646111575 122214.65000000001 1.5000000000000002 1.6645558116179004 5.5000000000000009 1.5000000000000002 1.627173220899911 2.3238928176305653 756.50000000000011 3.2189606473413233 3.9090016373836094 57.500000000000007 3.5000000000000004 0.98650808342589169 4051.715714285715 0.14474937343358393 1344.7165175156463 0.16744583411978578 355.50000000000006 0.092395354111319869 33.192334017796036 2.5000000000000004 0.084273196240548368 0.98650808342589169
decision_type=2 2 2 2 2 2 2 2 2 2 2 2 2 2 2 2 2 2 2 2 2 2 2 2 2 2 2 2 2 2
left_child=1 8 3 4 5 -3 20 -8 9 12 15 -10 13 -1 -6 -11 17 -13 21 25 -5 -2 23 24 -23 -20 -4 -28 -25 -24
right_child=18 2 26 6 14 -7 7 -9 11 10 -12 16 -14 -15 -16 -17 -18 -19 19 -21 -22 22 29 28 -26 -27 27 -29 -30 -31
leaf_value=0.01686327446976912 0.048292539781555767 -0.061121631828542133 0.059267147255524635 0.053396534703797863 0.044036273889826956 -0.011962409215419323 0.0049075677322395284 -0.041785594929303956 -0.062393078175976981 -0.071896089367531113 -0.056414425843558103 0.04765647497059719 0.060669414006733119 -0.053507938610271477 -0.048737695961140137 0.043856493307624075 -0.08148566061676861 -0.052786165611001579 -0.0093697742836492039 -0.058794367516161072 -0.0022023616322551696 0.042267014187951368 -0.14434426819202248 0.011729385310263928 -0.091715357824950342 0.039216485818011702 -0.059442249873449871 0.052016050237456583 0.045748083224514374 -0.063789194355338516
leaf_weight=172.31994905075408 65.483833265956491 116.75692740129307 36.69080781127559 70.838083152484614 61.179447133210488 180.91304108314216 748.23675721205655 56.884876328200335 8.6165201818221231 5.6451696209842366 55.923672707984224 141.93382316868519 38.865516788209789 14.336026428150943 7.7826969140442079 19.447918405989185 3.7123703372199079 4.6050505246967068 11.173155875410883 12.927594121021682 13.063912956276907 2.4229891665745518 0.97959756664931674 7.4202287928201249 2.9300592211075127 28.018653153907508 3.310392770159523 12.325356451328842 33.982991153548937 3.2003601269097999
leaf_count=2688 77 2506 52 103 122 2224 4401 678 384 185 2278 878 97 673 104 40 61 336 35 823 74 7 9 21 80 29 154 6 74 82
internal_value=0.00649722 0.00457269 0.000512813 -0.00155148 -0.0190834 -0.0312753 0.00567438 0.00159753 0.0159693 0.00579785 -0.0334862 0.0355479 0.0199411 0.0114059 0.0334385 0.0174353 0.0412356 0.0444321 0.0267029 0.0042348 0.0446877 0.0367063 0.0216477 0.031611 -0.0304901 0.0252492 0.0500525 0.0278726 0.0398147 -0.0867675
internal_weight=1941.93 1773.39 1307.98 1255.66 366.632 297.67 889.024 805.122 465.406 306.538 81.0168 158.868 225.521 186.656 68.9621 25.0931 150.251 146.539 168.539 52.1194 83.902 116.42 50.9362 46.7563 5.35305 39.1918 52.3266 15.6357 41.4032 4.17996
internal_count=19281 18044 10424 10212 4956 4730 5256 5079 7620 5961 2503 1659 3458 3361 226 225 1275 1214 1237 887 177 350 273 182 87 64 212 160 95 91
is_linear=0
shrinkage=0.05


Tree=104
num_leaves=24
num_cat=0
split_feature=7 8 13 6 19 23 8 24 19 23 8 8 27 27 22 17 19 22 23 4 18 19 5
split_gain=30.6724 37.4547 44.4744 50.2657 58.0583 80.5247 51.0028 30.7749 29.8888 21.9569 39.0948 26.9569 20.3567 18.2671 15.2679 12.2355 11.5064 11.3263 4.82688 15.2309 3.88284 0.149897 0.0457014
threshold=1.5000000000000002 2.7830167420461192 0.22318007662835249 12.500000000000002 24004.011666666669 40.097193702943194 3.6646976646111575 663.50000000000011 64558.278928571439 36.770704996577699 1.0000000180025095e-35 1.5011101264776212 0.023667015892136253 0.0017891463054638503 1.0000000180025095e-35 1.0000000180025095e-35 6554.9262637892998 2.5000000000000004 33.192334017796036 1.5000000000000002 1.0000000180025095e-35 43574.922500000008 1.9583148337368124
decision_type=2 2 2 2 2 2 2 2 2 2 2 2 2 2 2 2 2 2 2 2 2 2 2
left_child=17 9 3 4 5 -3 16 -8 -6 10 -2 13 -13 -11 -14 -15 -5 22 -4 -20 -19 -12 -1
right_child=1 2 18 6 8 -7 7 -9 -10 11 21 12 14 15 -16 -17 -18 20 19 -21 -22 -23 -24
leaf_value=-0.055017475152490447 0.046686861567731497 -0.065046377754516174 0.058208498987101343 0.050641792023467615 0.038912606159118644 -0.0080022754377701583 -0.013673270334633928 0.0091824360033927778 -0.075328281375710418 0.041467681064506233 -0.054745736980657857 -0.053350287455686131 -0.053720351353197908 0.046452960711390295 0.03474981973645979 -0.061397181668263516 0.0020105368582127203 0.043033080269292097 -0.060406759265512255 0.046638376702515354 -0.046298399419282009 -0.092268716074313861 -0.072532216124911467
leaf_weight=20.696055140055257 15.380277507647405 77.161133631016128 35.444294332293794 79.93342709337594 67.018140386324376 312.1553130930406 183.55779842857737 741.33332180106663 6.1404228489845982 8.4742913069203514 21.232346746517582 6.844512414536438 4.8372802872327147 2.9650402627885368 269.17427893431159 17.411627190420404 14.607459162361918 4.3050923496484748 3.8989124827785444 18.95966348744696 1.544617257080972 0.83427384798414905 3.914048026665113
leaf_count=1222 16 1949 35 114 191 3675 1651 4247 77 26 1642 264 214 3 2741 839 68 2 93 29 94 22 67
internal_value=0.0062512 0.00705772 0.00370916 0.00201883 -0.0116471 -0.0193349 0.00822394 0.00464 0.029166 0.0218945 -0.0141512 0.0262721 0.0310067 -0.0195927 0.0331507 -0.0453093 0.0431907 -0.0434189 0.0465102 0.0279787 0.018223 -0.0567998 -0.0582877
internal_weight=1917.82 1887.36 1540.21 1481.91 462.475 389.316 1019.43 924.891 73.1586 347.154 37.4469 309.707 280.856 28.851 274.012 20.3767 94.5409 30.4598 58.3029 22.8586 5.84971 22.0666 24.6101
internal_count=19281 17896 12129 11972 5892 5624 6080 5898 268 5767 1680 4087 3219 868 2955 842 182 1385 157 122 96 1664 1289
is_linear=0
shrinkage=0.05


Tree=105
num_leaves=31
num_cat=0
split_feature=11 24 24 30 27 23 8 23 12 24 3 11 27 8 10 30 24 12 16 20 13 12 17 23 20 23 9 19 19 26
split_gain=28.5564 31.1037 47.6185 56.395 118.973 99.1143 55.8413 42.3616 52.8174 46.9079 42.8397 41.4629 37.6674 30.0299 66.3668 39.335 29.4523 27.4375 20.2862 18.4464 18.2029 25.5624 12.1447 9.75192 7.83137 4.83807 13.5786 4.80631 3.28191 1.88452
threshold=0.37638888888888894 556.50000000000011 1856.5000000000002 1.5000000000000002 45.484942048437283 78.088980150581804 3.9898569214791393 28.573579739904179 1.8304444320150288 465.50000000000006 1.0017107622615329 0.2273547751887102 2729.9890937305922 3.7034651875097393 0.29360465116279072 1.5000000000000002 513.50000000000011 2.5898994260774146 0.077677224736048267 0.66432845420876085 0.019803921568627456 2.749322210874166 2114.0000000000005 27.774127310061605 0.86944972777743168 47.730321697467495 0.54580419580419581 106311.98500000002 986.5100000000001 1.0000000180025095e-35
decision_type=2 2 2 2 2 2 2 2 2 2 2 2 2 2 2 2 2 2 2 2 2 2 2 2 2 2 2 2 2 2
left_child=1 7 3 4 5 -3 -6 16 27 10 -10 17 13 15 -15 -4 20 -5 -2 -11 29 -22 -14 28 -20 -26 -27 -9 -18 -1
right_child=18 2 12 11 6 -7 -8 8 9 19 -12 -13 22 14 -16 -17 23 -19 24 -21 21 -23 -24 -25 25 26 -28 -29 -30 -31
leaf_value=0.024087947035806211 -0.055200876877964294 -0.049582608634768092 0.050099434687264938 0.00073594092457963619 0.022274513769242461 0.032907142078057054 -0.013927914483641307 -0.065749519013037674 -0.057650288934859753 0.047602318512403347 0.027712358332956096 -0.06521751155807784 -0.078350297367184074 -0.027161611047753192 0.036385138874440261 -0.055952906943546127 0.067564483670592132 0.024973329436490475 -0.046236821206150275 -0.06968244498553687 -0.090555432033926048 0.031163400947067162 0.04528010626493164 0.097715391021844344 0.056335627067387574 -0.076316832232671328 0.049368708784943496 0.030859010977654283 0.032877894001905238 0.053777762563963362
leaf_weight=9.450515709002504 5.1836515883624079 228.934660074563 119.83581080753356 210.23382441559806 233.69084826068138 43.150673827447463 195.42343606849317 23.316114877467047 15.562042089120949 3.886827755719426 232.49192363003385 16.891556439863052 12.08445702670724 69.461027795070549 100.13699758125586 9.3056236340780725 17.883934456389401 263.77857950622274 2.0756794436601913 20.272658432193566 7.6547051123925511 9.5597817636444216 2.2507226872257879 22.641907868441194 51.174891405156814 2.688199652126058 9.0834068899275717 1.2337018996477116 12.759386494930366 16.357610503677279
leaf_count=51 463 5138 1165 2450 1909 206 1415 489 297 7 795 592 366 870 190 592 6 1153 323 360 196 32 5 4 81 65 26 2 52 9
internal_value=0.00748032 0.00631785 0.00304264 -0.00151146 -0.0106139 -0.0364747 0.00577647 0.0188429 0.00946386 0.0158197 0.0223158 0.0114797 0.0203943 0.024211 0.0103286 0.0423815 0.0476518 0.0142365 0.0387867 -0.0504889 0.0166712 -0.0228825 -0.0584139 0.0724938 0.0464295 0.049633 0.0198445 -0.0605863 0.0534381 0.0432338
internal_weight=1968.46 1898.25 1505.18 1192.1 701.2 272.085 429.114 393.071 296.763 272.213 248.054 490.904 313.075 298.739 169.598 129.141 96.3078 474.012 70.2058 24.1595 43.0226 17.2145 14.3352 53.2852 65.0222 62.9465 11.7716 24.5498 30.6433 25.8081
internal_count=19309 18351 16051 12863 8668 5344 3324 2300 1950 1459 1092 4195 3188 2817 1060 1757 350 3603 958 367 288 228 371 62 495 172 91 491 58 60
is_linear=0
shrinkage=0.05


Tree=106
num_leaves=27
num_cat=0
split_feature=0 9 11 24 24 30 27 18 23 23 12 27 18 18 24 15 13 19 19 16 5 23 18 11 23 12
split_gain=27.7212 31.5554 29.735 35.8557 42.8164 50.1627 103.045 59.6627 40.2964 61.3407 48.4049 37.309 30.0991 28.9273 25.7691 24.1381 22.8002 13.04 10.3968 26.6409 8.74349 8.03295 7.46629 1.56142 1.22352 2.67743
threshold=7.5000000000000009 0.99695585291719191 0.37638888888888894 556.50000000000011 1856.5000000000002 1.5000000000000002 45.484942048437283 1257.5000000000002 28.314852840520196 42.922655715263524 1.8304444320150288 2729.9890937305922 1242.5000000000002 1312.5000000000002 513.50000000000011 0.075614636935391624 0.019803921568627456 5001.4987500000007 27812.215783410142 0.23014559024492798 0.86944972777743168 27.774127310061605 59.500000000000007 0.17086697389881664 40.568104038329913 2.6505851138625549
decision_type=2 2 2 2 2 2 2 2 2 2 2 2 2 2 2 2 2 2 2 2 2 2 2 2 2 2
left_child=2 17 3 8 5 6 -5 -7 14 12 -11 13 -10 -6 16 -4 -1 -2 19 23 -17 -16 -13 -19 -22 -26
right_child=1 -3 15 4 11 7 -8 -9 9 10 -12 22 -14 -15 21 20 -18 18 -20 -21 24 -23 -24 -25 25 -27
leaf_value=0.042919509706819153 0.05408826246567864 -0.058630667886523526 -0.056945707278743068 -0.036724548983384946 -0.078443748310221134 0.013387370992551202 0.0036791750745173179 -0.066969476710339246 -0.083997895458718261 -0.059335042553417629 0.023954158255110047 0.043578988404035034 0.041629253220307846 0.0243571017556844 0.052560520313879623 -0.046586873988054708 -0.040545788471746773 -0.13742923589083197 0.038988589208143638 0.029857048132108779 0.058204181978996641 0.093209659940667128 -0.077614109326234818 -0.065164175333831967 0.019804974504393953 0.05447325361730683
leaf_weight=24.863100185408257 62.000579005340114 8.6681086597382073 5.9342205984576131 261.78981902232044 6.9017356479889704 436.15195720660267 396.53950051611173 24.276341779448558 23.666440338856777 18.817568085039966 220.51869961252669 1.3059686422348011 5.8404582156799725 273.45188868546393 29.728473986673634 2.242285795917268 12.029908516909925 2.9010915130493222 20.297152488492429 10.137436697026713 33.573336765519343 22.559609645977616 11.612250447826225 1.8772549589630214 9.5118139383848774 16.322439773473889
leaf_count=56 37 567 526 5319 499 3582 3065 468 464 364 896 1 15 2306 53 313 187 39 15 19 37 3 367 29 75 7
internal_value=0.00720025 0.032076 0.00576256 0.0045154 0.000927847 -0.00352653 -0.0123832 0.00912603 0.0186463 0.00895441 0.0173627 0.0179326 -0.0589063 0.0217815 0.0477647 0.0382975 0.0155323 0.0402672 0.0157062 -0.0156918 0.0476237 0.0703384 -0.0647374 -0.111981 0.0513359 0.0420273
internal_weight=1943.52 105.882 1837.64 1770.05 1412.03 1118.76 658.329 460.428 358.024 268.843 239.336 293.272 29.5069 280.354 89.1811 67.5841 36.893 97.2135 35.2129 14.9158 61.6499 52.2881 12.9182 4.77835 59.4076 25.8343
internal_count=19309 706 18603 17645 15607 12434 8384 4050 2038 1739 1260 3173 479 2805 299 958 243 139 102 87 432 56 368 68 119 82
is_linear=0
shrinkage=0.05


Tree=107
num_leaves=31
num_cat=0
split_feature=4 15 30 24 5 24 18 27 2 0 1 9 5 13 11 3 3 23 9 23 24 13 18 5 13 24 9 9 7 23
split_gain=29.9189 30.154 34.7083 32.1763 44.3831 42.8377 91.9887 69.0805 59.0214 40.7698 35.9623 32.3907 26.9485 17.8857 12.5451 35.6821 23.0948 14.4366 23.3143 10.5191 24.3791 5.98514 4.30589 13.4344 3.5437 1.99933 2.86122 1.8264 1.44315 0.858847
threshold=5.5000000000000009 0.38675213675213677 1.5000000000000002 556.50000000000011 0.91661998685237067 691.50000000000011 626.50000000000011 178.37559235818043 98746.10000000002 1.5000000000000002 10.500000000000002 0.6198686371100165 1.43288253864244 0.19264507422402158 0.14820198105081825 2.7700071252455447 0.36388521161566911 47.240246406570854 0.94474969474969483 42.922655715263524 601.50000000000011 0.084578545706450473 1539.5000000000002 1.9583148337368124 0.52272727272727282 663.50000000000011 0.20074626865671644 0.98650808342589169 17.500000000000004 65.956194387405901
decision_type=2 2 2 2 2 2 2 2 2 2 2 2 2 2 2 2 2 2 2 2 2 2 2 2 2 2 2 2 2 2
left_child=1 3 19 4 28 6 7 -5 11 -6 -11 -7 -10 -8 25 16 -16 21 -19 22 24 -18 23 -3 -21 26 -2 -17 -1 -27
right_child=14 2 -4 5 9 8 13 -9 12 10 -12 -13 -14 -15 15 27 17 18 -20 20 -22 -23 -24 -25 -26 29 -28 -29 -30 -31
leaf_value=-0.059506205825314955 0.044724167931360588 -0.058189413542291693 -0.059550963614827791 -0.030471530170825059 -0.067255438657956856 0.018283050767834874 -0.08627685973370583 0.026402078821041831 0.043545633653757944 0.028952776643778613 -0.054125259390954986 -0.00021750320271392547 -0.076689975610413838 0.031643427335234002 -0.070492720045985599 -0.10870162564849671 -0.00049317188485109792 -0.18804456605893302 0.0092205781940624433 0.018087724125520826 -0.058385864250366584 0.047075315085853414 0.065019680621615325 0.049971043582109964 0.059914802280486804 0.038687741002041108 0.0027710604430433118 -0.057182048302090595 -0.12579744000126941 0.052290046988726115
leaf_weight=14.371156714390962 8.9094301536679286 3.1202132749022011 9.3734524549799954 113.54051909749978 12.309076333360279 373.30512137830374 47.67252509840182 100.56713316461537 5.3714122511446467 285.24834086629562 13.519235645129809 644.25873112143017 30.585505355411442 3.3337243314599609 5.8625554070604258 3.4009165330789966 7.2067507469910188 1.5486222223844404 16.028376605070662 9.0558525117812714 7.8977758679538956 59.191662727476796 33.659217767795781 24.755965266434941 13.157726287841797 29.068001769483089 7.9208767185336901 6.0385835228080396 1.0481187029508863 31.729617523495108
leaf_count=402 6 203 365 2006 312 3840 818 523 24 994 232 7119 708 18 302 25 48 21 209 75 345 154 27 53 1 29 37 378 20 15
internal_value=0.00691524 0.00492582 0.0314333 0.00329327 0.0173436 -0.000182878 -0.0181476 -0.0037346 0.00433441 0.0214666 0.0251599 0.00656586 -0.058519 -0.078425 0.0265097 0.0146349 0.0244163 0.0311776 -0.00884208 0.0408483 0.0163179 0.0418442 0.0527247 0.0375211 0.0432446 0.0415936 0.025408 -0.0772129 -0.0651161 0.045943
internal_weight=1923.06 1746.15 101.02 1645.13 326.496 1318.63 265.114 214.108 1053.52 311.077 298.768 1017.56 35.9569 51.0062 176.905 99.2775 89.838 83.9754 17.577 91.6468 30.1114 66.3984 61.5354 27.8762 22.2136 77.6279 16.8303 9.4395 15.4193 60.7976
internal_count=19309 18085 1069 17016 1960 15056 3365 2529 11691 1538 1226 10959 732 836 1224 1137 734 432 230 704 421 202 283 256 76 87 43 403 422 44
is_linear=0
shrinkage=0.05


Tree=108
num_leaves=26
num_cat=0
split_feature=0 9 11 24 11 27 24 23 23 18 27 14 18 24 15 17 11 19 19 16 5 23 23 5 11
split_gain=26.1473 29.2441 27.447 30.6603 41.1705 60.469 54.4295 36.9196 56.3701 35.4968 34.6508 28.125 27.539 23.4661 22.6297 22.5245 13.1063 12.0582 9.64166 23.0349 7.96449 6.46752 3.42706 5.08086 1.15463
threshold=7.5000000000000009 0.99695585291719191 0.37638888888888894 556.50000000000011 0.10967256932843301 1016202.0750000001 1998.5000000000002 28.314852840520196 42.922655715263524 136.50000000000003 823333.66000000015 0.18469785575048728 1242.5000000000002 513.50000000000011 0.075614636935391624 1.0000000180025095e-35 0.14447655748233781 5001.4987500000007 27812.215783410142 0.23014559024492798 0.86944972777743168 27.774127310061605 47.730321697467495 2.9943019345446191 0.16779092253441016
decision_type=2 2 2 2 2 2 2 2 2 2 2 2 2 2 2 2 2 2 2 2 2 2 2 2 2
left_child=2 17 3 7 10 6 -6 13 12 -10 11 -5 -9 16 -4 -7 -1 -2 19 24 -16 -15 -22 -24 -19
right_child=1 -3 14 4 5 15 -8 8 9 -11 -12 -13 -14 21 20 -17 -18 18 -20 -21 22 -23 23 -25 -26
leaf_value=0.031458125760725091 0.053312092878981178 -0.058320664366202993 -0.056900744486964729 0.010205556472007661 -0.014916288833392381 -0.047867088659566029 0.015143966928601722 -0.082827563837465187 -0.066461254205694278 0.020739166496281564 -0.15883450184561518 0.050233877282407219 0.04050094325532725 0.050974754483677068 -0.046231048825783105 0.047402494885690406 -0.039398502879733822 -0.13391443473350934 0.03835687795768828 0.028649125638943174 0.056231226124667688 0.088103666197172387 -0.02536034211762965 0.047526796119525691 -0.069937257166441086
leaf_weight=26.733839928987436 58.482128457195358 8.19190779958444 5.6720489692816036 368.63012264418649 705.4840840324614 6.7055561244487754 191.20734279442695 22.759751946839973 12.204351510095874 219.95954975258792 2.7825834075920275 49.849813108274247 5.5192849871236822 28.402537209447473 2.0939353332796591 66.907858797872905 8.4810884838807379 2.3586697119753799 19.455436126329005 9.5728823748650012 45.942151707131416 22.316300064325333 3.4114157471340132 7.0711581278592348 2.3271825324045494
leaf_count=96 37 567 526 3676 9553 75 2098 464 229 1031 25 40 15 53 313 140 147 33 15 19 51 3 65 3 35
internal_value=0.00664099 0.0314738 0.00525323 0.00406298 0.000745472 -0.0049175 -0.0084998 0.0173726 0.00796513 0.0161071 0.0137991 0.0149966 -0.0585232 0.0457835 0.0373447 0.0386033 0.0141883 0.0395611 0.0154729 -0.0154528 0.0466464 0.0675511 0.0502573 0.0233187 -0.105311
internal_weight=1902.52 100.388 1802.13 1737.94 1391.57 970.305 896.691 346.377 260.443 232.164 421.263 418.48 28.279 85.9338 64.1907 73.6134 35.2149 92.1963 33.7142 14.2587 58.5187 50.7188 56.4247 10.4826 4.68585
internal_count=19309 706 18603 17645 15607 11866 11651 2038 1739 1260 3741 3716 479 299 958 215 243 139 102 87 432 56 119 68 68
is_linear=0
shrinkage=0.05


Tree=109
num_leaves=28
num_cat=0
split_feature=12 15 15 10 24 0 24 0 16 12 15 19 16 18 24 8 29 24 13 18 11 5 5 19 14 27 18
split_gain=26.2813 27.5492 36.7711 36.0666 28.9476 38.4088 42.6107 31.0407 27.0679 22.7664 17.3844 14.5967 12.8645 12.2357 21.567 11.3823 8.67594 7.59506 6.87673 13.2658 17.3257 6.59719 3.91193 3.30461 1.26694 0.320687 0.205901
threshold=2.9414691278528089 0.38675213675213677 0.27372627372627373 0.020348837209302254 556.50000000000011 7.5000000000000009 691.50000000000011 1.5000000000000002 0.22537446903644087 2.0780741902586919 0.11096096096096096 4890.9885416666675 0.40161290322580651 1539.5000000000002 753.50000000000011 5.3843567290375729 1.0000000180025095e-35 294.50000000000006 0.11038244316390007 1291.5000000000002 0.14820198105081825 3.3533576966179797 2.2611798558419727 9617.9702579365094 0.066890380313199063 22.766439107274387 1.0000000180025095e-35
decision_type=2 2 2 2 2 2 2 2 2 2 2 2 2 2 2 2 2 2 2 2 2 2 2 2 2 2 2
left_child=1 2 4 -4 7 6 -6 21 -9 13 12 -7 23 14 16 24 -3 -12 19 22 -21 -1 -19 -2 -5 -20 -16
right_child=10 9 3 15 5 11 -8 8 -10 -11 17 -13 -14 -15 26 -17 -18 18 25 20 -22 -23 -24 -25 -26 -27 -28
leaf_value=-0.065756080723643417 -0.06248272155425677 -0.0058170245347592313 0.041370526906357577 -0.059522114364885671 -0.019640984541407586 0.051908403839618582 0.0036885503258794641 0.02706692833651891 -0.011640301806357519 -0.062001811521689966 -0.12600150766984564 -0.002793037216022665 0.046104833360183166 0.061432128437679923 -0.10934189812253321 -0.20240435621982 0.044742665691732714 0.042946075726202466 0.052893594194466487 0.027979596577940819 -0.10005074478787715 0.044090748802442084 0.016060063805888831 -0.16319812939511955 -0.1096733095285088 0.04183127727289155 -0.054349754042961808
leaf_weight=12.87446065508993 2.7789956078631795 10.499002546130212 9.2561858012923022 27.054724812158391 244.78600487453514 49.065863198396983 974.41441843722714 270.79602949647233 53.945761603215942 6.0701979098957954 0.64028288889676233 15.978752008391892 2.1242164373397827 32.950607076752931 0.42124715447425742 1.5112307164818037 40.314423641655594 36.140503005008213 26.980436743469909 5.8923439634963852 4.5875366579275578 1.4021735191345222 23.049054346862249 1.456282055005431 1.6746039800345887 22.597774560563266 6.3439825922541786
leaf_count=336 58 164 42 1029 3215 107 11032 1283 516 182 17 330 2 48 2 20 205 52 20 7 55 1 51 16 25 28 466
internal_value=0.00637137 0.00478581 0.00327344 -0.0443214 0.00443724 0.00100203 -0.000992583 0.0174314 0.0206199 0.0307362 0.0284065 0.0384101 -0.0512924 0.0370713 0.0229612 -0.0707651 0.034207 0.0327151 0.0337141 0.023389 -0.0280086 -0.0543881 0.0326054 -0.101232 -0.0629891 0.0480464 -0.060045
internal_weight=1885.61 1759.36 1662.76 39.4967 1623.26 1284.25 1219.2 339.018 324.742 96.5995 126.247 65.0446 6.35949 90.5293 57.5787 30.2406 50.8134 119.888 119.248 69.6694 10.4799 14.2766 59.1896 4.23528 28.7293 49.5782 6.76523
internal_count=19309 19003 17936 1116 16820 14684 14247 2136 1799 1067 306 437 76 885 837 1074 369 230 213 165 62 337 103 74 1054 48 468
is_linear=0
shrinkage=0.05


Tree=110
num_leaves=26
num_cat=0
split_feature=27 5 8 9 8 24 7 5 5 24 15 5 26 8 24 22 24 8 24 24 9 27 9 14 27
split_gain=32.4098 43.8139 40.5055 26.9337 53.8955 30.048 26.494 26.3805 59.9751 63.3127 35.2523 34.3598 29.4333 18.8959 18.8048 18.5712 18.2649 13.0742 9.20655 6.0713 2.4836 2.812 2.44953 0.665929 0.00309531
threshold=0.77738064958867181 0.86944972777743168 3.7034651875097393 0.81853972798854702 1.9219756182923899 586.50000000000011 2.5000000000000004 2.027687055061548 2.5570630694570435 909.50000000000011 0.29893617021276603 2.0063716223101764 1.0000000180025095e-35 3.694390457119971 52.500000000000007 1.5000000000000002 619.50000000000011 5.3843567290375729 52.500000000000007 52.500000000000007 0.82368180432794891 0.073503318195150963 0.11396103896103892 0.033426443202979501 17.685994346460891
decision_type=2 2 2 2 2 2 2 2 2 2 2 2 2 2 2 2 2 2 2 2 2 2 2 2 2
left_child=2 17 3 4 5 -1 24 10 9 -9 11 -8 -10 14 -6 20 -7 18 -2 -4 -5 -22 -12 -21 -3
right_child=1 6 19 15 13 16 7 8 12 -11 22 -13 -14 -15 -16 -17 -18 -19 -20 23 21 -23 -24 -25 -26
leaf_value=-0.059024645766541123 0.019189295108007785 -0.054331774908355529 0.042552911956294098 0.076378896655243875 0.047060433597637369 0.069285993095405146 0.014062726330735735 -0.035173249152987904 0.006705301195609809 0.01156376061320288 -0.14442707656772868 0.049471154230919342 0.033504871591155262 0.050797950484531652 -0.055154890671733139 -0.051599016379648414 0.028395406824449416 0.046445343412109763 -0.056373554636604956 -0.059348118161763309 0.06309039112802993 0.03795452133854213 -0.062731447679933994 -0.10208195900121389 -0.075603528131659006
leaf_weight=7.7188759305863632 4.3549660310382015 3.9627336628036556 1.3073358144611109 20.610099021345377 5.082652266137301 41.011158970184624 658.7198803046922 165.42990494499099 428.86444653349463 128.59798670234159 1.1489175498718385 76.573505673644831 134.85753555822885 6.4114147238433352 32.750686305225827 3.7515925653860895 84.474409448943334 3.8391224294900885 37.885188993255724 11.307196508045307 35.625425556034315 19.025582359579857 9.531689950017606 1.6327803834574286 6.7836967487819493
leaf_count=241 44 157 5 2 4 68 4929 2557 3196 1364 24 208 542 6 1428 258 1121 7 2044 308 56 194 305 20 140
internal_value=0.0102821 0.00766166 0.026329 0.0309054 0.0200296 0.0359211 0.00903724 0.00956615 0.00357764 -0.0147181 0.0164439 0.0177632 0.0131302 -0.0276743 -0.0412033 0.0552112 0.0418436 -0.040341 -0.048438 -0.055341 0.0606632 0.0545165 -0.0732415 -0.0658652 -0.0687938
internal_weight=1931.26 1660.55 270.709 256.462 177.449 133.204 1614.47 1603.72 857.75 294.028 745.974 735.293 563.722 44.2448 37.8333 79.0127 125.486 46.0793 42.2402 14.2473 75.2611 54.651 10.6806 12.94 10.7464
internal_count=19228 15517 3711 3378 2868 1430 13422 13125 7659 3921 5466 5137 3738 1438 1432 510 1189 2095 2088 333 252 250 329 328 297
is_linear=0
shrinkage=0.05


Tree=111
num_leaves=25
num_cat=0
split_feature=27 6 20 4 8 24 7 20 19 20 20 27 24 24 16 8 20 11 24 22 14 27 14 6
split_gain=30.4921 40.8873 40.8046 30.9678 67.3644 27.7511 24.7486 24.0098 75.8293 48.9533 32.8095 31.283 17.914 17.8116 13.9815 12.3507 10.9823 9.92711 8.84651 6.60351 9.00078 1.01432 0.548217 0.146611
threshold=0.77738064958867181 10.500000000000002 0.86944972777743168 1.5000000000000002 1.9219756182923899 586.50000000000011 2.5000000000000004 2.027687055061548 1051.1666666666667 2.5570630694570435 2.0063716223101764 8.4895511109160271 52.500000000000007 619.50000000000011 0.43095238095238092 5.3843567290375729 1.4999999775000006 0.15486043227978707 52.500000000000007 1.5000000000000002 0.071946169772256721 0.73004808345651473 0.033426443202979501 5.5000000000000009
decision_type=2 2 2 2 2 2 2 2 2 2 2 2 2 2 2 2 2 2 2 2 2 2 2 2
left_child=1 3 15 4 5 -1 23 10 14 -10 11 -8 -6 -7 -9 18 -5 -12 -2 21 -21 -18 -3 -4
right_child=2 22 6 16 12 13 7 8 9 -11 17 -13 -14 -15 -16 -17 19 -19 -20 20 -22 -23 -24 -25
leaf_value=-0.058534199869788486 0.018421105196192195 -0.059921818581648113 -0.057279734166393703 -0.052013875363666286 0.046603498859854903 0.067528155638637219 -0.018777086543191324 -0.06153241031283653 -0.010277213122378984 0.015952376459640243 -0.000345233417920562 0.015967839704944874 -0.054858722342519262 0.026790932050700291 0.044170883270895273 0.046167820159661865 0.058303066206509491 0.053841870769949889 -0.056112214141612229 -0.05212916027176967 0.051844947167591221 0.073899876580519483 -0.1034027678253185 -0.081648002659589339
leaf_weight=7.456196727056521 4.3149629360414101 9.9818079834803921 6.2747514547663723 2.222320607979781 4.8844292405992737 39.995187306194566 72.516284748387989 49.054602218966465 266.13916263653664 535.03850096036331 9.4804217849741672 592.97622801284888 32.692400182684651 84.179022445488954 3.2157280000392339 3.6738788690417996 52.178837856510654 65.985111179645173 36.201577635132708 3.0142212398350221 6.0607135314494371 20.199154094792902 1.3991328739502922 4.0677926646312699
leaf_count=251 44 266 218 72 3 69 1165 1307 3228 3119 84 4073 1564 1177 5 7 144 144 2044 139 3 6 17 79
internal_value=0.00986189 0.0256343 0.00732973 0.0298278 0.0174624 0.0343366 0.00863846 0.00914318 0.00341796 0.00723287 0.0157295 0.012172 -0.0414487 0.039996 -0.054862 -0.0399951 0.0547225 0.046977 -0.0480256 0.0577561 0.0165734 0.0628207 -0.0665568 -0.0680328
internal_weight=1913.2 264.263 1648.94 252.882 169.207 131.63 1604.75 1594.41 853.448 801.178 740.958 665.493 37.5768 124.174 52.2703 44.1904 83.6752 75.4655 40.5165 81.4529 9.07493 72.378 11.3809 10.3425
internal_count=19228 3711 15517 3428 3064 1497 13422 13125 7659 6347 5466 5238 1567 1246 1312 2095 364 228 2088 292 142 150 283 297
is_linear=0
shrinkage=0.05


Tree=112
num_leaves=27
num_cat=0
split_feature=27 6 5 9 8 24 11 27 27 24 11 12 9 24 5 15 12 8 24 8 12 9 8 19 14 11
split_gain=28.7012 38.1501 38.0158 28.5072 48.7923 25.6781 22.4177 35.6151 42.749 40.182 38.4446 22.8049 16.6869 16.6105 15.5885 15.1176 13.5921 11.6669 8.50682 4.87997 3.50249 9.57985 1.80738 16.2535 0.376298 0.0505519
threshold=0.77738064958867181 10.500000000000002 0.86944972777743168 0.81853972798854702 1.9219756182923899 586.50000000000011 0.37638888888888894 3.4857795123256037 4.0721771234718602 829.50000000000011 0.24019230769230773 2.3537793771096438 0.056079664570230552 619.50000000000011 1.4999999775000006 0.17593423764877983 2.102046855113485 5.3843567290375729 52.500000000000007 6.2176013331727065 2.4482978176455785 0.54580419580419581 3.5566298546658013 15287.674920886078 0.033426443202979501 0.68926553672316393
decision_type=2 2 2 2 2 2 2 2 2 2 2 2 2 2 2 2 2 2 2 2 2 2 2 2 2 2
left_child=1 3 17 4 5 -1 7 9 15 19 -10 -11 14 -7 -6 -9 -5 18 -2 -4 21 25 23 -18 -3 -8
right_child=2 24 6 16 12 13 20 8 10 11 -12 -13 -14 -15 -16 -17 22 -19 -20 -21 -22 -23 -24 -25 -26 -27
leaf_value=-0.05818267378689617 0.017674580874882065 -0.059426539787422274 -0.06347170697055142 -0.049071680877770536 -0.053341424849743226 0.065905247998980274 -0.048687504675088693 -0.0053024528925570153 0.0087441078830712057 -0.053306684366646796 -0.0394924308783157 0.022440839015395161 -0.055136072109133329 0.026119332186446839 0.03827355362344572 0.056664123969226932 -0.051628748253808691 0.045876314880501867 -0.055858478998455863 0.041557922108169672 0.0517758391969124 0.04659294025510588 0.068077351283405432 0.061845937356104733 -0.09891917420477532 -0.095429221718305979
leaf_weight=7.084728005109354 4.2775563508621408 9.5729395222442673 38.79397560088546 2.87735177646391 7.0161406093393479 38.968889205309097 1.7377330505405537 11.550933933234772 1341.6075743268157 12.779153737137674 42.488248638692312 43.229152741958387 24.176126875478076 83.001898301648907 13.203125671949236 60.715587418613723 3.3853477085358454 3.5169751774519673 34.588934737315867 1.0153870582580555 33.136474866420031 6.7959843684220687 35.865556759294122 31.211629911791533 1.3940711812756479 0.67826809431426216
leaf_count=241 44 266 992 235 348 68 78 149 10250 487 993 314 1115 1121 64 97 202 7 2044 1 24 32 12 22 17 5
internal_value=0.00946113 0.024974 0.00701396 0.0290507 0.0179398 0.0335052 0.00825979 0.00727503 0.00922057 -0.0222224 0.00725701 0.00500456 -0.0271695 0.0389152 0.00613077 0.0466968 0.0552001 -0.0396476 -0.0476127 -0.0605701 0.0441337 0.0158462 0.0595924 0.0504814 -0.0657469 -0.0670684
internal_weight=1894.67 257.758 1636.91 246.791 173.451 129.056 1594.53 1552.18 1456.36 95.8177 1384.1 56.0083 44.3954 121.971 20.2193 72.2665 73.3399 42.3835 38.8665 39.8094 42.3485 9.21199 70.4625 34.597 10.967 2.416
internal_count=19228 3711 15517 3428 2957 1430 13422 13283 11489 1794 11243 801 1527 1189 412 246 471 2095 2088 993 139 115 236 224 283 83
is_linear=0
shrinkage=0.05


Tree=113
num_leaves=24
num_cat=0
split_feature=27 6 5 4 8 24 7 5 19 5 5 13 23 24 24 12 0 8 24 5 27 14 6
split_gain=27.0264 35.6135 35.4232 27.8265 58.0964 23.722 22.7838 22.274 69.5046 43.9617 30.2432 29.2517 20.4695 16.2983 16.2335 14.8868 14.4062 11.0205 8.18613 1.86648 0.830604 0.23648 0.0732728
threshold=0.77738064958867181 10.500000000000002 0.86944972777743168 1.5000000000000002 1.9219756182923899 586.50000000000011 2.5000000000000004 2.027687055061548 1051.1666666666667 2.5570630694570435 2.0063716223101764 0.05273088381330681 52.81724845995894 52.500000000000007 619.50000000000011 2.102046855113485 9.5000000000000018 5.3843567290375729 52.500000000000007 1.7093739553096312 0.73004808345651473 0.033426443202979501 5.5000000000000009
decision_type=2 2 2 2 2 2 2 2 2 2 2 2 2 2 2 2 2 2 2 2 2 2 2
left_child=1 3 17 4 5 -1 22 10 16 -10 11 -8 -12 -6 -7 -5 -9 18 -2 -17 -21 -3 -4
right_child=2 21 6 15 13 14 7 8 9 -11 12 -13 -14 -15 -16 19 -18 -19 -20 20 -22 -23 -24
leaf_value=-0.057717675377502248 0.016950043694298471 -0.058946486638579321 -0.0569513504921009 -0.051175369820323773 0.045937692323818086 0.064280049362168842 -0.014389617605178723 -0.060948590017827813 -0.010141445446028578 0.014809114832486018 -0.044936600627508774 0.015668542620879144 0.053069079061870597 -0.054443216063240013 0.024595180266295993 0.032650912397181736 0.047638077129664037 0.04557004088453484 -0.055612104088110709 0.055700368412269566 0.070550995682362269 -0.094848723668142454 -0.080118936779795424
leaf_weight=6.8411825690127435 4.2425727945519602 9.1791437128267699 5.9275390699622204 3.1815786329098037 4.5398062604945144 37.977334491093643 94.217001827812055 47.310332803055644 265.05800869253289 527.3052661906986 5.6556640332564703 565.11467204804649 67.159998042858206 29.975980060669826 82.79856054589618 8.1876039669150469 3.1407635509967795 3.3680312391370526 33.044538464091602 48.039631667139474 19.189787688432261 1.3856974772643287 3.9390806831652299
leaf_count=251 44 266 218 171 3 69 951 1309 3228 3119 135 4287 93 1564 1177 45 3 7 2044 142 6 17 79
internal_value=0.00907411 0.0243388 0.00670979 0.0283043 0.016406 0.0319917 0.00789557 0.00837478 0.00282485 0.00645622 0.0147555 0.0113642 0.0453371 -0.0410013 0.0371581 0.0527325 -0.0540089 -0.0392979 -0.0471989 0.0572441 0.060112 -0.0649695 -0.0674134
internal_weight=1876.78 251.296 1625.48 240.731 162.133 127.617 1584.83 1574.96 842.814 792.363 732.147 659.332 72.8157 34.5158 120.776 78.5986 50.4511 40.6551 37.2871 75.417 67.2294 10.5648 9.86662
internal_count=19228 3711 15517 3428 3064 1497 13422 13125 7659 6347 5466 5238 228 1567 1246 364 1312 2095 2088 193 148 283 297
is_linear=0
shrinkage=0.05


Tree=114
num_leaves=29
num_cat=0
split_feature=23 23 27 12 6 27 27 13 4 9 19 7 12 12 10 4 12 23 23 13 26 14 12 5 12 6 14 16
split_gain=26.5582 27.7651 29.448 43.7106 32.8506 32.8457 38.4238 31.7151 24.9371 39.9048 23.2794 21.8054 13.5997 12.5127 19.804 6.14497 10.1262 4.41834 8.28324 2.29417 4.06652 0.981861 0.7085 0.28649 0.276661 0.202402 0.115125 0.0140454
threshold=22.355920602327174 23.668720054757017 0.77738064958867181 1.4496415490619237 10.500000000000002 3.4857795123256037 4.0721771234718602 0.092395354111319869 1.5000000000000002 0.33514492753623187 21673.318937500004 36.500000000000007 2.102046855113485 2.4856974433416918 0.0087209302325580509 2.5000000000000004 3.0336206456189534 74.299794661190973 74.532511978097219 0.13645491055129608 1.0000000180025095e-35 0.063164893617021267 2.4911833718220371 1.9438739931975795 2.5017210456935275 17.500000000000004 0.033426443202979501 0.24003780718336484
decision_type=2 2 2 2 2 2 2 2 2 2 2 2 2 2 2 2 2 2 2 2 2 2 2 2 2 2 2 2
left_child=10 13 4 17 8 7 -7 -5 9 -3 11 21 -10 14 -2 22 -17 23 -19 20 -12 25 -15 -4 -24 -1 -6 -27
right_child=1 2 3 5 26 6 -8 -9 12 -11 19 -13 -14 15 -16 16 -18 18 -20 -21 -22 -23 24 -25 -26 27 -28 -29
leaf_value=-0.060733706116269603 0.053597326510354461 0.02587829457496001 -0.054333312916182146 -0.058645418675923079 -0.058652806958499108 0.045198779935271709 0.0070930503134023042 0.0014049079605964198 -0.050876620408575116 -0.053870960839066818 -0.027430254398435373 0.024002053488920733 0.056126170683831134 0.067041392265506428 -0.063009481484292015 -0.062200631385523203 0.047489501831647213 0.0475356975628351 -0.05852074093089156 0.048259109187388322 0.04632201954697529 -0.11651257639682755 0.059265989668782063 -0.071672486301654653 0.045474072520626074 -0.069650547697577517 -0.091355115644931803 -0.099578993514051029
leaf_weight=16.543790294017533 7.5588186954846588 139.07658381128567 18.69428497012996 35.625078925280832 8.4157195150328317 69.677409602620173 1299.6869503311609 56.761006082640961 2.9710264093009746 17.550393402780173 3.8597466945648176 7.7356574762379742 73.279117573867552 17.453776737558655 6.8369084276491776 2.9563013963052054 6.5583531856536865 2.9845278870780012 4.3972056468483061 6.560780240688473 3.3978483590763062 1.4858897909871291 13.347319127060475 7.7768193615775081 18.119640897843055 7.3539570754801371 1.3667243111995038 1.853334358485881
leaf_count=920 3 1678 1245 952 248 246 10585 801 159 1160 41 23 175 2 227 86 2 5 162 10 6 31 3 213 48 161 14 22
internal_value=0.00869945 0.00968269 0.00841045 0.00578378 0.02457 0.00708902 0.0090388 -0.0217355 0.0283635 0.0168816 -0.0276405 -0.0493612 0.0518302 0.0399256 -0.00149001 0.050199 0.0125951 -0.0502833 -0.0149103 0.0269323 0.00657967 -0.0703918 0.05737 -0.059866 0.0516518 -0.0670967 -0.0646058 -0.0772172
internal_weight=1859.88 1811.09 1738.26 1495.6 242.66 1461.75 1369.36 92.3861 232.877 156.627 48.791 34.9726 76.2501 72.8311 14.3957 58.4354 9.51465 33.8528 7.38173 13.8184 7.2576 27.237 48.9207 26.4711 31.467 25.7511 9.78244 9.20729
internal_count=19228 18014 17643 14209 3434 12584 10831 1753 3172 2838 1214 1157 334 371 230 141 88 1625 167 57 47 1134 53 1458 51 1103 262 183
is_linear=0
shrinkage=0.05


Tree=115
num_leaves=31
num_cat=0
split_feature=11 16 9 13 9 15 5 9 19 11 5 23 9 18 27 15 19 1 15 17 17 28 4 17 7 17 16 7 4 17
split_gain=44.2771 35.2342 66.954 64.2473 34.0734 28.0322 25.1457 67.7392 47.8419 43.5909 43.4609 39.0148 32.6435 21.5108 19.3596 16.3358 14.566 14.1783 13.5725 11.169 27.5677 18.53 14.1344 13.0171 24.292 8.93332 12.2212 7.83993 7.23801 5.28654
threshold=0.047247023809523808 0.17650167889565974 0.69494949494949509 0.055710738671632454 0.24401709401709398 0.17593423764877983 2.1731989681633563 0.44392033542976944 1148.4216666666669 0.090398365679264556 2.2541658838648106 22.587268993839839 0.5692508710801395 413.50000000000006 381.97523501540758 0.48809523809523808 150.92250000000001 39.500000000000007 0.20343188795895192 372.50000000000006 240.50000000000003 1.0000000180025095e-35 2.5000000000000004 65.500000000000014 7.5000000000000009 521.50000000000011 0.20947281273368226 21.500000000000004 5.5000000000000009 1.0000000180025095e-35
decision_type=2 2 2 2 2 2 2 2 2 2 2 2 2 2 2 2 2 2 2 2 2 2 2 2 2 2 2 2 2 2
left_child=16 2 4 5 -2 -4 7 15 17 -9 -10 -11 -12 -6 -15 -3 -1 -8 -7 20 23 25 -22 27 -25 -21 -27 -18 -23 -17
right_child=1 6 3 -5 13 18 8 9 10 11 12 -13 -14 14 -16 29 19 -19 -20 21 22 28 -24 24 -26 26 -28 -29 -30 -31
leaf_value=-0.069966681249192905 -0.060217309735659599 -0.073354284678343637 -0.059333178731872244 -0.064221720385792158 -0.061341109213165879 0.050180697194532144 -0.070571238806673361 -0.080960172671022165 -0.074912427268618784 -0.074606494892186001 0.027560395556674257 0.020382783848100033 -0.0017114821471701696 0.027137443448470397 -0.064883750243350316 0.048944922157510229 0.032238506442116337 0.04714661620150902 -0.051088608494127885 0.059560204523404339 -0.058255098140945497 -0.066621979024396233 -0.32411212122913613 -0.056538181283885137 0.021397190083911465 -0.067376241417895874 0.039763883985195619 0.0081043877520787597 0.035868468357672517 -0.052221005965110791
leaf_weight=4.0137199465243603 15.498779535191714 26.671171411086107 9.9193112415377964 85.161945540385204 7.9528072433895423 25.88015867385548 29.010274030471923 11.037647522753103 17.291433545004111 10.881305659873759 125.91665510798339 629.2414813277428 388.92020230488561 121.47474628366763 5.8746440887334748 4.1323814801871768 169.66021807887591 2.6835272312164298 3.6615139187779269 52.598783431807533 5.5860148261708664 5.0276458634471046 0.4744102619588374 14.028369455714708 34.079138545726892 3.3373979975585817 11.477358098840339 42.805587779730558 2.4470594227313995 1.728425093606347
leaf_count=119 762 1055 299 2427 248 61 878 207 400 317 481 4547 3334 959 139 2 646 2 158 108 294 325 5 688 140 196 134 122 3 145
internal_value=0.00716093 0.00349015 -0.0126861 -0.0397971 0.00969699 0.012817 0.00706625 0.0135123 -0.000742445 0.0170389 0.00280788 0.0187489 0.00544196 0.0177811 0.0228057 -0.0567575 0.0233197 -0.0603298 0.0373303 0.0244508 0.0196101 0.0415699 -0.0848014 0.0220893 -0.00129554 0.0498791 0.0150027 0.0274058 -0.0323781 0.0178955
internal_weight=1868.47 1522.94 275.424 124.623 150.801 39.461 1247.51 683.692 563.822 651.16 532.128 640.123 514.837 135.302 127.349 32.532 345.536 31.6938 29.5417 341.522 266.634 74.8882 6.06043 260.573 48.1075 67.4135 14.8148 212.466 7.47471 5.86081
internal_count=19201 16421 5053 2945 2108 518 11368 6273 5095 5071 4215 4864 3815 1346 1098 1202 2780 880 219 2661 1895 766 299 1596 828 438 330 768 328 147
is_linear=0
shrinkage=0.05


Tree=116
num_leaves=31
num_cat=0
split_feature=24 25 4 30 14 9 27 10 28 27 23 14 25 3 27 13 12 18 18 11 24 18 4 27 5 27 11 13 11 14
split_gain=45.774 37.5346 37.8342 36.415 43.4963 55.4685 34.3761 28.8528 36.6449 48.1745 25.9559 24.5594 21.1836 19.2442 19.4342 18.6567 18.0835 20.9671 17.9713 16.0149 30.0854 14.7267 13.9255 11.8955 11.6333 9.84668 8.48107 5.30484 4.57175 1.97247
threshold=625.50000000000011 1.0000000180025095e-35 5.5000000000000009 2.5000000000000004 0.029459980713596855 0.97735816814764187 11596.991040871257 0.15406976744186049 1.0000000180025095e-35 1218.5926445930625 23.117043121149901 0.0062917823335263004 1.0000000180025095e-35 1934.5968995778719 0.023667015892136253 0.071466686994968706 2.3383011848335564 619.50000000000011 842.50000000000011 0.1600389755011136 870.50000000000011 248.50000000000003 5.5000000000000009 488.39235631475361 2.3137390440555365 823333.66000000015 1.0000000180025095e-35 1.0000000180025095e-35 0.047247023809523808 0.027108679676655454
decision_type=2 2 2 2 2 2 2 2 2 2 2 2 2 2 2 2 2 2 2 2 2 2 2 2 2 2 2 2 2 2
left_child=7 2 3 4 5 -2 -6 10 16 12 -1 28 27 14 -12 -16 23 21 22 -4 -21 -18 -11 29 -22 -19 -13 -10 -5 -9
right_child=1 -3 19 11 6 -7 -8 8 9 18 13 26 -14 -15 15 -17 17 25 -20 20 24 -23 -24 -25 -26 -27 -28 -29 -30 -31
leaf_value=-0.070267057940666386 -0.023362536210766175 0.049533107844760865 0.041526974446665879 0.051051305350065912 0.01500067360534712 0.0045883251998838914 -0.10334702624591981 -0.062888871177750535 0.020190781556702269 -0.088112896081470646 -0.058178742902527031 0.044338360492308451 0.049513589571346876 -0.069281877846465015 0.038199447740145873 0.01745325729740663 -0.035539814229028154 -0.1107708573490168 0.042732240705958754 -0.074825659269085382 0.042753262787426777 0.037155466853401785 0.039035850200320348 0.012027107785340725 -0.046294009506925943 0.039178235687438313 -0.086898521423533548 -0.078239048875446665 0.024767492487303686 -0.13987735608953081
leaf_weight=7.0030362281831904 436.78714040633349 38.746304220287129 71.43500264652539 37.209659310407005 246.11541759286774 298.47806895049871 6.1847511760424814 2.2797308856388536 1.3026570675428946 5.612187892431395 6.461725295521318 1.4529805183410633 3.6771624088287345 5.1240880416007704 229.19817979168147 208.43476345879026 7.4433223365049335 3.8799273071344933 22.814215438207611 9.5774429915181809 22.218942741281356 84.560360262548784 3.318200868088752 3.9935402609407902 4.2525570444995529 1.3925765994936226 5.5246183561976068 35.344972504681209 32.249676300561987 2.2552569569088519
leaf_count=211 8469 42 105 66 881 4065 71 40 5 86 191 1 1 127 1076 1540 151 72 19 363 155 290 16 14 94 5 106 636 284 19
internal_value=0.00688509 0.00117859 -0.000420539 -0.00328156 -0.00586022 -0.0120101 0.01204 0.0177667 0.000655728 -0.0267918 0.0244255 0.0299334 -0.0630267 0.0259281 0.0270533 0.0283362 0.0194066 0.0255722 0.0191332 0.0278315 0.000514241 0.0311878 -0.0404063 -0.0498199 0.0281396 -0.0702435 -0.0586236 -0.0745588 0.0389729 -0.104446
internal_weight=1844.33 1210.23 1171.49 1064 987.565 735.265 252.3 634.096 177.874 72.0694 456.222 76.4369 40.3248 449.219 444.095 437.633 105.805 97.2762 31.7446 107.484 36.0489 92.0037 8.93039 8.52853 26.4715 5.2725 6.9776 36.6476 69.4593 4.53499
internal_count=19201 14702 14660 13943 13486 12534 952 4499 1354 763 3145 457 642 2934 2807 2616 591 518 121 717 612 441 102 73 249 77 107 641 350 59
is_linear=0
shrinkage=0.05


Tree=117
num_leaves=31
num_cat=0
split_feature=24 19 19 9 9 23 20 8 9 0 19 11 6 23 7 20 6 18 9 13 4 4 15 23 12 20 23 28 7 6
split_gain=42.1434 42.5713 63.4405 37.349 85.8294 64.0669 47.4014 53.2369 46.6231 39.2096 35.6433 51.3405 51.7469 35.1944 57.6264 30.9967 30.7817 53.3043 40.4251 31.452 53.9956 63.4672 30.7304 24.9271 24.3856 23.7934 22.8047 22.5456 21.8059 21.5447
threshold=625.50000000000011 3402.0297058823535 652.17000000000019 0.74110207768744363 0.97735816814764187 54.470910335386726 2.027687055061548 3.8820469656535983 0.92084377610693402 3.5000000000000004 4890.9885416666675 0.12967967967967967 25.500000000000004 37.238877481177283 28.500000000000004 3.2228557514408465 10.500000000000002 1539.5000000000002 0.33514492753623187 0.099781453991528712 2.5000000000000004 5.5000000000000009 0.22929683928190439 42.922655715263524 2.2640099146006647 1.479200508224543 23.412731006160168 1.0000000180025095e-35 36.500000000000007 23.500000000000004
decision_type=2 2 2 2 2 2 2 2 2 2 2 2 2 2 2 2 2 2 2 2 2 2 2 2 2 2 2 2 2 2
left_child=1 2 25 16 5 6 8 -8 -5 13 26 28 -13 14 -6 -15 17 18 23 20 24 -22 -19 -2 -18 -1 -3 -7 -12 -27
right_child=3 10 -4 4 9 27 7 -9 -10 -11 11 12 -14 15 -16 -17 19 22 -20 -21 21 -23 -24 -25 -26 29 -28 -29 -30 -31
leaf_value=0.042882787112212481 -0.060122569945262966 -0.077477940396998388 -0.061569268189789229 0.027102532753531219 -0.062275850578010973 -0.0040970606394491894 0.0026353807842517205 -0.066456382798826666 -0.080838139097587094 -0.066735925632913265 0.03274787701140508 -0.064833835345924129 0.016365247943372598 0.02217267319882291 0.040387412660877836 -0.076722356409637843 -0.011039253703260192 -0.061277459227333166 -0.059545686457780411 0.042341967760943844 -0.054070802346865565 0.039655140324815707 0.054217359406527145 0.006598560508616522 0.043501578153262457 -0.062494374680527036 0.034386061372165024 -0.071484446524517506 -0.053694702751782258 0.04376908693228334
leaf_weight=38.811080499668606 16.149140513662132 4.5024106497585299 39.867586171574658 85.861975084320875 35.659318174541113 14.937483045039697 53.473601056000916 57.832788587664254 11.207844004442448 16.110203027594252 108.2569289469393 40.322417670104187 37.920112329855328 295.84150120246341 21.982529259112198 8.024315908434799 26.368784085905645 6.4483757205744032 42.564755875064293 112.65220012451755 53.162261291698087 27.185197805985808 46.496052759495797 100.67052114894614 89.298279516631737 12.952540596743349 326.05592167787836 78.675607920769835 7.6919355085119596 7.3772298027761272
leaf_count=189 1079 107 853 434 1256 127 890 579 269 716 258 1116 167 2659 23 208 146 315 2032 163 355 45 151 1748 107 346 1394 1400 47 22
internal_value=0.00661606 0.0171587 -0.0128707 0.00113364 -0.00658278 -0.0264524 -0.0109755 -0.033246 0.0145177 0.00929691 0.0228354 0.00579821 -0.0254464 0.0127166 -0.023035 0.0195203 0.0112082 -0.00342446 -0.0178858 0.0212879 0.00914688 -0.022287 0.0399674 -0.00262573 0.0310258 0.0199217 0.0328243 -0.0608009 0.0269289 -0.0236634
internal_weight=1824.36 623.758 99.0084 1200.6 679.607 301.989 208.376 111.306 97.0698 377.618 524.75 194.191 78.2425 361.508 57.6418 303.866 520.996 212.329 159.384 308.667 196.015 80.3475 52.9444 116.82 115.667 59.1409 330.558 93.6131 115.949 20.3298
internal_count=19201 4499 1410 14702 8561 3699 2172 1469 703 4862 3089 1588 1283 4146 1279 2867 6141 5325 4859 816 653 400 466 2827 253 557 1501 1527 305 368
is_linear=0
shrinkage=0.05


Tree=118
num_leaves=31
num_cat=0
split_feature=24 19 19 9 9 14 5 8 0 10 6 19 11 6 23 7 10 5 6 18 9 13 23 27 23 27 5 23 6 7
split_gain=38.8078 39.0436 59.2173 34.4406 78.5311 62.8346 49.8764 49.068 36.6576 34.9086 32.8704 32.4903 47.324 48.5826 32.2712 54.2848 31.9921 28.7241 28.5024 49.42 38.8103 29.7758 23.5888 23.3954 23.1223 22.7156 22.0147 21.0684 20.3122 19.9047
threshold=625.50000000000011 3402.0297058823535 652.17000000000019 0.74110207768744363 0.97735816814764187 0.029459980713596855 3.0824931695634024 3.2389871024189807 3.5000000000000004 0.15988372093023259 25.500000000000004 4890.9885416666675 0.12967967967967967 25.500000000000004 37.238877481177283 28.500000000000004 0.095930232558139469 3.2228557514408465 10.500000000000002 1539.5000000000002 0.33514492753623187 0.099781453991528712 42.922655715263524 208726.26500000004 25.37303216974675 3.7817556779839094 1.479200508224543 23.412731006160168 23.500000000000004 36.500000000000007
decision_type=2 2 2 2 2 2 2 2 2 2 2 2 2 2 2 2 2 2 2 2 2 2 2 2 2 2 2 2 2 2
left_child=1 2 26 18 5 7 9 16 14 -7 -9 27 29 -14 15 -6 -5 -16 19 20 22 23 -2 24 -20 -21 -1 -3 -28 -13
right_child=3 11 -4 4 8 6 -8 10 -10 -11 -12 12 13 -15 17 -17 -18 -19 21 25 -22 -23 -24 -25 -26 -27 28 -29 -30 -31
leaf_value=0.041683573255527871 -0.059972700166729204 -0.075927372396077983 -0.060469475475065218 -0.051471134627408849 -0.061846649007166889 -0.076344517854817454 -0.10109067069809602 -0.061719446597126339 -0.066151458750942596 0.039977897942833608 -0.0097433468512877867 0.031748418788896435 -0.063838462498432003 0.015707529452894536 0.021197201965372583 0.039473011642841269 0.040404461577246524 -0.075709760962764383 -0.085203254083874649 0.050450311792689731 -0.059296758733883875 0.041571906234743189 0.0062750156625614867 -0.086148469000948941 0.015243439377634166 -0.057874764956369944 -0.061940402640814657 0.03314977919185387 0.043265637912821703 -0.05043529714522095
leaf_weight=37.956223085959209 15.399214035642215 4.3700565838807952 38.597360384970671 14.1611543095496 34.150332874894957 7.0908795304130754 8.3355309902690333 140.09871276585909 15.457348309020743 61.115352503606118 39.205392947187647 106.13963824178791 38.940417250996688 37.546483550628182 294.03499739128165 21.384839541657129 28.043116510205436 7.7337860414845627 5.8051697046030304 46.112922906278982 40.654958751722006 109.09489832096733 100.57577402130119 6.1595243150368324 181.06360959267477 5.2803581370972088 12.429122934117915 321.42900716383883 7.0981839234009376 7.7836278644390395
leaf_count=189 1079 107 853 1196 1256 140 88 2031 716 66 94 258 1116 167 2659 23 84 208 72 248 2032 163 1748 46 535 218 346 1394 22 47
internal_value=0.00639284 0.0166075 -0.0126149 0.00109165 -0.0063495 -0.0254817 0.0135112 -0.0389781 0.00893739 0.0277175 -0.0503943 0.0220577 0.00561325 -0.0247555 0.0122174 -0.022741 0.00940968 0.0186728 0.0108854 -0.00333627 -0.0173191 0.020692 -0.0025224 0.00884991 0.0120524 0.0391327 0.0194794 0.0316485 -0.0234176 0.0260502
internal_weight=1793.25 612.29 96.0809 1180.96 670.811 298.05 76.5418 221.508 372.761 68.2062 179.304 516.209 190.41 76.4869 357.304 55.5352 42.2043 301.769 510.146 208.023 156.63 302.123 115.975 193.028 186.869 51.3933 57.4835 325.799 19.5273 113.923
internal_count=19201 4499 1410 14702 8561 3699 294 3405 4862 206 2125 3089 1588 1283 4146 1279 1280 2867 6141 5325 4859 816 2827 653 607 466 557 1501 368 305
is_linear=0
shrinkage=0.05


Tree=119
num_leaves=31
num_cat=0
split_feature=24 19 19 9 9 23 14 18 10 0 27 27 19 11 6 6 18 9 15 23 28 5 23 6 10 14 11 19 3 5
split_gain=35.7128 35.7894 55.2446 31.6883 72.5002 58.5091 55.4628 54.4767 34.574 34.2773 29.8266 61.3917 29.6054 43.5913 45.5892 26.2001 45.7239 37.252 28.197 22.3237 20.7708 20.3572 19.4648 19.152 19.1199 19.0565 25.2339 49.625 18.1184 17.7442
threshold=625.50000000000011 3402.0297058823535 652.17000000000019 0.74110207768744363 0.97735816814764187 54.470910335386726 0.0033802827630335505 445.50000000000006 0.15988372093023259 3.5000000000000004 1016202.0750000001 404.51331513326039 4890.9885416666675 0.12967967967967967 25.500000000000004 10.500000000000002 1539.5000000000002 0.33514492753623187 0.22929683928190439 42.922655715263524 1.0000000180025095e-35 1.479200508224543 23.412731006160168 23.500000000000004 0.049418604651162761 0.010058682675120551 0.17390815278524963 10166.278132547443 1.0017107622615329 2.5921483450580634
decision_type=2 2 2 2 2 2 2 2 2 2 2 2 2 2 2 2 2 2 2 2 2 2 2 2 2 2 2 2 2 2
left_child=1 2 21 15 5 6 7 -5 -8 10 11 -6 22 -14 -15 16 17 19 -18 -2 29 24 -3 -23 -1 -17 -27 -28 -16 -7
right_child=3 12 -4 4 9 20 8 -9 -10 -11 -12 -13 13 14 28 25 18 -19 -20 -21 -22 23 -24 -25 -26 26 27 -29 -30 -31
leaf_value=-0.061860967597866794 -0.059817278447515831 -0.074438192894157915 -0.059357402767808536 0.051827548908464777 0.015149514520609093 -0.068508808056284537 -0.070098658901752736 -0.066268937318415086 0.017224991126821142 -0.065576916025352025 0.046125161036683418 -0.047889416071741617 0.025182235145772305 -0.062824669791105278 -0.086885876665147355 0.037219688135874403 -0.060897211906913024 -0.059052241584820836 0.052336845060870635 0.0059669412482831856 -0.069147116640092376 -0.061401847968763704 0.031941030041294234 0.042751164892538593 0.052954324061516456 0.019280923454530363 -0.088573834421967521 0.029016566484296513 0.026999047488425611 0.04195598791627328
leaf_weight=3.946071875456254 14.685552261405972 4.2399250862799809 37.387315687126829 11.641116662765851 254.46796795152477 6.1316907281870945 12.396810898935653 57.299013528128853 120.60176996013615 14.829917651557478 53.431938632362289 45.410790172187262 112.00997188338079 37.625562396540772 3.7864690760325166 104.36389004299417 6.159372248715953 38.828703576655244 43.871722325595329 100.48757895521703 74.666201957123121 11.924886048946066 317.03140274701582 6.8323938305256879 33.199529450503178 157.05091322562657 17.080637193925213 18.616346438182518 33.407230533077382 8.6076453347923216
leaf_count=132 1079 107 853 19 2964 96 219 1646 288 716 119 1063 305 1116 73 285 315 2032 151 1748 1400 346 1394 22 57 233 257 41 94 31
internal_value=0.00617584 0.0160642 -0.0123575 0.00104687 -0.00614997 -0.0247857 -0.00983565 -0.0462088 0.00900143 0.00858734 0.0117321 0.00557405 0.0212938 0.00543022 -0.0240674 0.0105269 -0.00324737 -0.016762 0.0382031 -0.00242235 -0.0584484 0.0190361 0.0304988 -0.0231731 0.0404896 0.0200007 0.0106371 -0.0271998 0.0150691 -0.00381337
internal_weight=1762.02 601.391 93.2902 1160.63 659.485 291.344 201.939 68.9401 132.999 368.141 353.311 299.879 508.101 186.829 74.8193 501.145 204.033 154.002 50.0311 115.173 89.4055 55.9029 321.271 18.7573 37.1456 297.112 192.748 35.697 37.1937 14.7393
internal_count=19201 4499 1410 14702 8561 3699 2172 1665 507 4862 4146 4027 3089 1588 1283 6141 5325 4859 466 2827 1527 557 1501 368 189 816 531 298 167 127
is_linear=0
shrinkage=0.05


Tree=120
num_leaves=31
num_cat=0
split_feature=15 15 12 23 24 24 23 19 15 2 18 14 2 18 27 27 23 23 13 9 12 15 23 13 8 27 18 19 23 4
split_gain=37.0053 31.5318 49.5513 58.8926 46.5989 48.8236 39.2397 51.0521 38.9425 36.7761 31.4273 68.7862 49.1959 41.8568 26.9768 43.1717 41.0061 31.3447 46.2891 33.4247 48.1471 21.1129 50.4786 28.5568 20.8189 18.3092 18.0882 16.7257 18.9285 12.8555
threshold=0.19359500279694203 0.13869429611848658 2.6047599583082452 28.064339493497609 131.50000000000003 294.50000000000006 27.774127310061605 24004.011666666669 0.13731754682703753 1342.4500000000003 751.50000000000011 0.021757337411696154 122214.65000000001 986.50000000000011 11.040161431953683 22.010453491306102 33.68925393566051 44.04928131416839 0.038554440728353706 0.22335600907029476 2.7017711401447597 0.080322580645161262 24.592744695414105 0.11845223247692686 4.0068571624932483 308.4740192899522 781.50000000000011 1990.5468253968256 76.943189596167016 13.500000000000002
decision_type=2 2 2 2 2 2 2 2 2 2 2 2 2 2 2 2 2 2 2 2 2 2 2 2 2 2 2 2 2 2
left_child=1 8 3 6 -5 -6 7 -3 9 29 12 13 25 -12 16 -16 -2 18 -17 -19 -21 23 -23 -11 -20 -4 -13 28 -18 -1
right_child=14 2 10 4 5 -7 -8 -9 -10 21 11 26 -14 -15 15 17 27 19 24 20 -22 22 -24 -25 -26 -27 -28 -29 -30 -31
leaf_value=-0.059499693348704787 -0.065094754892818962 -0.071680775482762485 0.04005172086960581 0.030094815660477808 -0.17861944778208719 -0.041252399060186268 0.074076300418530777 0.050966891860083775 0.053551714886182628 0.023242627216575662 -0.049313476446627209 0.040702663528126848 -0.05139787613652444 0.017893555419492242 -0.073291116486547889 -0.11055767842328751 -0.059004272108006052 0.031796224586978804 0.045724850583560489 -0.06591875075400204 0.013571779066920357 0.039107919450064671 -0.012803706044258949 -0.024786322621476679 -0.0024662855481996228 -0.0073673201284822302 -0.098249350804136215 0.03924907878494114 0.046880234606794954 0.04843288653182394
leaf_weight=25.739655962548571 10.465570078551535 17.370786850980949 122.23547398456139 22.049272212665528 6.7078121451195321 146.40984475484584 21.543754728045315 16.369166390737519 48.590181920386385 295.10025794572721 28.657445366305183 2.4999288069084313 19.87636815928272 118.81445070043264 15.241838389643815 5.5667049261101047 9.4585640088771488 38.212282341904938 102.82633589667967 37.297513972705929 38.601854517299216 60.829886446794262 202.20117545757967 34.392828817392001 28.388667794293724 24.180488866870292 22.834701514570042 216.50696557674382 7.4275677928235373 2.9617438316345206
leaf_count=1170 622 525 318 59 144 2871 17 25 98 2927 603 5 622 839 428 136 391 99 454 929 195 233 2206 1125 227 168 174 1573 26 1
internal_value=0.00778906 0.00311871 -0.00552386 -0.0234133 -0.0376187 -0.0474155 0.0214928 -0.0120549 0.0104747 0.00708928 0.00662236 -0.00828669 0.0221412 0.00477511 0.0191261 0.00808816 0.0311436 0.0130791 0.0292189 -0.00623193 -0.02546 0.00977671 -0.00076906 0.0182081 0.0352666 0.0321867 -0.0842354 0.0355065 -0.0121335 -0.0480589
internal_weight=1749.36 1239.37 569.549 230.451 175.167 153.118 55.2837 33.74 669.816 621.226 339.099 172.807 166.292 147.472 509.994 266.135 243.859 250.893 136.782 114.112 75.8994 592.524 263.031 329.493 131.215 146.416 25.3346 233.393 16.8861 28.7014
internal_count=19210 14130 6370 3641 3074 3015 567 550 7760 7662 2729 1621 1108 1442 5080 2468 2612 2040 817 1223 1124 6491 2439 4052 681 486 179 1990 417 1171
is_linear=0
shrinkage=0.05


Tree=121
num_leaves=31
num_cat=0
split_feature=25 27 26 13 17 13 19 5 11 24 5 19 19 12 10 16 0 12 5 5 14 18 18 14 14 11 9 14 7 5
split_gain=26.3172 31.701 25.9637 49.7493 39.2824 52.8512 33.5292 31.2367 47.3006 43.2974 42.9675 39.8451 37.2334 30.3882 25.6714 20.6188 19.0086 21.392 16.4928 38.3989 15.775 15.5354 9.49004 6.33993 5.1191 3.87917 1.6897 2.51722 1.68152 0.42536
threshold=1.0000000180025095e-35 4.3809355284647316 1.0000000180025095e-35 0.066772823779193163 1.5000000000000002 0.12285602273841022 14702.197500000002 1.8480168609220329 0.095491388044579517 529.50000000000011 1.6547948967210366 3708.0884210526319 21673.318937500004 2.2585339519165983 0.17732558139534882 0.30455486542443072 2.5000000000000004 2.9209184210358194 2.846049826651543 2.3060079983305717 0.0031791513166870501 881.50000000000011 710.50000000000011 0.30471628592483424 0.77998274374460752 0.05492019605378911 0.99876771364185812 0.027973395931142352 13.500000000000002 1.748260756710512
decision_type=2 2 2 2 2 2 2 2 2 2 2 2 2 2 2 2 2 2 2 2 2 2 2 2 2 2 2 2 2 2
left_child=1 14 7 15 6 -6 -5 10 13 -10 12 -12 -3 -9 18 28 17 25 19 21 22 -1 -20 -17 -21 -16 27 -18 -4 -2
right_child=29 2 3 4 5 -7 -8 8 9 -11 11 -13 -14 -15 16 23 26 -19 20 24 -22 -23 -24 -25 -26 -27 -28 -29 -30 -31
leaf_value=0.015040684398703522 0.05173222416177034 -0.020791834988100555 -0.05807204010280656 -0.085207890291150432 0.038380947164840404 -0.074949879247166548 0.024431700551460392 -0.022925882076190014 0.016027157207007668 -0.021468541807837083 0.04179902250983418 -0.018697514131654828 0.031146794948522124 0.031033156976406615 -0.17870882087724815 -0.028982100438493474 -0.026207102986592141 0.03348858821849806 -0.05071018205615152 -0.057237729334662792 -0.060668196328037695 0.041884572170086322 0.051619493382129802 0.044213636685890241 0.043156748704292022 -0.066237404170636893 0.051838366821839371 0.043633176266117984 -0.09349286069352418 0.039129575933851309
leaf_weight=231.03058843305917 22.570942663063761 124.07090841367608 8.0344327935308737 14.035916764580181 189.68730434961617 10.757799876242641 13.592290740372844 34.235576938779559 94.008861837239238 420.49744535966602 131.67107745163958 34.113421183748869 47.642269183881581 107.71199344308116 0.80710287997499719 5.8276245816668943 2.28430880999076 6.2509599044569759 2.2176387619110747 18.44136821686698 3.3639666640810892 70.801704022756894 68.472283860086463 5.7563281217589974 1.2345433235168446 18.208681141302804 5.7358837294741534 2.6206694580614567 9.7421326735056919 20.885249206563458
leaf_count=3683 16 2973 294 375 653 293 51 352 308 5839 566 439 169 194 14 85 46 19 80 909 83 845 336 5 1 409 3 5 132 33
internal_value=0.00750152 0.00650448 0.00246968 0.0166193 0.0245229 0.0322393 -0.0311944 -0.00119136 -0.00755116 -0.014606 0.0111626 0.0293168 -0.00634248 0.0179769 0.0181917 -0.0444805 -0.0221729 -0.0458136 0.0218731 0.0169379 0.0431803 0.0213659 0.0482715 0.00702969 -0.0504994 -0.0721826 0.0334003 0.0102349 -0.0781779 0.0458939
internal_weight=1726.31 1682.86 1251.39 257.434 228.073 200.445 27.6282 993.952 656.454 514.506 337.498 165.784 171.713 141.948 431.47 29.3605 35.9076 25.2667 395.562 321.508 74.0539 301.832 70.6899 11.584 19.6759 19.0158 10.6409 4.90498 17.7766 43.4562
internal_count=19210 19161 12728 1888 1372 946 426 10840 6693 6147 4147 1005 3142 546 6433 516 496 442 5937 5438 499 4528 416 90 910 423 54 51 426 49
is_linear=0
shrinkage=0.05


Tree=122
num_leaves=31
num_cat=0
split_feature=15 15 19 2 4 19 15 9 2 9 4 14 27 27 23 23 14 9 3 5 15 23 14 15 0 19 23 24 23 4
split_gain=32.8717 27.7443 40.6592 40.1992 38.5964 43.8384 36.8196 34.2106 33.6679 27.1995 25.7547 35.5046 24.0365 39.6518 37.4521 28.2264 34.0139 30.9254 27.0939 23.9422 18.1952 44.0765 23.7802 17.4996 15.0765 13.9251 17.1052 12.2667 11.9762 11.7928
threshold=0.19359500279694203 0.13869429611848658 21673.318937500004 51092.935000000005 3.5000000000000004 2413.1433333333339 0.13731754682703753 0.7886762360446572 1342.4500000000003 0.88936885049196068 7.5000000000000009 0.066890380313199063 11.040161431953683 22.010453491306102 33.68925393566051 44.04928131416839 0.030366625329899203 0.22335600907029476 38331.200000000004 2.6737128681354743 0.080322580645161262 24.592744695414105 0.22869249394673122 0.29893617021276603 1.5000000000000002 1990.5468253968256 76.943189596167016 1043.5000000000002 21.813826146475019 13.500000000000002
decision_type=2 2 2 2 2 2 2 2 2 2 2 2 2 2 2 2 2 2 2 2 2 2 2 2 2 2 2 2 2 2
left_child=1 6 3 4 5 -3 8 -4 29 -6 11 -5 14 -14 -2 16 23 -17 -19 -12 22 -22 -10 -15 -16 26 -26 -9 -29 -1
right_child=12 2 7 10 9 -7 -8 27 20 -11 19 -13 13 15 24 17 -18 18 -20 -21 21 -23 -24 -25 25 -27 -28 28 -30 -31
leaf_value=-0.058944860100308076 -0.064613379348026231 0.013612145450947131 -0.061232565958704334 -0.078238618799073789 -0.042743674389504271 -0.028072886008454551 0.05241838355830835 0.038540069397593003 0.018882446078735113 0.033379073160993721 -0.06590413115922121 0.041999906608059287 -0.072464127503349102 0.036434496331315305 -0.058276249359960147 0.030859637295537024 -0.089744375672805118 -0.036763407054011508 0.054185295051001441 0.047336056548587996 0.037466426913149352 -0.011943204173277683 -0.075390499202272546 -0.07710777491689412 -0.058636865508424285 0.039134611201874191 0.046517887684108417 0.038039723978186564 -0.087078485668331207 0.048056167224063591
leaf_weight=24.439173111299173 9.9579789896088169 93.590807298809523 10.628854123409836 47.956314379291143 13.573407654766923 192.22867493735976 46.870310839585727 83.762836752808653 317.53846843671636 81.192819547140971 7.4690651263372301 6.9176205738913259 14.499889267783145 123.56187689241779 4.2252533361606757 36.966681845253333 5.7597355987527399 64.028819307917729 9.2575591020577104 12.05786114168586 58.062477800558554 201.36075818793324 6.7167268560006042 3.371083109144819 8.2788659218349476 205.56330015478306 7.0541700972244135 3.4908507503569117 3.9336250356136588 2.7497322559356681
leaf_count=1170 622 917 82 1447 79 2667 98 222 3924 359 502 15 428 584 178 99 67 1109 15 24 233 2206 128 166 344 1446 22 4 52 1
internal_value=0.00721205 0.00278823 -0.00541896 -0.0118182 -0.00522704 -0.0144058 0.00974332 0.0231119 0.00645275 0.0223897 -0.0454149 -0.0629411 0.018108 0.00752246 0.0296714 0.0123448 0.0278783 -0.00631326 -0.0251484 0.00365175 0.00899644 -0.00085521 0.0168916 0.0333214 0.033891 0.0357021 -0.00994707 0.0330542 -0.027862 -0.0478037
internal_weight=1707.07 1214.54 556.803 454.987 380.586 285.819 657.738 101.816 610.867 94.7662 74.4009 54.8739 492.525 257.446 235.08 242.946 132.693 110.253 73.2864 19.5269 583.678 259.423 324.255 126.933 225.122 220.896 15.333 91.1873 7.42448 27.1889
internal_count=19210 14130 6370 6010 4022 3584 7760 360 7662 438 1988 1462 5080 2468 2612 2040 817 1223 1124 526 6491 2439 4052 750 1990 1812 366 278 56 1171
is_linear=0
shrinkage=0.05


Tree=123
num_leaves=24
num_cat=0
split_feature=8 23 12 11 8 25 9 12 12 27 12 10 27 27 27 27 1 10 23 10 12 11 17
split_gain=26.1559 45.0095 41.4634 34.41 33.7926 30.1313 28.8121 27.0699 24.6566 22.1546 19.3291 13.0495 27.0293 19.6832 16.7788 14.3305 11.1499 9.97224 8.72954 2.13159 0.998116 1.27005 0.747708
threshold=2.7255678241131136 36.770704996577699 1.9219756182923899 0.37638888888888894 3.198377032329589 1.0000000180025095e-35 0.056079664570230552 2.9668991407349821 2.271844807031322 259.96033974935568 1.5717529001735173 0.043604651162790657 0.31258137801798969 247.83712217947763 2.6979242161139765 0.17987398776905586 2.5000000000000004 0.18895348837209297 80.042436687200549 0.20639534883720928 2.4980708421893305 0.90442092154420928 19.500000000000004
decision_type=2 2 2 2 2 2 2 2 2 2 2 2 2 2 2 2 2 2 2 2 2 2 2
left_child=1 -1 6 4 7 8 10 17 -6 11 -2 12 15 -14 -13 -3 -16 -4 -11 -8 21 -5 -12
right_child=2 9 3 20 5 -7 19 -9 -10 18 22 14 13 -15 16 -17 -18 -19 -20 -21 -22 -23 -24
leaf_value=-0.05458546940376155 -0.069834346258396074 0.01849758642205936 -0.0488907771507869 0.018053620448578236 0.018974819406063947 0.048441152430266705 -0.058104960114534393 0.038032344480630212 0.0008042890762214993 -0.054650395441534751 0.049155455155780854 -0.051412633185013781 -0.021100898385866002 0.055764077773494937 -0.05110478484793203 0.052864198776055242 0.049039836058323398 -0.18712984058889667 0.039983452953651105 -0.097293268499402438 0.054218664334045631 0.052137949089541197 0.024316861446197848
leaf_weight=19.035873377521057 5.4982180701335919 75.32651221883134 39.307050274321227 6.3772139580105414 233.33699473946763 40.173693225719035 33.024963961463072 9.8334479725453985 935.85941465372161 11.72165333466546 8.4273957586847228 4.4849187547806642 49.695759445006843 9.8831637017428857 2.7362637516052919 51.668663886841387 95.637021104746964 1.2955535692162801 2.929332297993823 4.6325566130690268 31.774945995304734 5.9885458946228027 7.0307656017830586
leaf_count=1983 108 1104 1604 55 1675 28 1472 24 7307 641 14 365 1853 2 226 163 459 13 9 39 23 1 42
internal_value=0.0069403 0.0197317 0.00390204 0.00575571 0.00422898 0.00590598 -0.0371897 -0.035816 0.00443618 0.0244169 0.00957515 0.0274655 0.0195147 -0.00819441 0.0418059 0.0325498 0.0461545 -0.0538735 -0.0352475 -0.0633032 0.0491086 0.0352471 0.0384085
internal_weight=1685.68 323.119 1362.56 1303.95 1259.81 1209.37 58.6139 50.4361 1169.2 304.083 20.9564 289.432 186.574 59.5789 102.858 126.995 98.3733 40.6026 14.651 37.6575 44.1407 12.3658 15.4582
internal_count=19210 6805 12405 10730 10651 9010 1675 1641 8982 4822 164 4172 3122 1855 1050 1267 685 1617 650 1511 79 56 56
is_linear=0
shrinkage=0.05


Tree=124
num_leaves=31
num_cat=0
split_feature=15 15 19 2 15 9 2 23 23 6 14 27 2 3 15 13 5 5 13 7 19 5 19 19 19 13 24 23 2 18
split_gain=29.9019 24.1263 37.8281 38.3561 34.5255 31.0398 30.7118 30.2719 30.4963 24.257 27.1611 22.5213 32.1014 22.1995 20.3611 31.4943 21.6981 17.6265 21.7988 16.4024 27.583 19.7968 16.256 37.0104 15.2743 11.8414 11.351 11.1254 10.9377 10.8066
threshold=0.19359500279694203 0.13869429611848658 21673.318937500004 51092.935000000005 0.13731754682703753 0.7886762360446572 1342.4500000000003 26.379192334017798 28.064339493497609 68.500000000000014 0.066890380313199063 114.63220144698873 198418.46000000005 0.30315380565161049 0.27842377260981915 0.040202020202020204 2.2676895797846397 3.7822503068227693 0.13805216829524347 21.500000000000004 2951.4450000000002 4.2805594794863442 2951.4450000000002 200.00500000000002 150.92250000000001 0.092395354111319869 1043.5000000000002 21.813826146475019 2432.8300000000004 1808.5000000000002
decision_type=2 2 2 2 2 2 2 2 2 2 2 2 2 2 2 2 2 2 2 2 2 2 2 2 2 2 2 2 2 2
left_child=1 4 3 7 6 25 29 -3 -9 10 -5 13 14 -2 15 -13 -17 24 -19 22 -21 -22 23 -15 -8 -4 -7 -28 -24 -1
right_child=11 2 5 9 -6 26 17 8 -10 -11 -12 12 -14 19 -16 16 -18 18 -20 20 21 -23 28 -25 -26 -27 27 -29 -30 -31
leaf_value=-0.05859919108420876 -0.061862049250768984 -0.065104982051085822 -0.1068204662196181 -0.066470266604591627 0.051053135244399299 0.037643229115950479 -0.063293795276255574 0.048269276745058848 -0.0060309655975563994 0.037323847954899521 0.040927191369668763 0.033443424640402293 0.046656014118998966 0.040496972024471216 -0.092020493369124295 -0.0066516736996658325 -0.073030889648199537 -0.11439249635958018 0.028021736813315774 0.0352194242755502 -0.089297820941193984 0.047906117975419674 0.048627493382736697 -0.059528941753465847 0.010345472116067225 -1.4982254037627426e-05 0.037329543355621851 -0.085067307129693334 0.026512159661827225 0.044601484800251806
leaf_weight=23.115429765181037 7.355034436332061 19.823370376951061 5.6277011148631555 56.886556387573364 45.242583995859604 81.472152407106478 7.0157632874033871 27.953490122512449 329.23680764433811 7.7947599962353697 6.4386933809146276 28.629235657048412 26.140730962419184 21.460615768490243 7.9754755275207563 33.189075649454026 19.673463691375218 6.2838271055370551 4.5036822687834501 16.343287884519672 11.565281787770799 3.2725333741400382 78.112169992775307 16.0866291787097 557.20458140026312 4.9169198656454682 3.3804300045594564 3.8188758950127522 207.26377525986754 2.7183712765690862
leaf_count=1158 262 510 56 1967 98 222 318 109 3403 6 15 86 80 228 293 385 364 84 10 51 147 3 504 603 6079 26 4 52 2074 13
internal_value=0.00665589 0.00242101 -0.00529649 -0.0114892 0.00896666 0.0226074 0.00578132 -0.00511572 -0.00175515 -0.0451508 -0.0554243 0.0172367 -0.00193175 0.0233801 -0.0162203 -0.00863687 -0.0315412 0.00818792 -0.0547654 0.0251818 -0.00930262 -0.0585842 0.0285289 -0.00226931 0.0094099 -0.0579552 0.0322986 -0.0271869 0.0325979 -0.047417
internal_weight=1670.5 1193.43 547.35 448.134 646.084 99.2161 600.842 377.014 357.19 71.12 63.3252 477.067 115.608 361.459 89.4673 81.4918 52.8625 575.008 10.7875 354.104 31.1811 14.8378 322.923 37.5472 564.22 10.5446 88.6715 7.19931 285.376 25.8338
internal_count=19210 14130 6370 6010 7760 360 7662 4022 3512 1988 1982 5080 1208 3872 1128 835 749 6491 94 3610 201 150 3409 831 6397 82 278 56 2578 1171
is_linear=0
shrinkage=0.05


Tree=125
num_leaves=31
num_cat=0
split_feature=23 23 17 22 29 13 4 17 14 17 6 13 20 19 20 17 7 13 13 23 17 20 14 17 16 4 23 8 23 23
split_gain=23.8064 39.6112 48.1355 46.225 34.1288 28.1109 26.8575 27.1148 30.3266 25.4401 26.4613 26.7494 24.391 45.2484 42.5093 23.5659 26.6872 23.359 22.281 21.4296 23.7825 18.9864 18.5831 17.2338 15.1142 12.4156 12.0792 23.817 11.2274 11.2246
threshold=67.653661875427801 53.533196440793979 8.5000000000000018 1.5000000000000002 1.0000000180025095e-35 0.19264507422402158 5.5000000000000009 358.50000000000006 0.029459980713596855 269.50000000000006 38.500000000000007 0.14839839839839838 2.5394259322572874 1427.6500000000003 1.8356274009595077 1001.5000000000001 72.500000000000014 0.038554440728353706 0.14180461329715063 78.339493497604394 110.50000000000001 1.9064935553385507 0.30471628592483424 1.0000000180025095e-35 0.21138500708850502 4.5000000000000009 72.088980150581804 4.4250040680696792 52.81724845995894 48.948665297741279
decision_type=2 2 2 2 2 2 2 2 2 2 2 2 2 2 2 2 2 2 2 2 2 2 2 2 2 2 2 2 2 2
left_child=1 6 5 4 -4 21 7 12 28 10 11 19 14 -14 -1 26 -17 24 -6 20 -2 23 -23 -3 -5 -21 -11 -28 -9 -8
right_child=9 2 3 17 18 -7 29 8 -10 15 -12 -13 13 -15 -16 16 -18 -19 -20 25 -22 22 -24 -25 -26 -27 27 -29 -30 -31
leaf_value=0.013940461150254518 0.019464056086519285 0.0018131168695370904 -0.058118548505720118 -0.056759413606465817 0.029305614025866813 0.037725113398879212 0.036189325371814261 -0.064933406554106773 0.018697500193062259 0.057046663205338424 -0.085830247949149424 -0.060092320093739132 -0.070607101959856713 0.024601165856800822 -0.015802473272724372 -0.084305942427105193 0.052440592591411539 -0.07040126487773074 -0.059703501631591251 -0.049301371398125945 -0.077913679419886625 -0.076749489814092423 0.035446885561575193 -0.062708111871714198 0.030565587252480937 0.029107127069023072 -0.064563190104953636 0.041632349334471651 0.026034579636386546 -0.061600680605409824
leaf_weight=265.79939727159217 296.70477621089958 25.896793471765704 13.882241319748571 7.6393784596002687 120.20219138078392 10.254030785756184 89.256572191086889 33.243701788058388 21.492637891962659 66.689880753430771 7.1157007175497702 12.664075060252797 13.043861548794665 240.11262472605449 219.01642414070375 7.9323420395667181 6.288062572479248 27.801654043927556 7.3411719899158916 19.780271907686259 6.2896476577734566 50.086072322970722 3.8636232623830429 16.975022188184084 13.66558405064279 6.6066696344059883 6.5786051676841479 24.798058606800623 3.6391073447884983 2.9093477236747267
leaf_count=3550 2082 337 471 276 609 30 592 1663 98 134 49 393 476 1265 3117 327 1 852 285 383 237 939 9 402 170 63 249 42 38 87
internal_value=0.00590092 0.00214674 -0.0136324 0.00142052 0.0159592 -0.0404407 0.00743852 0.00447185 -0.0282862 0.0155374 0.00885562 0.0108645 0.00707334 0.0196499 0.000493238 0.0362438 -0.0235455 -0.0402962 0.0241005 0.0136253 0.0174011 -0.048801 -0.0685713 -0.0237041 -0.000632069 -0.0294452 0.0449798 0.0190736 -0.0557766 0.0329848
internal_weight=1647.57 1186.12 297.608 190.532 141.426 107.076 888.514 796.348 58.3754 461.448 349.161 342.045 737.972 253.156 484.816 112.287 14.2204 49.1066 127.543 329.381 302.994 96.8215 53.9497 42.8718 21.305 26.3869 98.0665 31.3767 36.8828 92.1659
internal_count=19226 15266 4380 2663 1365 1717 10886 10207 1799 3960 3207 3158 8408 1741 6667 753 328 1298 894 2765 2319 1687 948 739 446 446 425 291 1701 679
is_linear=0
shrinkage=0.05


Tree=126
num_leaves=25
num_cat=0
split_feature=11 12 16 13 16 16 23 4 13 8 26 8 2 2 0 13 13 29 11 20 22 20 23 17
split_gain=22.4031 24.0521 26.6465 52.4569 39.9734 30.1174 29.9749 27.7472 29.3554 25.8301 42.844 39.3941 9.84979 13.6651 9.49712 6.92709 4.01733 8.72797 9.30551 2.17095 4.21632 0.854363 0.690648 0.0272794
threshold=0.68926553672316393 2.9414691278528089 0.13168094655242757 0.11909059652741961 0.18870581982460796 0.11566332218506127 70.373716632443546 9.5000000000000018 0.076039864920517217 3.9898569214791393 1.0000000180025095e-35 4.1358287799887998 13000.150000000001 205843.17500000002 12.500000000000002 0.092939400788176765 0.071126025354213265 2.5000000000000004 0.1154480832698654 2.3603976664515476 1.0000000180025095e-35 2.5618294073129957 47.730321697467495 2.5000000000000004
decision_type=2 2 2 2 2 2 2 2 2 2 2 2 2 2 2 2 2 2 2 2 2 2 2 2
left_child=1 2 3 5 7 6 -1 8 -4 10 -6 -11 16 14 21 -7 17 -3 -19 -18 -21 -14 -2 -5
right_child=22 12 4 23 9 15 -8 -9 -10 11 -12 -13 13 -15 -16 -17 19 18 -20 20 -22 -23 -24 -25
leaf_value=-0.0085101724792556906 0.053384640508957776 0.03430273205813917 -0.0048425219114218388 -0.07679159072771638 0.0027150837371479959 0.030976516906422238 0.036319199099127335 0.04918084527884807 -0.045392635429089612 -0.069875368400922941 0.033652338095628877 -0.0014383363973411705 -0.061004770648184707 0.041455409306550416 0.044775032813446025 0.059280009604455702 0.046033235626188405 0.045798836494895898 -0.087040387580842454 0.052663844494093462 0.013218607984788822 -0.11076058774542066 0.034385197862893922 -0.0545808002255787
leaf_weight=87.442021231807303 21.289594830726859 13.506687983463054 86.114176025817869 2.0748673787748002 408.21576655071112 40.002251664933283 64.713824165577535 13.050953668483997 93.294696999102598 21.978747397355619 154.30829520398402 446.19618895046005 3.0666143898270075 6.4358031225856394 1.6540925502777097 51.044694883748889 44.482662849943154 1.923302921000867 3.5740394679596648 10.904599593020977 19.150346417387482 2.7747364361421205 9.7145215118071047 19.274553280702094
leaf_count=1901 34 28 1273 50 6534 262 365 48 2781 533 1103 2946 68 13 2 67 39 2 46 4 62 42 36 987
internal_value=0.00567656 0.00485329 0.00319836 0.0175838 8.17297e-05 0.0242006 0.0105348 -0.0208255 -0.0259704 0.00399217 0.011215 -0.00467607 0.0276911 -0.0111966 -0.057014 0.0469471 0.0335418 0.012543 -0.039684 0.0388047 0.0278232 -0.0869476 0.047722 -0.0573204
internal_weight=1626.19 1595.18 1487.71 264.552 1223.16 243.203 152.156 192.46 179.409 1030.7 562.524 468.175 107.473 13.9312 7.49544 91.0469 93.5416 19.004 5.49734 74.5376 30.0549 5.84135 31.0041 21.3494
internal_count=19226 19156 18850 3632 15218 2595 2266 4102 4054 11116 7637 3479 306 125 112 329 181 76 48 105 66 110 70 1037
is_linear=0
shrinkage=0.05


Tree=127
num_leaves=31
num_cat=0
split_feature=23 23 26 22 2 8 19 9 15 7 4 11 11 16 19 8 8 29 24 23 24 14 4 15 28 6 9 3 16 7
split_gain=21.5725 36.6642 38.7912 38.6264 31.3494 37.0669 31.5293 30.2895 29.8792 27.3347 26.6021 26.5225 35.2977 25.8096 25.6409 24.0662 24.6576 32.0803 19.9003 19.7452 28.808 20.0621 15.3304 16.6728 13.7138 14.9433 12.4111 11.4539 9.16882 7.82412
threshold=67.653661875427801 53.533196440793979 1.0000000180025095e-35 1.5000000000000002 12314.530000000001 5.2119796564249459 200.00500000000002 0.99399393983118112 0.19763960451190637 33.500000000000007 5.5000000000000009 0.40370370370370373 0.17293726874102941 0.30455486542443072 5001.4987500000007 2.5761372822812478 4.3406629094766833 2.5000000000000004 2850.0000000000005 70.607802874743342 435.50000000000006 0.013730049013447253 6.5000000000000009 0.14289399970514519 1.0000000180025095e-35 22.500000000000004 0.97022314171715685 0.51246942832954989 0.19886896639945417 6.5000000000000009
decision_type=2 2 2 2 2 2 2 2 2 2 2 2 2 2 2 2 2 2 2 2 2 2 2 2 2 2 2 2 2 2
left_child=1 2 10 7 5 6 -2 8 14 18 11 12 -1 24 -3 -4 26 -18 19 20 -6 -21 23 -11 25 -5 -17 -12 -26 -13
right_child=4 3 15 13 9 -7 -8 -9 -10 22 27 29 -14 -15 -16 16 17 -19 -20 21 -22 -23 -24 -25 28 -27 -28 -29 -30 -31
leaf_value=0.0018073279551327902 0.040154665131725553 0.021011817430937208 -0.062002663269946592 -0.063519904539082406 -0.11431466305843818 0.038379447728766995 -0.063287525447757231 -0.070566666310605847 -0.051804398163716306 -0.010411038568767746 -0.061098087310101794 -0.04695155395454248 -0.028312174123743063 0.016592315099510879 -0.030169070951103296 0.019308022325668705 -0.096798639875322612 0.01584713071673691 -0.07780885159432735 0.0044531091400886805 0.045780143817149684 0.033442474209614499 0.029819021603988857 -0.12096384186808806 -0.042091456624503712 0.016744651901724361 0.047875823698377139 0.034857019091826986 -0.085743886190017979 0.051182637692362767
leaf_weight=438.74994413449895 9.104033535346387 132.52276060602162 7.4375484753691117 10.710659488482635 2.7722063964756662 20.539954555570148 36.231856233818689 14.489327583985867 20.897793548094342 6.99262648727745 3.1385536963207405 2.0650180921657038 124.78924676973838 16.017032975127222 29.849777053575963 61.535356891166884 7.8190912215213748 31.085481062633335 4.687029439941397 143.28276791180542 112.01553734466142 102.81240555393742 5.854481521062552 6.8053462421521544 21.837698455201462 12.290696086070964 103.50409169156774 65.869775407118141 29.614244886761298 27.125855654099723
leaf_count=4757 91 1031 491 475 56 34 1029 411 546 37 181 324 3607 238 265 451 140 135 184 1726 531 205 13 54 718 53 335 386 643 79
internal_value=0.00544282 0.00183307 0.00694123 -0.0136205 0.0147226 -0.0170914 -0.0423623 -0.00120899 0.00428265 0.020179 0.000975676 -0.00243898 -0.00485726 -0.0406645 0.0115594 0.0255837 0.0288312 -0.0068545 0.0232778 0.0246257 0.0417741 0.0165931 -0.0370375 -0.065775 -0.0530549 -0.0205275 0.0372727 0.0303385 -0.0674311 0.0439331
internal_weight=1612.45 1161.35 873.12 288.23 451.098 65.8758 45.3359 197.76 183.27 385.222 661.738 592.73 563.539 90.4703 162.373 211.382 203.944 38.9046 365.57 360.883 114.788 246.095 19.6525 13.798 74.4533 23.0014 165.039 69.0083 51.4519 29.1909
internal_count=19226 15266 10886 4380 3960 1154 1120 2253 1842 2806 9334 8767 8364 2127 1296 1552 1061 275 2702 2518 587 1931 104 91 1889 528 786 567 1361 403
is_linear=0
shrinkage=0.05


Tree=128
num_leaves=26
num_cat=0
split_feature=12 19 15 19 4 7 9 16 15 10 16 0 16 18 27 19 14 7 7 19 7 16 10 0 15
split_gain=21.0647 25.4492 22.8978 22.4549 22.4446 41.9033 23.704 22.3183 11.0024 17.7003 10.4156 4.51719 3.86161 3.79631 8.74528 3.23303 2.4378 2.17369 2.14205 2.11555 1.10952 2.03304 1.46539 0.948009 0.215511
threshold=2.9414691278528089 193.31750000000002 0.11096096096096096 200.00500000000002 5.5000000000000009 41.500000000000007 0.97735816814764187 0.33489096573208726 0.1441499941499941 0.26453488372093026 0.40161290322580651 3.5000000000000004 0.34833164812942369 1525.5000000000002 110.22225274058376 9617.9702579365094 0.047978708099554006 20.500000000000004 13.500000000000002 16104.255000000003 13.500000000000002 0.050641025641025607 0.22383720930232556 3.5000000000000004 0.24264069264069263
decision_type=2 2 2 2 2 2 2 2 2 2 2 2 2 2 2 2 2 2 2 2 2 2 2 2 2
left_child=1 12 10 24 5 7 -7 -5 11 -10 15 -6 16 19 -15 -2 23 -14 -18 20 21 -4 -22 -1 -3
right_child=2 3 13 4 8 6 -8 -9 9 -11 -12 -13 17 14 -16 -17 18 -19 -20 -21 22 -23 -24 -25 -26
leaf_value=-0.056984193291020557 -0.06363261241729383 0.039972989632581876 0.05052932138815202 0.0012449935241966208 0.045405766460269434 -0.069567634403102901 0.05069508662294453 0.025826958577782125 -0.065147059488312939 0.018592509702244592 0.04450752448411787 0.0087718368376535748 -0.046436903933252616 -0.036145060445550513 0.037770239818352612 -0.15660227242385436 -0.042870111884898643 0.04421699725028095 -0.20228119664898739 0.015455707556083571 0.050819444092086601 0.0058514343170239617 0.0333855045116868 0.011924145037189124 0.054700977406849316
leaf_weight=15.615408370606023 3.2609740243060505 8.8478607095312345 4.4904689788818342 1185.6059579005669 50.217239377030637 29.412334987486247 4.6346635818481436 100.09668278727622 6.9789960749185402 57.014769125904422 1.5843708515167234 10.59384471119847 1.0499824883590909 6.0556965558789697 11.184482236858456 1.6630267653963526 0.56730820561642648 1.4277082681655884 0.53261891333386302 10.082815497764384 34.777017926331609 6.4545566629385576 23.64709363442671 0.36009643599391061 17.526099750364665
leaf_count=865 67 52 1 15061 86 271 1 1341 659 329 2 125 60 35 24 17 21 1 28 37 26 52 45 4 16
internal_value=0.00523042 0.00371297 0.027073 0.00447099 0.00363071 0.0017092 -0.0529499 0.00316454 0.023892 0.00929468 -0.0627983 0.0391308 -0.052789 0.0332325 0.0114601 -0.0985194 -0.061228 0.00354932 -0.134654 0.0378737 0.0410333 0.0249259 0.0439176 -0.0550554 0.0501186
internal_weight=1593.68 1490.48 103.201 1470.93 1444.55 1319.75 34.047 1285.7 124.805 63.9938 6.50837 60.8111 19.5531 96.6921 17.2402 4.924 17.0754 2.47769 1.09993 79.452 69.3691 10.945 58.4241 15.9755 26.374
internal_count=19226 18920 306 17941 17873 16674 272 16402 1199 988 86 211 979 220 59 84 918 61 49 161 124 53 71 869 68
is_linear=0
shrinkage=0.05


Tree=129
num_leaves=27
num_cat=0
split_feature=11 23 26 23 24 5 22 18 11 12 11 2 8 19 23 11 7 9 9 11 30 23 4 8 23 10
split_gain=20.293 21.6376 32.9901 35.2767 38.4521 30.5693 43.7893 43.4924 39.154 36.0024 35.0547 29.2181 33.8126 28.9233 24.9011 24.8418 24.5498 23.1315 24.04 22.6497 19.5038 18.7639 13.1457 1.02472 0.710902 0.0106938
threshold=0.68926553672316393 67.653661875427801 1.0000000180025095e-35 45.452429842573586 598.50000000000011 1.8480168609220329 1.5000000000000002 569.50000000000011 0.087194107864100714 2.2433122968709207 0.16449905290217834 12314.530000000001 5.2119796564249459 200.00500000000002 61.051334702258735 0.26339712918660291 33.500000000000007 0.99399393983118112 0.97022314171715685 0.16735969431861403 2.5000000000000004 78.850102669404535 6.5000000000000009 4.5624994231278935 47.730321697467495 0.27034883720930231
decision_type=2 2 2 2 2 2 2 2 2 2 2 2 2 2 2 2 2 2 2 2 2 2 2 2 2 2
left_child=1 2 5 17 19 7 9 10 -8 -7 -1 12 13 -3 -9 16 21 18 -4 -5 -6 -13 -18 -17 -2 -15
right_child=24 11 3 4 20 6 8 14 -10 -11 -12 15 -14 25 -16 23 22 -19 -20 -21 -22 -23 -24 -25 -26 -27
leaf_value=-0.044832752076448698 0.052766767733350262 0.0391085013053524 0.012926010457017974 -0.054270487236391655 -0.058830935158383217 -0.047257214297090074 0.0081787265961794416 0.025374334913850157 -0.045042559997701008 0.0043209486501952794 0.0089388391905448322 0.026604385506499559 0.037004317608951003 -0.060166012639900172 -0.05127587767122678 -0.053119834323249897 -0.061350271729844509 -0.061324146129085016 0.051203093839180085 0.044246968334843907 0.035847914175310143 -0.025956599289063093 0.028808291423476073 -0.099836235685947711 0.032961439189034589 -0.07595770177678772
leaf_weight=56.578425971136312 19.38814433080552 8.5875087048916594 79.186253332489287 7.0804464662214732 35.159886934590759 37.801758947665803 46.186307232681429 202.44377944075677 135.10264674166683 314.66713621706003 64.833429222140694 329.18610385454667 19.258802069234662 30.031310352089349 11.04880858393153 5.1481924407416946 13.329460191307591 6.6517401974124359 86.183414233732037 30.46713756036479 6.2931627937068688 17.729982494522119 5.6279423758387557 2.4348251600749791 9.1456417237059195 4.755312700290232
leaf_count=1593 34 91 746 111 776 1164 336 2379 3165 2621 1362 2026 34 966 370 337 83 253 199 99 35 302 11 34 36 63
internal_value=0.00500226 0.00423077 0.000545814 0.0165116 -0.0110919 -0.00406351 -0.0114962 0.00776744 -0.031459 -0.00120838 -0.0160941 0.0136783 -0.0178625 -0.0423683 0.0213619 0.0189848 0.0208588 0.0292165 0.0329235 0.0254417 -0.0442853 0.023897 -0.0343115 -0.069875 0.0467307 -0.0626796
internal_weight=1584.31 1555.77 1119.68 251.022 79.0006 868.662 533.758 334.904 181.289 352.469 121.412 436.089 62.6329 43.3741 213.493 373.457 365.873 172.021 165.37 37.5476 41.453 346.916 18.9574 7.58302 28.5338 34.7866
internal_count=19226 19156 15209 2219 1021 12990 7286 5704 3501 3785 2955 3947 1154 1120 2749 2793 2422 1198 945 210 811 2328 94 371 70 1029
is_linear=0
shrinkage=0.05


Tree=130
num_leaves=31
num_cat=0
split_feature=4 9 9 11 12 2 27 19 15 27 8 11 5 0 19 1 2 10 12 12 17 14 8 17 27 12 6 14 14 11
split_gain=26.6419 24.6697 31.7466 27.07 33.5523 26.1637 27.3069 22.8819 18.253 16.3972 17.5421 15.9653 46.264 14.4452 11.4384 8.52202 9.83863 5.24282 9.47372 3.46743 14.5829 3.16343 2.9814 3.86758 2.86261 1.35464 1.18257 1.09775 0.551059 0.404617
threshold=7.5000000000000009 0.11396103896103892 0.20074626865671644 0.2245637385388938 2.7958275979250273 1047580.4800000001 78.850461239806307 2000.0600000000002 0.21340823970037451 0.15053936216725841 0.93144350770453521 0.047247023809523808 2.9757010602942557 2.5000000000000004 1051.1666666666667 71.500000000000014 3127116.3350000004 0.21802325581395349 1.7739773655900948 1.5001361722992608 67.500000000000014 0.034683239775461054 4.3815924903970904 45.500000000000007 0.19462445637303488 2.1132536494289895 23.500000000000004 0.010230245944531601 0.0038031853824610005 0.040270270270270254
decision_type=2 2 2 2 2 2 2 2 2 2 2 2 2 2 2 2 2 2 2 2 2 2 2 2 2 2 2 2 2 2
left_child=1 8 13 5 7 6 -4 -5 9 10 -1 14 -13 22 -11 17 -17 18 -2 20 24 -7 -3 -24 -10 29 -20 28 -19 -21
right_child=15 2 3 4 -6 21 -8 -9 19 11 -12 12 -14 -15 -16 16 -18 27 26 25 -22 -23 23 -25 -26 -27 -28 -29 -30 -31
leaf_value=0.027346471364581956 0.048616212269443626 -0.059456628056030018 -0.0055110198024051179 -0.054470041905192695 -0.072494068746839155 -0.083082547434591481 0.010078989411924942 0.033249139434042133 0.049587067316666213 -0.076264697613280044 -0.055002900165072345 -0.074917493458903348 0.046010736998575941 0.045935676227428321 0.029054240125913712 -0.063139625664113408 0.040858337971913017 0.038380241068141856 -0.059713245696228413 0.052463166849893744 -0.053578836204833835 -0.22087112419932875 -0.079346626011304211 -0.16517004640263958 0.013218022817170869 0.027775102164779505 -0.17485329653594728 0.031239307820386131 0.052566692467934523 0.037541843180326342
leaf_weight=10.155446380376818 3.0718050003051749 5.3322414938302227 554.3439918426302 7.6925621603004393 8.4843083368905337 1.1321234163478942 568.77538453363377 149.85856944133411 19.767778366338465 2.5211284892866379 17.208748080316582 15.504703243408587 15.904590334626844 2.1594278342090538 110.51737597177271 4.3323887999868003 4.5363877633935772 14.103551448177312 1.7793459194654135 39.365329600288533 4.8536243181442833 1.192442715167999 4.1933276825584471 2.5561174070462584 8.1343294854741526 10.10453054460231 0.31263814866542805 13.377363984473048 39.667650307877921 9.7378448085510154
leaf_count=8 1 218 8094 565 194 36 4613 1734 44 49 740 786 15 3 844 337 29 27 150 47 319 8 40 20 54 38 2 22 74 83
internal_value=0.00825585 0.00680593 0.00398291 0.0048077 0.0236507 0.00202152 0.00237989 0.0289026 0.0207545 0.0110797 -0.0242709 0.0178233 -0.0135732 -0.0699783 0.0265958 0.0361833 -0.00952463 0.0418636 -0.00573196 0.0387435 0.0252199 -0.162021 -0.0913137 -0.114516 0.039248 0.0460857 -0.0863934 0.0456012 0.0490167 0.049688
internal_weight=1650.68 1569.5 1305.72 1291.48 166.035 1125.44 1123.12 157.551 263.775 171.812 27.3642 144.448 31.4093 14.2411 113.039 81.1811 8.86878 72.3124 5.16379 91.9634 32.7557 2.32457 12.0817 6.74945 27.9021 59.2077 2.09198 67.1486 53.7712 49.1032
internal_count=19194 18552 15525 15244 2493 12751 12707 2299 3027 2442 748 1694 801 281 893 642 366 276 153 585 417 44 278 60 98 168 152 123 101 130
is_linear=0
shrinkage=0.05


Tree=131
num_leaves=22
num_cat=0
split_feature=4 18 24 24 24 9 1 9 22 15 1 7 24 24 7 7 14 6 23 14 5
split_gain=25.4189 24.2835 21.5199 17.8285 20.272 17.9219 35.3155 34.1553 12.2723 21.2093 8.01403 10.7744 6.63537 9.3131 4.9724 8.90409 1.1082 0.829349 0.801947 0.562118 0.263515
threshold=7.5000000000000009 80.500000000000014 176.50000000000003 52.500000000000007 106.50000000000001 0.99307950191570893 9.5000000000000018 0.99024367028364757 1.5000000000000002 0.18990877589986563 71.500000000000014 45.500000000000007 675.50000000000011 945.50000000000011 18.500000000000004 2.5000000000000004 0.010230245944531601 23.500000000000004 70.373716632443546 0.0038031853824610005 1.0000000180025095e-35
decision_type=2 2 2 2 2 2 2 2 2 2 2 2 2 2 2 2 2 2 2 2 2
left_child=1 2 -1 -3 -5 7 -7 -6 9 20 14 -12 18 -14 15 -2 19 -17 -10 -16 -4
right_child=10 3 8 4 5 6 -8 -9 12 -11 11 -13 13 -15 16 17 -18 -19 -20 -21 -22
leaf_value=-0.063927520798949186 0.04838861649061639 0.045372228289392767 -0.04980142081676231 -0.16138254680005448 0.002929849262192859 0.027810301857373678 -0.011035960014478177 -0.059831677545630672 0.044916007246609678 0.044940716069496331 -0.06220641271604177 0.048759693013043101 -0.081117338945639078 0.036403694282965519 0.037732396591861603 -0.059051750773653905 0.03050098908263494 -0.15978108683093664 0.059365482866554777 0.052240707353711086 -0.086251302199746915
leaf_weight=5.3397897745307992 2.935849428176879 26.758868433535099 2.2394054753240171 1.7437742393231008 1145.1297091000015 191.10174098564312 84.019213385865442 21.991342392808292 21.75253155422979 9.4365685470402241 4.5208255528268619 4.028702974319458 2.1369446573662554 6.6654160812613554 13.641941832378505 1.7121427380770913 13.027543701813554 0.33386684954166401 35.802460731938481 37.963195084303152 3.750521463342011
leaf_count=171 1 14 103 36 13813 1642 1717 786 73 31 364 2 69 40 27 150 22 2 15 74 42
internal_value=0.00791529 0.00651404 0.032158 0.00498946 0.00423457 0.00444945 0.0159292 0.00173796 0.038563 -0.00129057 0.0357355 -0.00937978 0.0478913 0.00672082 0.0413534 -0.00579185 0.0450679 -0.0844982 0.0540785 0.0485825 -0.0744866
internal_weight=1636.03 1557.87 87.1236 1470.74 1443.99 1442.24 275.121 1167.12 81.7838 15.4265 78.1641 8.54953 66.3574 8.80236 69.6145 4.98186 64.6327 2.04601 57.555 51.6051 5.98993
internal_count=19194 18552 544 18008 17994 17958 3359 14599 373 176 642 366 197 109 276 153 123 152 88 101 145
is_linear=0
shrinkage=0.05


Tree=132
num_leaves=25
num_cat=0
split_feature=4 18 24 24 24 23 12 17 24 17 10 7 27 23 17 5 0 24 17 15 15 24 8 11
split_gain=24.2877 22.9741 20.1794 16.9142 18.048 17.4738 50.6448 23.3056 10.7064 11.0512 6.78642 9.22666 4.51862 5.80105 4.48397 2.37407 5.20849 15.2566 1.84 0.843608 3.0781 5.71337 0.721523 0.431802
threshold=7.5000000000000009 80.500000000000014 176.50000000000003 52.500000000000007 106.50000000000001 23.668720054757017 2.4856974433416918 1656.5000000000002 753.50000000000011 233.50000000000003 0.21802325581395349 2.5000000000000004 0.17987398776905586 24.386036960985631 245.50000000000003 1.5064331735036856 2.5000000000000004 131.50000000000003 465.50000000000006 0.15004873294346979 0.18522207466430571 691.50000000000011 4.9231523562205188 0.16542735515258733
decision_type=2 2 2 2 2 2 2 2 2 2 2 2 2 2 2 2 2 2 2 2 2 2 2 2
left_child=1 2 -1 -3 -5 6 -6 -7 12 -10 11 -2 13 -4 -11 16 -12 -18 -14 -17 21 -21 -13 -19
right_child=10 3 8 4 5 7 -8 -9 9 14 15 22 18 -15 -16 19 17 23 -20 20 -22 -23 -24 -25
leaf_value=-0.063325235480185246 0.048159603826848946 0.044877823966372736 0.045211342426433598 -0.15072409437979126 -0.050113998321609635 0.0031486263628814747 0.036878297896721209 -0.073436255731561526 -0.092036414864690816 0.051141064045265083 0.049430527990077022 -0.058755826737652672 0.04123651170973202 -0.054235975747410764 -0.021307830504791139 0.05038721867987539 0.041729051859472094 -0.11137867949398786 0.05997055138263107 0.037845174509292895 0.050143047030738255 -0.077866230628316269 -0.14748924263093485 -0.055822359906689545
leaf_weight=5.1273842971713739 2.8060777187347403 25.728280250914395 3.3474046362680374 1.7798517251212604 19.925084634523955 1308.4012603540032 100.75352010742063 9.9054406954965071 2.7704530503833658 5.0360670089721662 10.279954590136187 2.7201244437019345 35.854447769699618 2.4442511454690248 3.4633092256262898 34.913722847064491 6.7622757241479103 1.670146877440857 26.233098697819514 3.2158637139655175 9.4282570164650661 1.4724923091998787 0.35145596414804448 1.6060394374944733
leaf_count=171 1 14 7 36 977 15888 546 547 49 1 13 360 123 70 105 39 26 21 18 21 6 65 2 88
internal_value=0.00756892 0.00621781 0.0315994 0.00475371 0.00403067 0.00423602 0.0224441 0.00256387 0.037884 -0.00681177 0.0353102 -0.0154455 0.0453774 0.00218476 0.0211338 0.0397 0.0245882 -0.000595308 0.0493161 0.0457979 0.0338211 0 -0.0748156 -0.0880851
internal_weight=1626 1550.77 84.2764 1466.49 1440.77 1438.99 120.679 1318.31 79.149 11.2698 75.2264 5.87766 67.8792 5.79166 8.49938 69.3488 20.3184 10.0385 62.0875 49.0303 14.1166 4.68836 3.07158 3.27619
internal_count=19194 18552 544 18008 17994 17958 1523 16435 373 155 642 363 218 77 106 279 148 135 141 131 92 86 362 109
is_linear=0
shrinkage=0.05


Tree=133
num_leaves=31
num_cat=0
split_feature=9 9 23 11 12 15 23 23 19 15 19 0 10 6 14 14 8 13 15 18 23 17 8 23 6 18 8 17 5 10
split_gain=20.9046 29.9237 26.4974 20.0006 31.2981 24.9551 48.2223 28.9772 20.8023 15.7145 14.8817 13.5689 12.6256 22.7621 20.5051 7.98361 9.73999 5.62184 4.56744 4.06339 11.5361 8.06915 3.66689 11.3437 3.42402 2.65776 2.36283 2.92992 0.681937 0.594845
threshold=0.11396103896103892 0.20074626865671644 78.339493497604394 0.2245637385388938 2.7958275979250273 0.20463493199713673 53.533196440793979 67.653661875427801 2000.0600000000002 0.21340823970037451 1051.1666666666667 2.5000000000000004 0.32848837209302328 23.500000000000004 0.10566188197767142 0.11134954697186457 5.8642945565228972 0.034286833855799302 0.033908045977011456 274.50000000000006 42.72826830937715 115.50000000000001 1.5847915159922179 39.609856262833681 30.500000000000004 818.50000000000011 4.3815924903970904 45.500000000000007 1.5430999146036248 0.39244186046511631
decision_type=2 2 2 2 2 2 2 2 2 2 2 2 2 2 2 2 2 2 2 2 2 2 2 2 2 2 2 2 2 2
left_child=9 11 3 5 8 7 -7 -3 -5 10 28 26 13 14 -12 16 29 18 -14 22 -21 25 23 -11 -23 -22 -2 -28 -1 -4
right_child=1 2 15 4 -6 6 -8 -9 -10 19 12 -13 17 -15 -16 -17 -18 -19 -20 20 21 24 -24 -25 -26 -27 27 -29 -30 -31
leaf_value=-0.053186809396494145 -0.058993568778818964 0.0019122910416324392 -0.06644131559450063 -0.054352764881543891 -0.072293280251887707 0.0027015459861066057 -0.058794057424036275 0.021190906814751442 0.032181902325466381 0.050434246580364828 0.014148176400000618 0.045819242289812337 0.045765936629300473 -0.16126065595068831 -0.073081225089984825 0.027361608251425164 0.04593230395909767 0.052598443136150509 -0.020224065680117712 -0.066767772090002467 0.017875973462753481 -0.058834871598241981 0.05290139722016738 -0.066250825243565903 0.041426158349949116 0.053072787659732217 -0.077323838914276855 -0.15364896489292848 -0.10324831216591855 -0.111066040788249
leaf_weight=3.3958877964760168 5.1178651682275795 731.80707001463452 16.580252166182628 7.1630271796166189 8.0667153229151136 115.28955643197696 43.886024229053874 265.94184993754607 145.54437486361712 7.5618424316635338 124.16304571679211 2.1039940458722404 4.5427171359769982 1.8811909086070944 7.0108325273758956 2.9218997536227098 1.8646994829177845 25.910624271258712 5.8309484259225428 3.0720752541092216 8.3069689769763553 3.0146196313435203 42.466289142030291 2.7394546824507415 1.0314280390739439 19.167593174963258 4.0884171457728371 2.6102529102936387 1.6472648343769831 1.3676696009933937
leaf_count=137 218 8371 503 545 190 1618 1136 1814 1679 32 2069 3 11 34 102 7 1 17 47 158 79 149 62 85 2 18 40 20 36 11
internal_value=0.00723764 0.00473208 0.00549521 0.00642348 0.0229493 0.00412083 -0.0142482 0.00705747 0.0280572 0.0201765 0.0114524 -0.0679095 0.0140144 0.00682617 0.00939583 -0.047881 -0.0593103 0.040145 0.00835719 0.0375006 0.0237715 0.0329371 0.0463444 0.0185845 -0.0316874 0.0427157 -0.0887936 -0.109623 -0.0722003 -0.0707154
internal_weight=1616.1 1354.35 1340.43 1317.7 160.774 1156.92 159.176 997.749 152.707 261.743 174.383 13.9205 169.339 133.055 131.174 22.7345 19.8126 36.2843 10.3737 87.3603 34.5927 31.5206 52.7676 10.3013 4.04605 27.4746 11.8165 6.69867 5.04315 17.9479
internal_count=19194 16156 15875 15353 2414 12939 2754 10185 2224 3038 2453 281 2280 2205 2171 522 515 75 58 585 406 248 179 117 151 97 278 60 173 514
is_linear=0
shrinkage=0.05


Tree=134
num_leaves=31
num_cat=0
split_feature=9 9 23 11 20 27 23 23 18 15 27 21 8 0 11 20 11 6 17 8 8 6 18 23 17 8 23 6 24 6
split_gain=19.533 27.7533 24.6976 18.4758 30.0803 26.7882 62.8192 28.7054 22.6061 15.2437 16.2615 20.7237 15.2852 12.5775 11.538 34.7882 10.0398 9.10655 7.38997 7.21729 7.44146 4.21918 3.88494 10.8821 7.53232 3.46707 10.6844 3.25357 3.0208 1.88107
threshold=0.11396103896103892 0.20074626865671644 78.339493497604394 0.2245637385388938 3.0151133707776387 17.135569181353084 76.045174537987705 28.064339493497609 692.50000000000011 0.21340823970037451 0.15053936216725841 1.0000000180025095e-35 0.93144350770453521 2.5000000000000004 0.047247023809523808 2.9757010602942557 0.68926553672316393 13.500000000000002 372.50000000000006 5.8642945565228972 2.4069045587125184 14.500000000000002 274.50000000000006 42.72826830937715 115.50000000000001 1.5847915159922179 39.609856262833681 30.500000000000004 1091.5000000000002 7.5000000000000009
decision_type=2 2 2 2 2 2 2 2 2 2 2 2 2 2 2 2 2 2 2 2 2 2 2 2 2 2 2 2 2 2
left_child=9 13 3 5 8 6 -3 -7 -5 10 12 17 -1 29 18 -16 -6 -12 -13 20 21 -4 25 -24 28 26 -11 -26 -25 -2
right_child=1 2 19 4 16 7 -8 -9 -10 22 11 14 -14 -15 15 -17 -18 -19 -20 -21 -22 -23 23 24 27 -27 -28 -29 -30 -31
leaf_value=0.025354243779880478 -0.053510865571327754 -0.02078945770403608 -0.05246671267222091 -0.0065253130300236082 -0.077133022068141543 0.026610340624023655 0.041010556921356189 0.0037536588871640458 0.03942911916288349 0.049869543007953321 -0.05458540441029433 0.019220940804498113 -0.054608907717965949 0.045576280879101497 -0.064422925898698344 0.045347550761042667 0.033798303345150042 -0.25486195906542192 0.04722182568663949 0.045667187008075781 -0.0712675148138395 0.047213854668426813 -0.066669654429426781 0.01598389930362789 -0.058506012135581188 0.052406079456475733 -0.065493019815100889 0.041078870348904471 0.05345674198312831 -0.10223958791745032
leaf_weight=9.2084422558546084 3.9545623919402697 227.28475497782347 1.7682740420277756 34.957057708073989 9.4675773749186174 170.75211807653977 50.064056993811391 705.19719584105042 111.29348463876522 7.273559818393549 3.1146846569608893 79.996015905140666 16.363971183061949 2.0123040420003226 13.87727218710643 14.799486323376184 2.4597508907318106 0.65821653231978405 34.195921486258158 1.7843633890151966 16.011726171054761 2.3406028747558594 2.9265830549411467 8.3836316657252663 2.8838595228735353 40.768315188179258 2.6363706638221629 0.99003648757934559 18.233873135410249 7.583420978160575
leaf_count=8 197 5156 84 1078 284 1194 237 6352 1050 32 167 528 740 3 714 15 2 15 266 1 436 1 158 84 149 62 85 2 13 81
internal_value=0.00693017 0.00451707 0.00524633 0.00613068 0.0221568 0.0039266 -0.00960519 0.00821743 0.0284139 0.019585 0.0110116 0.0174492 -0.0256334 -0.06639 0.0205586 -0.00763816 -0.0537493 -0.096495 0.0276838 -0.0472612 -0.0559348 0.00290055 0.0370485 0.0233932 0.0323906 0.0458907 0.0183321 -0.031404 0.0419452 -0.0865711
internal_weight=1603.24 1346.93 1333.38 1311.48 158.178 1153.3 277.349 875.949 146.251 256.31 172.214 146.642 25.5724 13.5503 142.869 28.6768 11.9273 3.7729 114.192 21.905 20.1206 4.10888 84.0962 33.418 30.4914 50.6782 9.90993 3.8739 26.6175 11.538
internal_count=19194 16156 15875 15353 2414 12939 5393 7546 2128 3038 2453 1705 748 281 1523 729 286 182 794 522 521 85 585 406 248 179 117 151 97 278
is_linear=0
shrinkage=0.05


Tree=135
num_leaves=31
num_cat=0
split_feature=8 12 13 15 19 27 15 22 13 13 10 27 2 24 27 27 12 12 7 12 17 8 2 13 14 8 7 11 19 18
split_gain=28.4311 34.2811 28.336 32.9885 27.3147 25.0034 24.2146 37.8268 25.9515 20.0486 14.1119 21.5364 19.7744 18.2666 12.3769 11.4328 9.72611 8.57549 7.88326 7.53012 3.80659 3.32551 2.28059 1.32319 5.32849 6.45706 0.540136 0.164618 0.051571 0.05141
threshold=2.7255678241131136 1.9219756182923899 0.22318007662835249 0.27372627372627373 51.155000000000008 259.96033974935568 0.24264069264069263 1.5000000000000002 0.15438786565547127 1.0000000180025095e-35 0.043604651162790657 0.31258137801798969 12314.530000000001 721.50000000000011 0.065420941914257361 2.6979242161139765 1.5225384326999609 3.1086348305682394 14.500000000000002 1.8424247775264411 22.500000000000004 5.5568326345708225 1047580.4800000001 0.30384615384615393 0.038356452290878452 4.6378343963736466 17.500000000000004 0.031498015873015858 137867.86625000005 136.50000000000003
decision_type=2 2 2 2 2 2 2 2 2 2 2 2 2 2 2 2 2 2 2 2 2 2 2 2 2 2 2 2 2 2
left_child=4 9 3 6 -1 10 8 -8 -3 16 11 14 -12 -13 -6 -14 28 21 29 20 -18 -5 26 24 25 -4 -11 -21 -2 -7
right_child=1 2 23 17 5 18 7 -9 -10 22 12 13 15 -15 -16 -17 19 -19 -20 27 -22 -23 -24 -25 -26 -27 -28 -29 -30 -31
leaf_value=0.074617386680154926 -0.052089269249035841 0.0055829429582635245 -0.060268000477872112 -0.059770555651000971 0.0035200259593444294 -0.079461857922133783 0.042820128949335609 -0.064413857901188351 -0.054971301974956727 -0.056563988705716085 -0.053040941345535025 0.0054761748205443828 -0.049323874574411543 -0.054900019130110479 0.037628971768058017 0.046424797263230344 0.039521415365431224 0.037728433840088935 0.036909931909237158 -0.10562549930916217 -0.011854952592432681 -0.15008198260237407 0.033902368640811219 0.054682729363990407 0.052426494499699605 0.047004671532818176 -0.077745238644633355 -0.046903057950870214 -0.087251164188465638 -0.053481658096691399
leaf_weight=22.741217400878668 3.6442466684384298 1104.9682020179025 2.6855489320587393 18.365449034652563 40.761413554966566 1.63888698659139 79.584648634627229 9.0468146379280352 17.869003413215978 24.112164216319805 5.585181529793771 50.742085874357144 3.1074014379992141 16.482741347914271 78.435998235843726 85.012591704471561 13.47091969591566 2.0897775739431372 2.4947833977639666 0.73697116877883573 4.675257515438715 1.1295738206244994 0.51208984851837058 24.78604715061374 13.153938631992785 2.7060084939002991 6.544977198704145 1.1019265528884714 1.1074296722654251 12.004425957420606
leaf_count=141 156 9093 80 619 1054 51 231 220 379 1258 577 944 280 1662 660 594 69 4 6 11 120 13 1 19 6 3 65 42 7 858
internal_value=0.00844206 0.0052259 0.00690864 0.00550545 0.0218524 0.0177615 0.00660274 0.0317579 0.00461001 -0.0330471 0.0212637 0.0132536 0.0371151 -0.00931265 0.0260195 0.0429396 0.000385206 -0.055597 -0.0424783 0.0159298 0.0260181 -0.0659977 -0.0596561 0.0466184 0.0353369 -0.00564211 -0.0614866 -0.0772498 -0.0629442 -0.0575218
internal_weight=1651.3 1332.29 1276.39 1233.05 319.007 296.266 1211.47 88.6315 1122.84 55.906 280.127 186.422 93.7052 67.2248 119.197 88.12 24.7368 21.5848 16.1381 19.9851 18.1462 19.495 31.1692 43.3315 18.5455 5.39156 30.6571 1.8389 4.75168 13.6433
internal_count=19223 12396 10667 10559 6827 6686 9923 451 9472 1729 5771 4320 1451 2606 1714 874 405 636 915 242 189 632 1324 108 89 83 1323 53 163 909
is_linear=0
shrinkage=0.05


Tree=136
num_leaves=29
num_cat=0
split_feature=8 12 9 13 4 19 27 19 7 18 12 10 27 2 27 26 27 14 6 8 19 13 16 8 19 18 6 18
split_gain=26.3926 31.8935 29.9427 27.0436 25.3686 24.891 23.2439 22.351 64.7374 28.7384 16.2064 13.4338 19.6946 18.4513 17.9008 14.8657 10.6539 7.54572 5.64981 8.41588 2.86256 1.21827 6.87747 3.8369 0.955446 1.58659 0.893561 0.0195147
threshold=2.7255678241131136 1.9219756182923899 0.056079664570230552 0.22318007662835249 7.5000000000000009 51.155000000000008 259.96033974935568 3708.0884210526319 40.500000000000007 842.50000000000011 1.5225384326999609 0.043604651162790657 0.31258137801798969 12314.530000000001 28.235574102798882 1.0000000180025095e-35 2.6979242161139765 0.11134954697186457 22.500000000000004 5.2119796564249459 5468.6820177304971 0.30384615384615393 0.28015151515151521 4.6378343963736466 12637.005166666668 363.50000000000006 16.500000000000004 136.50000000000003
decision_type=2 2 2 2 2 2 2 2 2 2 2 2 2 2 2 2 2 2 2 2 2 2 2 2 2 2 2 2
left_child=5 2 10 4 7 -1 11 9 -9 -3 -2 12 15 -13 -14 -7 -15 27 19 -6 -20 22 23 -5 25 -12 -4 -8
right_child=1 3 26 21 18 6 17 8 -10 -11 24 13 14 16 -16 -17 -18 -19 20 -21 -22 -23 -24 -25 -26 -27 -28 -29
leaf_value=0.071825336193554024 -0.068038152518853645 0.015779009388423037 -0.056918867082496896 -0.060032002257175178 -0.065947639486521645 0.028772350861146878 -0.079667236630909341 -0.0012256825223757181 -0.08878168044864268 -0.0042977601759200601 0.043417223033716784 -0.052784591604173141 -0.027429229867479574 -0.049077133613360809 0.027408309153277854 -0.058807999089466913 0.045329598407327448 0.037202997922042236 0.047143779524299649 0.048036771880286405 0.024636476757239668 0.054163331243243289 0.051164545199787283 0.042941874537469671 0.049916528304469909 -0.0029646619117956862 -0.083243644882935217 -0.053320844742708463
leaf_weight=22.455096811216208 4.4554732664255452 486.4578680515915 28.095886664115824 2.4746619500219853 3.2364771498687324 112.91505317206611 1.4273347156995431 367.58476063435955 22.307505172560923 280.71491098417027 3.9425268110353491 5.338417435908922 44.173064987684484 2.9708307466644319 22.255230376496911 4.9355264292098573 82.773266594944289 2.3854341160622416 40.00207368194242 3.0192532241344452 24.341986495914171 23.798552986932918 14.036165925790554 1.2539194226264951 9.0089974727015925 3.0214888618793339 5.4748062631115308 11.664818862118407
leaf_count=141 95 3184 1504 69 344 1444 50 3334 208 3281 12 577 2275 280 331 270 594 12 47 2 159 19 18 2 8 56 54 853
internal_value=0.00809144 0.00499601 -0.0325872 0.00660136 0.00525184 0.0211436 0.01719 0.00347011 -0.00626946 0.00842663 0.0149063 0.0205574 0.0127397 0.0362881 -0.00896847 0.0250154 0.041947 -0.0421454 0.0343358 -0.0102575 0.0387581 0.0462343 0.0350886 -0.0238789 0.0386331 0.0228285 -0.061595 -0.0571543
internal_weight=1636.52 1323.23 53.9992 1269.23 1227.66 313.294 290.839 1157.07 389.892 767.173 20.4285 275.361 184.279 91.0825 66.4283 117.851 85.7441 15.4776 70.5998 6.25573 64.3441 41.5633 17.7647 3.72858 15.973 6.96402 33.5707 13.0922
internal_count=19223 12396 1729 10667 10559 6827 6686 10007 3542 6465 171 5771 4320 1451 2606 1714 874 915 552 346 206 108 89 71 76 68 1558 903
is_linear=0
shrinkage=0.05


Tree=137
num_leaves=30
num_cat=0
split_feature=8 12 11 11 5 4 16 12 27 27 4 14 5 23 18 24 24 11 24 24 6 3 10 27 5 5 6 7 18
split_gain=24.4729 29.7424 25.3725 25.0731 61.0532 21.2875 21.3128 20.9873 20.8562 24.3898 14.9127 12.5118 11.7238 29.3689 23.5144 21.4166 11.203 7.79808 15.6369 9.06863 4.55043 2.46748 1.96747 1.09218 1.29512 3.75023 0.770972 0.699268 0.0409576
threshold=2.7255678241131136 1.9219756182923899 0.37638888888888894 0.19446571379955757 2.663174879676006 7.5000000000000009 0.35791925465838509 2.1800924831172326 2729.9890937305922 1651.9663253630195 5.5000000000000009 0.071946169772256721 1.7093739553096312 67.874058863791944 692.50000000000011 774.50000000000011 52.500000000000007 0.23509672325305961 675.50000000000011 750.50000000000011 22.500000000000004 70224.640000000014 0.18895348837209297 4.9628627394114817 2.9943019345446191 2.9757010602942557 18.500000000000004 12.500000000000002 136.50000000000003
decision_type=2 2 2 2 2 2 2 2 2 2 2 2 2 2 2 2 2 2 2 2 2 2 2 2 2 2 2 2 2
left_child=8 10 3 5 7 6 -3 -5 9 12 11 16 13 14 -1 -15 -2 18 -14 -19 -7 27 -6 -4 25 -25 -18 -13 -10
right_child=1 2 23 4 22 20 -8 -9 28 -11 -12 21 17 15 -16 -17 26 19 -20 -21 -22 -23 -24 24 -26 -27 -28 -29 -30
leaf_value=-0.038312211945493793 0.04540227524409491 0.0043782642535403768 0.055372480055247364 0.033469088014389616 -0.055903407662656369 -0.0068655908728067136 0.040197527860659943 -0.011714562087146845 -0.086761594664441208 0.071470699046068162 0.04887963910316933 -0.02691991333801215 0.033548837876405363 0.036589147535492021 0.025990076334800077 -0.05547526138992126 -0.055592720196530436 -0.050632294282137238 -0.012919056075784602 0.051520386661424326 0.038876801621975154 0.048958554088579756 -0.08698129091782475 -0.026244610345216465 0.047434936529824882 0.049524224702523739 -0.079994285450942323 0.01147079159239797 -0.05341245160179784
leaf_weight=42.504756950642332 2.5984769156784742 962.74746599701757 20.510538442991674 36.564527400521911 9.3987113024049922 5.7296392303105668 43.354026897752192 85.743613383361662 0.96586030488833685 23.484983748363447 4.9739684760570517 2.2039522637496693 63.754910457500955 72.950795124430442 21.161734851179062 6.786028704897034 31.021245207622997 2.1640908452973227 25.022289333835943 42.092084699193947 61.859244140970986 3.2896664142608643 20.641819540440338 2.6970836492837433 10.174487428739665 3.6849987506866455 5.6200507045723489 2.1535853147506714 6.9218188692902913
leaf_count=2447 5 7155 20 341 469 340 86 1684 33 57 5 41 481 384 796 429 1624 151 1334 229 199 1 320 47 5 1 47 6 486
internal_value=0.00775403 0.0047775 0.00630547 0.00506667 -0.0138975 0.00776325 0.00593057 0.00176874 0.0204479 0.0225771 -0.0322814 -0.0410835 0.0183809 0.0084052 -0.0168535 0.0286317 -0.0524957 0.0290823 0.0203956 0.0463096 0.0349208 0.016752 -0.0776417 0.0470219 0.0361065 0.0168219 -0.0596791 -0.00699305 -0.0591571
internal_weight=1622.78 1314.97 1263.11 1226.04 152.349 1073.69 1006.1 122.308 307.809 299.922 51.8609 46.887 276.437 143.403 63.6665 79.7368 39.2398 133.033 88.7772 44.2562 67.5889 7.6472 30.0405 37.0671 16.5566 6.38208 36.6413 4.35754 7.88768
internal_count=19223 12396 10667 10594 2814 7780 7241 2025 6827 6308 1729 1724 6251 4056 3243 813 1676 2195 1815 380 539 48 789 73 53 48 1671 47 519
is_linear=0
shrinkage=0.05


Tree=138
num_leaves=31
num_cat=0
split_feature=11 19 4 7 14 19 13 16 5 5 5 17 10 17 9 24 24 17 10 17 13 14 10 5 2 1 9 23 1 11
split_gain=22.6958 20.732 18.5527 19.0279 72.2726 17.9748 20.3704 17.0255 22.5502 54.0648 30.5716 15.6673 11.063 8.13151 27.2425 13.628 21.9486 11.9528 9.97133 6.73628 6.58409 4.45502 3.11141 2.95007 2.69471 2.23935 9.99906 1.9066 1.613 0.759513
threshold=1.0000000180025095e-35 51.155000000000008 7.5000000000000009 40.500000000000007 0.1437177280550774 6200.1921666666685 0.089696549209017665 0.35791925465838509 2.2982894417204416 2.5074067043251591 1.6547948967210366 34.500000000000007 0.27034883720930231 24.500000000000004 0.056079664570230552 675.50000000000011 945.50000000000011 430.50000000000006 0.014534883720930151 1.0000000180025095e-35 0.09423715583832222 0.010938933429061401 0.14244186046511628 2.4315384305672212 12316.455000000002 71.500000000000014 0.98688259109311749 63.11978097193704 15.500000000000002 0.047247023809523808
decision_type=2 2 2 2 2 2 2 2 2 2 2 2 2 2 2 2 2 2 2 2 2 2 2 2 2 2 2 2 2 2
left_child=1 -1 3 7 5 6 -5 8 10 -10 -2 23 -4 18 15 17 -17 -15 19 -3 -7 25 -16 -9 27 -14 -27 -20 -13 -6
right_child=2 13 12 4 29 20 -8 11 9 -11 -12 28 21 14 22 16 -18 -19 24 -21 -22 -23 -24 -25 -26 26 -28 -29 -30 -31
leaf_value=0.069075485990350183 -0.010134360181037964 0.043143427131142463 -0.057147734532983968 -0.080809261361076981 0.054347603270309179 -0.085120738468801305 0.026700677326609659 0.024234580663911421 -0.04994282315732898 0.001649352740604608 0.014443989599412677 -0.053981520136172051 0.047302580011261343 0.010742586812462165 -0.056945064670319769 -0.050531289663971718 0.023278018781045379 0.053080888566973884 0.043368504561224992 -0.063693622002765779 -0.17491541615402609 0.0023410499274484401 -0.15513313171567394 0.048600593082176138 0.0079828431565805956 0.04956303623272168 -0.063402745670104704 0.022804831396930014 0.032337280809930091 0.034122016228652137
leaf_weight=21.358181939736824 161.00867691457097 2.0442462852224699 3.1998807503114213 8.7564526488713472 11.059072820004078 18.666493789409291 8.5999477626755816 22.02201682201121 58.208879087746027 392.06374232935923 586.1963107394331 5.4057824745977987 41.280970654217526 36.900325636263005 9.633515907422403 16.615406595432432 25.17754299067019 30.971940693911165 48.850163330964278 4.4485474621760659 2.4902277282671994 8.4959599006688205 0.91894227173179466 33.475210897217039 8.8376049543730897 7.2861657259054464 2.5430276312981732 16.721661535091698 0.45948067307472218 13.658228691958355
leaf_count=46 3749 4 448 82 4 174 14 180 1603 4231 5361 515 61 391 690 537 542 27 141 75 20 25 9 46 31 6 94 76 1 40
internal_value=0.00744023 0.0222668 0.00505332 0.00378639 -0.0229424 -0.0657517 -0.0274048 0.00513464 0.00381222 -0.00501872 0.00914048 0.0308119 0.0315944 0.0172392 0.00891987 0.0163582 -0.00599719 0.0301859 0.0295134 -0.0291535 -0.0966983 0.0365299 -0.067341 0.0390828 0.034732 0.0420997 0.0194886 0.0382433 -0.0459524 0.0435554
internal_weight=1607.35 222.478 1384.88 1322.07 63.2304 38.5131 17.3564 1258.84 1197.48 450.273 747.205 61.3625 62.806 201.12 120.218 109.665 41.7929 67.8723 80.9022 6.49279 21.1567 59.6061 10.5525 55.4972 74.4094 51.1102 9.82919 65.5718 5.86526 24.7173
internal_count=19223 2569 16654 16020 334 290 96 15686 14944 5834 9110 742 634 2523 2196 1497 1079 418 327 79 194 186 699 226 248 161 100 217 516 44
is_linear=0
shrinkage=0.05


Tree=139
num_leaves=22
num_cat=0
split_feature=8 11 25 11 5 5 5 13 23 27 27 5 23 18 24 11 13 24 6 27 7
split_gain=22.2396 25.7428 24.3792 25.044 51.7599 24.5743 49.5977 32.5084 24.1132 19.1467 21.0131 10.9595 26.7388 21.1795 19.3734 7.42219 18.9538 8.53246 1.84276 0.987596 1.36545
threshold=2.7255678241131136 0.37638888888888894 1.0000000180025095e-35 0.19446571379955757 2.663174879676006 3.0151133707776387 2.8574102859353347 0.090882617673532062 54.032854209445595 2729.9890937305922 1651.9663253630195 1.7093739553096312 67.874058863791944 692.50000000000011 774.50000000000011 0.23509672325305961 0.084859666778485915 750.50000000000011 15.500000000000002 4.9628627394114817 19.500000000000004
decision_type=2 2 2 2 2 2 2 2 2 2 2 2 2 2 2 2 2 2 2 2 2
left_child=9 2 3 5 8 6 -2 -7 -5 10 11 12 13 -1 -14 16 -13 -17 -6 -3 -21
right_child=1 19 -4 4 18 7 -8 -9 -10 -11 -12 15 14 -15 -16 17 -18 -19 -20 20 -22
leaf_value=-0.03762874231755485 0.0027392426392336645 0.053965075643075761 0.044476769673484531 -0.030759274847005226 -0.055800250706790649 -0.0062595683061319428 -0.077050460870620618 0.035058772283668299 0.015414094597811796 -0.05877019958207267 0.067893959154674055 0.029829857783101873 0.035010200949632024 0.024364432631166534 -0.054994925590522381 -0.050357268231850806 -0.033042166033601016 0.050397803403630884 -0.085325190646916238 0.012734932796058474 0.045619968176513419
leaf_weight=40.899990823876578 849.98329270094109 20.031062465452123 34.524778877850622 45.954352434928296 10.209758411190707 74.261300756319542 19.831585979904048 131.47708237209008 73.071974926468101 7.4972568649536688 22.502001759858103 73.067957008752273 70.460420060000615 20.567655518461834 6.4029605529940445 2.0890186548931515 14.179150058240337 40.435116310283775 19.915128059510607 5.2746514828177196 10.741183266742153
leaf_count=2447 7602 39 35 1377 562 499 357 488 1037 519 57 775 384 796 429 151 1040 229 340 45 15
internal_value=0.00713399 0.00429443 0.0030957 0.00192154 -0.0172649 0.0045882 0.000905659 0.0201248 -0.00238166 0.0194498 0.0215045 0.0175685 0.00771852 -0.0167981 0.0273858 0.0280156 0.0195287 0.0452243 -0.0757019 0.045907 0.0352461
internal_weight=1593.38 1295.28 1259.23 1224.7 149.151 1075.55 869.815 205.738 119.026 298.102 290.604 268.102 138.331 61.4676 76.8634 129.771 87.2471 42.5241 30.1249 36.0469 16.0158
internal_count=19223 12396 12297 12262 3316 8946 7959 987 2414 6827 6308 6251 4056 3243 813 2195 1815 380 902 99 60
is_linear=0
shrinkage=0.05


Tree=140
num_leaves=31
num_cat=0
split_feature=11 8 27 2 27 22 21 10 18 9 7 16 23 23 13 8 10 8 23 15 18 13 27 11 23 27 23 24 4 16
split_gain=31.3852 24.8158 26.441 28.7269 60.6584 50.6521 27.0152 47.4616 35.2442 23.3194 23.2694 16.6754 15.9486 12.4279 19.7399 25.2886 35.9905 21.6732 16.0688 17.8744 15.1758 14.8741 10.516 7.24759 6.9209 9.2718 5.32868 2.70801 1.92106 1.06683
threshold=0.047247023809523808 2.6995343963015364 0.73004808345651473 13000.150000000001 101.24926260837169 1.5000000000000002 1.0000000180025095e-35 0.11918604651162787 1733.5000000000002 0.11396103896103892 2.5000000000000004 0.44722222222222224 36.770704996577699 61.685147159479818 0.071126025354213265 5.0228554598236856 0.30523255813953493 3.2189606473413233 70.607802874743342 0.15265166733627963 692.50000000000011 0.12836031218384156 259.96033974935568 0.09768778401496922 61.904175222450384 0.24991562401196094 80.042436687200549 724.50000000000011 12.500000000000002 0.22723760011240687
decision_type=2 2 2 2 2 2 2 2 2 2 2 2 2 2 2 2 2 2 2 2 2 2 2 2 2 2 2 2 2 2
left_child=11 10 -3 6 9 -6 7 -4 -8 -5 -2 13 -12 14 15 20 -17 -16 24 21 -1 -20 23 -14 -15 -26 -24 -21 -13 -19
right_child=1 2 3 4 5 -7 8 -9 -10 -11 12 28 22 18 17 16 -18 29 19 27 -22 -23 26 -25 25 -27 -28 -29 -30 -31
leaf_value=-0.015485109130084924 -0.053568240855107523 -0.056971535134905819 -0.07485346669996823 0.047996858732272767 0.011690907737297885 -0.041923315537002848 0.0023836355623173652 0.035815572125068112 -0.048512817491519082 -0.059782215282776031 -0.051288319361384498 -0.062092210051267284 -0.053030755755011566 0.071363404953231749 -0.058214814310175327 -0.24934069661651295 -0.029169997264865188 0.049996950172694538 -0.071906274359708741 0.036791210108181649 0.03616986314564976 0.022145415078481081 -0.051105746390680697 0.033550963601984583 -0.050161307942023184 0.04090155049417888 0.04198657362094347 0 0.032152248235555951 0.031962749378508286
leaf_weight=35.527616818086244 10.172764977556652 22.14190748470719 10.546277713001471 5.2612537644454269 175.47719786920061 58.697893628414022 575.9027322747279 105.62802607711637 36.045558874044218 73.490138747452875 6.4988247913643127 6.8324606670066705 2.3364878269348983 19.482314408989623 5.6863923303026231 2.2896006942028171 8.8019214738160354 30.745582203147933 9.8931301331031154 27.674371721455827 23.512754373223288 7.0825286255567326 5.9075107745447886 120.1087486143515 2.7998487658041986 60.40996642166283 1.924465538584627 5.7996677476039613 0.45384252071380604 15.045647534076123
leaf_count=781 1153 1143 288 8 1275 1186 4915 340 822 2000 971 492 129 8 422 22 72 27 181 57 212 53 481 1702 108 208 7 93 1 35
internal_value=0.00303901 -0.000354597 -0.00302109 -0.00186347 -0.0145336 -0.00173875 0.00357618 0.0256703 -0.000613583 -0.0524665 0.0188927 0.0187246 0.0243538 0.0208791 0.00925406 -0.00794683 -0.076888 0.0327551 0.0314448 0.00905652 0.00502825 -0.0324736 0.028202 0.0318161 0.0450158 0.0367161 -0.0273599 0.0303006 -0.0551892 0.044263
internal_weight=1472.18 1210.14 1063.19 1041.05 312.926 234.175 728.123 116.174 611.948 78.7514 146.949 262.038 136.776 254.751 121.61 70.1319 11.0915 51.4776 133.142 50.4497 59.0404 16.9757 130.277 122.445 82.6921 63.2098 7.83198 33.474 7.2863 45.7912
internal_count=19192 16420 11977 10834 4469 2461 6365 628 5737 2008 4443 2772 3290 2279 1571 1087 94 484 708 384 993 234 2319 1831 324 316 488 150 493 62
is_linear=0
shrinkage=0.05


Tree=141
num_leaves=31
num_cat=0
split_feature=9 4 23 24 21 24 24 14 9 2 5 9 1 2 15 4 0 8 12 4 8 5 15 9 19 2 9 18 8 12
split_gain=28.4994 47.8815 58.0669 42.6567 53.3749 44.6534 54.7504 40.3141 32.6486 32.5441 37.822 38.0852 35.3748 31.199 25.2162 21.4386 26.6548 30.8377 52.0356 39.2024 21.7158 42.4134 58.1818 23.8502 22.0226 20.6549 20.1401 17.3366 15.6242 12.3128
threshold=0.83424908424908439 2.5000000000000004 33.440109514031498 574.50000000000011 1.0000000180025095e-35 571.50000000000011 363.50000000000006 0.019672342621259005 0.98722031683815137 13000.150000000001 1.670841152286864 0.90645833333333348 6.5000000000000009 21003.260000000006 0.20949163449163447 2.5000000000000004 5.5000000000000009 5.8642945565228972 2.8093236892545557 9.5000000000000018 4.2779667576590503 2.1815762327493631 0.38675213675213677 0.7886762360446572 200.00500000000002 3127116.3350000004 0.99488487702773432 1126.5000000000002 5.7530551757913422 2.4348735811324249
decision_type=2 2 2 2 2 2 2 2 2 2 2 2 2 2 2 2 2 2 2 2 2 2 2 2 2 2 2 2 2 2
left_child=15 2 -2 5 8 6 -4 -6 -5 12 25 -12 14 -13 26 20 17 18 19 -17 21 23 -23 24 -1 -11 -3 -20 -22 -30
right_child=1 9 3 4 7 -7 -8 -9 -10 10 11 13 -14 -15 -16 16 -18 -19 27 -21 28 22 -24 -25 -26 -27 -28 -29 29 -31
leaf_value=0.04636603193803096 -0.073193408440152583 0.036533547646864804 0.021692404315454911 -0.060508047983119574 -0.054083248967373376 0.077757289131161839 -0.0780353773934368 0.0061348450323093036 0.049220953693651245 -0.072573360956977376 -0.094302656731325415 -0.073218424452101125 -0.071520473126798656 0.012764005165543891 -0.070359835368991416 -0.082957791691390115 0.034414947720567565 0.025402970413419514 0.029084598663921643 0.037236571172918904 0.037182146323545988 -0.061074045850526927 0.043337312825561455 0.046879259431106678 0.0052628224629475556 0.040361561987966761 -0.024925194724459497 -0.037961259073558788 -0.074564769747734155 0.038721815372325934
leaf_weight=37.193946638697525 41.900022668625752 157.51762514433358 57.658797381882323 8.4528961686883104 107.31150227133185 22.703893090365455 17.96397409614292 37.276941676231218 32.213461929175537 27.121743052834066 9.5114200050011259 11.098292212001978 9.3317232378176396 179.37090463399363 6.1972266160446443 43.822411933913827 32.747333129984327 33.343975333555136 31.748908594774548 7.9010288529098025 123.67006020364352 43.094434005295625 19.166239875965402 52.754214226268232 262.4746846719936 4.6293145081872344 14.393705793656407 13.691492542711783 5.7612897395156306 3.9146460592746735
leaf_count=315 1306 470 156 259 3025 23 280 282 102 1164 59 235 204 2137 112 478 44 113 51 8 225 1742 133 255 5556 33 248 127 47 3
internal_value=0.0029174 -0.00391449 -0.0183043 -0.0101537 -0.0242879 0.0164231 -0.00200338 -0.0385301 0.0261976 0.00724879 -0.00526342 0.0027712 0.0227388 0.00769194 0.0277428 0.0100764 -0.00580324 -0.0159518 -0.0302066 -0.0644646 0.0148161 0.00915106 -0.0288341 0.0158822 0.0103949 -0.0558754 0.0313472 0.00873445 0.032376 -0.0282931
internal_weight=1455.94 744.653 325.481 283.581 185.255 98.3267 75.6228 144.588 40.6664 419.172 231.732 199.981 187.44 190.469 178.109 711.285 163.255 130.508 97.1638 51.7234 548.03 414.684 62.2607 352.423 299.669 31.7511 171.911 45.4404 133.346 9.67594
internal_count=19192 10095 5433 4127 3668 459 436 3307 361 4662 3628 2431 1034 2372 830 9097 821 777 664 486 8276 8001 1875 6126 5871 1197 718 178 275 50
is_linear=0
shrinkage=0.05


Tree=142
num_leaves=25
num_cat=0
split_feature=11 8 12 7 11 24 12 19 19 14 8 0 16 23 30 17 27 23 9 0 11 12 5 27
split_gain=27.5964 22.2295 37.3404 21.7313 21.4164 22.5764 23.7689 17.441 16.2295 14.8309 29.6126 31.7527 15.4163 13.0739 11.6646 11.0157 8.70123 3.31001 2.43316 2.18126 1.95777 0.719196 1.43015 0.31389
threshold=0.047247023809523808 2.6995343963015364 1.9647221280248017 2.5000000000000004 0.37638888888888894 52.500000000000007 2.9025305132540771 2031.6336666666668 51.155000000000008 0.055485586342009459 5.2913897220586721 7.5000000000000009 0.40161290322580651 36.770704996577699 2.5000000000000004 38.500000000000007 259.96033974935568 35.397672826830949 0.49820143884892093 11.500000000000002 0.90442092154420928 2.0091347461465698 1.5430999146036248 9283.3790715860214
decision_type=2 2 2 2 2 2 2 2 2 2 2 2 2 2 2 2 2 2 2 2 2 2 2 2
left_child=8 3 -3 -2 5 23 -7 -5 -1 10 12 15 14 -9 -10 -12 -15 -11 20 -14 -6 22 -19 -4
right_child=1 2 4 7 18 6 -8 13 9 17 11 -13 19 16 -16 -17 -18 21 -20 -21 -22 -23 -24 -25
leaf_value=0.061204881987741912 -0.053420104022425668 -0.056550322867147444 0.036187023286737556 -0.051583998501622867 0 -0.0065166442182182484 0.018715486178760038 -0.051083434553448215 0.010139235463054425 0.011143686342239605 -0.078383463817845764 0.038251622675634103 -0.064041244511087766 0.034411697290223378 0.04557785147865779 -0.20302940102078335 -0.024416454951681047 0.048217442547886569 0.052163775322007389 0.033409178211285216 0.048840014918344679 0.049700691486674345 0.01528867661858219 0.051151560727625368
leaf_weight=19.806515545060392 9.7406912509468366 31.404282400675584 12.351097891107203 7.1771826310141469 5.3189479489810783 847.48223130966653 104.71242802647612 4.8999734864701159 133.28057392618211 9.9205363219807605 6.0571125104324874 4.8497686777263871 6.9635546698555109 113.66565093011013 28.236591587774456 2.7311438149772584 6.4838153758464605 8.0015477108827309 19.060398261004593 0.49449530243873585 3.2124042510986328 26.349607955140527 6.7396880677551954 12.784942592086734
leaf_count=50 1153 1720 46 702 60 9747 374 759 1944 39 51 10 501 1433 71 28 396 23 22 1 1 23 31 7
internal_value=0.00281642 -0.000399272 -0.00294582 0.0181437 -0.00126022 -0.0024934 -0.00373495 0.0234897 0.0177814 0.0140539 0.00735205 -0.0631885 0.013109 0.0278763 0.01639 -0.119531 0.0311778 0.0378866 0.0420911 -0.0565618 0.0186644 0.044179 0.0337038 0.0441691
internal_weight=1431.73 1178.29 1036.33 141.967 1004.92 977.331 952.195 132.227 253.431 233.625 182.613 13.638 168.975 125.049 161.517 8.78826 120.149 51.0114 27.5918 7.45805 8.53135 41.0908 14.7412 25.136
internal_count=19192 16420 11977 4443 10257 10174 10121 3290 2772 2722 2606 89 2517 2588 2015 79 1829 116 83 502 61 77 54 53
is_linear=0
shrinkage=0.05


Tree=143
num_leaves=31
num_cat=0
split_feature=11 2 27 2 18 6 2 10 18 10 19 19 9 26 13 19 19 1 14 10 13 16 5 14 30 12 14 10 2 27
split_gain=25.374 19.7337 46.2121 39.7819 34.2545 24.5024 57.971 47.8812 28.7567 27.8196 25.0516 22.8792 20.9331 19.0108 18.6736 15.05 14.8848 14.6443 14.107 26.3326 35.6462 16.5107 13.0225 12.3919 10.9586 7.76661 6.17576 3.37637 3.06678 2.51504
threshold=0.047247023809523808 13000.150000000001 59.553305570312254 19653.390000000003 437.50000000000006 24.500000000000004 10697.150000000001 0.26453488372093026 1710.5000000000002 0.43313953488372098 35315.296250000007 7396.9420384615396 0.30839160839160845 1.0000000180025095e-35 0.055710738671632454 51.155000000000008 13587.452500000001 9.5000000000000018 0.055485586342009459 0.24127906976744187 0.089696549209017665 0.40161290322580651 2.0966914211893948 0.52859477124183019 2.5000000000000004 2.3487003430022262 0.0075783681055906502 0.29941860465116282 12314.530000000001 430.89795822490765
decision_type=2 2 2 2 2 2 2 2 2 2 2 2 2 2 2 2 2 2 2 2 2 2 2 2 2 2 2 2 2 2
left_child=15 5 13 -4 -5 7 9 8 10 -7 -2 -6 -10 -3 16 -1 -8 -15 19 21 25 24 -19 28 -17 -21 -11 -16 -9 -20
right_child=1 2 3 4 11 6 14 23 12 26 -12 -13 -14 17 27 18 -18 22 29 20 -22 -23 -24 -25 -26 -27 -28 -29 -30 -31
leaf_value=0.059451519369958516 0.0054767860799642817 -0.064741392869740982 -0.078900696660315683 -0.082607292138307226 0.01698442662938893 -0.087016527141252922 -0.077878794259675171 -0.079348721440873335 0.046396314623490059 0.047023886617997154 -0.073929765312694393 -0.017077632650457499 -0.065761775501978079 -0.063218242372925476 0.058791684113049685 0.0099748835417948264 0.033900696448575067 -0.07377647283679524 0.042284136720723314 -0.079888215074776212 0.04841381956941207 -0.063655443843174508 0.046694087082773228 0.045012592908161973 0.0448267478815483 -0.18172047496591412 -0.021852418013463045 0.038941161533590694 -0.1332917716393778 0.010764026489118776
leaf_weight=19.384874634124571 642.62588627058722 47.410667320917128 15.435984247771556 10.939399657363536 175.59568673119065 14.947856849888923 5.5622069666278531 10.762209159380289 4.8951954175136079 6.5003267135471088 9.9818584230379184 68.313109826340224 24.095594544196501 7.5932857496663955 40.244334754068404 132.28895896614995 6.1280129719525576 2.682408136635785 41.278205226612044 6.481617621611802 5.081486076116561 6.6636714182386632 11.16087199951289 1.6075839996337897 27.308829213958234 2.9958846790250391 6.2272118525579572 54.472058400977403 4.6043838649056861 8.09696388163138
leaf_count=50 8871 1862 268 385 1681 241 111 176 23 5 222 920 1108 243 15 1917 11 84 88 81 9 501 33 1 70 28 38 65 57 28
internal_value=0.00269921 -0.000380229 -0.0105494 -0.00120931 0.0035059 0.00375635 0.0233256 0 0.00206886 -0.0409465 0.00424343 0.00742087 -0.0465572 -0.04709 0.0401119 0.0171716 -0.0190694 -0.00769928 0.0135653 0.00705362 -0.0571338 0.0127353 0.0226302 -0.0827036 0.015994 -0.114161 0.0130273 0.0474814 -0.0965926 0.0372485
internal_weight=1421.37 1171.79 339.131 270.284 254.848 832.655 134.082 698.573 681.599 27.6754 652.608 243.909 28.9908 68.8472 106.407 249.58 11.6902 21.4366 230.196 180.82 14.559 166.261 13.8433 16.9742 159.598 9.4775 12.7275 94.7164 15.3666 49.3752
internal_count=19192 16420 5476 3254 2986 10944 486 10458 10224 284 9093 2601 1131 2222 202 2772 122 360 2722 2606 118 2488 117 234 1987 109 43 80 233 116
is_linear=0
shrinkage=0.05


Tree=144
num_leaves=31
num_cat=0
split_feature=9 4 13 8 2 5 9 1 15 2 24 24 12 21 16 19 7 14 4 13 11 16 24 12 9 22 10 5 6 8
split_gain=23.7612 43.0161 49.1573 48.1947 31.0078 37.4434 34.9595 31.6134 26.1309 23.2051 43.3008 57.3299 36.6895 20.0949 29.747 19.6118 18.1149 43.4734 44.5108 33.2835 20.8418 17.2173 19.0238 14.8715 14.6349 13.8184 18.606 12.648 12.2066 21.1309
threshold=0.83424908424908439 2.5000000000000004 0.10799061032863851 4.3099522300998281 13000.150000000001 1.670841152286864 0.90645833333333348 6.5000000000000009 0.19598270893371758 6610.9250000000002 574.50000000000011 571.50000000000011 2.9668991407349821 1.0000000180025095e-35 0.22496021414782372 40180.56427083334 29.500000000000004 0.1437177280550774 5.5000000000000009 0.12836031218384156 0.10537419498112366 0.34435336976320585 156.50000000000003 2.8161755943608626 0.81272482014388503 2.5000000000000004 0.0087209302325580509 2.5074067043251591 10.500000000000002 3.2619278417372266
decision_type=2 2 2 2 2 2 2 2 2 2 2 2 2 2 2 2 2 2 2 2 2 2 2 2 2 2 2 2 2 2
left_child=16 3 4 9 7 15 -7 8 -3 13 11 -11 -12 -2 -15 -6 24 18 19 27 -19 22 -5 -4 25 28 -27 -18 29 -1
right_child=1 2 23 21 5 6 -8 -9 -10 10 12 -13 -14 14 -16 -17 17 20 -20 -21 -22 -23 -24 -25 -26 26 -28 -29 -30 -31
leaf_value=0.012711876503003844 0.042782430297800558 0.037931030564193814 -0.066736653334862381 0.048554607301852543 -0.073716759847485033 -0.087791808961103557 0.012797832014918145 -0.072311173807502932 -0.067856433418699708 -0.018530087365619508 -0.05386848083583741 0.075644197289717829 0.037619089565987446 -0.054547292251201446 0.021829012690507049 0.041983089274569042 -0.057439002708517241 0.049661145787493199 0.027872795121462762 0.046401688781059713 -0.04626472797525906 0.047844173184603184 -0.078659227121152114 0.011338773409355418 0.040641148007415168 0.044590645076062876 -0.073233397717071533 -0.11958638037506504 0.020592094702901787 -0.017453706799043414
leaf_weight=233.81517879267631 32.904793504014378 147.3820606560912 27.362375076234457 3.0343096256256095 22.682998969205077 8.9789665029384178 174.65473407112586 7.2432819026289499 5.9563950636656946 57.970764321566094 84.25030497253465 22.276808367460035 12.456536323414182 20.237638171674917 33.98861561040394 4.2380179703468448 19.356880376115441 29.70704865641892 17.59789194946643 5.4503869116306296 6.8546966922585844 3.1843625307083121 43.897624619137787 7.6727145066251969 42.881582216330571 4.7500479909358537 10.565429096503065 15.294834331230957 222.28912391272024 77.022507310321089
leaf_count=5432 193 470 807 1 1010 54 1969 162 120 340 2434 13 32 1182 539 11 202 18 37 5 141 2 697 59 280 7 535 129 921 1390
internal_value=0.00258859 -0.00374744 0.00698947 -0.0176409 0.0123486 -0.000251324 0.00780708 0.0288905 0.0337476 -0.00907716 -0.0194846 0.00761217 -0.0420059 0.0120001 -0.00663109 -0.0552298 0.00925299 -0.0110666 -0.03811 -0.0671868 0.0314632 -0.0625593 -0.0702424 -0.0495122 0.0125019 0.0102856 -0.0363141 -0.0852791 0.0116402 0.00521785
internal_weight=1405.96 720.373 406.172 314.202 371.136 210.555 183.634 160.582 153.338 264.085 176.954 80.2476 96.7068 87.131 54.2263 26.921 685.586 94.2617 57.7 40.1021 36.5617 50.1163 46.9319 35.0351 591.324 548.442 15.3155 34.6517 533.127 310.838
internal_count=19192 10095 4662 5433 3796 3044 2023 752 590 4733 2819 353 2466 1914 1721 1021 9097 532 373 336 159 700 698 866 8565 8285 542 331 7743 6822
is_linear=0
shrinkage=0.05


Tree=145
num_leaves=31
num_cat=0
split_feature=18 11 11 13 18 15 11 15 15 15 19 11 2 18 17 19 14 15 3 20 9 17 12 15 9 1 12 7 0 11
split_gain=29.9396 80.5792 91.6424 50.0133 36.5693 24.0739 37.5208 21.0123 22.2816 30.6152 26.8893 22.5727 19.1581 18.9967 52.5967 39.3425 30.417 18.7712 17.7589 17.3062 16.1382 16.064 14.81 14.6221 9.576 8.99963 7.85129 7.41905 6.97569 6.68382
threshold=699.50000000000011 0.16279534883720934 0.16855305054349815 0.072314791079210419 692.50000000000011 0.14530967117174012 0.19947739939768069 0.051064754454584908 0.067117117117117056 0.11690309690309686 1148.4216666666669 0.076340326340326323 19653.390000000003 572.50000000000011 3.5000000000000004 3621.3991666666666 0.03858560794044661 0.10880327163151096 130.01007521230073 3.2537510194573023 0.99595957946976632 57.500000000000007 2.4063622491800012 0.14167239798257678 0.99832915505776076 1.5000000000000002 2.4248379692550128 14.500000000000002 26.500000000000004 0.17858023821269997
decision_type=2 2 2 2 2 2 2 2 2 2 2 2 2 2 2 2 2 2 2 2 2 2 2 2 2 2 2 2 2 2
left_child=4 7 19 12 13 17 -7 26 -9 11 -11 -10 -4 18 15 -15 28 -5 20 -3 21 -1 -18 -17 -20 -14 27 -2 -16 -6
right_child=1 2 3 5 29 6 -8 8 9 10 -12 -13 25 14 16 23 22 -19 24 -21 -22 -23 -24 -25 -26 -27 -28 -29 -30 -31
leaf_value=0.021318844572911555 -0.054150960757398961 -0.08717427647748667 -0.071451222731287525 -0.032631666140547848 0.020902793133369933 -0.050252117171325654 0.013507586902958122 0.046581616255836372 0.018190209060287062 -0.041833164613508139 0.0167278547769803 -0.078186109231394629 0.041469019699732039 -0.067398688168927703 -0.06401770775132376 0.042068333347720178 -0.060250165016514028 0.029606702172613426 -0.070142272691049654 -0.0044908770523903324 -0.057937640431282647 -0.0022009465379465502 0.043577713277695732 0.0015297770000249496 0.045202827775661723 -0.057392802996036441 -0.10706650266407276 0.028214313885786338 0.044161371775038989 0.058864811604519264
leaf_weight=350.42696294070629 7.4126977151026932 53.534181199836894 36.719682252733037 14.048184545186812 16.463592899788637 41.872231575667684 50.989059732295573 44.843832842219854 9.4208618037228025 20.719599457486765 325.58925205007108 16.489101821527584 6.4563723535393347 12.417745022044981 47.768674481325434 59.26149272872135 4.5530973588174701 82.199274457088904 9.1672859207028505 7.3335969533072776 7.2880186509210025 91.066710780753056 12.834692025673574 36.005824581552588 2.1041397355293148 3.4325800260558026 3.867216090875444 4.1314488081261516 1.4163641929626454 44.766592778119957
leaf_count=2680 572 746 1452 604 108 1397 837 91 53 480 2409 387 32 384 1822 191 77 658 331 52 414 2482 21 530 11 167 67 16 1 66
internal_value=0.00448204 -0.00259216 -0.0226663 -0.00850591 0.0119036 0.00291122 -0.0152117 0.0111649 0.0132966 0.00926164 0.0131987 -0.0430162 -0.0548436 0.00832799 -0.00570878 0.0158537 -0.0406337 0.0204461 0.0136558 -0.077318 0.0152248 0.0164567 0.0159148 0.0268171 -0.0479619 0.00642126 -0.045914 -0.0242553 -0.0607178 0.0487898
internal_weight=1424.6 729.059 296.585 235.717 695.541 189.109 92.8613 432.474 417.063 372.219 346.309 25.91 46.6086 634.311 174.258 107.685 66.5728 96.2475 460.053 60.8678 448.782 441.494 17.3878 95.2673 11.2714 9.88895 15.4114 11.5441 49.185 61.2302
internal_count=19138 10020 5945 5147 9118 3496 2234 4075 3420 3329 2889 440 1651 8944 3026 1105 1921 1262 5918 798 5576 5162 98 721 342 199 655 588 1823 174
is_linear=0
shrinkage=0.05


Tree=146
num_leaves=31
num_cat=0
split_feature=18 11 11 13 18 11 20 20 15 15 15 19 11 27 18 19 14 13 2 4 2 4 18 0 6 20 27 18 1 14
split_gain=27.4615 73.9654 83.8977 47.2168 34.223 22.495 33.7809 25.4856 19.5365 21.0248 28.2448 24.5149 21.3779 18.1206 37.0942 52.5347 27.8152 19.7423 18.1198 17.6562 17.009 16.9694 31.9834 18.9998 14.3715 12.1164 11.3069 8.57028 8.45621 8.26363
threshold=699.50000000000011 0.16279534883720934 0.16855305054349815 0.072314791079210419 692.50000000000011 0.19167997870074541 3.2537510194573023 3.0277152493349475 0.051064754454584908 0.067117117117117056 0.11690309690309686 1148.4216666666669 0.076340326340326323 247.83712217947763 566.50000000000011 9214.5990740740763 0.011199255821731603 0.073189727224375015 19653.390000000003 5.5000000000000009 12314.530000000001 1.5000000000000002 422.50000000000006 1.5000000000000002 8.5000000000000018 3.2537510194573023 208726.26500000004 429.50000000000006 1.5000000000000002 0.071946169772256721
decision_type=2 2 2 2 2 2 2 2 2 2 2 2 2 2 2 2 2 2 2 2 2 2 2 2 2 2 2 2 2 2
left_child=4 8 19 18 13 6 -5 -7 -2 -10 12 -12 -11 14 21 29 -17 26 -4 -3 -19 22 -1 -23 -22 -21 27 -15 -20 -16
right_child=1 2 3 5 -6 7 -8 -9 9 10 11 -13 -14 17 15 16 -18 20 28 25 24 23 -24 -25 -26 -27 -28 -29 -30 -31
leaf_value=0.0079309598848621224 -0.045351249102681852 -0.084015233190897265 -0.070824207780156398 -0.040634234031214939 0.047665033825703723 0.024830205224088023 0.032266019834430865 -0.055345945206907214 0.045630310490539561 0.01748599939319205 -0.040206546163556588 0.016010799358275356 -0.07728795303655768 -0.0043947936980495298 -0.063676589244106588 -0.062851849472780788 0.034708734514234937 -0.062474910505061147 0.04074174867114598 -0.096549366043105919 -0.060304810061206721 -0.058530234947661811 -0.055648628258962142 0.023527406979670505 0.016157747019978529 0.048647513467042158 -0.040573678105419446 0.043213647642863617 -0.056869497603250455 0.018331612529486497
leaf_weight=116.01525299876812 14.849734665840513 53.495478170749266 35.231156097463099 52.025879326007271 59.598969668557402 101.25677539832395 22.701704597231583 10.858952915063126 43.525675127195427 9.3169903334346618 20.490031023611664 323.22875189459592 15.863726374023825 10.295141938637242 49.665146529994672 9.0543189428281021 35.759254044038244 8.680220944224855 6.2501119283842836 1.9877603152272048 6.5210256708669467 7.2225274914671891 23.731429583320278 176.05571253056405 82.43200481554959 4.4943263030145317 4.5995784584083586 92.755334393907106 3.2953573549166322 3.1329903131700112
leaf_count=2232 655 708 1452 1605 174 1497 119 275 91 53 480 2409 387 167 1972 299 88 258 32 86 321 240 1151 1183 645 4 63 286 167 39
internal_value=0.00431503 -0.00250686 -0.0219227 -0.00823787 0.0114755 0.00279658 -0.0184073 0.0169778 0.010734 0.012776 0.0088747 0.0126343 -0.0420929 0.00801449 0.00205656 -0.0249238 0.0147898 0.0201913 -0.0542973 -0.0745853 0.00384422 0.0102302 -0.00286228 0.0202363 0.0104348 0.00257223 0.0349536 0.0384093 0.00628506 -0.0586903
internal_weight=1404.39 718.872 291.598 231.62 685.519 186.843 74.7276 112.116 427.275 412.425 368.899 343.719 25.1807 625.92 420.637 97.6117 44.8136 205.283 44.7766 59.9776 97.6333 323.025 139.747 183.278 88.953 6.48209 107.65 103.05 9.54547 52.7981
internal_count=19138 10020 5945 5147 9118 3496 1724 1772 4075 3420 3329 2889 440 8944 7204 2398 387 1740 1651 798 1224 4806 3383 1423 966 90 516 453 199 2011
is_linear=0
shrinkage=0.05


Tree=147
num_leaves=31
num_cat=0
split_feature=18 11 11 24 24 18 8 6 8 11 5 9 9 8 18 12 8 28 24 19 1 7 19 9 2 19 8 24 12 12
split_gain=25.2516 67.905 77.2621 46.2526 48.5337 31.9425 25.264 26.8785 31.8601 23.0051 19.3079 23.4342 42.7054 20.3991 23.1345 17.7005 25.5484 36.4151 30.473 26.1327 21.1935 19.1682 18.2383 17.4349 17.0636 17.6156 16.7858 16.6293 14.6293 14.4018
threshold=699.50000000000011 0.16279534883720934 0.16855305054349815 81.500000000000014 450.50000000000006 692.50000000000011 4.573931373292953 22.500000000000004 4.3099522300998281 0.68926553672316393 2.7032741901598576 0.9231786731786733 0.73401360544217698 3.9803677202776639 1291.5000000000002 2.7640113460446121 4.0068571624932483 1.0000000180025095e-35 706.50000000000011 14702.197500000002 12.500000000000002 7.5000000000000009 2951.4450000000002 0.89499326879928209 133267.74500000002 1300.6283333333338 4.3632585927001015 450.50000000000006 2.9983448564102235 2.7099739486960415
decision_type=2 2 2 2 2 2 2 2 2 2 2 2 2 2 2 2 2 2 2 2 2 2 2 2 2 2 2 2 2 2
left_child=5 10 3 -3 -5 15 7 8 -4 28 13 12 26 14 27 16 18 -18 20 -19 -1 -20 -17 -16 25 -15 -12 -2 -8 -9
right_child=1 2 6 4 -6 -7 9 29 -10 -11 11 -13 -14 24 23 22 17 19 21 -21 -22 -23 -24 -25 -26 -27 -28 -29 -30 -31
leaf_value=0.017718996922388992 0.048577722152177372 0.045135047334822202 -0.0018746796623257886 -0.2009643109878427 -0.067463968448252282 0.046537458738026692 -0.069218334938407997 0.043758267344241125 -0.07441791232949474 0.044744904615602793 -0.066463113079884756 0.037015013003779074 -0.066363634953225434 -0.064580018130044034 0.029409344385850023 -0.055359410537043491 0.0081297540025678464 -0.074762694622199796 -0.057184564255131909 -0.00076906520261843536 -0.061748412201226045 0.0013495345971295378 0.032070706588958477 -0.066780205857373168 -0.048728125590232402 0.018017720858039134 0.028429851306838751 -0.060787846854200717 0.016119027837543081 -0.028077721173027387
leaf_weight=330.37799983492005 3.7586032152175894 7.2422244623303405 115.83923593562213 8.099269360303877 43.520852607878624 58.033500211051432 32.675276604801184 41.318471607140964 17.339770535108983 6.4721859842538825 4.9404171516653141 110.47529211788788 17.886018098666682 6.6318910963454973 23.474043861584509 6.2282787040458052 65.674663251746097 32.839407891762676 24.42720084991015 18.929632774568745 8.4865396397217392 32.158280555580859 96.524325990641955 5.7720153650443526 11.389639013345002 146.85143878689269 58.618586393073201 32.920114950393327 5.7837839850690207 8.22985640412662
leaf_count=4061 2 3 3861 46 749 174 679 95 366 4 181 595 271 144 389 130 544 739 2007 153 488 439 383 264 135 619 88 1387 43 99
internal_value=0.00415786 -0.00242115 -0.0212148 -0.072236 -0.0888551 0.0110909 -0.00797511 0.000264386 -0.011406 -0.0415209 0.0103075 0.0220221 0.0016033 0.000539195 -0.022925 0.0077344 0.00392587 -0.0165261 0.0100151 -0.0478566 0.0156964 -0.023887 0.0266739 0.0100921 0.00995991 0.0143765 0.0208825 -0.0493432 -0.0562464 0.0316933
internal_weight=1382.92 709.239 286.521 58.8623 51.6201 673.68 227.659 182.727 133.179 44.9312 422.718 191.92 81.445 230.798 65.9248 615.646 512.894 117.444 395.45 51.769 338.865 56.5855 102.753 29.2461 164.873 153.483 63.559 36.6787 38.4591 49.5483
internal_count=19138 10020 5945 798 795 9118 5147 4421 4227 726 4075 1135 540 2940 2042 8944 8431 1436 6995 892 4549 2446 513 653 898 763 269 1389 722 194
is_linear=0
shrinkage=0.05


Tree=148
num_leaves=31
num_cat=0
split_feature=23 15 4 2 6 6 24 17 22 13 18 13 11 15 15 11 24 19 4 9 18 8 9 9 9 11 18 9 4 2
split_gain=23.6032 31.1614 26.7519 33.5936 27.9098 103.597 25.3457 21.1667 50.8502 20.7734 20.7378 16.3503 25.4726 9.05201 17.0463 9.90862 8.93871 8.93245 12.1325 9.13329 8.13528 6.36547 6.25415 4.75065 22.6182 4.63745 3.9682 8.56901 3.6499 3.63158
threshold=24.592744695414105 0.20343188795895192 5.5000000000000009 304142.21000000002 6.5000000000000009 8.5000000000000018 52.500000000000007 39.500000000000007 1.5000000000000002 0.14839839839839838 1328.5000000000002 0.089184368673072612 0.087194107864100714 0.15004873294346979 0.15794944742313163 0.17500813272608975 3524.5000000000005 8104.7025761554632 7.5000000000000009 0.92695630081300828 452.50000000000006 3.0223091989703863 0.99882560147410138 0.99307950191570893 0.89499326879928209 0.090398365679264556 556.50000000000011 0.94742370632463524 5.5000000000000009 1350621.1450000003
decision_type=2 2 2 2 2 2 2 2 2 2 2 2 2 2 2 2 2 2 2 2 2 2 2 2 2 2 2 2 2 2
left_child=1 11 3 4 7 6 -6 9 -9 -2 -7 12 26 17 -15 22 28 -4 19 -19 29 -13 -16 24 -23 -22 -1 -28 -14 -5
right_child=2 -3 13 20 5 10 -8 8 -10 -11 -12 21 16 14 15 -17 -18 18 -20 -21 25 23 -24 -25 -26 -27 27 -29 -30 -31
leaf_value=0.042230324771242882 0.028178364365439135 -0.069331975353147127 0.044226603820447012 -0.059342639751614981 0.037627176812948977 0.0055633944618527081 -0.067047489164192051 -0.055999620698369793 0.017048602924705246 -0.056250221803044266 -0.016104786281717989 -0.049241397653925337 -0.068252296651456643 -0.096117269835591754 0.03072756046383561 -0.058632896632665181 0.045430393577592439 -0.19235414204154697 0.029133674196124549 -0.0090661007149512168 -0.1668319556123922 0.042203034175619242 -0.052499401834324257 0.05165491178321651 -0.070847255321285926 -0.080087942466191858 -0.099602224544664608 0.046985734492281855 0.0106731675914132 0.043941502105948757
leaf_weight=21.728391061609731 168.04399640130578 8.5112515349755977 57.135997885379766 1.6299455326952732 6.1542462973156935 581.86521673480456 72.948975093808258 32.537628190024407 88.054351640297682 7.4872532278095596 136.13405835338926 1.8344631680956798 12.982382608170157 3.538001520180841 33.534948567597894 3.7897328662729697 2.2164532105671233 1.2042673495598122 6.3189808676324901 1.5690625791175987 2.2454935712739807 36.721981813505408 2.2884154045095775 53.635180967961787 4.9079661967698476 7.8126701434375718 1.5628639412243495 2.3598061280790716 1.5007013493741386 1.5477069549961013
leaf_count=109 2182 431 177 50 10 4785 2312 2086 2124 435 1873 255 537 176 109 266 8 13 61 53 18 139 279 190 118 226 72 4 36 4
internal_value=0.00400246 0.0228539 0.00170253 -0.000625864 0.000331752 -0.00453303 -0.0588034 0.0134407 -0.00264961 0.0245186 0.00144643 0.0285619 0.0025015 0.0252809 0.00729203 0.0168726 -0.0452739 0.0368975 -0.00859464 -0.0943202 -0.0795054 0.0398626 0.0251404 0.0416807 0.0286173 -0.101398 0.0338538 -0.0111988 -0.0597143 -0.00770576
internal_weight=1363.8 147.961 1215.84 1106.46 1093.23 797.102 79.1032 296.123 120.592 175.531 717.999 139.45 42.3506 109.379 43.1511 39.6131 16.6995 66.2283 9.09231 2.77333 13.2358 97.0996 35.8234 95.2651 41.6299 10.0582 25.6511 3.92267 14.4831 3.17765
internal_count=19138 1899 17239 16105 15807 8980 2322 6827 4210 2617 6658 1468 766 1134 830 654 581 304 127 66 298 702 388 447 257 244 185 76 573 54
is_linear=0
shrinkage=0.05


Tree=149
num_leaves=31
num_cat=0
split_feature=23 15 4 1 18 10 16 27 1 8 20 27 16 16 16 18 15 15 19 4 23 9 9 9 19 9 30 1 8 16
split_gain=22.1593 29.2127 24.9139 48.5217 25.3224 43.5968 74.2714 29.6074 22.3325 17.3286 16.7077 14.6321 25.1095 10.8064 10.3583 25.0614 8.51477 16.0048 8.49294 11.0526 8.29741 9.90519 8.20872 7.33243 6.15282 5.85761 4.59405 2.61711 1.8802 1.49459
threshold=24.592744695414105 0.20343188795895192 5.5000000000000009 14.500000000000002 459.50000000000006 0.10174418604651156 0.19436178197712919 0.77738064958867181 4.5000000000000009 2.5530842619225651 2.0412414148193161 20.495839180252911 0.15406593406593402 0.28907254361799817 0.20913790104127836 550.50000000000011 0.15004873294346979 0.15794944742313163 8104.7025761554632 7.5000000000000009 66.936344969199197 0.98222187104930481 0.92695630081300828 0.99307950191570893 10334.79166666667 0.96881944444444457 1.5000000000000002 17.500000000000004 5.4692868805049146 0.20738438514084193
decision_type=2 2 2 2 2 2 2 2 2 2 2 2 2 2 2 2 2 2 2 2 2 2 2 2 2 2 2 2 2 2
left_child=1 11 3 4 8 6 -6 -7 10 -10 -2 12 26 25 15 -13 18 27 29 22 21 -19 -20 24 -16 -5 -1 -18 -21 -4
right_child=2 -3 16 13 5 7 -8 -9 9 -11 -12 14 -14 -15 23 -17 17 20 19 28 -22 -23 -24 -25 -26 -27 -28 -29 -30 -31
leaf_value=-0.046161234089365621 0.021814109890556009 -0.068627608276694188 0.048485191638975147 -0.11649013515944849 0.0015271196376657309 0.040525825334408877 -0.06781061711235048 -0.00048690269434244508 0.028602842507265892 -0.070078129403867387 -0.045866918408112106 0.041307636499476025 -0.066526033464282763 0.0075133275461952949 -0.00048436372332579664 -0.062477475599639558 -0.2369791147434902 0.017113734692901502 -0.18236315363632183 -0.0065500218959613655 0.03740653845170866 -0.062549164252145836 -0.0086460548177950229 0.055961644192117556 0.042823282944017445 -0.060664463041906563 0.047498809053152791 -0.075206800750720337 0.048612648807416267 0.027939694863691151
leaf_weight=1.3362052811135097 226.34396623466455 8.1781593642226635 41.528372723332723 7.6047033765935401 94.786857565588434 47.308915246103425 64.91465023814817 610.04635483671882 6.6108766152756315 12.890429102524648 9.3644895372854062 18.085570275899958 10.192209848864875 4.0547175175161092 13.377726152284593 8.4371986729965993 0.25335140922106747 11.701645528431984 1.2120289588347062 2.2188803404715145 21.200053511864098 5.700628419610438 1.5679157402773851 51.632302885162062 20.200536371732596 15.486527234068488 11.889210343273588 3.1479172046092572 3.9747467637062073 13.638092544162644
leaf_count=168 2596 431 114 80 2954 341 3247 5732 45 291 168 91 491 13 170 369 5 41 13 58 153 460 53 80 35 638 64 171 3 63
internal_value=0.00384072 0.0224224 0.00162571 -0.00060414 0.00106549 -0.00322408 -0.0266504 0.00246283 0.0148141 -0.0363953 0.0190857 0.0280155 -0.00771862 -0.0665 0.0355498 0.00799392 0.0247479 0.00707552 0.0362143 -0.00835295 0.0164307 -0.0089048 -0.0898235 0.0440488 0.0254707 -0.0796883 0.0373854 -0.0951091 0.028266 0.0435562
internal_weight=1348.89 143.329 1205.56 1099.41 1072.27 817.057 159.702 657.355 255.21 19.5013 235.708 135.151 23.4176 27.1459 111.733 26.5228 106.144 42.0036 64.14 8.97357 38.6023 17.4023 2.77994 85.2106 33.5783 23.0912 13.2254 3.40127 6.19363 55.1665
internal_count=19138 1899 17239 16105 15374 12274 6201 6073 3100 336 2764 1468 723 731 745 460 1134 830 304 127 654 501 66 285 205 718 232 176 61 177
is_linear=0
shrinkage=0.05


Tree=150
num_leaves=31
num_cat=0
split_feature=4 2 5 13 9 2 27 5 2 27 18 9 6 29 8 27 15 19 8 19 18 2 19 11 14 29 17 9 8 14
split_gain=20.5798 23.6837 41.4939 36.4625 37.4185 36.6216 29.3699 27.8375 24.298 32.7558 28.2491 26.4736 24.0734 23.0968 19.0133 17.8821 8.33509 10.6665 13.1339 9.05619 10.2129 4.69264 4.56357 5.50761 7.3098 3.88412 3.84037 3.46609 3.07811 2.06957
threshold=5.5000000000000009 12316.455000000002 1.670841152286864 0.090502731912938311 0.99589320650340707 31800.730000000003 657203.69500000018 2.641148837575432 12314.530000000001 740.05636561605741 1710.5000000000002 0.97501040799333893 24.500000000000004 3.5000000000000004 4.1461564820711532 101.24926260837169 0.1441499941499941 3708.0884210526319 4.1715285433379163 22408.514166666671 553.50000000000011 373318.46500000008 8104.7025761554632 0.057417582417582359 0.040172910662824211 3.5000000000000004 2114.0000000000005 0.97022314171715685 5.4692868805049146 0.026432231020027903
decision_type=2 2 2 2 2 2 2 2 2 2 2 2 2 2 2 2 2 2 2 2 2 2 2 2 2 2 2 2 2 2
left_child=1 6 26 4 5 -4 8 21 9 11 12 -1 -10 -12 -9 -6 22 25 -19 20 -20 -5 -2 -24 27 -18 29 -25 -8 -3
right_child=16 2 3 7 15 -7 28 14 10 -11 13 -13 -14 -15 -16 -17 17 18 19 -21 -22 -23 23 24 -26 -27 -28 -29 -30 -31
leaf_value=-0.014777777849926088 0.044936109865389984 -0.064807821491058903 -0.062208799538081075 -0.066453723481278856 -0.064299607713520862 0.0061080149209883786 -0.070915850884218104 0.027436006277365012 0.012655724270930788 -0.064358595929106796 -0.080975865363402275 0.016568738564512672 0.043307053386661437 0.022075268230554061 -0.0479756088421113 0.042608864517472603 0.043349439890543615 -0.083414092731818629 0.02024858984106246 0.042954451580298258 -0.068963128583330771 0 0.048154732013435536 0.04563310972357093 -0.13894729103024589 0 0.037530146364914495 -0.053133864475166652 -0.15602566390555883 -0.10989784495876161
leaf_weight=129.76157296950987 52.159295997276786 21.281691509313539 24.711205161584076 35.35329371298576 4.0141009175858917 93.226264221040765 3.6535010773804961 22.720728711836273 591.6232838532087 20.220458641866571 13.779073113430059 139.77389478949044 71.983997442148393 8.7782261813990772 13.088517448704804 71.672687910642708 22.514884966745743 4.8815762887315968 6.7185879624739773 9.5449887615395692 5.8838090242497856 2.8129849317338076 3.8740126490592939 2.035212780698203 1.0891978156287221 6.7558169977273783 0.70856307144276698 1.4093373936193527 2.0090839373879135 3.5946248476975589
leaf_count=3246 134 942 514 1346 170 742 97 279 7119 701 442 1674 114 21 147 287 154 458 88 21 246 55 4 4 12 35 2 70 18 65
internal_value=0.00644026 0.00459338 -0.00786615 -0.00201955 0.00936992 -0.00820449 0.00832037 -0.0318704 0.00898877 -0.00313717 0.0141164 0.00145926 0.0159941 -0.0407322 -4.50441e-05 0.0367956 0.0265219 0.0125086 -0.0099832 0.00627938 -0.021224 -0.0615214 0.0394234 0.00451014 -0.0319388 0.0334113 -0.0685768 0.00345304 -0.104164 -0.0719374
internal_weight=1391.63 1274.77 293.185 267.6 193.624 117.937 981.583 73.9755 975.921 289.756 686.165 269.535 663.607 22.5573 35.8092 75.6868 116.867 56.2997 27.029 22.1474 12.6024 38.1663 60.5671 8.40776 4.53375 29.2707 25.5849 3.44455 5.66259 24.8763
internal_count=19207 17981 4549 3540 1713 1256 13432 1827 13317 5621 7696 4920 7233 463 426 457 1226 1002 813 355 334 1401 224 90 86 189 1009 74 115 1007
is_linear=0
shrinkage=0.05


Tree=151
num_leaves=31
num_cat=0
split_feature=24 24 19 16 27 28 19 13 5 9 2 27 5 3 9 5 19 16 27 5 29 13 19 27 16 13 18 6 24 18
split_gain=23.1319 25.5532 30.6725 24.6685 23.047 20.4495 19.5968 22.3393 32.2655 25.5499 21.1917 27.8941 18.5409 19.6922 37.4824 18.3493 17.3224 16.062 27.002 14.5527 16.6538 35.6479 13.8175 12.1885 13.5565 12.0381 11.8224 11.1772 10.4113 13.9968
threshold=856.50000000000011 1199.5000000000002 19297.036250000001 0.28271848924022841 0.023667015892136253 1.0000000180025095e-35 5001.4987500000007 0.090882617673532062 2.8574102859353347 0.98688259109311749 12316.455000000002 8.4895511109160271 3.1965049284923421 1367.3750000000002 0.98086080586080593 3.0277152493349475 2724.9625000000001 0.16554007764329751 0.0010035466043956502 3.7246369290652526 1.5000000000000002 0.11909059652741961 9347.0250000000015 12.844058819425465 0.34833164812942369 0.081728561842198164 1710.5000000000002 33.500000000000007 909.50000000000011 696.50000000000011
decision_type=2 2 2 2 2 2 2 2 2 2 2 2 2 2 2 2 2 2 2 2 2 2 2 2 2 2 2 2 2 2
left_child=4 2 3 5 -1 16 7 8 9 -6 11 -9 13 14 -8 -12 -2 18 -3 20 21 -19 -15 -5 -25 -21 -22 -27 29 -4
right_child=1 17 28 23 6 -7 12 10 -10 -11 15 -13 -14 22 -16 -17 -18 19 -20 25 26 -23 -24 24 -26 27 -28 -29 -30 -31
leaf_value=-0.057392601840907546 0.035972004566874848 0.047251654952358578 0.042101469053633184 0.034980704720580798 0.016724310693519411 -0.069918453399973143 0.00017427535648577714 -0.030134304375803934 -0.06419861061843965 0.043319197092648691 -0.057363847904037285 0.021296842119584745 0.034737609133197948 0.041869837113138915 -0.052298206657630346 0.029355982496001621 -0.063595877283376928 -0.03616706897875329 -0.060177513035782608 -0.089009683562931027 0.027939438880620334 0.039141015191006587 -0.029135035316556014 -0.10299679257565096 0.024949372318979552 -0.059105668456612914 0.00037998540689242145 0.031541249808246401 0.032925228431250099 -0.077141741958483986
leaf_weight=12.20791979516798 10.008740000543186 7.9224801429081735 4.1101083855610323 14.254453648842174 347.73432018455787 49.230779049335979 161.29591812685248 34.392593415643205 10.560078597045502 122.63522891610046 24.204228770264308 111.19766281808552 34.239017090236302 32.590203796949936 42.971021761055454 7.9895438444218589 7.5723655748261072 44.278530488249089 21.241532830288634 6.3436107902089161 125.80540747157647 24.192494793358492 8.5059435175789968 4.1863372289517411 3.8492811562318821 5.6982301685056873 56.86146458597068 8.0848431177437288 26.127369710346102 5.7434990037581883
leaf_count=533 50 34 8 244 3319 1776 1246 1178 222 535 973 1036 65 119 1674 33 428 1988 1438 100 560 414 148 90 64 105 619 17 81 110
internal_value=0.00618514 -0.00349466 -0.022481 -0.0382194 0.0105236 -0.053405 0.0114185 0.0161258 0.0217236 0.0236765 0.000951018 0.00910067 0.000309059 -0.00448707 -0.0108599 -0.0356635 -0.00674727 0.00439847 -0.0307615 0.00820693 0.0115037 -0.00946768 0.0270171 0.00710949 -0.0415392 -0.0325358 0.0193929 -0.00572986 0.0163526 -0.0269778
internal_weight=1376.04 425.512 125.083 89.102 950.524 66.8119 938.316 658.714 480.93 470.37 177.784 145.59 279.602 245.363 204.267 32.1938 17.5811 300.429 29.164 271.265 251.138 68.471 41.0961 22.2901 8.03562 20.1267 182.667 13.7831 35.981 9.85361
internal_count=19207 8126 2851 2652 11081 2254 10548 7296 4076 3854 3220 2214 3252 3187 2920 1006 478 5275 1472 3803 3581 2402 267 398 154 222 1179 122 199 118
is_linear=0
shrinkage=0.05


Tree=152
num_leaves=31
num_cat=0
split_feature=24 23 27 4 1 19 9 9 20 16 24 11 13 8 20 3 9 18 27 18 19 3 25 10 13 27 11 4 27 6
split_gain=21.0959 32.0465 21.5557 20.3638 40.896 17.8533 21.0204 70.6643 53.3274 28.4207 26.3408 17.3482 18.1435 17.1747 17.1688 18.1153 34.9954 15.7771 29.9315 16.2551 12.8834 7.64264 7.12808 6.85466 6.24747 6.01356 4.24245 2.80419 2.68446 6.56791
threshold=856.50000000000011 33.440109514031498 0.023667015892136253 4.5000000000000009 6.5000000000000009 5001.4987500000007 0.98688259109311749 0.9231786731786733 2.0119049459411884 0.23184867621218005 176.50000000000003 0.12165737165737162 0.090882617673532062 4.5991538411292519 3.1965049284923421 1367.3750000000002 0.98086080586080593 1172.5000000000002 12.844058819425465 1710.5000000000002 9347.0250000000015 3.7129995238850984 1.0000000180025095e-35 0.17732558139534882 0.09722448794634761 51.047146542410466 0.13974541429475013 3.5000000000000004 1113.3883028815771 10.500000000000002
decision_type=2 2 2 2 2 2 2 2 2 2 2 2 2 2 2 2 2 2 2 2 2 2 2 2 2 2 2 2 2 2
left_child=2 11 -1 4 17 6 7 8 -4 13 -9 12 25 -8 15 16 -7 18 -3 -19 -17 28 -13 -14 -16 27 -23 -2 -5 -30
right_child=1 3 5 21 -6 14 9 10 -10 -11 -12 22 23 -15 24 20 -18 19 -20 -21 -22 26 -24 -25 -26 -27 -28 -29 29 -31
leaf_value=-0.057026820634011925 -0.06089501878815351 0.0092072735890096971 0.023697787362013015 0.040201992831046085 -0.081771736197372186 0.00016557884794035898 0.038407148334943492 0.036907976729037277 -0.022995221366480145 -0.064687696108325157 -0.069590224063833653 -0.069507780252394388 -0.057154392018221048 -0.062639283753549366 0.001161620125178587 0.041076713469756637 -0.051077591000761861 0.018157768737754765 -0.047292995273857046 -0.014058032903243653 -0.027811610397398323 0.022734534327532085 0.018416643683455126 0.043356642746331012 0.048386534607562148 -0.11054225728704939 -0.063782670867301702 0.019727661677905139 0.049321252235090679 -0.031851671854893404
leaf_weight=11.685767143702831 2.0427325887794749 52.895967260206817 374.93779474483017 43.166668644102174 15.628711648823808 161.28502500335162 151.27114923825866 6.8338248070504042 72.872635611551232 7.2762694282864677 34.782585836634098 29.599781205946787 1.8439954558270972 4.201603382578468 10.37588541198056 31.586158552847337 41.829804930566752 140.32084022701019 41.798132608921151 54.040823451548931 8.4708562722080369 2.3305762894451609 2.3636031072528558 12.043348370345482 22.984599038318265 3.7521090595109854 3.1515492429462029 1.9708040505647657 5.1034455202607187 4.6301256752631161
leaf_count=533 236 1409 3262 161 403 1246 1038 25 1501 188 1156 1419 165 126 39 119 1674 1543 1167 1275 148 5 14 19 26 67 142 4 21 76
internal_value=0.00595611 -0.0033996 0.0101068 0.00191967 -0.00325177 0.010963 0.0154767 0.0102813 0.0160848 0.0310541 -0.0519358 -0.039449 -0.00459999 0.0356058 0.000297851 -0.00430283 -0.0103829 0.00100318 -0.0157029 0.00917207 0.0263514 0.0289532 -0.0628129 0.0293399 0.0338953 -0.0655319 -0.0263581 -0.0205734 0.0348184 0.0102687
internal_weight=1357.08 416.683 940.394 363.067 304.684 928.708 652.176 489.427 447.81 162.749 41.6164 53.6164 21.653 155.473 276.532 243.172 203.115 289.056 94.6941 194.362 40.057 58.3824 31.9634 13.8873 33.3605 7.76565 5.48213 4.01354 52.9002 9.73357
internal_count=19207 8126 11081 6202 5797 10548 7296 5944 4763 1352 1181 1924 491 1164 3252 3187 2920 5394 2576 2818 267 405 1433 184 65 307 147 240 258 97
is_linear=0
shrinkage=0.05


Tree=153
num_leaves=31
num_cat=0
split_feature=24 23 27 24 19 18 11 13 19 9 9 5 16 24 13 23 23 23 5 5 12 16 27 23 23 8 23 13 24 18
split_gain=19.283 30.1269 20.1751 17.2738 26.8149 20.5399 16.3654 16.8921 16.3019 19.6264 65.6032 48.4489 26.383 24.9183 16.6096 16.2299 16.0633 19.6889 15.994 15.5245 15.4156 14.1116 24.061 11.185 21.9412 17.2475 10.7665 10.6972 10.3294 13.1851
threshold=856.50000000000011 33.440109514031498 0.023667015892136253 1199.5000000000002 19297.036250000001 872.50000000000011 0.12165737165737162 0.090882617673532062 5001.4987500000007 0.98688259109311749 0.9231786731786733 2.0119049459411884 0.23184867621218005 176.50000000000003 0.11540536055099156 64.314852840520203 52.81724845995894 59.557837097878171 1.6889485862032387 1.4170062118589806 2.6275560975475574 0.16554007764329751 0.0010035466043956502 67.201916495551004 60.023271731690635 3.6825651052209416 46.678986995208767 0.21498599439775909 909.50000000000011 696.50000000000011
decision_type=2 2 2 2 2 2 2 2 2 2 2 2 2 2 2 2 2 2 2 2 2 2 2 2 2 2 2 2 2 2
left_child=2 6 -1 4 5 15 7 -2 9 10 11 -4 14 -12 -11 -3 18 27 19 -10 -19 22 -5 24 -23 -25 -20 -18 29 -6
right_child=1 3 8 21 28 -7 -8 -9 16 12 13 -13 -14 -15 -16 -17 17 20 26 -21 -22 23 -24 25 -26 -27 -28 -29 -30 -31
leaf_value=-0.056670388228805602 -0.063922711098073987 0.0024738314383630469 0.02268717249525945 0.046846074334987164 0.042050221739558913 -0.069145047796903253 -0.062130903437840272 0.028968677695733344 -0.00091343095206775917 0.037506693277677049 0.035993646452979901 -0.021833206188260713 -0.063965034567028803 -0.069019041809443779 -0.055291998738099292 -0.072135339092940218 -0.078049316237513586 -0.030862011419855524 0.0070551237783520451 -0.080051179461200786 0.011231959901437286 0.010697390307165343 -0.059722389435655714 -0.055303025665186467 -0.051952473573214801 0.031125175640581971 0.036784611704630321 0.045725243433014068 0.038398852574451275 -0.077021936552772174
leaf_weight=11.184612037875921 7.5773710114372106 35.853134803372086 372.13553814887564 7.5089154248125878 4.0855591734871251 25.116144231666112 30.728351866229787 13.360683544175116 24.726591586353607 147.69759147832519 6.6639662213274269 72.917754527596117 6.998724237229907 33.35394391141017 4.8564627778105196 9.0115560418053047 15.104600104838028 35.866367878901656 85.19482116142899 8.2304142401844711 54.741365846552071 118.66085836233106 17.142185852237162 6.0348821978986953 15.728712312135029 90.761560184560949 47.840455169454799 1.8528467079158879 24.302611099730711 5.0659548291005194
leaf_count=533 307 767 3262 27 7 857 1433 184 432 972 25 1501 188 1156 192 400 356 630 862 310 466 1581 1107 460 470 369 193 3 62 95
internal_value=0.00572658 -0.00328282 0.00971558 0.00184168 -0.015374 -0.032989 -0.0389483 -0.00455461 0.0105358 0.0148754 0.00985273 0.0153784 0.0300983 -0.0513611 0.0344855 -0.0125281 0.000289658 -0.0147349 0.0100589 -0.0210103 -0.00539114 0.00882482 -0.0270007 0.0126765 0.00329461 0.0256336 0.0178032 -0.0640432 0.0213132 -0.0234435
internal_weight=1340.3 410.938 929.366 359.272 103.435 69.9808 51.6664 20.9381 918.181 644.624 485.071 445.053 159.553 40.0179 152.554 44.8647 273.557 107.565 165.992 32.957 90.6077 255.837 24.6511 231.186 134.39 96.7964 133.035 16.9574 33.4541 9.15151
internal_count=19207 8126 11081 6202 2188 2024 1924 491 10548 7296 5944 4763 1352 1181 1164 1167 3252 1455 1797 742 1096 4014 1134 2880 2051 829 1055 359 164 102
is_linear=0
shrinkage=0.05


Tree=154
num_leaves=31
num_cat=0
split_feature=4 24 23 11 11 24 27 8 15 27 8 6 1 13 23 15 8 13 23 8 15 11 15 6 24 12 7 16 1 11
split_gain=19.014 22.8863 25.4821 40.7822 36.47 35.5998 29.9941 27.7815 19.7898 18.2975 18.9759 43.3006 35.9924 20.112 29.9935 16.0062 15.9915 13.5673 27.0294 13.4636 7.10499 9.29636 7.16651 16.5172 4.39605 10.9453 6.55221 4.03337 2.49829 1.1173
threshold=5.5000000000000009 859.50000000000011 66.687200547570171 0.12165737165737162 0.20340095199964411 945.50000000000011 12.844058819425465 3.6825651052209416 0.056079664570230552 0.023667015892136253 3.4397019787254108 9.5000000000000018 10.500000000000002 0.11773591611871331 74.299794661190973 0.33687943262411352 4.7942475183123294 0.087919298549219815 42.479123887748123 3.694390457119971 0.1441499941499941 0.18248716671359572 0.16310048753845288 52.500000000000007 565.50000000000011 2.6505851138625549 38.500000000000007 0.18920197397018593 31.500000000000004 0.14143877802414387
decision_type=2 2 2 2 2 2 2 2 2 2 2 2 2 2 2 2 2 2 2 2 2 2 2 2 2 2 2 2 2 2
left_child=1 9 3 17 8 -4 -6 -7 -5 -1 13 -12 -13 15 -15 -11 -9 18 -3 -19 24 22 23 -22 25 -2 29 -24 -29 -27
right_child=20 2 5 4 6 7 -8 16 -10 10 11 12 -14 14 -16 -17 -18 19 -20 -21 21 -23 27 -25 -26 26 -28 28 -30 -31
leaf_value=-0.056305988068949459 0.045654945550333226 -0.078524300987452569 -0.073033664497265158 0.014306492689318454 0.026161927470656061 -0.056480254440268218 -0.055828491069817958 0.0342928083775852 -0.061247032639448432 0.021803752962566359 -0.065890187909955517 0.009711478711024837 -0.045417731370598902 -0.057438423279950315 0.031996280550948074 -0.059259419070277354 -0.028413542501964918 -0.055420727742883293 0.010159346943643999 0.037842261231359912 -0.078749706416644194 -0.066673066756459717 -0.052676889142269624 0.043409061953378444 0.043612572080066907 0.035684921737213764 -0.17837830328270135 0.038266880273652437 0.0064788352760546623 -0.046365881360708787
leaf_weight=10.739784883669925 4.6930464688193743 10.851876300701404 11.289092073944628 9.5735264820104913 34.791954530570365 10.748270603013223 16.296077282488113 93.340915005959687 79.34036810224643 359.94835631706519 22.30475775540981 384.45572307162365 31.956029132474214 21.060503185726702 16.672382475517225 6.0686608547694041 11.244905107421799 4.1523073085045317 39.548809384068591 40.16525672795251 5.4368502916186099 3.3582724287116426 1.3577392053557549 5.3926109746098518 48.062355680987821 0.58515179157257102 0.95622558053582896 28.825376883847639 8.4260850894024752 0.86283348142751493
leaf_count=536 39 473 368 269 814 853 747 436 2603 3707 627 2839 743 1318 156 330 66 463 511 122 379 175 73 4 132 1 8 91 280 44
internal_value=0.00550792 0.0037146 -0.0068233 -0.0165818 -0.0337227 0.0112253 0 0.0195721 -0.0530489 0.00818367 0.00901831 0.00180585 0.00545889 0.0168406 -0.0178092 0.0204302 0.0274823 0.00871014 -0.00895399 0.0288864 0.025615 0.012329 0.0179201 -0.0176218 0.0381962 0.000726042 -0.0833 0.0280381 0.0312471 -0.00981472
internal_weight=1322.51 1214.55 361.343 234.72 140.002 126.623 51.088 115.334 88.9139 853.206 842.466 438.717 416.412 403.75 37.7329 366.017 104.586 94.7182 50.4007 44.3176 107.957 52.7969 49.4387 10.8295 55.1596 7.09726 2.40421 38.6092 37.2515 1.44799
internal_count=19207 17981 7725 6002 4433 1723 1561 1355 2872 10256 9720 4209 3582 5511 1474 4037 502 1569 984 585 1226 1002 827 383 224 92 53 444 371 45
is_linear=0
shrinkage=0.05


Tree=155
num_leaves=26
num_cat=0
split_feature=30 9 9 27 23 16 23 17 24 17 16 17 3 19 7 8 19 7 19 2 5 9 16 23 8
split_gain=19.9938 15.978 46.9843 23.139 22.6019 23.3118 21.0204 20.9895 32.3218 29.0635 20.0011 18.6371 7.18185 6.28872 5.41347 7.63836 5.14299 4.53104 8.68259 3.32069 2.42313 5.97476 1.5865 0.695579 0.0108913
threshold=2.5000000000000004 0.99307950191570893 0.98752745241581275 208726.26500000004 24.592744695414105 0.22948839787756392 34.457221081451067 6.5000000000000009 435.50000000000006 1.5000000000000002 0.20913790104127836 1.0000000180025095e-35 2.0453342931480307 1051.1666666666667 16.500000000000004 5.8642945565228972 7287.6960000000008 7.5000000000000009 1209.8960000000004 3127116.3350000004 2.2086784082161817 0.68042553191489374 0.22586618876941458 63.596167008898021 4.2779667576590503
decision_type=2 2 2 2 2 2 2 2 2 2 2 2 2 2 2 2 2 2 2 2 2 2 2 2 2
left_child=1 2 3 7 10 6 24 9 -9 -1 -3 -8 13 -2 16 -16 -5 18 -15 -14 23 -22 -12 -19 -6
right_child=12 4 -4 14 5 -7 11 8 -10 -11 22 -13 19 17 15 -17 -18 20 -20 -21 21 -23 -24 -25 -26
leaf_value=0.0040344390044859775 -0.064857690275140698 -0.054594741550622328 -0.058943172960039619 -0.065202171166376416 -0.049934042055479022 -0.063268192560417144 -0.022265227574397205 -0.030571260289879311 0.012877695160919821 -0.032120578500938357 0.035537835929150351 0.023929267683571481 -0.069668893210150226 0.04964757621670627 -0.094995066053426863 0.0023006622574321114 0.020880587136162955 0.048410070601878609 -0.052420031308290198 0.039531305662463913 -0.052403739637385427 0.033829010751709354 0.058262742849775034 0.030237024717459784 -0.072578285335335238
leaf_weight=190.4299781620357 1.4691519713087462 4.5626909176316977 30.188019868037372 2.8946448992792311 3.5243756086274498 10.631316204380708 25.747192782328057 45.704350553933182 642.27699327214941 78.286510515870759 11.924434025160734 137.87797319514357 2.4550652305624676 4.2011949131265265 8.6941835701436485 2.4827112003695211 3.9262838697759435 42.125118672294775 3.9411592144460883 0.8191007375717162 2.1421585590578642 17.152917298531975 40.096024307131302 8.6716503223287855 4.7982462410873268
leaf_count=1325 76 284 1289 105 336 299 999 619 9774 1460 65 1583 97 3 129 16 38 97 222 1 28 94 47 32 174
internal_value=0.00673729 0.00514606 0.00237514 0.00428526 0.0167618 0.00816066 0.0126403 0.00534899 0.00997998 -0.00648821 0.0443641 0.0166206 0.0304988 0.0335254 -0.0516995 -0.0731107 -0.0153428 0.0355171 0 -0.0405064 0.0396129 0.0237767 0.0532277 0.0454714 -0.0642895
internal_weight=1327.02 1244.05 1004.88 974.696 239.162 182.579 171.948 956.698 687.981 268.716 56.5831 163.625 82.9775 79.7034 17.9978 11.1769 6.82093 78.2342 8.14235 3.27417 70.0918 19.2951 52.0205 50.7968 8.32262
internal_count=19192 18542 14755 13466 3787 3391 3092 13178 10393 2785 396 2582 650 552 288 145 143 476 225 98 251 122 112 129 510
is_linear=0
shrinkage=0.05


Tree=156
num_leaves=31
num_cat=0
split_feature=23 23 23 23 25 2 13 5 11 2 2 11 10 2 2 2 13 27 5 11 12 23 12 2 11 10 24 13 8 11
split_gain=16.1897 30.391 24.4024 23.4138 31.3331 19.1129 18.8776 20.5559 22.0865 15.3928 28.6648 29.1287 29.62 28.6716 16.7539 24.8705 22.9142 15.1931 19.015 12.8167 11.0151 7.02824 6.97145 8.54305 6.85156 5.61967 5.14796 3.72952 3.29281 3.21686
threshold=28.064339493497609 27.774127310061605 26.095824777549627 33.440109514031498 1.0000000180025095e-35 19653.390000000003 0.089184368673072612 2.6101096106212878 0.15486043227978707 100.47000000000001 12314.530000000001 0.17648529411764707 0.43313953488372098 3234.8600000000006 22838.880000000005 33522.450000000004 0.1676706827309237 106.06222244377763 3.1450605087791943 0.15793395560436108 2.2516529081881687 28.314852840520196 3.1086348305682394 26063.950000000001 0.047247023809523808 0.28779069767441862 598.50000000000011 0.28102564102564104 3.9898569214791393 0.087194107864100714
decision_type=2 2 2 2 2 2 2 2 2 2 2 2 2 2 2 2 2 2 2 2 2 2 2 2 2 2 2 2 2 2
left_child=1 2 6 4 5 21 7 8 -1 19 11 12 -11 -13 16 -16 -12 20 -19 26 -8 -2 23 -7 25 -4 -5 -23 -28 -9
right_child=3 -3 24 9 -6 22 17 29 -10 10 14 13 -14 -15 15 -17 -18 18 -20 -21 -22 27 -24 -25 -26 -27 28 -29 -30 -31
leaf_value=0.025759458456575363 0.0030247848897738136 0.070018341074499543 -0.072810594415807936 -0.050137508058879711 0.044661169379347665 0.033058017370525591 -0.043356550555557788 -0.15154591618992463 -0.049911647282517263 -0.044986833741285114 0.014315272987454657 0.027085122279658626 0.032371134839433671 -0.047561315898471269 -0.057649945051132245 0.0016356580721771483 -0.035865450530404436 -0.062468495282452324 0.042863478954386601 -0.051743143648176497 0.044781630015387243 -0.077637543444701557 0.049245019957801568 -0.051002045535391595 -0.075689194885372499 0.046470188066841195 0.050563229014436328 0.0027757945561668984 0.0091695027847108982 -0.064018838972430367
leaf_weight=36.482657588101574 3.179763231513788 26.078449755150359 1.469869316468247 1.3474052707315411 12.561711616232058 4.5766146238311221 3.5878482021871596 1.580292802187613 12.97694951487574 78.737917319100234 609.08106493864761 54.668705807329388 14.526093768654389 16.686456680748961 19.295859446603572 199.76348507772491 23.485269533892279 8.7535956153951719 8.1683763103210349 3.8794560637979876 74.358987703279126 27.854108322528194 4.8253075303509823 8.262397275582769 9.3627938512654492 2.5537021486088634 36.058491978372331 1.3869695885077806 5.9493662201857651 4.9626154768484412
leaf_count=449 53 69 64 60 9 30 348 25 555 2043 5756 999 28 650 491 3139 954 359 23 308 408 1108 3 370 376 5 189 55 61 205
internal_value=0.00645085 0.0199411 0.0119224 0.00416474 -0.025501 -0.0432517 0.0176971 -0.00524196 0.00574374 0.0059192 0.00461483 -0.0144681 -0.0328628 0.00951689 0.0083107 -0.00358763 0.0124389 0.0312823 -0.011377 0.0338078 0.0406103 -0.0659958 -0.00108942 -0.0206275 -0.0524394 0.000973651 0.0416794 -0.0736565 0.0448553 -0.0878748
internal_weight=1316.46 190.336 164.258 1126.13 62.6469 50.0852 150.871 56.0025 49.4596 1063.48 1016.24 164.619 93.264 71.3552 851.626 219.059 632.566 94.8688 16.922 47.2347 77.9468 32.4208 17.6643 12.839 13.3864 4.02357 43.3553 29.2411 42.0079 6.54291
internal_count=19192 2886 2817 16306 1628 1619 2372 1234 1004 14678 14060 3720 2071 1649 10340 3630 6710 1138 382 618 756 1216 403 400 445 69 310 1163 250 230
is_linear=0
shrinkage=0.05


Tree=157
num_leaves=28
num_cat=0
split_feature=30 9 9 12 27 17 17 26 18 23 23 23 27 5 1 15 14 12 7 17 23 14 12 9 6 11 4
split_gain=18.7405 15.107 42.8047 23.5692 21.5954 21.6376 24.0822 20.9117 31.2163 18.6607 17.4708 19.7172 17.7149 16.0897 6.78046 6.52684 4.43087 9.5402 3.82212 5.9197 3.20912 2.72389 7.93207 0.803394 0.782674 2.06628 0.287356
threshold=2.5000000000000004 0.99307950191570893 0.98752745241581275 2.8307123538831291 3514.6202037496455 6.5000000000000009 1.5000000000000002 1.0000000180025095e-35 526.50000000000011 23.117043121149901 24.592744695414105 34.457221081451067 308.4740192899522 1.6021021377385807 1.5000000000000002 0.14278585685771314 0.0062917823335263004 2.6535684321896258 7.5000000000000009 6.5000000000000009 27.163586584531146 0.033426443202979501 2.2792672911101985 0.99595957946976632 28.500000000000004 0.047247023809523808 4.5000000000000009
decision_type=2 2 2 2 2 2 2 2 2 2 2 2 2 2 2 2 2 2 2 2 2 2 2 2 2 2 2
left_child=1 2 4 10 5 6 -1 8 -6 -7 12 -12 23 -13 -2 -9 18 21 19 -16 -19 22 -18 -3 25 -20 -22
right_child=14 3 -4 -5 7 9 -8 15 -10 -11 11 13 -14 -15 16 -17 17 20 24 -21 26 -23 -24 -25 -26 -27 -28
leaf_value=0.003390582356159392 -0.055320948058339696 0.056369734498864135 -0.05837944400524453 -0.066870621911448325 0.0050730256845693631 -0.054770401502946056 -0.030964763614521773 -0.04870572992136691 -0.074528133885198397 0.011734553215913905 -0.061447275497199687 -0.055577009506900324 -0.065063205575210656 0.018838035176517762 0.040404484723715259 0.031561425483249632 0.043605240371790643 0.0059553032348275102 0.049833241710366558 -0.051378468110511083 -0.054747204826484791 0.042139151203181992 -0.082534058389353182 0.03944240636746485 0.053150160814694015 0.024176592972403238 -0.12550370925132762
leaf_weight=170.65016567325802 2.1454741514171465 36.06320345972199 28.433020773576573 8.1289740325883013 21.428917598997941 10.602730265665739 72.528849665912276 2.8302524512982954 28.475655843911227 638.22054268781358 8.6883175194670894 7.4934630281713899 3.3367763428686876 155.60857457006932 4.3567956365441196 17.297041312078363 3.2785184218082604 0.8313423062791111 18.769382085069083 2.7874006741621997 0.81464144884375889 9.5451241360278782 1.8710643286176489 13.270059175018103 17.628712847828865 15.869723095573134 1.2439950063417198
leaf_count=1226 119 85 1289 220 232 705 1365 64 743 9028 535 565 161 2102 35 103 11 6 19 162 27 22 49 119 5 173 22
internal_value=0.00619414 0.00466215 0.00196288 0.0161296 0.00375738 0.00586168 -0.00684396 -0.0229442 -0.0403058 0.0106318 0.0191862 0.0114096 0.044386 0.0153566 0.0297705 0.0198423 0.032275 0.00977538 0.0388228 0.00368906 -0.0713062 0.0264337 -0.00197327 0.0520066 0.0435134 0.0383261 -0.103654
internal_weight=1302.2 1223.06 990.467 232.589 962.034 892.002 243.179 70.0319 49.9046 648.823 224.46 171.79 52.67 163.102 79.1422 20.1273 76.9967 17.5847 59.412 7.1442 2.88998 14.6947 5.14958 49.3333 52.2678 34.6391 2.05864
internal_count=19192 18542 14755 3787 13466 12324 2591 1142 975 9733 3567 3202 365 2667 650 167 531 137 394 197 55 82 60 204 197 192 49
is_linear=0
shrinkage=0.05


Tree=158
num_leaves=26
num_cat=0
split_feature=30 9 9 12 27 24 23 13 17 0 13 23 4 11 11 1 16 9 14 24 24 7 30 12 4
split_gain=17.7104 13.9244 40.3285 21.9458 19.7732 26.7485 20.183 19.1639 19.0803 14.765 22.5318 12.426 12.2912 9.19415 7.15183 6.3722 4.81747 4.89349 3.2179 9.05567 3.99575 2.35474 1.23936 1.0998 0.768126
threshold=2.5000000000000004 0.99307950191570893 0.98752745241581275 2.8307123538831291 3514.6202037496455 625.50000000000011 22.355920602327174 0.11845223247692686 6.5000000000000009 3.5000000000000004 0.06761837024994917 24.592744695414105 6.5000000000000009 0.17320729185283526 0.021583850931677005 1.5000000000000002 0.28516483516483521 0.18230694037145653 0.0062917823335263004 709.50000000000011 565.50000000000011 7.5000000000000009 3.5000000000000004 2.1272301264089939 4.5000000000000009
decision_type=2 2 2 2 2 2 2 2 2 2 2 2 2 2 2 2 2 2 2 2 2 2 2 2 2
left_child=1 2 4 7 6 13 14 9 -8 11 -11 -3 -7 -6 -1 -2 18 -18 20 22 -17 -22 -20 -21 -19
right_child=15 3 -4 -5 5 12 8 -9 -10 10 -12 -13 -14 -15 -16 16 17 24 19 23 21 -23 -24 -25 -26
leaf_value=0.0078030565313702231 -0.054888678353840863 0.047158158536026729 -0.058043706947153523 -0.066082811443670189 -0.017886134872586182 -0.063791478095085521 -0.0055389896599131704 -0.062735928568672314 0.011076231888869014 0.048182864365341915 -0.059333660829088967 0.017974733118000883 0.030238312278116831 0.033683711796493376 -0.071275233443604022 -0.051183487222013192 0.028007904219941759 -0.044234308972196552 0.015258349330305301 0 0.011177565320893378 0.04557470515330056 0.04988126694581186 -0.07396204583117498 -0.13485286693556439
leaf_weight=3.6433923607255556 2.0572760029754127 49.375897249148693 27.19938922703659 7.8235358584206542 16.399231403105659 30.691549417409988 236.4383606219053 6.9046738699398693 637.94596254645876 7.6691797022358541 12.875830855122329 144.29979241744877 3.7818287566769859 17.916234618081944 11.319957199259077 1.0480026161967533 1.8282179269008332 0.96206625978811622 5.6349541239906085 0.60525424359366242 6.06118228365085 49.227125514691579 6.0058726668357849 2.5573185843823012 0.60172434151172638
leaf_count=163 119 220 1289 220 137 863 2436 274 9132 15 1085 1973 9 133 593 37 32 52 41 6 130 154 3 73 3
internal_value=0.00593413 0.00445712 0.00186977 0.0155649 0.00358168 -0.0222113 0.0055846 0.0185048 0.00657755 0.0211747 -0.018918 0.0254611 -0.0532739 0.00891303 -0.0517647 0.0292498 0.0317097 -0.025087 0.0345194 0.0131495 0.0400128 0.0419211 0.03382 -0.0601066 -0.0881176
internal_weight=1290.87 1214.28 985.336 228.949 958.137 68.7888 889.348 221.125 874.384 214.221 20.545 193.676 34.4734 34.3155 14.9633 76.589 74.5317 3.39201 71.1397 14.8034 56.3363 55.2883 11.6408 3.16257 1.56379
internal_count=19192 18542 14755 3787 13466 1142 12324 3567 11568 3293 1100 2193 872 270 756 650 531 87 444 123 321 284 44 79 55
is_linear=0
shrinkage=0.05


Tree=159
num_leaves=31
num_cat=0
split_feature=4 23 13 23 25 23 16 5 5 5 12 2 2 27 2 27 15 16 13 24 10 12 9 23 13 5 23 2 9 14
split_gain=16.1069 16.6618 29.2678 22.5969 31.1921 20.9371 19.6169 39.3721 18.5151 28.4561 17.9302 15.908 23.2112 25.3536 20.6116 13.3432 10.8829 9.83598 8.64224 4.88275 4.03231 4.87165 2.44649 2.23845 5.88393 1.82434 5.77707 3.86811 0.968621 0.500369
threshold=7.5000000000000009 28.064339493497609 0.086940090045680068 33.440109514031498 1.0000000180025095e-35 27.774127310061605 0.22586618876941458 1.7935336973832985 1.9583148337368124 2.6101096106212878 3.1086348305682394 100.47000000000001 12314.530000000001 9.1077572397491604 22838.880000000005 26.389084266051391 0.087337909992372217 0.24568837347606301 0.040202020202020204 598.50000000000011 0.21802325581395349 1.7739773655900948 0.57197382769901861 36.30800821355237 0.095232016728059615 1.5064331735036856 61.904175222450384 90855.960000000006 0.056079664570230552 0.0075783681055906502
decision_type=2 2 2 2 2 2 2 2 2 2 2 2 2 2 2 2 2 2 2 2 2 2 2 2 2 2 2 2 2 2
left_child=1 2 8 4 10 6 7 -4 29 18 16 17 13 -13 -14 -8 -3 19 -10 -5 21 -2 -11 24 -22 26 27 -25 -23 -1
right_child=20 3 5 11 -6 -7 15 -9 9 22 -12 12 14 -15 -16 -17 -18 -19 -20 -21 23 28 -24 25 -26 -27 -28 -29 -30 -31
leaf_value=-0.057402454759501433 0.044698246648685713 -0.013130627515222494 0.035798800969247487 -0.048151591809834832 0.043869507370952639 0.075847225581790495 -0.042893253093121239 -0.060293086541030272 0.039096642615345713 -0.12795767524135659 0.044647097119348805 -0.057950590132984085 0.010471865572129915 -0.005581888419641693 -0.0085283815892760271 0.047380217623049163 -0.072938844206050762 -0.053239187467479437 -0.019134272642331484 0.042490143786674255 -0.090307675958192585 -0.1909589285488873 -0.060410833852746662 0.039523502931130862 0.037763266881793156 0.047041721019335202 0.040979082680911015 -0.083954885205011376 -0.051754794149981354 -0.087573735855421678
leaf_weight=7.5715910094513657 1.5323613882064813 10.492076502661801 26.156974442739738 1.4107768872054283 11.723138784698675 22.104161800540169 4.2840153581346376 17.836218721946352 23.484558135882253 2.4924864210770457 4.6410229308530679 28.123240538901882 607.48618738097139 129.45414594972681 186.19686335755978 55.522857194402604 30.374737999212812 2.9572493104642481 8.5313322017900628 40.628695250583405 1.137763631006236 0.10458237677812565 4.7136248358146986 0.83564844727516119 3.1414513208364951 31.102550501062069 9.5289057329646294 1.7227484210598047 1.768154537421651 3.9167006871721242
leaf_count=685 1 404 303 79 9 31 228 688 110 41 7 1520 6695 2198 3150 158 1143 180 244 359 54 1 217 2 28 98 50 60 367 82
internal_value=0.00567888 0.00453249 0.0187439 0.0021437 -0.0283708 0.0316659 0.0221455 -0.00309485 -0.01324 0.00303645 -0.0471454 0.00390432 0.00252275 -0.0149908 0.00600762 0.0407696 -0.0577754 0.0329305 0.0234128 0.0392227 0.0332364 -0.0179136 -0.0858902 0.0370406 0.00128522 0.0404565 0.0228545 -0.0417727 -0.071349 -0.0687872
internal_weight=1280.98 1230.1 176.615 1053.49 57.231 125.904 103.8 43.9932 50.7103 39.222 45.5078 996.257 951.26 157.577 793.683 59.8069 40.8668 44.9967 32.0159 42.0395 50.8742 3.4051 7.20611 47.4691 4.27921 43.1899 12.0873 2.5584 1.87274 11.4883
internal_count=19192 18531 2787 15744 1563 1408 1377 991 1379 612 1554 14181 13563 3718 9845 386 1547 618 354 438 661 369 258 292 82 210 112 62 368 767
is_linear=0
shrinkage=0.05


Tree=160
num_leaves=31
num_cat=0
split_feature=4 17 23 11 10 13 17 12 13 27 16 23 16 19 8 27 14 27 17 27 5 15 11 27 23 1 9 14 10 12
split_gain=16.1126 14.8361 46.2162 37.5706 24.2858 27.1528 22.6533 19.9657 17.4711 17.3062 16.8561 25.0025 27.9402 22.7549 16.5283 14.1701 12.4457 12.159 11.2979 17.5373 7.40422 17.9843 5.95598 10.9603 5.87689 3.84396 7.70107 3.75271 3.28308 3.5806
threshold=7.5000000000000009 39.500000000000007 64.039698836413422 0.12165737165737162 0.375 0.076997183933600111 295.50000000000006 2.7099739486960415 0.06156633221850611 0.0017891463054638503 0.32529069767441865 53.278576317590698 0.24003780718336484 1300.6283333333338 2.8926171712767927 85.144027228231963 0.21846590909090907 119.63505569724263 1001.5000000000001 362.17286412349063 2.2010044069430088 0.17075680016059416 0.18479070822263979 0.19462445637303488 72.088980150581804 71.500000000000014 0.97923850574712656 0.05298245614035086 0.21802325581395349 2.0691945320152842
decision_type=2 2 2 2 2 2 2 2 2 2 2 2 2 2 2 2 2 2 2 2 2 2 2 2 2 2 2 2 2 2
left_child=1 4 3 7 10 16 8 9 17 -3 11 13 -13 -1 15 -5 -6 -4 24 -20 27 -22 -12 -24 -8 28 -27 -7 29 -2
right_child=25 2 6 14 5 20 18 -9 -10 -11 22 12 -14 -15 -16 -17 -18 -19 19 -21 21 -23 23 -25 -26 26 -28 -29 -30 -31
leaf_value=-0.016926566671735505 0.044406959728219217 0.036324938123587294 0.011608470620560529 -0.052125606688362906 -0.081978642557715434 0.0031964571463566124 0.047489237186086344 0.038995856401425902 -0.060033419966493966 -0.02844405544921293 0.036777607301043354 0.0017563195072648552 -0.046099430049648199 0.018416193782325202 -0.068661870584582591 0.028388083983181267 0.013292361122285091 -0.09500000318397217 -0.076468601864188565 0.029344409616453737 -0.089020151203329123 0.023265162398790076 0.04360488856774631 -0.065182521408631386 0.017081416037535945 0.041814800335564888 -0.059380028628517934 0.047594912499677955 0.042490353775809314 -0.058923569898650011
leaf_weight=50.721803200845898 1.4675893783569329 12.599268830032086 43.26233051851159 11.914577680865479 19.223558947502173 10.176180660142565 52.722248675549054 21.76111473434139 13.202711758218355 53.899140649424226 70.074661217920948 264.2353676664352 34.358215396263404 429.18442118630628 46.541717607920873 9.8562699589165259 4.0303744325065045 2.7456372752203597 5.8282036026939776 11.388272146228699 5.8809996924828729 8.6481835041195136 4.9519084221683425 4.1581374611851061 23.807247438162449 4.4613862074911586 3.0983044986496679 9.3210724759846908 40.89782788696175 1.6647495484940007
leaf_count=1578 1 102 495 1476 212 35 241 43 550 1986 330 3548 749 3938 1823 291 45 71 349 76 47 16 40 213 267 7 380 8 129 139
internal_value=0.00569139 0.00453195 -0.00491949 -0.0240202 0.00773498 -0.0237342 0.014603 -0.00240112 -0.00953576 -0.0160613 0.009845 0.00759864 -0.00374714 0.0146676 -0.0518346 -0.0154831 -0.065266 0.00494567 0.0298964 -0.00642191 0.00461053 -0.0221408 0.0318294 -0.00567513 0.0381297 0.0330521 0 0.0248118 0.0386955 -0.00908737
internal_weight=1276.08 1224.49 309.529 156.572 914.965 57.2804 152.957 88.2595 59.2107 66.4984 857.685 778.5 298.594 479.906 68.3126 21.7708 23.2539 46.008 93.746 17.2165 34.0264 14.5292 79.1847 9.11005 76.5295 51.5899 7.55969 19.4973 44.0302 3.13234
internal_count=19185 18529 7770 5721 10759 363 2049 2131 1116 2088 10396 9813 4297 5516 3590 1767 257 566 933 425 106 63 583 253 508 656 387 43 269 140
is_linear=0
shrinkage=0.05


Tree=161
num_leaves=31
num_cat=0
split_feature=2 2 17 23 18 23 17 18 21 27 16 12 26 27 23 23 23 18 9 18 23 18 16 20 23 12 19 7 27 8
split_gain=15.4306 37.0103 24.9381 32.8545 26.5889 25.8717 24.6562 24.5313 21.7299 21.1633 22.109 19.9636 17.1912 17.0896 16.4995 30.5143 25.2026 25.0384 27.4999 15.9361 15.247 13.2518 12.6479 15.4348 12.7231 10.133 9.72 14.5516 8.44627 6.15273
threshold=13000.150000000001 19653.390000000003 39.500000000000007 64.039698836413422 1003.0000000000001 43.56331279945244 78.500000000000014 27.500000000000004 1.0000000180025095e-35 24.629053348619831 0.19553287660039306 3.0336206456189534 1.0000000180025095e-35 0.0010035466043956502 69.581108829568805 69.091033538672164 62.637919233401789 530.50000000000011 0.86332503113325043 27.500000000000004 76.707734428473671 546.50000000000011 0.22214262973575294 3.6147843164602613 33.440109514031498 0.99959917684328092 13587.452500000001 24.500000000000004 9.860590885981777 4.573931373292953
decision_type=2 2 2 2 2 2 2 2 2 2 2 2 2 2 2 2 2 2 2 2 2 2 2 2 2 2 2 2 2 2
left_child=2 -2 4 7 14 22 19 -4 -3 20 12 13 -11 -9 15 16 -1 28 -19 -5 -10 -12 23 -6 -24 -8 -7 -28 -16 -27
right_child=1 8 3 6 5 26 25 11 9 10 21 -13 -14 -15 17 -17 -18 18 -20 -21 -22 -23 24 -25 -26 29 27 -29 -30 -31
leaf_value=0.020887346228859963 -0.065695354833774741 -0.063280976483110998 0.029920418697769641 0.0495368101286668 -0.069471230540270809 -0.072936190906278592 -0.053180304865941032 0.034906680028209104 -0.054517486326696743 -0.061372768617194109 -0.032535237372920391 0.033602309398290092 0.017326787766029764 -0.042925027139958272 -0.019084970346738124 0.073092080184041758 -0.022723955348567401 0.0035165526883719125 -0.075955994843565786 -0.065619046389853705 0.030699318318521896 0.017204430914372352 -0.057091428027953299 0.038698334743364364 0.039331817433753663 0.030631997141238178 -0.09279116253550404 0.027173403662364804 0.033896587365938105 -0.0022034245323316283
leaf_weight=458.33827475514045 22.555558087326062 12.605233174686871 19.489431489229901 3.6942892074584988 8.8911703610356181 18.476368380332136 4.1291982034599632 7.4624208782915948 23.687330912820475 18.532119610892551 14.175937798863741 10.831934321206061 10.867728196972168 96.650403434694454 9.2351521255040989 26.206622380530462 35.518486609013053 26.176496920001227 18.388263624132378 13.918911089887841 6.5831526239053337 203.92396720997567 3.7845379887003245 5.0635777576389946 27.145743370929267 89.823478838297888 3.703964889777124 7.3648643251508474 37.010553738859016 16.608765678363852
leaf_count=3878 648 487 94 1 287 613 221 91 1137 1019 339 21 188 4941 122 44 553 300 421 410 78 1681 86 25 86 1130 75 37 101 71
internal_value=0.00547233 -0.00414287 0.00865194 -0.00443348 0.0136735 -0.0144904 0.0136493 -0.0217088 0.000642117 0.00358267 0.00842964 -0.0305246 -0.0321517 -0.0372702 0.017115 0.0205493 0.0177367 -0.00249841 -0.02926 -0.04104 -0.03578 0.0139351 0.00933744 -0.0298693 0.0272267 0.0224361 -0.0507677 -0.0129941 0.0231901 0.0254638
internal_weight=1260.84 312.931 947.913 262.609 685.304 74.4302 128.175 134.434 290.375 277.77 247.5 114.945 29.3998 104.113 610.874 520.063 493.857 90.8105 44.5648 17.6132 30.2705 218.1 44.885 13.9547 30.9303 110.561 29.5452 11.0688 46.2457 106.432
internal_count=19185 5577 13608 6980 6628 1209 1833 5147 4929 4442 3227 5053 1207 5032 5419 4475 4431 944 721 411 1215 2020 484 312 172 1422 725 112 223 1201
is_linear=0
shrinkage=0.05


Tree=162
num_leaves=27
num_cat=0
split_feature=4 2 2 9 17 9 9 14 13 27 10 15 3 9 18 19 29 8 1 2 10 18 14 10 1 10
split_gain=15.4866 18.2013 31.8003 28.508 26.1621 23.044 35.6149 18.2304 30.3352 25.4135 22.2222 27.2024 24.1154 19.8094 17.8972 21.0707 18.3862 9.34492 3.56511 7.2035 3.08596 3.31691 1.20656 0.554325 0.21498 0.151901
threshold=7.5000000000000009 13000.150000000001 19653.390000000003 0.99488487702773432 39.500000000000007 0.97735816814764187 0.6198686371100165 0.0080688565575193025 0.076039864920517217 2159894.2100000004 0.42151162790697677 0.059411764705882351 2.636833837671166 0.99589320650340707 1003.0000000000001 89336.697500000024 3.5000000000000004 3.694390457119971 71.500000000000014 3127116.3350000004 0.21802325581395349 114.50000000000001 0.010230245944531601 0.31104651162790703 31.500000000000004 0.21220930232558138
decision_type=2 2 2 2 2 2 2 2 2 2 2 2 2 2 2 2 2 2 2 2 2 2 2 2 2 2
left_child=1 3 25 4 14 6 -6 8 13 -10 12 -12 -9 -4 15 -1 -16 -7 20 -20 21 -2 24 -5 -22 -3
right_child=18 2 7 23 5 17 -8 10 9 -11 11 -13 -14 -15 16 -17 -18 -19 19 -21 22 -23 -24 -25 -26 -27
leaf_value=0.017567029295580582 0.043897121133987603 -0.057341302325844182 -0.033510379896754351 -0.055888260521895154 5.4999530181105994e-05 -0.05520348927872544 -0.048112294322858483 -0.0055973731388553952 -0.062493765916117432 0.030619584827570073 0.051985330168841139 -0.066506376202633485 0.03522947001754808 0.040117174994768315 -0.031462178237967389 -0.086412902328249441 0.021739795515033519 0.042781649626658556 -0.058946961191786197 0.041525449823381744 0.04992610509363285 -0.057995665541212341 0.022524757943389238 -0.088117126862332695 0.035960011858568487 -0.073740739573066968
leaf_weight=581.41971379819734 1.3787868779618286 12.125150883257449 14.413741789467165 10.959526303166056 165.40724684036832 2.5274147824929996 49.789405250921845 71.092674411876942 41.393506844848162 8.7573795585194585 6.4071192443370846 18.598824801272713 73.105897875168012 24.404627004289068 40.979434908746043 4.8002184708602718 26.666512616619002 28.983172403386561 2.9378996420273316 4.2220751727872994 23.088310013525192 1.596584998147591 7.7547361855395129 2.8426843225606708 8.4200328041188168 9.5251091889949731
leaf_count=5136 2 475 512 464 4299 286 1989 754 2351 62 2 155 344 120 913 86 171 190 359 28 21 138 20 47 88 173
internal_value=0.00526603 0.00412495 -0.00702245 0.00754222 0.00864306 -0.00521463 -0.0110833 -0.0021101 -0.0204356 -0.0461062 0.00750244 -0.0358607 0.0150765 0.012634 0.0138793 0.0166925 -0.0104146 0.0346145 0.0326865 0 0.0382047 -0.0092607 0.0419431 -0.0634718 0.0464777 -0.065092
internal_weight=1243.6 1194.2 279.824 914.375 900.573 246.707 215.197 258.174 88.9693 50.1509 169.205 25.0059 144.199 38.8184 653.866 586.22 67.6459 31.5106 49.3984 7.15997 42.2385 2.97537 39.2631 13.8022 31.5083 21.6503
internal_count=19185 18529 4948 13581 13070 6764 6288 4300 3045 2413 1255 157 1098 632 6306 5222 1084 476 656 387 269 140 129 511 109 648
is_linear=0
shrinkage=0.05


Tree=163
num_leaves=31
num_cat=0
split_feature=24 7 16 18 29 17 16 16 23 27 24 8 19 11 16 11 24 5 17 19 8 14 24 24 3 10 14 7 16 23
split_gain=13.6336 41.3889 29.1717 28.6089 36.1143 26.665 26.1584 45.6429 28.4186 17.0447 14.8691 14.8315 16.2832 21.6376 22.484 16.1991 20.9833 24.5247 14.2784 13.6843 13.3947 12.5231 12.4023 30.9206 11.9855 18.4735 12.8401 11.5217 10.8605 9.30217
threshold=625.50000000000011 13.500000000000002 0.14588963963963961 27.500000000000004 1.5000000000000002 80.500000000000014 0.21050254362192741 0.19922623323754787 35.397672826830949 3514.6202037496455 666.50000000000011 4.9231523562205188 3402.0297058823535 0.16326807821743203 0.32529069767441865 0.16815807692851123 258.50000000000006 2.5990321461448791 1.0000000180025095e-35 1461.4976785714287 4.5223423199249266 0.071946169772256721 258.50000000000006 195.50000000000003 4.5152348163213842 0.20639534883720928 0.0080688565575193025 39.500000000000007 0.28015151515151521 67.653661875427801
decision_type=2 2 2 2 2 2 2 2 2 2 2 2 2 2 2 2 2 2 2 2 2 2 2 2 2 2 2 2 2 2
left_child=11 2 5 -4 -5 -2 7 8 -3 -10 21 12 13 14 -1 22 -17 -18 -13 -15 -7 -8 23 -14 25 -12 -26 -9 -6 -24
right_child=1 6 3 4 28 20 10 27 9 -11 24 18 15 19 -16 16 17 -19 -20 -21 -22 -23 29 -25 26 -27 -28 -29 -30 -31
leaf_value=-0.064848750826641696 0.019473493363136758 -0.0550672628749449 0.035098381600250972 -0.056684853333556141 0.0032943211462944481 -0.054619980627280053 -0.074259911808778847 -0.073240514856458036 0.017292304522411588 -0.067916352959348919 0.030653020204544513 -0.0012108173617240822 0.014911203951908654 0.032131879113931831 0.033269762849871071 0.038623252854970709 -0.058618682382740511 0.032544399245874836 -0.10441422772525205 -0.037247405915065264 0.042221467952079303 0.026900832192420284 0.01971034985582933 -0.11399114142967184 -0.018477014906137328 0.0034421538773138057 0.042827500988216388 0 -0.068454740685159124 0.039732982135991468
leaf_weight=22.542222635456714 79.379454507077753 17.0150925566777 15.488395378750281 84.479492854825367 48.666128476143058 21.742937890754551 7.9342457426537276 27.031598005720298 127.1962561506225 6.0351165951142312 99.931456991747837 10.108433540939584 32.491961907202494 31.021554115563049 7.7222838930902062 16.462245879665716 23.326248096309428 10.615041251818182 4.9914766862057141 9.0631856785985274 4.1322755366563788 4.7822578572668135 157.27684278642118 5.3242339554271885 9.508150541019857 167.07289269163448 72.141846495971549 6.838117654900997 5.8035177517376715 93.954176581813954
leaf_count=596 1222 526 36 5812 936 1819 135 677 1272 185 506 121 183 408 69 296 1019 55 49 295 2 13 957 102 197 1012 114 31 268 272
internal_value=0.00505595 0.0012247 -0.0151942 -0.0290267 -0.0362307 0.00506266 0.00905185 -0.00626574 0.00553448 0.013347 0.0168695 0.0123023 0.014107 -0.00772734 -0.0396211 0.0186478 -0.00742153 -0.029949 -0.0361175 0.0162671 -0.0388589 -0.0359135 0.023212 -0.00335818 0.0188187 0.0136527 0.0356136 -0.058621 -0.00437006 0.027231
internal_weight=1230.08 805.179 259.692 154.438 138.949 105.255 545.487 184.116 150.246 133.231 361.371 424.9 409.8 70.3492 30.2645 339.451 50.4035 33.9413 15.0999 40.0847 25.8752 12.7165 289.047 37.8162 348.654 267.004 81.65 33.8697 54.4696 251.231
internal_count=19185 14763 10095 7052 7016 3043 4668 2691 1983 1457 1977 4422 4252 1368 665 2884 1370 1074 170 703 1821 148 1514 285 1829 1518 311 708 1204 1229
is_linear=0
shrinkage=0.05


Tree=164
num_leaves=20
num_cat=0
split_feature=4 24 19 16 5 5 5 12 10 1 1 9 10 7 15 0 16 15 16
split_gain=14.6434 13.9477 12.6168 11.2625 13.7396 45.6149 18.2796 6.72394 11.4187 5.13366 3.37521 6.76844 2.80078 3.04124 1.10054 2.25387 5.28604 0.280082 0.0224237
threshold=7.5000000000000009 3474.5000000000005 91.780000000000015 0.33489096573208726 2.3137390440555365 2.5394259322572874 1.9583148337368124 1.5001361722992608 0.0087209302325580509 1.5000000000000002 71.500000000000014 0.97923850574712656 0.21802325581395349 2.5000000000000004 0.12768848288621648 5.5000000000000009 0.22230404189167072 0.18167840375586852 0.21177645883528232
decision_type=2 2 2 2 2 2 2 2 2 2 2 2 2 2 2 2 2 2 2
left_child=1 2 -1 4 6 -6 -4 8 -5 -9 12 -12 13 -2 -14 17 -17 -16 -3
right_child=10 18 3 7 5 -7 -8 9 -10 -11 11 -13 14 -15 15 16 -18 -19 -20
leaf_value=-0.057999911096533942 0.04351821206438846 -0.052369649005059693 -0.00027852828963868695 0.028361967995000473 -0.051600456563303976 0.0020468587636958955 0.015752609681091979 -0.038135919278007253 -0.056279062606149913 0.031637472629685658 0.040994054620680696 -0.058459749131061306 0.051171513533685875 -0.056846697080562808 0.030937906445870259 -0.053584950707869096 0.04754157754420011 0.04958055691378277 -0.081124931455958449
leaf_weight=7.99372368591139 1.2952693700790399 2.4717900183459269 380.85334284272176 9.4355889599391976 45.399283474915137 305.74483877265084 332.46421651494893 2.5991905067785401 6.719062386728182 66.491486972437997 4.0262972451746455 2.8222203325785813 17.453703421109822 1.504393495066324 6.5052999817125992 2.1983882544736835 2.8384782671928406 8.3979815164930169 3.5861850569490343
leaf_count=569 1 219 7544 37 1666 3810 3144 133 806 417 7 380 18 139 34 65 2 10 184
internal_value=0.0048737 0.00376184 0.00416477 0.00460635 0.00319933 -0.00488766 0.00718744 0.0220929 -0.00666408 0.028889 0.0322073 0 0.0377231 -0.0087889 0.0413529 0.0322967 0.00224668 0.0420367 -0.0712451
internal_weight=1210.8 1163.76 1157.7 1149.71 1064.46 351.144 713.318 85.2453 16.1547 69.0907 47.042 6.84852 40.1935 2.79966 37.3939 19.9401 5.03687 14.9033 6.05798
internal_count=19185 18529 18126 17557 16164 5476 10688 1393 843 550 656 387 269 140 129 111 67 44 403
is_linear=0
shrinkage=0.05


Tree=165
num_leaves=31
num_cat=0
split_feature=23 13 24 24 16 11 24 6 7 2 27 23 23 23 0 13 14 13 5 25 27 13 1 6 27 8 13 6 8 27
split_gain=16.5881 22.746 27.5666 14.6686 19.1385 28.3534 13.6937 37.8798 14.8631 13.9169 45.1195 34.9274 23.2373 38.0147 20.5873 15.1221 12.4082 13.3428 10.5441 9.49799 9.30107 6.35647 3.80672 2.75884 1.9286 1.85312 1.30975 0.868464 0.558096 0.30048
threshold=28.064339493497609 0.086940090045680068 513.50000000000011 529.50000000000011 0.20913790104127836 0.37638888888888894 2529.5000000000005 37.500000000000007 65.500000000000014 12314.530000000001 106.06222244377763 51.705681040383304 59.557837097878171 55.960301163586593 5.5000000000000009 0.14839839839839838 0.014405783065854952 0.040202020202020204 1.9583148337368124 1.0000000180025095e-35 20.495839180252911 0.071466686994968706 10.500000000000002 11.500000000000002 22.766439107274387 5.987538203217678 0.090227903299006665 16.500000000000004 5.1209432528266978 28.235574102798882
decision_type=2 2 2 2 2 2 2 2 2 2 2 2 2 2 2 2 2 2 2 2 2 2 2 2 2 2 2 2 2 2
left_child=1 16 26 -4 5 -5 8 22 9 10 11 -2 13 -11 -12 -14 17 18 23 -19 -6 28 25 -1 -24 27 -3 -8 -18 -20
right_child=6 2 3 4 20 -7 7 -9 -10 12 14 -13 15 -15 -16 -17 21 19 29 -21 -22 -23 24 -25 -26 -27 -28 -29 -30 -31
leaf_value=-0.055771544175955402 0.022969447900305459 -0.11523601449997521 0.074283129769805833 -0.053212724408362479 -0.046438217120643853 0.055480316573230208 -0.056459338546766026 0.037272731264812384 -0.074745487645200559 0.004087806548706884 -0.066126142500139221 -0.025136689960869287 0.019384086472819403 -0.067556907528644197 0.049131521108572607 -0.029953728590859721 -0.065595713806345199 -0.060661524215123691 0.029466137104430235 0.04688249309834476 0.043420678450996064 0.0098081465076642303 0.042324729041976136 0.018463757736431403 -0.046687019217684401 0.019065774580094071 -0.049972563945161787 -0.080072018833201711 -0.10646965765464307 0.04963426675968003
leaf_weight=3.9135716740347588 106.93477075011469 2.4649426747637326 21.022303067846224 14.982409715412359 2.8578800085306275 9.8424750325793866 12.834663604087845 15.973805191228164 5.5912892796332008 397.69020572900263 35.110338984239206 58.116118712569005 399.15782896066594 19.317253346376674 4.2297500916756681 15.995246657170354 4.3042244206153537 9.6693903462073632 4.5252506117685725 2.4666484245099118 78.017008450951835 2.2939259134582244 1.2443685319740319 1.6348621794604694 1.0071514605660921 0.49930334556847711 1.9950224988206171 10.825051553169031 2.7727228443545755 13.292720518074928
leaf_count=504 1479 22 9 814 237 21 1222 18 64 5507 1203 1727 3542 676 3 538 93 549 102 4 274 32 3 9 73 3 126 282 57 39
internal_value=0.00695202 0.0211914 0.0317053 0.0360552 0.0283419 -0.00986823 0.00463413 -0.0231691 0.00577181 0.00621812 -0.00545465 0.00599554 0.00909145 0.000741583 -0.053514 0.0174644 -0.00943573 0.00398624 0.0261742 -0.0381901 0.0401302 -0.0603193 -0.0599172 -0.0330731 8.94878e-05 -0.065693 -0.0888751 -0.0677648 -0.083567 0.0449842
internal_weight=1260.58 176.055 131.182 126.722 105.7 24.8249 1084.53 42.3843 1042.14 1036.55 204.391 165.051 832.161 417.007 39.3401 415.153 44.8733 35.5024 23.3664 12.136 80.8749 9.37087 26.4105 5.54843 2.25152 24.159 4.45997 23.6597 7.07695 17.818
internal_count=19232 2892 1503 1355 1346 835 16340 1601 14739 14675 4412 3206 10263 6183 1206 4080 1389 1207 654 553 511 182 1583 513 76 1507 148 1504 150 141
is_linear=0
shrinkage=0.05


Tree=166
num_leaves=31
num_cat=0
split_feature=23 12 17 23 24 13 1 27 15 0 16 12 30 12 19 27 18 15 6 13 7 30 8 4 16 7 0 4 6 5
split_gain=15.9166 21.1295 13.3602 23.3879 29.1739 29.3902 21.8226 25.5182 20.1553 20.1113 25.2052 16.6885 14.8238 14.4323 18.6002 12.5728 12.5503 12.2016 11.644 8.84324 9.02804 8.734 19.7012 7.84965 4.46599 16.6427 4.2705 2.7805 1.59191 1.17329
threshold=23.668720054757017 2.4856974433416918 39.500000000000007 41.493497604380572 616.50000000000011 0.1200490196078431 3.5000000000000004 1016202.0750000001 0.26352339181286555 5.5000000000000009 0.22809038725846872 0.81398360602640307 2.5000000000000004 0.9201119641102522 150.92250000000001 1489.9310752489457 1.0000000180025095e-35 0.27372627372627373 18.500000000000004 0.089184368673072612 27.500000000000004 1.5000000000000002 3.694390457119971 3.5000000000000004 0.21401682826809074 3.5000000000000004 9.5000000000000018 6.5000000000000009 11.500000000000002 2.2511408686492103
decision_type=2 2 2 2 2 2 2 2 2 2 2 2 2 2 2 2 2 2 2 2 2 2 2 2 2 2 2 2 2 2
left_child=1 16 6 8 28 15 11 9 12 10 -8 -2 26 -13 -15 -6 -1 -10 -11 20 -3 22 -9 -7 25 -21 -4 -18 -5 -26
right_child=2 19 3 4 5 23 7 21 17 18 -12 13 -14 14 -16 -17 27 -19 -20 24 -22 -23 -24 -25 29 -27 -28 -29 -30 -31
leaf_value=0.048722527438555846 -0.075502313847767635 -0.060162659252720442 -0.073300289408006508 -0.056714430812340094 0.016361945335944716 -0.064996637290537382 -0.0091395961537259745 0.042165472828891493 0.048723130649066096 -0.065788703437548154 -0.057901378970822148 0.05299072791186437 0.02401948091147002 -0.059491188040959819 0.013520710996941071 -0.041805795624125494 -0.058286152735801844 -0.05749419477138349 0.027300800601869374 0.055488133191205859 0.029863503235389628 0.050366663019621664 -0.078742800045068922 0.039083258564182904 0.034898564657605061 -0.061731734861235149 0.038605731161369033 0.037121463570808054 -0.13983344589517333 0.055077019180030357
leaf_weight=4.0381143987178794 5.1447569820593335 4.2558887941850099 28.56916095419729 16.146414986964377 175.63092319408315 16.057506649449355 150.67881300328008 10.112898854742523 8.8964229858247545 3.5372704847541163 32.182360271312064 22.771702059195377 4.7384171600569962 8.7349945214737073 581.04268759336992 9.6703596318038745 11.12234306756363 3.7401572803792069 40.915996083305799 9.3982506348256702 7.5982122509594774 25.482470337636187 4.9245815351896445 1.9112515224842344 11.536728382663567 4.321891630494064 0.76088523864745994 0.68792753852903921 0.65040049108210851 41.279036108375294
leaf_count=2 125 212 1729 525 2872 1153 2808 57 17 458 697 56 71 692 5080 372 1008 402 347 9 39 61 82 6 54 241 2 4 9 42
internal_value=0.00667622 0.0264347 0.00505383 -0.00474209 0.00206174 0.00732785 0.00801077 -0.00389381 -0.0368434 -0.0104293 -0.0177756 0.0131805 -0.0568362 0.0139457 0.012421 0.0132785 -0.025911 0.0166879 0.0196501 0.0371008 -0.00227255 0.0325822 0.00198065 -0.0534944 0.0441835 0.0180222 -0.070106 -0.052044 -0.0610374 0.0508381
internal_weight=1246.54 94.2384 1152.3 266.772 220.067 203.27 885.529 267.834 46.705 227.314 182.861 617.694 34.0685 612.549 589.778 185.301 15.8484 12.6366 44.4533 78.39 11.8541 40.52 15.0375 17.9688 66.5359 13.7201 29.33 11.8103 16.7968 52.8158
internal_count=19232 1611 17621 7158 4937 4403 10463 4510 2221 4310 3505 5953 1802 5828 5772 3244 1014 419 805 597 251 200 139 1159 346 250 1731 1012 534 96
is_linear=0
shrinkage=0.05


Tree=167
num_leaves=30
num_cat=0
split_feature=23 13 24 24 16 11 17 6 7 24 14 13 2 27 23 5 6 27 1 4 4 24 24 13 6 27 11 9 14
split_gain=15.3616 20.1844 25.2195 13.4852 17.1218 25.2404 12.9328 32.4192 13.6433 13.1647 11.2464 12.3747 10.8675 42.2343 16.1108 9.41762 8.56275 8.40293 6.61248 6.41611 3.96092 2.2404 1.38552 1.03802 0.510051 0.29181 0.203197 0.223388 0.0384379
threshold=28.064339493497609 0.086940090045680068 513.50000000000011 529.50000000000011 0.20913790104127836 0.37638888888888894 693.50000000000011 33.500000000000007 65.500000000000014 2451.5000000000005 0.014405783065854952 0.040202020202020204 12314.530000000001 106.06222244377763 59.557837097878171 1.9583148337368124 36.500000000000007 20.495839180252911 10.500000000000002 5.5000000000000009 12.500000000000002 2630.5000000000005 1363.5000000000002 0.090227903299006665 16.500000000000004 28.235574102798882 0.18335721107927413 0.40121951219512203 0.03858560794044661
decision_type=2 2 2 2 2 2 2 2 2 2 2 2 2 2 2 2 2 2 2 2 2 2 2 2 2 2 2 2 2
left_child=1 10 23 -4 5 -5 8 18 9 12 11 15 13 -2 -14 20 -13 -6 22 26 -1 -20 -8 -3 -24 -17 27 -12 -11
right_child=6 2 3 4 17 -7 7 -9 -10 28 19 16 14 -15 -16 25 -18 -19 21 -21 -22 -23 24 -25 -26 -27 -28 -29 -30
leaf_value=-0.056034892227293381 0.0056019432351498517 -0.11098369739130823 0.072121621923314408 -0.051630692436016083 -0.045575346558221541 0.054615787526479401 0.0092919052666604034 0.031825998429764447 -0.073528134676691934 0.041290964386722667 -0.10701723343230579 -0.060147356270425778 0.00068482389261518683 -0.053308424938730316 0.014910032499959822 0.028818004725743907 0.044831203981273098 0.041967402768072176 0.043134131318857558 0.023521312371684141 0.042961048114549788 -0.046006222533750932 -0.057281649637560564 -0.049373274490302807 -0.077380216928308002 0.049209596591561953 -0.051020097036941416 -0.067248212007847918 0.054788690323526096
leaf_weight=3.9849716267126523 162.51899305586994 2.4115912350825957 20.39986818342004 14.224393147924275 2.7136364198195215 9.0457542675721925 0.48504721128848061 17.00180228613317 5.3432321273139669 8.8837739339505788 2.359468025097156 9.0130999891334778 408.68328415058932 37.304258034855593 389.36572608952702 4.3535885740711846 2.3342392705380908 73.598261199549597 2.036095737421419 1.7704446286661548 1.2036194801330564 0.91911565244663496 14.258114440293868 1.8616507783081031 9.7790421475947351 12.408009791077346 1.8679619439426458 2.9777457372692879 8.7363169620221015
leaf_count=512 3160 22 9 814 237 21 33 28 64 48 24 551 6038 1196 3968 102 2 274 9 11 1 69 1441 126 281 39 88 59 5
internal_value=0.00641645 0.020542 0.0306984 0.0350019 0.0272829 -0.0100588 0.00420196 -0.0221387 0.00535662 0.00578381 -0.00919512 0.00410098 0.00501909 -0.00539197 0.00763252 0.0261205 -0.0379127 0.0387334 -0.0557054 -0.0585733 -0.0317468 0.0131752 -0.0642291 -0.087029 -0.0659522 0.044412 -0.0794757 -0.0873937 0.0485369
internal_weight=1231.84 166.528 124.255 119.982 99.582 23.2701 1065.31 44.4792 1020.84 1015.49 42.2731 33.2975 997.872 199.823 798.049 21.9502 11.3473 76.3119 27.4774 8.97562 5.18859 2.95521 24.5222 4.27324 24.0372 16.7616 7.20518 5.33721 17.6201
internal_count=19232 2892 1503 1355 1346 835 16340 1861 14479 14415 1389 1207 14362 4356 10006 654 553 511 1833 182 513 78 1755 148 1722 141 171 83 53
is_linear=0
shrinkage=0.05


Tree=168
num_leaves=22
num_cat=0
split_feature=25 23 23 23 23 10 14 27 14 23 23 2 6 4 16 7 17 23 17 11 14
split_gain=15.2209 13.9046 29.3828 19.5155 19.3665 18.0967 15.401 11.3547 9.97411 9.90663 11.4572 13.7403 13.1544 9.24977 7.76716 6.28513 1.15712 1.12513 0.345196 0.31858 0.0589322
threshold=1.0000000180025095e-35 28.064339493497609 33.440109514031498 27.774127310061605 26.095824777549627 0.4854651162790698 0.045649908830424558 20.495839180252911 0.059072781655034858 79.330595482546215 77.630390143737188 12314.530000000001 2.5000000000000004 4.5000000000000009 0.26329937747594795 21.500000000000004 240.50000000000003 28.314852840520196 3.5000000000000004 0.16739098712446351 0.018881636682755554
decision_type=2 2 2 2 2 2 2 2 2 2 2 2 2 2 2 2 2 2 2 2 2
left_child=1 3 5 4 6 14 7 -1 19 10 12 -12 -4 20 17 -16 -8 -3 -2 -6 -11
right_child=18 2 9 -5 8 -7 16 -9 -10 13 11 -13 -14 -15 15 -17 -18 -19 -20 -21 -22
leaf_value=-0.0088292874512117606 0.050894623231129955 -0.026971647701200915 -0.018051071759681594 0.062067865990879226 -0.086346329536917454 0.037319564035476753 -0.079858094487166298 0.029213802967073651 0.030558983816222754 -0.059239569632784872 -0.064044956617231835 0.034310835300182051 0.005815448046731125 0.021718386758682276 -0.0013475931652708699 -0.1435331063530727 -0.0083543801353979739 -0.069558935264947899 0.035525700519216691 -0.049949380801542931 -0.087003780039001666
leaf_weight=24.533911279981112 14.02583194311592 2.2701615761761813 61.672707562094729 22.674864013060869 6.178157056856433 6.6818296990822992 3.9924188367003799 93.424229092626774 2.6672367237042627 6.8087980367490655 3.6872935020364812 51.908405722817406 866.62672782364825 4.2019330764451288 9.4132053059074643 0.75527519523166198 0.87279268463316828 23.466926370332658 11.434154439150005 2.1221675526467152 2.0246755131229293
leaf_count=1193 10 66 2086 77 213 13 92 1046 18 306 150 358 11751 36 274 21 23 1225 37 212 25
internal_value=0.00614742 0.00532626 0.00322795 0.019224 0.0118845 -0.0373811 0.0176106 0.0212582 -0.0513688 0.0049713 0.00555108 0.0275945 0.00422269 -0.0381182 -0.0514864 -0.0136905 -0.0684643 -0.0661149 0.044354 -0.0783412 -0.0670656
internal_weight=1221.44 1195.98 1039.52 156.466 133.791 42.5874 122.823 117.958 10.9676 996.931 983.895 55.5957 928.299 13.0354 35.9056 10.1685 4.86521 25.7371 25.46 8.30032 8.83347
internal_count=19232 19185 16311 2874 2797 1599 2354 2239 443 14712 14345 508 13837 367 1586 295 115 1291 47 425 331
is_linear=0
shrinkage=0.05


Tree=169
num_leaves=24
num_cat=0
split_feature=25 23 23 23 23 12 14 24 27 14 23 4 23 27 17 29 9 11 17 14 17 6 11
split_gain=14.4747 12.82 27.2379 18.1558 17.9456 17.5567 14.2524 12.2036 10.4614 9.38416 9.22601 12.8615 12.1994 12.4828 12.407 5.72425 1.79985 1.62853 1.11994 0.630345 0.377433 0.373367 0.24421
threshold=1.0000000180025095e-35 28.064339493497609 33.440109514031498 27.774127310061605 26.095824777549627 2.749322210874166 0.045649908830424558 765.50000000000011 20.495839180252911 0.059072781655034858 79.110198494182086 4.5000000000000009 77.630390143737188 4.0721771234718602 39.500000000000007 4.5000000000000009 0.90645833333333348 0.11408276125095342 240.50000000000003 0.018881636682755554 3.5000000000000004 36.500000000000007 0.16739098712446351
decision_type=2 2 2 2 2 2 2 2 2 2 2 2 2 2 2 2 2 2 2 2 2 2 2
left_child=1 3 5 4 6 15 8 21 -1 22 12 19 14 -14 -4 16 -3 -13 -8 -12 -2 -7 -6
right_child=20 2 10 -5 9 7 18 -9 -10 -11 11 17 13 -15 -16 -17 -18 -19 -20 -21 -22 -23 -24
leaf_value=-0.0083904176912506703 0.050772826111664386 -0.076490752089997935 0.0071082030510923504 0.060363073997067668 -0.084790181163460543 0.025128288838560234 -0.078545846523253027 -0.071606663833432019 0.028177442488980471 0.029807188609021075 -0.058256195476961474 0.047564699954705615 0.047365920442025068 -0.0034641712910561048 -0.0068100517881359169 0.023259453822153858 -0.047025153650354361 -0.0040027263345186123 -0.0079757136065316658 -0.097452528321861256 0.0347503248788796 0.049046321948919537 -0.049579858741179268
leaf_weight=24.531624830407964 13.373219865869034 15.589983406709512 721.36566934297662 22.165369013469899 5.9837696580034372 4.8531789485641621 3.8611741405620696 3.2577696059779546 92.056630924631463 2.6019870844902462 7.4251537877935316 3.2704748213291159 33.098970259699854 18.689760449822643 205.3589554168575 1.8438275556545694 10.735151685803428 2.4773141120349464 0.87325480396248156 2.2152593335486017 11.115240522427483 5.1281533444416709 2.0340628212288721
leaf_count=1193 10 787 8243 77 213 58 92 99 1046 18 358 4 149 285 5594 9 641 48 23 31 37 5 212
internal_value=0.00587427 0.00508407 0.00307466 0.0185403 0.0114362 -0.0365954 0.016934 0.010529 0.0204397 -0.0504777 0.00473594 -0.0335104 0.00534588 0.0289544 0.00401817 -0.0588791 -0.0648876 0.0247956 -0.0669978 -0.0686844 0.0438745 0.0382773 -0.0771943
internal_weight=1213.91 1189.42 1035.31 154.108 131.943 41.4081 121.323 13.2391 116.588 10.6198 993.902 15.3882 978.513 51.7887 926.725 28.169 26.3251 5.74779 4.73443 9.64041 24.4885 9.98133 8.01783
internal_count=19232 19185 16311 2874 2797 1599 2354 162 2239 443 14712 441 14271 434 13837 1437 1428 52 115 389 47 63 425
is_linear=0
shrinkage=0.05


Tree=170
num_leaves=31
num_cat=0
split_feature=2 27 9 9 24 8 7 23 9 30 5 23 17 19 2 23 27 9 5 24 8 8 19 30 17 14 29 5 15 8
split_gain=20.4032 26.8413 22.1938 21.9288 20.9932 20.2896 20.252 19.0662 36.2819 36.1055 27.4896 22.2538 29.5764 28.02 17.998 15.2352 14.6055 13.5354 13.2743 16.1809 11.7788 10.8176 9.40968 9.33737 7.44629 6.67465 5.12737 4.98915 4.92899 0.455788
threshold=2500.5500000000006 1218.5926445930625 0.97022314171715685 0.85115174960436091 2997.5000000000005 4.7742676935239263 7.5000000000000009 67.874058863791944 0.9231786731786733 1.5000000000000002 1.6138471531780518 69.329226557152651 19.500000000000004 25958.352500000005 8818.3600000000024 67.438740588637941 2435.2646333297703 1.0000000180025095e-35 1.6602685300479265 803.50000000000011 3.3131116006554975 4.3406629094766833 1300.6283333333338 1.5000000000000002 1.5000000000000002 0.029459980713596855 3.5000000000000004 1.7093739553096312 0.044949494949494906 4.4565742760960445
decision_type=2 2 2 2 2 2 2 2 2 2 2 2 2 2 2 2 2 2 2 2 2 2 2 2 2 2 2 2 2 2
left_child=2 4 3 18 7 6 -3 8 9 -2 -10 12 -9 -13 -8 21 26 -18 23 -20 -16 24 -19 28 -4 -21 -7 -26 -1 -6
right_child=1 5 15 -5 29 16 14 11 10 -11 -12 13 -14 -15 20 -17 17 22 19 25 -22 -23 -24 -25 27 -27 -28 -29 -30 -31
leaf_value=-0.046387745960927609 -0.015239770460988823 -0.055454015129742976 -0.052803679103827897 -0.057343872758626596 -0.060008533263471622 -0.01792295200955054 -0.067907695485859065 -0.068093374273714855 0.0059541870557604211 0.016186905900118117 -0.045852341142612774 -0.010636233396909183 0.051951702652178515 0.037134053531421518 0.04680440563570086 -0.055482848092202344 0.040830230505576055 0.019269327100955996 -0.063661243352020072 -0.037992021288146563 0.018421105246441322 -0.05825792479175064 -0.089519405485285447 -0.053878477076755554 -0.047530091360288546 0.028244392187487234 0.040188543464114282 0.047104484555603857 0.045604911373334306 -0.089634826976028412
leaf_weight=1.4007981172981114 213.54302981829096 8.0971208882874617 1.8488881598168507 14.194361503810795 6.432374581563634 6.6033833883702728 4.9570616074197451 5.7068186919204882 34.459392275795835 159.56540731227869 97.531865827550064 143.81293365483725 42.808935986351571 38.916578889591619 54.492358910705661 4.2792471093707709 3.0874265929451239 2.2420420477865255 10.188358180632351 4.8185152919613783 114.61512724000568 2.5940581608192579 12.332312424943664 2.6983483120202427 1.2891159120772488 16.192585106473416 8.458269264549017 78.678331909388362 29.127136525450624 4.6081243045919109
leaf_count=156 4195 687 99 812 696 40 152 152 808 1780 3320 2210 155 92 204 212 18 10 550 387 1015 126 136 186 54 97 12 563 203 67
internal_value=0.00191673 -0.000880975 0.0180283 -0.00125562 -0.00536376 0.0146824 0.0212078 -0.00432527 -0.00977288 -0.00178555 -0.0322949 0.00755122 0.0376172 -0.000420325 0.0248324 0.0351613 -0.0214438 -0.0522279 0.011094 -0.0121938 0.027619 0.0398759 -0.0724259 0.0330823 0.0431157 0.0127094 0.0144311 0.045459 0.0410828 -0.0735165
internal_weight=1129.58 962.271 167.31 78.6201 747.385 214.885 182.162 736.345 505.1 373.108 131.991 231.245 48.5158 182.73 174.065 88.6896 32.7234 17.6618 64.4257 31.1995 169.107 84.4104 14.5744 33.2263 81.8163 21.0111 15.0617 79.9674 30.5279 11.0405
internal_count=19194 15749 3445 2391 13475 2274 2058 12712 10103 5975 4128 2609 307 2302 1371 1054 216 164 1579 1034 1219 842 146 545 716 484 52 617 359 763
is_linear=0
shrinkage=0.05


Tree=171
num_leaves=31
num_cat=0
split_feature=2 27 6 7 9 23 16 1 9 9 8 8 13 27 18 7 13 16 13 23 2 27 9 5 24 6 11 13 19 26
split_gain=18.9896 24.6085 22.2021 31.9812 34.2405 43.9595 25.5993 22.4026 20.6626 20.6711 19.0397 18.6641 20.2461 18.3013 16.7187 15.9391 15.6383 14.9173 14.4256 14.2452 13.9254 13.558 12.5469 12.3986 15.2539 10.5647 10.4687 9.58814 8.80991 6.12561
threshold=2500.5500000000006 1218.5926445930625 25.500000000000004 30.500000000000004 0.91332802185294804 74.532511978097219 0.23917306052855927 3.5000000000000004 0.97022314171715685 0.85115174960436091 4.7742676935239263 4.7742676935239263 0.095565503483875811 1487630.0000000002 1810.5000000000002 7.5000000000000009 0.058939323761000452 0.23823366555924694 0.075502679926882907 67.438740588637941 8818.3600000000024 2435.2646333297703 1.0000000180025095e-35 1.6602685300479265 803.50000000000011 21.500000000000004 0.10537419498112366 0.05273088381330681 1300.6283333333338 1.0000000180025095e-35
decision_type=2 2 2 2 2 2 2 2 2 2 2 2 2 2 2 2 2 2 2 2 2 2 2 2 2 2 2 2 2 2
left_child=8 2 3 4 6 -6 -2 16 9 23 14 12 15 17 -9 -3 26 -14 -12 25 -17 -13 -23 27 -25 29 -4 -1 -24 -10
right_child=1 11 7 -5 5 -7 -8 10 19 -11 18 21 13 -15 -16 20 -18 -19 -20 -21 -22 22 28 24 -26 -27 -28 -29 -30 -31
leaf_value=-0.051501972969712276 -0.0097443148529011894 -0.055469827942041465 0.01141203824701361 -0.1033391033784594 -0.043251635843073448 0.018234543702685523 0.01580223865084129 -0.072501472622455071 0.026834830200366134 -0.05698754703713052 -0.055047267998232501 0.013938746295565956 -0.06958144869114212 0.037124365345056823 0.024159138385830149 -0.074359896281566973 0.040968626282324234 0.013365167387027614 0.021055975639022211 -0.055083499586954014 0.034416764292664104 0.040214703861344563 0.018581870509091023 -0.063120963491956117 0.012274139992503305 -0.05917328296746515 -0.080524784794078361 0.041273266837391964 -0.087403962786535283 0.055201943216193275
leaf_weight=2.9462984725687411 277.50996473560735 5.2736036415371919 9.9551992977503669 8.8454811465344374 117.54866897534885 38.41527922986279 151.49467029294465 16.362164031350407 36.489184420039237 13.585001808198284 7.2298816057882496 14.824272041150833 14.737978377210313 11.623058660901732 5.9926014969969392 2.8880178345425511 64.330877256696112 8.3543093196567479 40.637361602202873 4.1000212606741107 135.96099882954877 2.9821707163937416 2.2131895135971709 9.7731662996156974 20.65144877108105 2.5267111541361365 4.3399437156913327 29.200734579564596 12.009881541191133 42.942585063050501
leaf_count=267 4844 392 28 145 4600 504 2599 315 639 812 72 52 675 68 27 83 91 139 149 212 701 18 10 550 484 111 101 278 136 92
internal_value=0.00184128 -0.000844778 -0.00513002 -0.00946297 -0.00801747 -0.028073 -0.000709812 0.012117 0.017652 -0.00125793 -0.00834823 0.0142192 0.0205282 -0.0136217 -0.046375 0.0287924 0.0304457 -0.0394293 0.00936629 0.0344263 0.0320664 -0.0208062 -0.0509395 0.0108334 -0.0119083 0.0390267 -0.0165177 0.032482 -0.0705483 0.0422837
internal_weight=1115.74 953.53 742.662 593.814 584.969 155.964 429.005 148.848 162.215 76.1566 70.222 210.867 178.838 34.7153 22.3548 144.123 78.626 23.0923 47.8672 86.0585 138.849 32.0295 17.2052 62.5716 30.4246 81.9585 14.2951 32.147 14.2231 79.4318
internal_count=19194 15749 13475 12692 12547 5104 7443 783 3445 2391 563 2274 2058 882 342 1176 220 814 221 1054 784 216 164 1579 1034 842 129 545 146 731
is_linear=0
shrinkage=0.05


Tree=172
num_leaves=31
num_cat=0
split_feature=16 9 26 17 18 15 8 13 23 23 14 15 22 23 11 24 11 15 27 24 16 7 15 8 24 17 15 23 25 27
split_gain=16.9829 19.8122 30.755 26.6252 23.6712 25.1063 15.8031 14.1786 13.6722 12.6363 16.0739 36.239 31.1118 31.6999 23.6725 23.5085 23.0545 22.3965 15.7515 14.7105 37.6773 13.7008 13.0256 11.1919 10.5169 14.271 9.65894 9.57273 9.37909 8.94272
threshold=0.18479130434782606 0.55646630236794181 1.0000000180025095e-35 4.5000000000000009 413.50000000000006 0.1874175461741425 4.8456129937700583 0.05273088381330681 79.56057494866532 28.81177275838467 0.0020110613429319005 0.20949163449163447 1.5000000000000002 41.493497604380572 0.15854419780152859 176.50000000000003 0.24019230769230773 0.27842377260981915 1.4435719008132637 556.50000000000011 0.21952852058641067 22.500000000000004 0.14278585685771314 1.0000000180025095e-35 513.50000000000011 1.0000000180025095e-35 0.16659439144261343 47.500342231348398 1.0000000180025095e-35 0.11379012198003587
decision_type=2 2 2 2 2 2 2 2 2 2 2 2 2 2 2 2 2 2 2 2 2 2 2 2 2 2 2 2 2 2
left_child=1 4 7 26 8 6 29 27 23 19 11 12 15 -14 21 -11 17 18 -12 24 -21 -13 -22 -1 25 -2 -4 -3 -9 -6
right_child=9 2 3 -5 5 -7 -8 28 -10 10 16 14 13 -15 -16 -17 -18 -19 -20 20 22 -23 -24 -25 -26 -27 -28 -29 -30 -31
leaf_value=0.023170630427796494 0.041704156780987871 0.018283573889457602 -0.052583248753843383 -0.065455128140415389 -0.050994312279936095 -0.055877227328755219 -0.099633791200734234 -0.057057652930262687 0.040423617497975226 0.022993558165891586 -0.079257290827930538 0.03567526751692001 -0.074778537529530162 0.0079421693819075358 -0.056929290262727174 -0.053091232209747541 -0.057084317086167083 -0.093015597592405172 0.013148966327590345 -0.06534222969585203 -0.027806117964582558 -0.072183608606240582 0.032463490366507634 -0.050037028045412303 0.060367039299666775 -0.059042862489849371 0.047333032219306931 -0.046790328841430931 0.045228688718275033 0.031007300356654596
leaf_weight=6.0505332052707663 10.974236986381586 14.189696848618043 2.5458255692865377 7.923899210192757 3.3232570011750786 10.715346455719553 2.3832000381662501 59.128922593437892 6.2656924255425102 11.732094975741346 4.5518834400209007 68.367980489194451 12.974459706078049 101.16868010628968 8.4371827555951295 69.378396830070415 12.780364498859852 5.0223594109993419 406.21721800975865 14.613800435246956 10.477272758736943 2.9564516156096934 56.671610639332357 32.590612089494243 29.403203865411342 5.0310911031920105 25.188103163745836 9.2053215454507136 2.2035633894847697 87.751090374134947
leaf_count=8 71 330 130 445 219 569 42 3024 20 57 154 613 544 1646 766 2200 290 92 3464 779 417 45 555 1214 45 123 90 381 7 854
internal_value=0.00177273 -0.00912569 -0.0242086 0.0146159 0.00302864 0.0161376 0.0244988 -0.0406049 -0.0272382 0.00531443 0.00268326 -0.0067392 -0.0183515 -0.00147401 0.021612 -0.0420097 0.00874149 0.0107901 0.0120938 0.0198188 0.007054 0.0310396 0.0229579 -0.0384147 0.0426274 0.00955506 0.0378257 -0.00719865 -0.0532337 0.0279076
internal_weight=1100.22 269.465 120.385 35.6578 149.08 104.173 93.4575 84.7275 44.9068 830.758 703.587 275.015 195.254 114.143 79.7616 81.1105 428.572 415.791 410.769 127.171 81.7627 71.3244 67.1489 38.6411 45.4085 16.0053 27.7339 23.395 61.3325 91.0743
internal_count=19194 7333 4407 665 2926 1684 1115 3742 1242 11861 9871 5871 4447 2190 1424 2257 4000 3710 3618 1990 1751 658 972 1222 239 194 220 711 3031 1073
is_linear=0
shrinkage=0.05


Tree=173
num_leaves=31
num_cat=0
split_feature=16 9 26 17 27 13 14 12 24 8 24 12 8 16 6 1 10 15 4 30 11 15 27 27 8 13 4 12 15 23
split_gain=15.6673 18.5357 28.6204 25.0689 17.8272 21.6939 15.6771 14.9726 14.1797 16.4868 13.6196 13.3328 13.3662 21.3341 33.563 30.6192 21.4568 20.5196 36.4136 18.2339 14.9629 12.8424 12.1869 10.4959 10.119 10.0478 10.5093 9.57043 9.06621 7.54836
threshold=0.18479130434782606 0.55646630236794181 1.0000000180025095e-35 4.5000000000000009 81.893513671305229 0.30384615384615393 0.045649908830424558 2.7598156058920784 771.50000000000011 1.0000000180025095e-35 52.500000000000007 1.5001361722992608 4.3099522300998281 0.33489096573208726 25.500000000000004 3.5000000000000004 0.28197674418604651 0.20245629897528628 1.5000000000000002 2.5000000000000004 0.17648529411764707 0.12461180124223602 0.0017891463054638503 1929.932572422045 4.1044077526465967 0.047761619617907008 3.5000000000000004 1.5849625001440784 0.16659439144261343 49.463381245722111
decision_type=2 2 2 2 2 2 2 2 2 2 2 2 2 2 2 2 2 2 2 2 2 2 2 2 2 2 2 2 2 2
left_child=1 4 7 28 5 8 23 10 9 -1 -3 22 17 14 16 -16 -14 18 19 -13 -20 -10 -2 -6 29 -9 -27 -7 -4 -19
right_child=11 2 3 -5 6 27 -8 25 21 -11 -12 12 13 -15 15 -17 -18 24 20 -21 -22 -23 -24 -25 -26 26 -28 -29 -30 -31
leaf_value=0.044037925326104392 0.034455101451101033 0.0378754631897898 -0.05213980321429567 -0.065159757444269967 0.044027662849873125 -0.051507899912824853 -0.0704514584290339 0.03622065178531355 0.017949438288454245 -0.052445817220470439 -0.059390400140142789 -0.059923410710036401 -0.019150960354053587 0.035751953337192478 0.026067234103465276 -0.01765238593572311 -0.080992977081514039 0.040226291335090016 0.0034076535052291221 0.031360590385877518 0.026489830631909878 -0.056308506778980583 -0.05969697524364323 -0.051458276779130334 -0.037084916539887686 -0.065532524966151376 0.021442243135418541 0.045677096504444299 0.046550635211294648 0.013857114534221818
leaf_weight=4.8871042281389228 4.3999381548783303 3.7184956330456762 2.4425712188640345 7.5711976452366789 39.622796272451524 2.7644586140377241 3.5564155860047313 8.7799151724320854 27.152392659860197 37.391248032654403 55.398700431545876 29.05080221287426 85.969820843580237 32.647367401979864 92.214441221163725 70.526191281642241 16.79868543624616 81.024501376828994 240.76664125356001 6.5898415670671957 99.415713904509175 7.2984866574479375 13.990576324256834 2.9729659545846507 5.5142020656930972 8.7029719684360298 5.5592172522301544 20.157680678763427 24.353887167904759 42.029343933223572
leaf_count=3 80 13 130 445 147 249 47 37 634 1045 3359 1801 1133 86 297 630 349 774 2501 58 1673 580 1582 160 132 263 70 61 90 765
internal_value=0.00170174 -0.00892643 -0.023789 0.014388 0.00292572 -0.00893522 0.0286078 -0.0398175 -0.0217244 -0.0410973 -0.0531343 0.00510474 0.00607652 -0.00230188 -0.00701156 0.00709074 -0.0293773 0.0110386 0.00512053 -0.0428649 0.0101737 0.00195559 -0.0368361 0.0371412 0.0282815 -0.00535381 -0.0313695 0.0335664 0.0372084 0.031279
internal_weight=1083.27 262.331 116.527 34.3677 145.804 99.6514 46.1522 82.1593 76.7292 42.2784 59.1172 820.938 802.548 298.157 265.509 162.741 102.769 504.391 375.823 35.6406 340.182 34.4509 18.3905 42.5958 128.568 23.0421 14.2622 22.9221 26.7965 123.054
internal_count=19194 7333 4407 665 2926 2572 354 3742 2262 1048 3372 11861 10199 2495 2409 927 1482 7704 6033 1859 4174 1214 1662 307 1671 370 333 310 220 1539
is_linear=0
shrinkage=0.05


Tree=174
num_leaves=31
num_cat=0
split_feature=2 27 24 6 9 23 10 1 1 12 13 24 16 13 13 15 11 4 27 0 24 15 2 5 5 6 26 11 9 13
split_gain=16.4211 21.7283 19.1469 20.2316 29.0469 37.8985 23.3354 19.4961 18.9684 35.694 17.0506 16.8424 15.4464 18.6665 14.4014 14.3803 14.1325 10.8598 13.0136 10.6669 11.643 10.2417 9.31755 8.63619 8.58617 8.33949 6.23596 14.1658 5.56964 3.07446
threshold=2500.5500000000006 1218.5926445930625 2997.5000000000005 25.500000000000004 0.91332802185294804 75.067761806981537 0.31686046511627913 3.5000000000000004 2.5000000000000004 2.1527474206911532 0.075502679926882907 2661.5000000000005 0.22379287379287377 0.10938835470085471 0.058939323761000452 0.16659439144261343 0.1453139325111644 6.5000000000000009 130047.58000000002 3.5000000000000004 131.50000000000003 0.13327250608272509 8818.3600000000024 1.8181357228972066 3.2744963924547226 53.500000000000007 1.0000000180025095e-35 0.18163867577345308 0.41885964912280704 0.11119697750300532
decision_type=2 2 2 2 2 2 2 2 2 2 2 2 2 2 2 2 2 2 2 2 2 2 2 2 2 2 2 2 2 2
left_child=8 2 3 4 6 -6 -2 14 9 15 -9 -11 13 19 -5 -1 24 18 21 22 -21 -14 -3 -17 -10 -15 27 -18 -13 -29
right_child=1 12 -4 7 5 -7 -8 10 16 11 -12 28 17 25 -16 23 26 -19 -20 20 -22 -23 -24 -25 -26 -27 -28 29 -30 -31
leaf_value=-0.050969753727252487 -0.00011428286950180122 -0.066285625457338182 -0.072616298942572849 -0.015401878992260651 -0.041426987893006223 0.018090347370468687 -0.1075351163591039 -0.065479024524801407 -0.062544377464731057 -0.058452999274004207 0.0042350939416668622 0.048618321424553294 -0.075575583296829021 -0.068237894227559812 0.04133744643967277 0.046668922553034835 -0.054058551809878133 0.043811358527348382 -0.069736798370301709 0.041321397058396291 -0.058026763439356414 0.0079276976504683797 0.031606089635125706 -0.050415103677295327 0.03949340043740282 0.045957292267404991 0.055267669693184307 0.0083902723639418166 -0.048068529148965221 0.050780282058907091
leaf_weight=4.7372711937641716 411.47119929779001 2.3540915953344657 10.220338322240421 13.549180265254106 112.38663004706177 34.894525126255758 5.0198455032368647 10.258967728143032 5.5141721268155361 25.934596448962111 56.57871394216636 5.9340179724385953 4.2149510263843721 7.832975463177716 59.831896736752242 34.989339589832525 4.7061480376542049 7.2678411394299465 10.444105774098714 4.7226103202265204 7.3887377411538182 24.266336784610758 130.93105745712819 2.3214629173453423 3.1130687515251338 1.8725559711456297 39.18043923197547 6.1402269703685333 1.8425216305404317 17.205871376703726
leaf_count=742 7021 105 763 123 4411 434 93 113 136 1440 430 6 159 319 87 215 158 16 199 24 398 217 836 364 7 1 50 101 190 36
internal_value=0.00163742 -0.000882126 -0.00497681 -0.00397756 -0.00821023 -0.0272892 -0.0014465 0.0129986 0.0168745 -0.000762752 -0.00647252 -0.0390939 0.0136166 0.0211838 0.0307863 0.0298697 0.0345319 -0.0116746 -0.0222483 0.0256944 -0.0188571 -0.00447622 0.0297912 0.0403761 -0.0251213 -0.0454515 0.0422867 0.0238468 0.0247558 0.0399279
internal_weight=1067.13 915.507 714.211 703.991 563.772 147.281 416.491 140.219 151.619 75.7592 66.8377 33.7111 201.295 155.102 73.3811 42.0481 75.8599 46.1932 38.9254 145.396 12.1113 28.4813 133.285 37.3108 8.62724 9.70553 67.2327 28.0522 7.77654 23.3461
internal_count=19194 15749 13475 12712 11959 4845 7114 753 3445 2957 543 1636 2274 1683 210 1321 488 591 575 1363 422 376 941 579 143 320 345 295 196 137
is_linear=0
shrinkage=0.05


Tree=175
num_leaves=31
num_cat=0
split_feature=23 13 12 24 23 11 8 6 27 9 4 11 9 17 6 12 13 10 23 12 29 4 9 13 8 23 23 19 9 9
split_gain=19.5024 29.9926 21.5714 18.4089 18.3135 26.6845 17.4971 15.7761 15.5784 29.4925 24.9307 33.443 23.386 22.9891 12.1401 10.6214 9.23623 8.82905 8.81601 13.5748 17.3891 7.98924 6.17754 10.678 6.47026 5.52853 4.56497 3.96583 7.72421 3.49787
threshold=28.064339493497609 0.086940090045680068 2.9209184210358194 589.50000000000011 36.974674880219034 0.10967256932843301 3.9803677202776639 40.500000000000007 0.77738064958867181 0.81853972798854702 3.5000000000000004 0.2245637385388938 1.0000000180025095e-35 2.5000000000000004 9.5000000000000018 2.8227774896940345 0.019803921568627456 0.20058139534883718 27.774127310061605 2.3246232891255354 2.5000000000000004 4.5000000000000009 0.66774891774891787 0.038554440728353706 4.7266984957335234 26.568104038329917 19.385352498288849 8309.1081250000007 0.89499326879928209 0.44543650793650796
decision_type=2 2 2 2 2 2 2 2 2 2 2 2 2 2 2 2 2 2 2 2 2 2 2 2 2 2 2 2 2 2
left_child=1 3 4 16 5 6 -2 21 9 12 11 -10 -6 -12 -11 -5 -1 -8 19 20 -3 -7 23 -4 -25 26 -21 -24 -29 -27
right_child=2 18 22 15 8 7 17 -9 10 14 13 -13 -14 -15 -16 -17 -18 -19 -20 25 -22 -23 27 24 -26 29 -28 28 -30 -31
leaf_value=0.035202590433797191 -0.059971725882196382 -0.066058890100262113 0.029210516247331193 -0.070741795252192097 0.011802377791608544 -0.068072963655968752 0.043786489241245174 0.030096836613411549 -0.015665551160297726 0.053264147089583914 -0.0066270425158644914 0.019374314626340344 -0.055261063806127178 0.027941204746447706 -0.051875120981789452 0.019449566519599427 -0.048888135817098034 -0.018871363766579802 0.06262272573644484 -0.023953012293272104 0.040905528745651405 -0.0023108927713693006 0.035741502624349185 -0.0032467226742266633 -0.14321250274644107 0.039846120516075147 0.037239922416004989 -0.044250070540231008 0.037903121348602076 -0.076664336841054781
leaf_weight=14.453392604234979 7.2804127550625699 8.3988447884257749 5.4530487357405928 16.006233185766181 58.297071835921088 36.237495616849628 20.224808862723879 5.416139365406706 372.22949721274199 45.461046761607577 88.111682865623152 83.134901537508995 16.610727002575004 105.22687748422322 2.7961388220064682 3.9459656572435042 4.0779407838053876 7.5773839101893818 18.936993863506359 2.9990113133535479 6.7291509896167545 5.4805614057913763 57.508679235295858 1.5781387949828061 1.8376031357038298 0.84516519308090154 82.50542125386346 4.8136931057088059 6.7225298060220666 1.7624134005527592
leaf_count=98 522 600 28 1145 979 1856 31 12 6945 294 1596 1686 1172 510 159 58 126 45 42 88 31 230 169 13 35 1 654 28 35 74
internal_value=0.00291583 0.0189992 0.000136234 -0.0193768 -0.00215699 -0.0245761 0.00831244 -0.0491271 0.000227411 0.0165278 -0.00286181 -0.00925457 -0.00305606 0.012166 0.046974 -0.0526472 0.0162664 0.0265237 0.0311338 0.0252545 -0.0181951 -0.0595795 0.0253091 -0.0134611 -0.0818995 0.0327832 0.0350097 0.0303737 0.00310787 -0.0369775
internal_weight=1092.66 160.661 931.998 38.4835 854.085 82.2168 35.0826 47.1342 771.868 123.165 648.703 455.364 74.9078 193.339 48.2572 19.9522 18.5313 27.8022 122.177 103.24 15.128 41.7181 77.9137 8.86879 3.41574 88.112 85.5044 69.0449 11.5362 2.60758
internal_count=19262 2917 16345 1427 16037 2696 598 2098 13341 2604 10737 8631 2151 2106 453 1203 224 76 1490 1448 631 2086 308 76 48 817 742 232 63 75
is_linear=0
shrinkage=0.05


Tree=176
num_leaves=31
num_cat=0
split_feature=23 13 12 0 23 5 11 12 6 14 15 15 19 3 23 12 16 15 13 23 13 19 3 15 2 19 5 19 12 19
split_gain=18.1197 27.8002 19.9245 17.6446 24.1231 27.8326 12.3481 15.1392 11.6596 10.9863 10.917 10.604 8.2661 8.87413 8.17365 12.5224 15.9808 8.08258 11.8374 7.92865 7.19986 6.14665 5.95204 5.63761 5.56332 14.2742 3.4421 3.78234 3.37852 2.93334
threshold=28.064339493497609 0.086940090045680068 2.9209184210358194 7.5000000000000009 37.508555783709795 1.7310778432770897 0.40370370370370373 2.8307123538831291 10.500000000000002 0.034683239775461054 0.14289399970514519 0.13731754682703753 4890.9885416666675 0.6221636669182985 27.774127310061605 2.3246232891255354 0.30744092508798398 0.11558704453441292 1.0000000180025095e-35 24.386036960985631 0.1200490196078431 3694.086666666667 4.5152348163213842 0.48809523809523808 37413.19000000001 21673.318937500004 3.1625214246958833 4000.0758333333338 2.5017210456935275 3708.0884210526319
decision_type=2 2 2 2 2 2 2 2 2 2 2 2 2 2 2 2 2 2 2 2 2 2 2 2 2 2 2 2 2 2
left_child=1 9 3 4 5 8 7 -6 -2 10 19 -8 -5 -14 15 16 -3 18 -4 21 -7 -1 -15 -12 28 -26 29 -28 -17 -19
right_child=2 14 17 12 6 20 11 -9 -10 -11 23 -13 13 22 -16 24 -18 26 -20 -21 -22 -23 -24 -25 25 -27 27 -29 -30 -31
leaf_value=-0.062203013491060222 -0.054221446468476819 -0.061025442057887673 0.047007541654189453 0.045582169166926138 -0.0007680065541595286 -0.06797012665319388 -0.059873642025265655 -0.04066130715331151 0.017625274420654077 -0.086624385807708607 -0.060828189597387762 0.044599587548589302 -0.088874451308622274 0.027795694816056468 0.061043278740966017 0.048102680776885537 0.044729455089022874 0.042087902941585882 -0.084354264620376943 -0.065499639127330797 -0.018240086642362579 0.035866053426564286 -0.05777475826961103 0.031359048523219198 -0.065668307826862823 0.047044038577564812 -0.03449669175625502 0.028378981268238814 0.026243429285893766 0.017875533537433843
leaf_weight=1.6470929076167582 6.9687559376870913 8.6840694014208548 2.9108561878092578 27.228119426210469 673.5384102258613 33.493922452453262 2.5952700602356371 24.566995433226111 27.832204036611074 5.0884933126144452 10.02523477242721 22.533108357143647 2.2373395549620936 13.902191076002056 18.470139317461872 35.734825196755992 5.8830824137876325 39.984850153501611 3.8232923659234075 2.5939258587932263 9.7860256252897653 16.163920148452235 2.2528792950943162 1.8416011531917309 4.7831524795637943 6.5103234264825005 4.0286465060780738 5.5631306357681751 39.129635851524654 19.781797970528714
leaf_count=102 833 534 4 113 11770 1318 351 334 205 125 617 259 176 194 42 165 97 91 79 211 365 283 119 89 326 23 37 11 303 86
internal_value=0.00280458 0.0185277 0.000130642 -0.00206693 -0.00379575 -0.0301822 -0.000936358 -0.00218467 0.00298085 -0.0189872 -0.00793333 0.0334168 0.028132 0.00192154 0.0303342 0.0245985 -0.0179607 0.0246266 -0.0269841 0.014055 -0.0569089 0.0262212 0.015273 -0.0459614 0.0318647 -0.000411819 0.0297412 0.00137119 0.0367944 0.0342008
internal_weight=1079.58 156.555 923.028 846.935 801.315 78.0809 723.234 698.105 34.801 37.3603 32.2718 25.1284 45.6205 18.3924 119.195 100.725 14.5672 76.0926 6.73415 20.4049 43.2799 17.811 16.1551 11.8668 86.1579 11.2935 69.3584 9.59178 74.8645 59.7666
internal_count=19262 2917 16345 16037 15435 2721 12714 12104 1038 1427 1302 610 602 489 1490 1448 631 308 83 596 1683 385 313 706 817 349 225 48 468 177
is_linear=0
shrinkage=0.05


Tree=177
num_leaves=31
num_cat=0
split_feature=23 13 12 2 23 2 2 24 4 13 3 25 17 13 23 12 29 15 13 23 16 2 5 19 4 17 27 27 5 19
split_gain=16.8943 25.8728 18.4472 16.9108 22.5396 17.0108 42.8936 16.4735 16.1432 15.4779 17.6889 10.0576 9.62401 8.19623 7.55287 11.5995 15.63 7.49015 11.1722 5.13452 5.07422 4.54195 3.24331 3.44581 3.15564 3.07473 7.33452 2.937 2.6406 2.39161
threshold=28.064339493497609 0.086940090045680068 2.9209184210358194 100.47000000000001 36.974674880219034 12314.530000000001 2500.5500000000006 589.50000000000011 3.5000000000000004 0.26794871794871794 2.7700071252455447 1.0000000180025095e-35 6.5000000000000009 0.019803921568627456 27.774127310061605 2.3246232891255354 2.5000000000000004 0.11558704453441292 1.0000000180025095e-35 26.568104038329917 0.24568837347606301 37413.19000000001 3.1625214246958833 4000.0758333333338 9.5000000000000018 10.500000000000002 170.52571230265212 35201.726434117583 1.9583148337368124 12637.005166666668
decision_type=2 2 2 2 2 2 2 2 2 2 2 2 2 2 2 2 2 2 2 2 2 2 2 2 2 2 2 2 2 2
left_child=1 7 3 12 9 6 -6 13 -7 10 -5 -9 -2 28 15 16 -3 18 -4 21 -14 -17 25 -24 -21 26 -19 -15 29 -1
right_child=2 14 17 4 5 8 -8 11 -10 -11 -12 -13 20 27 -16 19 -18 22 -20 24 -22 -23 23 -25 -26 -27 -28 -29 -30 -31
leaf_value=-0.05320075031582068 -0.052644831163988028 -0.064887835145607212 0.046671083437810013 -0.051508610409728185 0.0061857597515838116 -0.0027012730917501688 -0.057065628359482715 -0.065549539699377865 0.0151738830394528 0.043918733186270806 0.013167164498776709 0.041974748753076788 0.043583847886977944 -0.068921174647830208 0.059533984748358942 0.037805977000043303 0.040203550173037089 -0.041414786511140077 -0.083520631319514385 -0.075580025528969058 -0.048272530508783877 0.0019135393221374549 -0.032581549737482778 0.027582231615361552 0.038016090196121829 0.042893314387114564 0.031736279019512592 0.032210291832785239 0.045168717749698419 0.037278348421417966
leaf_weight=1.4017087344836938 2.9828853013023027 7.784054642015688 2.7890583388507357 50.404337246367504 67.376187616071547 450.2901903554739 44.26204814126686 16.241412636280078 175.29825035161775 6.1979405375532215 13.180910211201988 2.3799599239719091 31.689613472066412 3.0976495966096986 18.005873801812413 71.073247495540272 6.2749362729227869 4.0165215782762997 3.6731777601089561 1.7000213741994223 1.4469694891886309 10.410190062499167 4.0573046323843283 5.4436141960322857 0.78460810180695251 34.865385890938342 19.367946112644859 0.78565531263302535 10.9547383680474 1.284121563658118
leaf_count=75 153 600 4 2135 1833 7466 1564 1197 1935 104 334 6 358 118 42 425 31 70 79 68 155 317 37 11 7 54 53 8 20 3
internal_value=0.00268953 0.0181129 0.000123798 -0.00197539 -0.00348063 -0.000900972 -0.0188759 -0.0187032 0.00230122 -0.0306217 -0.0380235 -0.0513892 0.0314345 0.0158408 0.0296307 0.024032 -0.0176767 0.0240104 -0.0267139 0.0310875 0.0392892 0.0332897 0.0289546 0.00129715 -0.0376906 0.03337 0.0188361 -0.0469104 0.0342805 -0.0083617
internal_weight=1069.52 152.178 917.342 843.129 807.01 737.227 111.638 36.1452 625.588 69.7832 63.5852 18.6214 36.1195 17.5239 116.033 98.0271 14.059 74.213 6.46224 83.9681 33.1366 81.4834 67.7508 9.50092 2.48463 58.2499 23.3845 3.8833 13.6406 2.68583
internal_count=19262 2917 16345 16037 15371 12798 3397 1427 9401 2573 2469 1203 666 224 1490 1448 631 308 83 817 513 742 225 48 75 177 123 126 98 78
is_linear=0
shrinkage=0.05


Tree=178
num_leaves=28
num_cat=0
split_feature=23 4 15 15 15 15 27 30 9 0 11 29 15 19 23 5 23 7 16 23 7 1 9 17 7 15 9
split_gain=15.8114 16.0796 15.7629 13.7509 18.9996 16.6603 18.9184 14.6158 14.419 14.9326 14.3444 13.3586 10.8547 7.4546 6.01905 12.0606 5.82598 4.81937 8.98899 3.39798 2.36893 1.86271 4.73031 1.70186 1.14145 0.800195 5.53201
threshold=23.668720054757017 7.5000000000000009 0.20343188795895192 0.19155306408459674 0.16532795698924727 0.16495431781663791 148.74547638443372 2.5000000000000004 0.98877192429519212 1.5000000000000002 0.23822570123939982 2.5000000000000004 0.19763960451190637 1625.8656060606063 22.587268993839839 2.1665662249999698 21.295003422313489 21.500000000000004 0.23823366555924694 27.483915126625604 44.500000000000007 71.500000000000014 0.98650808342589169 1516.5000000000002 33.500000000000007 0.18371294359136303 0.53378995433789966
decision_type=2 2 2 2 2 2 2 2 2 2 2 2 2 2 2 2 2 2 2 2 2 2 2 2 2 2 2
left_child=2 3 13 4 5 6 -2 11 9 -5 -10 -6 -11 -1 15 20 -17 18 19 -3 -15 24 -23 -9 -19 26 -16
right_child=1 17 -4 8 7 -7 -8 23 10 12 -12 -13 -14 14 25 16 -18 21 -20 -21 -22 22 -24 -25 -26 -27 -28
leaf_value=-0.052541056273233924 -0.0094558830410362213 0.042656046339473286 -0.063200732227115489 -0.058884063257557129 -0.050516947233300559 0.05467411010098553 0.0093021440582837338 0.0091693049869015549 -0.057675670224474944 0.042200038782611797 0.049085282972502038 -0.0086908833891010291 0.010376445395669787 -0.057208808194384467 0.051058909644337902 0.039574470470911699 -0.017752448340507786 0.048094334805101148 -0.27939911313272686 -0.053755230379128827 0.036077960052691718 0.035398420775121599 -0.05604415568195123 0.050676752760035727 0.027338105971744547 0.05505892978483698 -0.0109617203557079
leaf_weight=2.5767544634145443 354.58962624057312 1.9681945324846308 4.8053297658007059 6.9929013665532684 46.19021869511198 13.002942858627646 216.16954952869855 5.7518168044043687 13.980991898984941 31.014414706412936 3.919012108250171 33.124285502388375 201.87788818667104 5.4536995467551597 17.122485765634341 26.152803964529088 5.1398295241378937 20.45878561103018 0.21348988485988218 1.5375104440172433 0.63869021469145071 5.2317823306366327 1.8030888175344442 4.8534657880663872 12.8167020312394 16.795165640302002 4.3463650333578689
leaf_count=218 7698 27 362 422 1768 23 2441 82 744 81 12 309 3443 504 43 226 115 72 4 367 6 13 106 6 27 24 119
internal_value=0.00258324 0.000794022 0.0235176 -0.000597832 -0.00436083 -0.0010546 -0.00234232 -0.0257444 0.00921467 0.012464 -0.0338809 -0.0331449 0.0146522 0.0289823 0.0318909 0.0173363 0.0299727 0.0302873 -0.0228825 0 -0.046197 0.0353612 0.0108032 0.028928 0.0403553 0.0458985 0.0382784
internal_weight=1058.53 975.497 83.0311 931.467 673.682 583.762 570.759 89.9198 257.785 239.885 17.9 79.3145 232.892 78.2258 75.649 37.385 31.2926 44.0296 3.71919 3.5057 6.09239 40.3104 7.03487 10.6053 33.2755 38.264 21.4689
internal_count=19262 17645 1617 17029 12327 10162 10139 2165 4702 3946 756 2077 3524 1255 1037 851 341 616 398 394 510 218 119 88 99 186 162
is_linear=0
shrinkage=0.05


Tree=179
num_leaves=31
num_cat=0
split_feature=23 13 0 23 5 2 2 24 27 9 9 27 12 24 6 14 6 16 12 13 23 12 16 14 12 12 7 14 27 8
split_gain=15.1043 23.5946 17.026 19.6928 24.6662 15.6625 30.8794 15.4306 12.9572 28.4092 23.0032 22.1104 16.3045 14.4236 11.0108 10.9828 10.6896 9.15784 9.13584 7.57973 7.3285 10.4296 14.0619 7.12307 5.34307 5.18781 16.2942 3.78033 2.67363 2.6369
threshold=28.064339493497609 0.086940090045680068 5.5000000000000009 37.508555783709795 1.7310778432770897 90855.960000000006 1047580.4800000001 589.50000000000011 0.77738064958867181 0.81853972798854702 1.0000000180025095e-35 2.3294880136030089 2.7069489525807082 52.500000000000007 9.5000000000000018 0.025078616352201256 10.500000000000002 0.23099155180080033 2.8227774896940345 0.019803921568627456 27.774127310061605 2.3246232891255354 0.30744092508798398 0.055485586342009459 2.9668991407349821 2.5017210456935275 17.500000000000004 0.091287878787878765 35201.726434117583 3.688797141252421
decision_type=2 2 2 2 2 2 2 2 2 2 2 2 2 2 2 2 2 2 2 2 2 2 2 2 2 2 2 2 2 2
left_child=1 7 3 4 16 -4 24 19 9 10 -5 13 -13 -10 -11 -6 -2 -18 -9 -1 21 22 -3 -17 27 29 -27 -7 -21 -23
right_child=2 20 5 8 15 6 -8 18 11 14 -12 12 -14 -15 -16 23 17 -19 -20 28 -22 25 -24 -25 -26 26 -28 -29 -30 -31
leaf_value=0.033970328599109728 -0.053332469479726155 -0.059744261167266638 0.049367644635570973 0.011338205727192486 -0.067659310747891749 -0.071531574704088288 0.03717987516330782 -0.069171013646084745 0.046483091142699953 0.052420831286870265 -0.055850513098557521 -0.0058740653841950312 0.011465254272734933 -0.062957557559155455 -0.051264178171602906 0.0085904927501391278 0.034482256780356928 -0.030192678697201908 0.01927073111272316 -0.0680604406184908 0.058361308598396548 0.051644561691106552 0.044129953815821882 -0.068930424032356427 0.038963174640855018 -0.05859517777246135 0.030007244579158272 -0.2176859075916856 0.031065322569717748 0.013762109709780757
leaf_weight=12.85989988219808 6.2020932782761511 7.9688685723449435 32.326671896094922 57.384009286986839 29.821687485371513 9.0600250639654387 18.727978566093952 14.117793504607109 3.3629464507102993 43.716591054857417 16.253473791264696 418.34811311912199 200.43759860473801 21.781468652188778 2.5933516937875529 10.083658944073248 21.929784858526549 7.1193596915982189 3.5241567348712115 2.9159139602779756 17.612695124436868 27.232559723182931 5.3266077469997981 4.0403722356058998 0.90913295268546868 5.8159920568741645 40.871634803424968 0.44036850333213884 0.73660729828407046 6.0878758163271405
leaf_count=98 827 534 55 966 1560 582 190 1145 4 293 1170 7492 1531 1167 156 68 137 58 58 118 42 102 97 82 4 359 246 3 8 110
internal_value=0.0024772 0.0174487 6.88712e-05 -0.001779 -0.025497 0.0254581 -0.000975484 -0.0187609 0.000676503 0.0157625 -0.0034797 -0.00212787 -0.000248474 -0.0479962 0.0464088 -0.0504566 0.00553188 0.018411 -0.051213 0.0157098 0.0286506 0.0229321 -0.0177368 -0.0135626 -0.0697979 0.0297665 0.0187613 -0.0810239 -0.0464421 0.0449347
internal_weight=1049.61 145.071 904.539 843.075 79.197 61.4642 29.1375 34.1544 763.878 119.947 73.6375 643.93 618.786 25.1444 46.3099 43.9457 35.2512 29.0491 17.642 16.5124 110.916 93.3035 13.2955 14.124 10.4095 80.0081 46.6876 9.50039 3.65252 33.3204
internal_count=19262 2917 16345 15511 2732 834 779 1427 12779 2585 2136 10194 9023 1171 449 1710 1022 195 1203 224 1490 1448 631 150 589 817 605 585 126 212
is_linear=0
shrinkage=0.05


Tree=180
num_leaves=29
num_cat=0
split_feature=3 9 9 13 2 24 23 9 23 5 13 6 23 13 4 12 13 14 27 6 27 3 18 19 13 23 23 4
split_gain=11.4168 17.327 13.6001 31.0957 21.4231 21.8501 31.0759 17.935 24.4598 32.9563 25.7245 19.014 17.4258 16.7344 39.8858 20.0137 17.797 16.7213 16.1094 16.0733 16.0715 15.9658 15.5714 14.6363 14.2143 12.0274 6.82185 6.53903
threshold=0.0036244445074080501 0.99790355472733039 0.97022314171715685 0.1200490196078431 15622.800000000001 706.50000000000011 75.299110198494205 0.83424908424908439 62.121834360027385 2.5921483450580634 0.095232016728059615 28.500000000000004 68.607802874743342 0.11201659751037342 2.5000000000000004 1.5849625001440784 0.058939323761000452 0.0035603033308720506 9.1077572397491604 34.500000000000007 75.683412767415604 13.28117249069215 445.50000000000006 1427.6500000000003 0.092939400788176765 20.151950718685836 72.088980150581804 5.5000000000000009
decision_type=2 2 2 2 2 2 2 2 2 2 2 2 2 2 2 2 2 2 2 2 2 2 2 2 2 2 2 2
left_child=1 25 7 4 12 17 -7 13 10 22 18 -12 21 14 24 -15 -16 -6 -9 -14 -11 -4 -10 -17 -2 -1 -3 -27
right_child=2 26 3 -5 5 6 -8 8 9 20 11 -13 19 15 16 23 -18 -19 -20 -21 -22 -23 -24 -25 -26 27 -28 -29
leaf_value=0.044650687588579985 0.013110162248990767 -0.050545243736363592 0.035024149465164398 -0.06053689034518972 -0.05342825093780898 -0.062586091823338602 0.032122675414980914 -0.062190484351752562 -0.0051517820681473538 -0.065920422742480042 -0.066224632261767266 0.020876261608998584 -0.062748743556937187 -0.055449525276641792 -0.052207189631784029 -0.040920547878146196 -0.0044334066734366996 0.027639681403999774 0.012425548114206798 0.049345226928015302 0.030762558597651726 -0.056340195250529579 -0.089365296084886636 0.031116295392564504 -0.047043332851495583 -0.059485324014872214 0.051304002798481269 0.023418096651522034
leaf_weight=3.5682729053296525 280.47737208165563 1.8717213349937072 175.08571944755749 12.821192087005327 7.0688839085505597 24.990210220094013 13.073078989942585 7.497702653068699 7.2276712387974866 5.5470139829485587 21.920264064097868 8.5951527636498195 9.376411733494022 7.6296546967059831 40.443525605151081 7.3214443491015109 38.063680232357001 54.595074536595348 144.87021396344062 4.693042278289794 17.768211669768789 4.7880250037123906 24.734587643870327 127.35338470211718 10.04789565723331 24.19937456681328 9.0675181977130688 2.4920317067299029
leaf_count=36 5030 142 1413 740 501 1601 154 439 78 207 843 21 388 1061 521 300 182 841 774 2 69 307 527 1132 504 1306 20 19
internal_value=0.00541557 -0.0203467 0.00642723 0.0153024 0.01865 -0.000134334 -0.0299278 0.00278967 -0.00853105 -0.0376449 0.000257225 -0.0415399 0.0283299 0.00807284 0.0024386 0.0226368 -0.0291431 0.018194 0.00868268 -0.0249212 0.00736351 0.0325344 -0.0705534 0.0271355 0.0109971 -0.0398873 0.0331245 -0.0514999
internal_weight=1097.19 41.1989 1055.99 306.492 293.67 99.7272 38.0633 749.498 238.161 55.2775 182.883 30.5154 193.943 511.337 369.032 142.304 78.5072 61.664 152.368 14.0695 23.3152 179.874 31.9623 134.675 290.525 30.2597 10.9392 26.6914
internal_count=19158 1523 17635 5947 5207 3097 1755 11688 2958 881 2077 864 2110 8730 6237 2493 703 1342 1213 390 276 1720 605 1432 5534 1361 162 1325
is_linear=0
shrinkage=0.05


Tree=181
num_leaves=31
num_cat=0
split_feature=16 23 17 9 2 2 19 9 17 8 10 23 19 12 12 10 3 13 24 24 4 5 18 2 17 27 9 23 13 1
split_gain=12.4923 14.3706 40.8999 37.1294 23.5818 41.2097 23.9921 20.7335 31.7207 20.4529 28.9005 23.006 18.6373 17.8684 16.313 16.2029 15.3137 11.3498 7.3855 8.24652 6.7995 4.9568 10.3879 12.205 5.42276 6.11645 5.32957 4.57653 9.6472 3.52034
threshold=0.33489096573208726 62.421629021218351 372.50000000000006 0.99724137406206725 13000.150000000001 34305.220000000008 20429.438000000006 0.98650808342589169 65.500000000000014 3.2618807846960576 0.29941860465116282 71.608487337440124 7098.6942184169393 2.5102698599177256 2.6344341869162649 0.50872093023255827 1367.3750000000002 0.092596296296296274 1199.5000000000002 401.50000000000006 6.5000000000000009 2.4315384305672212 413.50000000000006 45750.810000000005 37.500000000000007 0.0017891463054638503 0.90645833333333348 72.088980150581804 0.32291666666666669 14.500000000000002
decision_type=2 2 2 2 2 2 2 2 2 2 2 2 2 2 2 2 2 2 2 2 2 2 2 2 2 2 2 2 2 2
left_child=1 4 3 9 6 20 7 8 -1 11 -11 -3 -9 -7 27 -16 -15 -5 19 -8 -6 22 24 26 -2 -26 -24 -4 -29 -27
right_child=21 2 14 17 5 13 18 12 -10 10 -12 -13 -14 16 15 -17 -18 -19 -20 -21 -22 -23 23 -25 25 29 -28 28 -30 -31
leaf_value=0.015576568575918126 0.042601013580986932 -0.052929586639096665 0.045296072296579254 0.04457355066592672 -0.067064129941253464 -0.055415204164327103 0.015225776360772962 0.037968988995593256 -0.021339729458616938 -0.054095411147414063 -0.0032281723581482329 0.013322497085847224 -0.057882551401131466 -0.0030639580170447288 -0.078244641253181202 0.036212262520318547 0.03606554207521203 -0.052742067870355139 0.010470551479553987 -0.076676620788697178 0.043002155694621264 0.040411059564240848 -0.070434974874841266 0.040397547049475208 0.044485046891192086 -0.059340460605014182 0.032642692863808102 -0.050324308812592061 0.046715488678455548 0.040847542502471489
leaf_weight=345.32887707721238 23.342291039662086 17.176635080686538 47.798037360196759 28.280884380055799 28.822716790797134 11.780552933756551 2.9071770097361904 108.36939685549441 69.788121361038066 80.24504168490239 43.148707089596428 54.044186719154823 5.1934110703296019 81.152445353016446 6.4872212911868683 5.677334513515234 35.908446614208515 3.2200484967543153 5.0227879065059815 12.091955560288623 1.3532015235396091 30.371056986492476 7.9801383087360573 5.0944395085971328 3.7258844430907612 4.1056044437245873 1.3518288188861332 4.1090371287500584 6.3892287975759245 0.97019210457801808
leaf_count=3891 107 942 344 185 1096 621 35 946 3202 1761 280 920 195 1941 173 6 255 262 46 297 5 158 654 13 29 451 32 287 21 3
internal_value=0.00521405 0.00371931 -0.00550894 -0.0158879 0.00759379 -0.00933801 0.0125107 0.0145548 0.00935463 -0.0240558 -0.0363655 -0.00263751 0.0334945 0.00295752 0.0277026 -0.0245589 0.00891688 0.0343322 -0.0410206 -0.0585498 -0.0618375 0.0246295 0.0141658 -0.0207822 0.0300215 -0.00288183 -0.0547853 0.0387169 0.00814573 -0.0388052
internal_weight=1081.24 1004.3 296.576 226.116 707.719 159.017 548.702 528.68 415.117 194.615 123.394 71.2208 113.563 128.841 70.4609 12.1646 117.061 31.5009 20.0219 14.9991 30.1759 76.9414 46.5704 14.4264 32.144 8.80168 9.33197 58.2963 10.4983 5.0758
internal_count=19158 17711 5181 4350 12530 3918 8612 8234 7093 3903 2041 1862 1141 2817 831 179 2196 447 378 332 1101 1447 1289 699 590 483 686 652 308 454
is_linear=0
shrinkage=0.05


Tree=182
num_leaves=31
num_cat=0
split_feature=16 23 17 9 23 8 6 23 16 19 18 12 10 17 13 12 11 17 17 6 10 23 13 14 19 23 9 6 6 18
split_gain=11.8273 13.1236 37.8417 34.17 23.2834 18.639 30.466 21.4823 16.937 16.0529 15.7892 15.2269 15.193 14.4628 10.6443 9.39237 12.9759 6.18651 4.60601 6.28381 6.70013 4.2414 9.04387 3.94624 3.06035 2.58593 2.16205 6.00022 2.10953 13.1429
threshold=0.33489096573208726 62.421629021218351 372.50000000000006 0.99724137406206725 61.685147159479818 3.2618807846960576 24.500000000000004 71.608487337440124 0.27801932367149768 22408.514166666671 714.50000000000011 2.6344341869162649 0.50872093023255827 1.5000000000000002 0.092596296296296274 2.3926676143660344 0.12165737165737162 28.500000000000004 39.500000000000007 16.500000000000004 0.0087209302325580509 72.088980150581804 0.32291666666666669 0.13845586686328207 74916.385000000024 68.347707049965791 0.8680281982168776 19.500000000000004 9.5000000000000018 192.50000000000003
decision_type=2 2 2 2 2 2 2 2 2 2 2 2 2 2 2 2 2 2 2 2 2 2 2 2 2 2 2 2 2 2
left_child=1 4 3 5 8 7 -7 -3 9 10 -1 21 -13 -11 -5 17 -17 -10 23 20 -20 25 -23 24 28 -4 -6 -28 29 -2
right_child=18 2 11 14 26 6 -8 -9 15 13 -12 12 -14 -15 -16 16 -18 -19 19 -21 -22 22 -24 -25 -26 -27 27 -29 -30 -31
leaf_value=0.017412440354282906 0.044675714244248953 -0.052253171032853922 0.012897592914497814 0.043783348322635383 0.050471544762366011 -0.05388235207998681 -0.0019165504981920876 0.012709818908964785 -0.025888536745348301 -0.0022484717080570519 0.00097295240285657266 -0.077113093977512301 0.035528404565897322 -0.072358437592200994 -0.052367752673024383 0.02062198945522227 -0.053730184404635097 -0.086345310704966483 0.025420749117053932 0.037672422636058592 -0.055521472059563676 -0.049242416737068265 0.04622439690038254 -0.01873091180293238 -0.0093876809610504066 0.04909321923214461 -0.054930201146737259 0.046698138181297866 0.046838111991245109 -0.053293009706582274
leaf_weight=289.15440230171771 17.011866664150151 16.546399735685554 6.166513209042022 27.376688624313832 31.893821715668309 77.438461365141848 44.661577607112122 53.827447257077438 10.138013892028541 21.204695084776176 296.43355372718088 6.2605319595750171 5.503655593842268 11.297014302923342 3.0850453527164055 16.590926631775805 8.9276575248513819 7.7722090624301918 4.1068228346630367 7.1031623475719234 6.2443127199367154 3.9944963841844565 6.141614499676507 3.5260734446928828 3.4788057911209753 40.173922588859568 1.8866374727440405 5.1048461328900885 28.672073213325348 4.1489576760432092
leaf_count=5109 56 942 224 185 92 1750 291 920 278 177 5610 173 6 362 262 62 239 494 31 22 986 287 21 36 18 120 88 19 37 261
internal_value=0.00502585 0.00357697 -0.0053332 -0.0153201 0.00728853 -0.0231244 -0.0349324 -0.0025459 0.00506626 0.0071945 0.00910064 0.0271946 -0.0241391 -0.026918 0.0337424 -0.0250554 -0.00530309 -0.0527354 0.0242662 0.00148429 -0.0229932 0.0379997 0.0080003 0.0311596 0.0345819 0.0444225 0.0448556 0.018181 0.0377642 0.0250717
internal_weight=1065.87 991.58 291.176 222.936 700.404 192.474 122.1 70.3738 661.518 618.09 585.588 68.2407 11.7642 32.5017 30.4617 43.4288 25.5186 17.9102 74.2921 17.4543 10.3511 56.4765 10.1361 56.8378 53.3117 46.3404 38.8853 6.99148 49.8329 21.1608
internal_count=19158 17711 5181 4350 12530 3903 2041 1862 12331 11258 10719 831 179 539 447 1073 301 772 1447 1039 1017 652 308 408 372 344 199 107 354 317
is_linear=0
shrinkage=0.05


Tree=183
num_leaves=30
num_cat=0
split_feature=3 9 9 2 1 9 27 19 24 14 24 15 14 1 6 27 27 12 9 19 2 14 1 5 11 4 4 2 11
split_gain=10.5223 14.7005 11.8778 17.0303 20.9371 15.2027 21.0635 20.3132 29.7844 28.8993 12.8119 15.664 12.9393 11.5132 11.0941 18.0241 10.7354 9.70425 10.7971 9.32077 8.59502 6.52012 6.4283 3.86953 3.83901 3.67836 2.38954 0.556944 0.381026
threshold=0.0036244445074080501 0.99790355472733039 0.97022314171715685 15622.800000000001 6.5000000000000009 0.83424908424908439 9.1077572397491604 2084.7995454545458 529.50000000000011 0.019672342621259005 706.50000000000011 0.18010950516617111 0.0035603033308720506 7.5000000000000009 10.500000000000002 0.073503318195150963 823333.66000000015 2.8093236892545557 0.81853972798854702 3708.0884210526319 1500.1550000000002 0.083666666666666667 6.5000000000000009 2.5394259322572874 0.021583850931677005 5.5000000000000009 4.5000000000000009 1419.1400000000001 0.081356867071152708
decision_type=2 2 2 2 2 2 2 2 2 2 2 2 2 2 2 2 2 2 2 2 2 2 2 2 2 2 2 2 2
left_child=1 20 5 13 -5 16 24 9 -9 -8 12 -12 -6 14 15 -4 17 18 -2 -16 23 -19 -3 -1 -7 -22 -18 28 -25
right_child=2 22 3 4 10 6 7 8 -10 -11 11 -13 -14 -15 19 -17 26 21 -20 -21 25 -23 -24 27 -26 -27 -28 -29 -30
leaf_value=-0.048843319459634368 0.0030972394685903804 0.050943780331415472 0.052278281064369596 -0.060505760329595037 -0.052383576875339767 0.033828472449376611 -0.050923629483142656 0.013031503384905661 -0.029469000330223396 0.048639839123019855 -0.059003388812094971 0.015420658588928968 0.028123036801436886 -0.059345688861219575 0.03496763666521685 -0.047069717113169554 -0.089105628774026516 0.033416446659019876 0.036218279399673682 0.0057864452779863938 -0.0592325998833527 -0.0021924756762040725 -0.050351135031903728 0.025370731690593402 -0.061605960729955028 0.014693358252679851 -0.019073358585665896 0.048844120203946975 -0.029326212410295451
leaf_weight=1.6548690693016421 391.02295302576931 7.9898770549334568 7.0658609273668871 13.367910839853719 5.3973466546103728 0.98387619256755243 9.1586093959813279 71.675478973207646 96.437081964977551 33.711690027390432 13.711087100243278 14.259455174549656 51.281299244728871 4.0266859071562058 133.71043583628489 12.406437755187651 3.1942369310418135 54.994319384131813 26.214591132971691 34.993996398610761 20.685461797478641 16.415620104053232 1.8100503541700161 0.7759362658835014 19.401691928997025 1.6771159379859444 2.3767626024782658 3.21731416098919 0.36422975002460589
leaf_count=177 8207 6 12 863 431 30 390 195 1149 41 996 261 800 145 879 1163 36 143 191 397 1085 141 156 7 1153 16 12 2 74
internal_value=0.00482887 -0.0208801 0.00580192 0.0143525 -0.0025615 0.00237346 -0.00819183 -0.00346497 -0.011322 0.0271842 0.00659073 -0.0209639 0.0202898 0.0230009 0.0248201 -0.0106812 0.00733038 0.00813164 0.00519836 0.0289513 -0.0391621 0.0251692 0.0314099 0.0130763 -0.0566133 -0.0534251 -0.0609725 0.0382818 0.00291013
internal_weight=1053.98 38.1749 1015.81 290.221 98.0171 725.587 231.368 210.983 168.113 42.8703 84.6492 27.9705 56.6786 192.203 188.177 19.4723 494.218 488.647 417.238 168.704 28.3749 71.4099 9.79993 6.01235 20.3856 22.3626 5.571 4.35748 1.14017
internal_count=19158 1523 17635 5947 3351 11688 2958 1775 1344 431 2488 1257 1231 2596 2451 1175 8730 8682 8398 1276 1361 284 162 260 1183 1101 48 83 81
is_linear=0
shrinkage=0.05


Tree=184
num_leaves=31
num_cat=0
split_feature=16 16 5 23 17 12 13 13 23 19 27 18 12 7 14 4 15 8 27 22 23 23 23 30 15 4 27 15 4 17
split_gain=11.1392 16.8004 15.0298 13.1643 32.0339 24.8644 33.1959 27.6867 22.0161 15.5996 15.6213 13.821 13.4754 14.1053 9.40235 9.34511 7.65314 7.73051 11.6193 6.14134 4.76649 4.47306 5.2949 3.10178 2.83463 4.0823 1.97231 1.63638 1.34482 1.50863
threshold=0.32529069767441865 0.28907254361799817 2.2611798558419727 62.121834360027385 372.50000000000006 2.6442780881957479 0.071126025354213265 0.071466686994968706 61.685147159479818 22408.514166666671 381.97523501540758 714.50000000000011 2.6344341869162649 50.500000000000007 0.017278698313181053 1.5000000000000002 0.32971014492753625 4.9231523562205188 0.0017891463054638503 1.5000000000000002 72.088980150581804 42.479123887748123 31.622176591375773 2.5000000000000004 0.17136785388341561 3.5000000000000004 224.2727572858013 0.083722741433021761 2.5000000000000004 11.500000000000002
decision_type=2 2 2 2 2 2 2 2 2 2 2 2 2 2 2 2 2 2 2 2 2 2 2 2 2 2 2 2 2 2
left_child=1 3 23 8 5 7 -7 -5 9 11 -11 -1 20 -14 26 16 17 18 -2 -18 -6 22 -17 28 25 -16 -4 -24 -3 -30
right_child=15 2 14 4 12 6 -8 -9 -10 10 -12 -13 13 -15 24 21 19 -19 -20 -21 -22 -23 27 -25 -26 -27 -28 -29 29 -31
leaf_value=0.015752110692875493 0.041016084567770332 -0.063555332211489721 -0.037458404651599671 -0.0094533092863195219 0.043476032481408036 -0.085651842919179211 0.015586844509218701 -0.058906115122149674 0.048581834426049852 -0.06622437056381314 0.0032482325910391159 0.00034772692426478517 -0.076460076402652871 0.035204585642071649 -0.051703650503163071 0.022922190342227235 0.039407316803149121 0.047880078468234874 -0.05992553915980018 -0.06118937588319108 0 0.038793586155151466 -0.013006336199368671 0.014310342715685008 0.033444669895389086 0.021757172619461848 -0.11529945214267752 -0.10723180920260306 -0.061917927883423929 -0.13160650931184464
leaf_weight=286.63610192279702 3.6063604243099716 7.3361576538809423 2.3912135232603791 70.241646484995726 43.817564055025287 8.8947697286494058 80.54047409746272 47.696747667432646 31.941950480846572 14.425569430359245 17.957292982813669 297.23703621540335 5.8281145976652606 5.2558223009109497 3.1380167779279864 5.998789630510144 12.66092739945452 3.2090338468551627 11.838060712030709 1.5965490034504899 7.5869828651411799 50.47063096385682 1.0140940799174134 0.80340572577552016 8.1009255343524256 4.3611039152601734 1.6051342218997886 1.1121344536659306 2.0475982884381665 2.6424932315421756
leaf_count=5209 45 265 195 1258 339 186 826 1855 116 392 158 5739 168 5 37 47 176 2 1310 176 279 158 15 21 26 18 38 25 51 23
internal_value=0.00463972 0.0030284 -0.0322689 0.00428393 -0.00498263 -0.0144547 0.0053779 -0.0295284 0.00814973 0.00603839 -0.0276543 0.00792004 0.0263443 -0.0232221 -0.00436613 0.0213005 0 -0.0210595 -0.0359212 0.0274465 0.0371533 0.0332588 -0.000568027 -0.0741384 0.0129886 -0.00860051 -0.0719953 -0.0671403 -0.0805288 -0.104153
internal_weight=1041.99 950.486 32.426 918.06 269.862 207.374 89.4352 117.938 648.198 616.256 32.3829 583.873 62.4885 11.0839 19.5964 91.5066 32.9109 18.6535 15.4444 14.2575 51.4045 58.5956 8.12502 12.8297 15.6 7.49912 3.99635 2.12623 12.0262 4.69009
internal_count=19158 17204 674 16530 4916 4125 1012 3113 11614 11498 550 10948 791 173 314 1954 1709 1357 1355 352 618 245 87 360 81 55 233 40 339 74
is_linear=0
shrinkage=0.05


Tree=185
num_leaves=31
num_cat=0
split_feature=5 13 11 12 16 18 24 7 6 23 17 18 16 8 11 8 9 4 8 11 11 18 12 7 4 4 5 12 8 14
split_gain=20.8956 35.0114 31.354 26.2419 20.1845 16.6385 21.8972 18.7424 17.0101 25.3945 17.8834 15.6732 13.3117 11.7454 11.4579 11.4271 12.9999 20.8354 10.1717 7.88078 7.7702 7.5253 6.65789 5.96516 5.03815 3.9458 2.87557 2.2799 2.03477 1.65962
threshold=2.8131544580134538 0.092395354111319869 0.16779092253441016 2.6117672088696793 0.30048543689320389 1680.5000000000002 1709.5000000000002 1.5000000000000002 6.5000000000000009 28.573579739904179 80.500000000000014 1312.5000000000002 0.23241339931480778 5.0228554598236856 0.90442092154420928 3.6537934709879738 0.42940199335548174 2.5000000000000004 4.573931373292953 0.1453139325111644 0.031498015873015858 1802.5000000000002 2.9209184210358194 22.500000000000004 3.5000000000000004 4.5000000000000009 2.5168641297175092 2.9668991407349821 5.1209432528266978 0.0024052925113394008
decision_type=2 2 2 2 2 2 2 2 2 2 2 2 2 2 2 2 2 2 2 2 2 2 2 2 2 2 2 2 2 2
left_child=5 2 3 4 28 6 7 -1 10 -10 -9 25 24 -7 -4 19 -17 20 -19 -3 -18 23 -14 -15 -5 -8 -13 -28 -2 -21
right_child=1 15 14 12 -6 13 11 8 9 -11 -12 26 22 21 -16 16 17 18 -20 29 -22 -23 -24 -25 -26 -27 27 -29 -30 -31
leaf_value=-0.056446874749537967 -0.059983478253617363 -0.047918782593309978 -0.069098477890128129 0.044798695295626925 0.03062639656461319 -0.063766001404060593 -0.068844008035638282 0.019821890645581403 0.020231681791459635 -0.0090029541777471491 -0.025169757287621792 0.041760429077441936 -0.05997929339353697 0.025563711451752891 0.047008911530132279 0.050379080356458751 0.045155226081263794 0.039548766890159445 -0.013954233032777555 0.057070814381173465 -0.068413567088602606 0.044454949916844295 0.023853344082800265 -0.094108093113610958 0.0046943193320023394 0.018876889821220301 -0.056481889024009704 0.040661582753352792 -0.10708837088116792 0.030819230827826283
leaf_weight=14.391563521305214 8.3985380667036242 1.8527878540953668 19.981876090052541 40.073322925571119 6.4453910269949111 16.453154801645727 4.4227367442072127 164.33315788255823 90.271730733718869 415.79030743287149 25.335102766184718 52.97199937915866 5.87160761002451 1.6391677684150616 2.2535498142242423 25.850231402087957 1.6436797380447377 29.595497037284076 12.447222081027574 50.724170253473858 9.98949402245489 5.3848044503247365 3.7486368138343096 2.3904043967486359 10.114295500563456 1.6271208035759626 1.3033892656530945 0.91967105865478505 4.3062327534425995 8.3022627945538243
leaf_count=1109 414 194 800 77 47 1284 679 3448 1278 6821 1370 495 44 5 1 29 1 121 67 263 349 12 7 43 43 10 79 1 32 141
internal_value=0.00488741 0.0177669 -0.00460902 0.0101207 -0.0405797 0.000976307 0.00230736 -0.000161488 0.00100357 -0.00377521 0.0137756 0.0309682 0.0264789 -0.0383791 -0.0569494 0.0339212 0.021289 0.00711864 0.0235944 0.0502786 -0.0516929 0.00566712 -0.0268892 -0.0447765 0.0368413 -0.044515 0.0393978 -0.0141213 -0.0770516 0.0535214
internal_weight=1038.83 241.599 101.193 78.958 19.1502 797.234 771.367 710.122 695.73 506.062 189.668 61.2449 59.8079 25.8675 22.2354 140.405 79.5261 53.6759 42.0427 60.8792 11.6332 9.41438 9.62024 4.02957 50.1876 6.04986 55.1951 2.22306 12.7048 59.0264
internal_count=19264 2630 1465 664 493 16634 15290 14026 12917 8099 4818 1264 171 1344 801 1165 567 538 188 598 350 60 51 48 120 689 575 80 446 404
is_linear=0
shrinkage=0.05


Tree=186
num_leaves=31
num_cat=0
split_feature=5 27 13 18 12 18 24 7 24 18 0 18 11 8 9 6 11 14 18 27 14 4 5 18 4 11 8 15 23 16
split_gain=19.6166 35.4523 28.0808 32.2885 17.8365 15.6137 20.4568 17.7325 16.8848 17.6254 15.179 14.6382 11.964 11.1583 8.62013 8.72282 8.19612 7.57181 7.03441 6.11854 5.69283 4.56077 4.12697 3.92476 3.79938 3.40376 3.29943 5.97916 2.85039 3.41497
threshold=2.8131544580134538 3.9293569829702624 0.09722448794634761 1700.5000000000002 2.9209184210358194 1680.5000000000002 1709.5000000000002 1.5000000000000002 52.500000000000007 699.50000000000011 9.5000000000000018 1312.5000000000002 0.16739098712446351 5.0228554598236856 0.99550559528138016 10.500000000000002 0.90442092154420928 0.0065848601431679511 1802.5000000000002 51.047146542410466 0.010537419498112302 2.5000000000000004 3.1625214246958833 710.50000000000011 4.5000000000000009 0.047247023809523808 3.6537934709879738 0.19763960451190637 72.344969199178664 0.32529069767441865
decision_type=2 2 2 2 2 2 2 2 2 2 2 2 2 2 2 2 2 2 2 2 2 2 2 2 2 2 2 2 2 2
left_child=5 17 3 4 10 6 7 -1 -9 -10 -3 24 20 -7 15 -4 -14 23 19 -15 -5 -17 -6 -2 -8 -19 -25 -28 -13 -30
right_child=1 2 14 12 22 13 11 8 9 -11 -12 28 16 18 -16 21 -18 25 -20 -21 -22 -23 -24 26 -26 -27 27 -29 29 -31
leaf_value=-0.056165568829955971 -0.042890836237374476 -0.070474651818577802 -0.050193580231896684 -0.025201986861404888 0.039381945327522531 -0.063339705058801196 -0.068750935658405815 0.045111496093177966 0.0062162711626557437 -0.010276185829392439 0.029146914809663988 0.041198406858713926 -0.063861509365948615 0.025906285444145152 -0.064112065017065886 0.012447398935086462 0.046763391231182082 0.04255381307864755 0.043935719001944103 -0.096054574079588603 0.040478704467630133 0.04041598215156024 -0.024035744353087446 0.058587589890237303 0.018171295151958974 -0.056913231408223013 -0.057649379978355356 0.043834349451752269 -0.071132924391186597 0.04062393980046422
leaf_weight=13.757008926637353 0.94255446398164977 32.574567300078343 3.1773984957108032 3.576787357946162 6.451425885607021 15.754069785432877 4.2127195637931427 20.898174298519734 402.43960652906753 270.95592498676888 4.1991280591464593 51.027192561210541 6.1318241653425485 1.6707749377965213 2.4291948339669025 20.868278210138669 2.1551282405853271 1.1887916922569268 5.1823600168572739 2.2607719569059554 27.750663630955387 54.244071681110654 4.032910651731072 53.147913825217984 1.6101137271616606 2.3344413889826683 1.6531869752907349 7.749680182110751 1.1964080261532211 1.308039720286615
leaf_count=1109 94 727 315 143 15 1284 679 76 7403 5438 12 500 247 14 81 245 1 2 12 34 52 99 44 281 10 120 104 48 58 17
internal_value=0.00470034 0.0173978 0.00506371 -0.0146204 -0.0425219 0.000932343 0.00220423 -0.000154139 0.000956422 -0.000412959 -0.0589152 0.0303747 0.018562 -0.0379685 0.0263022 0.0292496 -0.0342814 0.0481142 0.00555633 -0.0436281 0.0327642 0.0327389 0.0145187 0.0520961 -0.0439703 -0.0217234 0.0536734 0.0250467 0.0386216 -0.0115254
internal_weight=1026.88 234.608 167.591 86.8724 47.258 792.273 767.405 708.051 694.294 673.396 36.7737 59.3545 39.6144 24.868 80.7189 78.2897 8.28695 67.0166 9.11391 3.93155 31.3275 75.1123 10.4843 63.4933 5.82283 3.52323 62.5508 9.40287 53.5316 2.50445
internal_count=19264 2630 1981 1241 798 16634 15290 14026 12917 12841 739 1264 443 1344 740 659 248 649 60 48 195 344 59 527 689 122 433 152 575 75
is_linear=0
shrinkage=0.05


Tree=187
num_leaves=31
num_cat=0
split_feature=5 13 11 12 16 18 24 7 24 24 18 1 2 11 3 12 1 12 23 12 2 10 16 5 23 1 5 12 6 6
split_gain=18.3859 30.5124 27.9151 22.8845 18.682 14.6388 19.0922 16.7791 15.8773 17.5271 13.6622 12.2638 10.6186 10.2009 10.0702 9.81299 9.12365 6.32936 5.81828 12.3169 4.2687 10.333 3.83455 10.074 3.01468 2.99951 2.68337 2.09147 1.7318 1.72176
threshold=2.8131544580134538 0.092395354111319869 0.16779092253441016 2.6117672088696793 0.30048543689320389 1680.5000000000002 1709.5000000000002 1.5000000000000002 52.500000000000007 156.50000000000003 1312.5000000000002 3.5000000000000004 66085.98000000001 0.90442092154420928 985.20000000000016 2.4911833718220371 28.500000000000004 2.7134866373832973 39.853524982888437 2.8161755943608626 805.05000000000007 0.20639534883720928 0.16688089117395027 3.1252007702167863 46.966461327857637 14.500000000000002 2.5168641297175092 2.9668991407349821 35.500000000000007 18.500000000000004
decision_type=2 2 2 2 2 2 2 2 2 2 2 2 2 2 2 2 2 2 2 2 2 2 2 2 2 2 2 2 2 2
left_child=5 2 3 4 -2 6 7 -1 -9 -10 25 17 -13 -4 16 22 -7 -5 19 -17 -20 -22 -3 -24 -25 28 29 -28 -8 -12
right_child=1 15 13 11 -6 14 10 8 9 -11 26 12 -14 -15 -16 18 -18 -19 20 -21 21 -23 23 24 -26 -27 27 -29 -30 -31
leaf_value=-0.055888942788894405 -0.075415036272393557 0.056143835970522464 -0.06767735071816558 0.052101912615646978 0.029988104570363938 -0.067716554981207364 -0.067764690708397204 0.044579010220792255 -0.089100932084640511 0.00033435729628300477 0.030612863799713948 -0.095629773559478576 0.0093884791678597278 0.046513794655225121 0.029791367574098612 -0.072946770069993686 0.024182969135207774 0.013449625197392005 0.049428694557324231 0.024963574053058685 -0.064744135592976065 0.025537378452933579 -0.051209210451540838 0.047059347460800087 -0.0033945575531069195 0.039131163133874408 -0.055385685845275895 0.039893804282387001 0.02931494028685161 0.050358712024955565
leaf_weight=13.14969704161558 11.959782437654214 38.730444656717737 18.550927940716068 27.535496024735039 6.3033522965488364 16.470790772580592 4.4292752151050072 20.111640091257868 5.4229402689015833 667.77447825495619 26.089825222021318 3.2480632645310825 8.2796899323584494 2.0612704753875724 4.3763390408494152 4.963572815351653 3.0845967715213183 17.980005062010605 13.943418957802349 8.6092017260962148 3.4125820694171116 30.666377215646207 3.1398793059306653 25.531935378872735 3.1260021873458745 0.7974100112915038 1.2738950206112343 0.84923607110977162 0.37955352663993824 23.74531285604462
leaf_count=1109 446 202 800 35 47 1204 686 76 295 12546 478 37 33 1 86 143 54 66 35 36 171 110 223 125 120 2 79 1 1 17
internal_value=0.00451612 0.0170169 -0.00440177 0.00966848 -0.0387986 0.000890235 0.00210477 -0.000146183 0.000911763 -0.000391789 0.0297686 0.0253141 -0.0203394 -0.0558471 -0.0375232 0.0325957 -0.052917 0.0370057 0.0178371 -0.0107483 0.0260258 0.0161875 0.0453706 0.031957 0.0413893 -0.0434174 0.0378295 -0.0149454 -0.0586427 0.0402034
internal_weight=1016 228.042 95.9186 75.3064 18.2631 787.955 764.023 706.459 693.309 673.197 57.5645 57.0433 11.5278 20.6122 23.9317 132.123 19.5554 45.5155 61.5952 13.5728 48.0224 34.079 70.5283 31.7978 28.6579 5.60624 51.9583 2.12313 4.80883 49.8351
internal_count=19264 2630 1465 664 493 16634 15290 14026 12917 12841 1264 171 70 801 1344 1165 1258 101 495 179 316 281 670 468 245 689 575 80 687 495
is_linear=0
shrinkage=0.05


Tree=188
num_leaves=30
num_cat=0
split_feature=20 27 13 17 12 0 24 24 14 19 19 2 6 1 20 20 9 6 4 14 4 13 9 8 15 15 20 8 20
split_gain=17.2444 31.7932 24.383 21.9234 24.8165 13.8018 13.7305 16.9023 11.791 23.9463 26.1013 20.9154 20.086 15.3371 9.94749 9.12736 7.95314 7.88423 7.02264 6.89146 4.41265 3.79153 3.01419 2.36297 4.83256 2.01623 1.93371 0.4404 0.230907
threshold=2.8131544580134538 3.9293569829702624 0.09722448794634761 295.50000000000006 2.9025305132540771 9.5000000000000018 52.500000000000007 156.50000000000003 0.0020110613429319005 200.00500000000002 2951.4450000000002 12314.530000000001 36.500000000000007 9.5000000000000018 3.9737252280670146 1.8132902534642319 0.99550559528138016 10.500000000000002 1.5000000000000002 0.0065848601431679511 2.5000000000000004 0.055109142676368204 0.20074626865671644 3.6537934709879738 0.19763960451190637 0.16936641457014973 1.9583148337368124 3.2618807846960576 3.040251657034597
decision_type=2 2 2 2 2 2 2 2 2 2 2 2 2 2 2 2 2 2 2 2 2 2 2 2 2 2 2 2 2
left_child=6 19 3 4 5 -3 27 26 9 15 -11 12 -10 -13 18 -9 17 -4 -5 21 -19 -2 -21 28 -25 -6 -8 -1 -23
right_child=1 2 16 14 25 -7 7 8 11 10 -12 13 -14 -15 -16 -17 -18 20 -20 22 -22 23 -24 24 -26 -27 -28 -29 -30
leaf_value=0.028384441747297103 -0.041934341838498645 -0.06845864385187915 -0.049730563729665521 -0.059011700894836962 0 0.028337421053903113 -0.05823741739897869 0.041141846171350471 -0.043476886187582747 -0.047013400752423135 -0.0047361917417153843 0.017045193619488998 0.036777480497469608 -0.0073839746175738269 -0.068825445324660589 -0.050006753982139024 -0.063236535661594623 0.011214319230437503 0.032111617080297444 0.040151018146386303 0.039299043892185963 0.058991256761055946 -0.056382644384057892 -0.058276878990300957 0.042821911490493983 0.039126167263452263 -0.12680554467729865 0.047947541647210545 0.044614114846647235
leaf_weight=6.514453811512797 0.95442028115939948 31.497226976425736 2.9900784967576319 2.1558131112979053 5.6611449116462591 4.0350622311234465 3.643952926984638 32.154764263206744 34.704964778849899 41.576999373555736 298.28325113446226 253.1495879855247 9.8980299939576053 85.698900777733797 2.9617032730529891 2.8701962825034562 2.3424269978131624 20.169271583174122 28.619348037485906 1.1105818928917863 50.951096819306258 41.277536213910935 2.1735329078146606 1.2816615019946747 7.2440256224363111 7.601737586199306 2.0320814084843732 13.224240338182424 8.4482051340746676
leaf_count=32 121 763 315 113 47 13 299 321 1235 2054 8315 1878 29 1993 49 410 81 245 237 5 99 132 117 86 44 19 20 48 144
internal_value=0.00433933 0.0166566 0.00473473 -0.014065 -0.0354964 -0.0572774 0.000850632 -0.000209187 0.0004332 -0.00586446 -0.00993521 0.00660313 -0.025513 0.0108517 0.0167977 0.033409 0.0250865 0.028027 0.025396 0.0468518 0.0314315 0.0507881 -0.0220388 0.0524623 0.0265447 0.0224746 -0.0854216 0.0419187 0.0567434
internal_weight=1005.23 221.475 158.985 82.532 48.7952 35.5323 783.751 764.013 758.337 374.885 339.86 383.451 44.603 338.848 33.7369 35.025 76.4529 74.1104 30.7752 62.49 71.1204 59.2058 3.28411 58.2514 8.52569 13.2629 5.67603 19.7387 49.7257
internal_count=19264 2630 1981 1241 842 776 16634 16554 16235 11100 10369 5135 1264 3871 399 731 740 659 350 649 344 527 122 406 130 66 319 80 276
is_linear=0
shrinkage=0.05


Tree=189
num_leaves=31
num_cat=0
split_feature=5 27 13 18 18 24 15 15 18 27 23 6 19 18 16 24 11 8 6 11 14 18 27 15 8 17 18 4 11 8
split_gain=16.1065 29.9579 22.5708 26.7032 13.7747 17.5142 14.121 28.6614 28.9152 23.1059 25.1194 20.1816 14.4915 12.7572 12.6132 13.97 10.3175 10.0541 7.10395 7.03898 6.44061 6.32999 5.3624 5.1602 4.50459 12.8009 3.5162 3.51198 2.93077 2.74837
threshold=2.8131544580134538 3.9293569829702624 0.09722448794634761 1700.5000000000002 1680.5000000000002 1709.5000000000002 0.16122140713139782 0.16532795698924727 579.50000000000011 308.4740192899522 28.314852840520196 20.500000000000004 5468.6820177304971 1312.5000000000002 0.30455486542443072 1407.5000000000002 0.16739098712446351 5.0228554598236856 10.500000000000002 0.90442092154420928 0.0065848601431679511 1802.5000000000002 51.047146542410466 0.13327250608272509 3.9544089717643836 8.5000000000000018 710.50000000000011 4.5000000000000009 0.047247023809523808 3.6537934709879738
decision_type=2 2 2 2 2 2 2 2 2 2 2 2 2 2 2 2 2 2 2 2 2 2 2 2 2 2 2 2 2 2
left_child=4 20 3 14 5 6 9 12 -9 10 -1 -11 -8 27 15 -3 23 -6 -4 -18 26 22 -19 -5 -20 -26 -2 -7 -22 -28
right_child=1 2 18 16 17 13 7 8 -10 11 -12 -13 -14 -15 -16 -17 19 21 24 -21 28 -23 -24 -25 25 -27 29 -29 -30 -31
leaf_value=0.018646942422491038 -0.042235052733197824 -0.075495729344606327 -0.049523183247760463 0.048854783913200792 -0.06255804473756299 -0.06877088043021172 0.050588384057202923 0.016287276103664077 -0.01771992566245989 0.024197181416225802 -0.021002516655835395 -0.024215536096545833 -0.037897925358152236 0.036930751541982693 0.01741458442608864 -0.010715185591189197 -0.061947673019854904 0.025032368675426787 0.043908312483205342 0.046080873847179904 0.041544777778096814 0.043350613881788493 -0.091907006996359855 0.0053737337167886834 0.031831469082655543 -0.03266197315539212 0.056355962384519377 0.017308219772267978 -0.055827960653975495 0.023916945414367209
leaf_weight=48.047285562817706 0.88663177692796935 23.182205271583371 2.9769919326390655 17.245490644600071 14.435594418058828 3.8192617784843597 46.594137321204471 138.8618883282652 113.48094873861373 87.804265962186037 231.77308515602635 28.326856249266712 4.9976820787705938 50.037756159763376 7.7698907833255353 13.313742433601872 5.623140691786829 1.5685583881859186 26.947033122822177 1.9121594429016111 1.0458338260650628 4.7999835715163499 2.1745330989651848 11.752762617288679 34.931902862110292 9.7018552790541417 47.825373837356892 1.5311454937327651 2.109801716862421 8.4719875320733973
leaf_count=1021 94 543 338 53 1284 679 120 1991 3538 1213 5631 337 175 575 58 197 247 14 132 1 2 12 34 142 113 157 281 10 120 152
internal_value=0.0041707 0.0162585 0.00459985 -0.0136601 0.000812417 0.00198117 -0.000155433 0.00794204 0.00097315 -0.00638416 -0.0141723 0.0123346 0.0418633 0.0290211 -0.039769 -0.0520942 0.0178604 -0.0372283 0.0244472 -0.033635 0.0461363 0.00522265 -0.0422258 0.0314831 0.0276582 0.0176593 0.0500005 -0.0433543 -0.0217363 0.0516141
internal_weight=993.95 215.697 155.357 80.7994 778.253 755.274 699.886 303.935 252.343 395.951 279.82 116.131 51.5918 55.3882 44.2658 36.4959 36.5336 22.9787 74.5578 7.5353 60.3396 8.54308 3.74309 28.9983 71.5808 44.6338 57.184 5.35041 3.15564 56.2974
internal_count=19264 2630 1981 1241 16634 15290 14026 5824 5529 8202 6652 1550 295 1264 798 740 443 1344 740 248 649 60 48 195 402 270 527 689 122 433
is_linear=0
shrinkage=0.05


Tree=190
num_leaves=31
num_cat=0
split_feature=22 11 11 10 8 27 14 27 17 27 24 23 17 11 7 14 11 27 19 17 17 8 15 24 9 3 23 13 9 2
split_gain=12.8778 18.3699 26.0974 39.372 21.5221 18.576 16.9525 16.574 16.3231 23.939 14.3942 13.4499 13.3789 12.6199 12.3223 12.1914 18.858 16.0046 17.8451 15.532 20.4718 13.4233 11.6226 11.154 10.0732 14.319 14.7694 8.41965 8.16138 14.9342
threshold=1.5000000000000002 0.18702111481546466 0.15095871110022052 0.12499999999999996 3.9803677202776639 2.6979242161139765 0.071946169772256721 31.505424192989803 191.50000000000003 130.46892890089057 2027.0000000000002 53.063655030800824 6.5000000000000009 0.16093922216973702 1.5000000000000002 0.011516357206012351 0.15854419780152859 690.49237887649986 10014.744847356666 1.0000000180025095e-35 727.50000000000011 4.3189837518975116 0.083722741433021761 450.50000000000006 0.99595957946976632 6125.4900000000007 76.045174537987705 0.066772823779193163 0.99589320650340707 20325.470000000005
decision_type=2 2 2 2 2 2 2 2 2 2 2 2 2 2 2 2 2 2 2 2 2 2 2 2 2 2 2 2 2 2
left_child=14 2 6 23 13 -3 8 11 9 -2 -10 -7 27 -5 -1 24 19 18 -18 -17 -21 -19 -6 -4 28 26 -26 -9 29 -16
right_child=1 5 3 4 22 7 -8 12 10 -11 -12 -13 -14 -15 15 16 17 21 -20 20 -22 -23 -24 -25 25 -27 -28 -29 -30 -31
leaf_value=-0.055903535198130662 -0.032411895535763006 -0.05710326778117622 -0.13892140306892395 -0.052762385641777765 0.02386763683673904 0.046421419083856261 0.035714601886823787 -0.058590721365881573 0.03871311605740993 0.012241896307782819 -0.03402849412465335 -0.023725163930343948 -0.058473857471578829 0.023726348500030824 0.020303447673449861 0.034927570460836325 -0.07112117028564334 0.03199819728857263 0.0051120430341459527 -0.018380335179166145 0.039683930272064405 -0.08176970920712455 -0.056946404781967566 -0.06093505383925571 -0.051080229875101593 0.038785202793905196 0.031690063759586433 0.025308312285072149 0.052341555170339053 -0.014719438948099526
leaf_weight=6.5746878342415576 65.699362421819387 7.5413930156246343 6.5993361371292876 6.1609477953024898 5.2887615959916756 58.15663690967267 34.80473616834206 3.3493205513514139 33.685344591998728 54.909192871058622 8.3607115796730778 7.580069214833201 8.5698607492195134 37.810902935663762 362.42502301485365 45.313802263641264 21.965405953767913 15.491915126629467 11.57246169875725 54.090776443721552 20.975666561716935 2.9972663420776362 24.232400366432557 17.265706517990111 19.268325423906393 11.300247982930157 7.3110328608527189 21.459568956925068 17.513351161091123 32.988562240403553
leaf_count=684 1920 1022 121 110 48 554 93 142 434 538 539 423 658 383 5446 80 627 90 120 438 55 75 992 980 1149 69 96 387 26 964
internal_value=0.00709298 8.21917e-05 -0.00633862 -0.0275169 -0.00927915 0.0178665 0.00408674 0.023673 -0.00266803 -0.0120477 0.0240836 0.0382332 -0.00488137 0.0128006 0.0115535 0.012282 0.000942092 -0.0241525 -0.0447308 0.0118402 -0.00205782 0.0129457 -0.0422679 -0.0831987 0.0166067 -0.0079601 -0.0280922 0.0135911 0.0188738 0.0173659
internal_weight=1031.26 401.474 294.817 97.3581 73.493 106.657 197.459 99.1155 162.655 120.609 42.0461 65.7367 33.3788 43.9719 629.789 623.214 172.407 52.027 33.5379 120.38 75.0664 18.4892 29.5212 23.865 450.807 37.8796 26.5794 24.8089 412.927 395.414
internal_count=19263 9344 6158 2634 1533 3186 3524 2164 3431 2458 973 977 1187 493 9919 9235 1485 912 747 573 493 165 1040 1101 7750 1314 1245 529 6436 6410
is_linear=0
shrinkage=0.05


Tree=191
num_leaves=31
num_cat=0
split_feature=17 19 17 13 18 10 13 24 16 13 15 8 27 11 24 5 12 15 24 17 11 5 8 18 17 6 2 5 15 13
split_gain=12.4112 11.8651 23.7692 19.6568 22.4625 18.9629 15.2581 16.5426 24.1445 26.9793 23.3022 16.1324 16.8989 14.4996 14.2819 13.6789 13.5727 13.128 10.2477 8.29124 7.98369 7.49403 4.61529 4.05028 3.36882 2.82425 2.77765 0.442285 0.0558801 0.0429022
threshold=1406.5000000000002 3694.086666666667 23.500000000000004 0.093028195451581613 1274.5000000000002 0.18895348837209297 0.087919298549219815 529.50000000000011 0.13168094655242757 0.084578545706450473 0.14278585685771314 2.3047039295840395 49.113657120866854 0.05492019605378911 691.50000000000011 1.5064331735036856 2.2516529081881687 0.20245629897528628 513.50000000000011 1656.5000000000002 0.14143877802414387 2.4168974532582639 4.7942475183123294 1638.5000000000002 5.5000000000000009 20.500000000000004 1047580.4800000001 2.8574102859353347 0.38675213675213677 0.078142959770114914
decision_type=2 2 2 2 2 2 2 2 2 2 2 2 2 2 2 2 2 2 2 2 2 2 2 2 2 2 2 2 2 2
left_child=1 2 3 4 14 15 7 10 17 -10 24 -8 16 -14 -1 -5 -13 -9 -12 21 -7 -2 -4 25 -3 -21 -6 -23 29 -29
right_child=19 6 22 5 26 20 11 8 9 -11 18 12 13 -15 -16 -17 -18 -19 -20 23 -22 27 -24 -25 -26 -27 -28 28 -30 -31
leaf_value=0.0059493066446187183 -0.061582231628804329 -0.083307921002379687 -0.057521816497227075 0.0095709124017649763 -0.078923367488789808 0.037733049120329321 -0.055147644538675211 0.019745500031990673 -0.012645280941777288 -0.068010589083876374 0.013165957402222959 -0.0088264797534530776 0.042481213510858575 -0.008200778427447826 0.03599052411966578 -0.056790485739470514 0.029623605263124998 -0.056993203866116983 0.057140506924280687 -0.044285285227245494 -0.005040354412897006 0.028810367118438901 -0.19151820167820122 -0.059616891455611609 -0.026248169534620159 0.046778773569513828 0.033267892029121227 0.050728835243617348 0.058080071040878423 0.036222320531749307
leaf_weight=55.358617110206978 1.481227221986045 5.4903196263185219 6.8080764230471678 11.862619067222111 5.6252102187281698 22.189474680635612 8.885425712232971 69.922411459887371 186.64206730371734 24.938685823795822 78.090206114771718 27.272628469723713 16.199712562127388 104.75073524418895 142.80635759879442 21.627412782469037 137.49630643882665 5.9316169408557462 16.039133119687904 1.1145535183768509 20.974527738024335 3.909451368956069 0.69351674430072296 2.9413281486740743 5.7005898733186768 2.5594724731054157 0.48963612318038929 11.331729420700869 11.693614860152595 5.4298884360614457
leaf_count=998 186 136 455 308 272 99 1282 1216 4144 482 401 1176 45 2342 1258 1370 1352 345 17 320 421 68 8 293 170 4 1 36 3 55
internal_value=0.00683763 0.00570433 0.0142168 0.0165866 0.0246892 -0.00494554 0.00212344 -0.00431905 -0.0105394 -0.0192238 0.0126036 0.0107278 0.0128125 -0.0013418 0.0276308 -0.033177 0.0232275 0.0136117 0.0207647 0.0339645 0.0168691 0.0439916 -0.0729239 -0.0164838 -0.0551747 0.0173873 -0.0687446 0.0491522 0.0516612 0.0465687
internal_weight=1016.26 975.795 288.435 280.934 204.28 76.654 687.36 392.755 287.435 211.581 105.32 294.605 285.719 120.95 198.165 33.49 164.769 75.854 94.1293 40.4613 43.164 33.8459 7.50159 6.61535 11.1909 3.67403 6.11485 32.3647 28.4552 16.7616
internal_count=19263 18298 5190 4727 2529 2198 13108 6911 6187 4626 724 6197 4915 2387 2256 1678 2528 1561 418 965 520 348 463 617 306 324 273 162 94 91
is_linear=0
shrinkage=0.05


Tree=192
num_leaves=21
num_cat=0
split_feature=25 17 19 17 17 4 19 14 12 1 24 24 26 8 5 8 14 17 5 18
split_gain=11.8941 11.401 12.4117 22.1163 18.5971 23.2657 14.3504 14.2399 15.4404 15.3079 13.3813 12.3594 10.6288 13.0445 5.60283 3.65342 3.49355 2.41086 0.575655 0.106739
threshold=1.0000000180025095e-35 1406.5000000000002 3694.086666666667 23.500000000000004 6.5000000000000009 2.5000000000000004 19297.036250000001 0.0071465051802130008 2.8382077920463393 1.5000000000000002 697.50000000000011 3474.5000000000005 1.0000000180025095e-35 3.8912152677174885 2.4168974532582639 4.7942475183123294 0.0020110613429319005 2023.0000000000002 2.8574102859353347 1783.5000000000002
decision_type=2 2 2 2 2 2 2 2 2 2 2 2 2 2 2 2 2 2 2 2
left_child=1 2 3 4 5 -1 7 9 -9 -4 -6 14 13 -8 17 -5 -14 -3 -16 -20
right_child=-2 11 6 15 10 -7 12 8 -10 -11 -12 -13 16 -15 18 -17 -18 -19 19 -21
leaf_value=-0.03074092371464146 0.045216836008636983 -0.059464909219605788 -0.054025323461984603 -0.05723201707791406 -0.00099776325241687563 0.015934518416564538 -0.033185763244458003 -0.024239854786204655 0.012781350108547175 0.0043570553666597766 0.035596209315555766 -0.058184495575418688 0.047980936390565318 0.015160184122669352 0.026037117433209096 -0.1760703841000433 0.014344528100816007 0.032985600666584257 0.053510645237545486 0.038576912353109005
leaf_weight=38.340857091407088 19.4655250996002 1.7658033017542032 11.475917614750868 6.5085049773260826 31.418671209077729 87.218097975259298 16.782836281809068 118.30779873645588 36.689938911615172 365.28530198209774 116.94162824906562 3.2669470036671546 26.537668621414923 79.406494045550062 3.9327174982099704 0.72457741922698904 11.703805841672873 0.97769519559733442 21.744593780480503 5.7403126158314981
leaf_count=1468 49 297 1538 455 778 1194 485 2016 222 8179 1279 411 84 480 78 8 70 68 65 39
internal_value=0.00657429 0.00580087 0.00472344 0.0135325 0.0158363 0.00162873 0.000996762 -0.00268558 -0.0154416 0.00255163 0.0278175 0.0328531 0.0155911 0.00664729 0.0418497 -0.0720572 0.0378812 -0.0247587 0.047885 0.0507241
internal_weight=1004.24 984.77 947.342 281.152 273.919 125.559 666.19 531.759 154.998 376.761 148.36 37.4281 134.431 96.1893 34.1611 7.23308 38.2415 2.7435 31.4176 27.4849
internal_count=19263 19214 18256 5182 4719 2662 13074 11955 2238 9717 2057 958 1119 965 547 463 154 365 182 104
is_linear=0
shrinkage=0.05


Tree=193
num_leaves=26
num_cat=0
split_feature=25 22 18 11 11 27 27 24 24 14 18 19 17 18 14 16 11 6 24 4 7 24 7 19 7
split_gain=11.2956 12.798 18.7189 17.4856 42.2149 19.5635 21.2851 16.7915 16.0917 14.8496 15.6328 13.7011 17.4587 13.567 11.7522 10.8917 7.72214 7.55074 7.32639 6.59593 6.13729 6.20956 1.32821 1.11444 0.347578
threshold=1.0000000180025095e-35 1.5000000000000002 184.50000000000003 0.1706115137314734 0.16364458326483641 430.89795822490765 2.6979242161139765 450.50000000000006 363.50000000000006 0.071946169772256721 145.50000000000003 1339.0783333333336 7.5000000000000009 539.50000000000011 0.10566188197767142 0.90000000000000013 0.68926553672316393 25.500000000000004 774.50000000000011 4.5000000000000009 18.500000000000004 131.50000000000003 19.500000000000004 15287.674920886078 2.5000000000000004
decision_type=2 2 2 2 2 2 2 2 2 2 2 2 2 2 2 2 2 2 2 2 2 2 2 2 2
left_child=1 2 15 4 9 6 -5 -6 20 10 -3 12 -10 -13 -8 19 -7 -9 -11 22 23 -22 -1 -4 -21
right_child=-2 3 8 5 7 16 14 17 11 18 -12 13 -14 -15 -16 -17 -18 -19 -20 24 21 -23 -24 -25 -26
leaf_value=-0.065226688049172948 0.044704165819349717 0.025633890341757344 0.033723756637465775 -0.05616272169961635 -0.13836512359167927 -0.059765128979415306 0.028083374450715244 -0.062282642131931798 -0.01603389915242643 -0.017511594450723488 -0.013847285942675747 -0.020590673979985118 0.036148185022771867 0.0077951463588350062 -0.064327439411017512 0.033456837823195078 0.038661810380715145 0.0014494277444172862 0.042364175857890596 0.041736843549415939 0.034880648581211607 -0.054853700948784258 -0.14364100072512925 0.049261731318545207 0
leaf_weight=12.474697157107585 18.724339556880295 29.852281982861314 46.960036565302289 8.5433050022693333 6.2257713834842461 11.592160799929841 108.49286596508682 17.242695788216228 19.998935437892214 6.2440465866529875 152.16371986434933 47.449534440140269 77.391316740533512 362.76686265332319 3.4294979187543495 4.0303475909022373 2.2654370067175469 6.1353979388586586 24.662247482090606 1.0365304946899407 3.7939827763475469 3.6784795806888724 0.68014460103586394 19.297713863663375 1.0336053857827208
leaf_count=603 49 285 254 1173 76 882 2177 592 696 35 3852 1362 829 5923 124 18 5 58 63 1 7 77 9 33 80
internal_value=0.00630043 0.00555514 0.0100877 -0.00165602 -0.00968191 0.0127943 0.0193022 -0.0655261 0.0117031 -0.00186698 -0.00733404 0.00851561 0.0253759 0.00449537 0.0251522 -0.0382313 -0.0431544 -0.0454088 0.0300887 -0.0576293 0.0335387 -0.00877376 -0.0707113 0.038392 0.0226248
internal_weight=996.166 977.442 600.592 376.849 242.526 134.323 120.466 29.6039 581.337 212.922 182.016 507.607 97.3903 410.216 111.922 19.2553 13.8576 23.3781 30.9063 15.225 73.7302 7.47246 13.1548 66.2578 2.07014
internal_count=19263 19214 9892 9322 4961 4361 3474 726 9181 4235 4137 8810 1525 7285 2301 711 887 650 98 693 371 84 612 287 81
is_linear=0
shrinkage=0.05


Tree=194
num_leaves=31
num_cat=0
split_feature=22 18 18 18 18 15 18 29 4 18 24 19 23 15 12 18 12 24 3 16 12 24 15 2 8 19 24 16 4 4
split_gain=10.1307 18.0096 17.5104 43.3663 17.1586 17.0889 17.9372 18.8981 16.2408 15.0232 14.6012 13.5387 13.3225 15.5294 11.7232 20.1481 14.3334 12.5462 11.9249 11.3004 23.2186 17.839 10.426 10.3613 9.89122 9.4368 7.44908 7.02579 6.3445 5.56158
threshold=1.5000000000000002 184.50000000000003 706.50000000000011 715.50000000000011 671.50000000000011 0.18428403410761537 759.50000000000011 3.5000000000000004 3.5000000000000004 846.50000000000011 363.50000000000006 64558.278928571439 44.280629705681044 0.16365674684060333 2.6275560975475574 145.50000000000003 2.1440192007374055 435.50000000000006 2.0224891493885573 0.13168094655242757 2.3876267655347125 625.50000000000011 0.90000000000000013 12316.455000000002 3.6402717280806791 2951.4450000000002 450.50000000000006 0.26646942800788959 4.5000000000000009 2.5000000000000004
decision_type=2 2 2 2 2 2 2 2 2 2 2 2 2 2 2 2 2 2 2 2 2 2 2 2 2 2 2 2 2 2
left_child=1 22 4 26 14 6 8 -8 -5 -7 12 19 13 -3 15 17 -17 -2 -16 21 -21 -12 28 -6 -11 -20 -4 -13 -1 -14
right_child=2 10 3 5 23 9 7 -9 -10 24 11 27 29 -15 18 16 -18 -19 25 20 -22 -23 -24 -25 -26 -27 -28 -29 -30 -31
leaf_value=-0.070410835952628717 -0.054265594203607895 -0.098916123496936098 -0.13979080400389973 -0.060907034080685478 0.04256039251975377 -0.054031082240938645 -0.048529462563954157 0.0066077184389188347 0.045145072165006253 0.04396087821772246 -0.054471858233609796 -0.027829857121162257 0.045182540393196698 0.039820393710916481 -0.044194461524849647 -0.049899565136119123 -0.005104217554055112 0.035522113299440904 -0.055915135294076324 -0.01413052009644959 0.012885007728037443 0.032939684047276839 0.032090016333364835 -0.039243542759593825 0.0014257380645106713 0.033877013364065053 -0.064193013527475445 -0.15865142046311012 0.022039126674652965 -0.0039430431951387656
leaf_weight=12.764781966947341 4.34211737851001 3.8476679328523451 5.5059769153594962 4.4845032335761088 44.030530548559909 6.7207619199398314 46.917478076946281 22.958508349071053 16.548857969446544 29.867331585017382 6.1849048662625128 3.1495287462021215 57.722674785996787 3.980549835752754 6.2569742848754677 28.989855036998051 47.068684883030073 29.831561245056946 2.9912421590997829 105.68763222805137 319.08456170464069 77.032411371415947 4.0250575386453411 4.1019544286791634 25.601017444561876 47.014712054289703 9.7169156888412527 1.5644642646075224 2.0296025756761074 6.1760970680843448
leaf_count=599 196 84 27 266 242 435 2671 207 84 533 234 69 116 66 240 1927 1019 286 96 3385 3841 1281 34 153 459 327 176 23 82 105
internal_value=0.00604806 0.0100854 -0.000299827 -0.0123816 0.00915335 -0.00431782 -0.0181518 -0.0303585 0.022116 0.0158214 0.0116445 0.0086714 0.0327847 -0.0281272 0.00151363 -0.00793197 -0.0222868 0.0238427 0.0200897 0.00946925 0.00614976 0.0263255 -0.0378717 0.0354183 0.024457 0.0283052 -0.0925962 -0.0746789 -0.0573294 0.0403575
internal_weight=986.199 603.25 382.949 168.321 214.628 153.098 90.9093 69.876 21.0334 62.1891 584.43 512.704 71.727 7.82822 166.495 110.232 76.0585 34.1737 56.2629 507.99 424.772 83.2173 18.8194 48.1325 55.4683 50.006 15.2229 4.71399 14.7944 63.8988
internal_count=19263 9919 9344 4858 4486 4655 3228 2878 350 1427 9204 8833 371 150 4091 3428 2946 482 663 8741 7226 1515 715 395 992 423 203 92 681 221
is_linear=0
shrinkage=0.05


Tree=195
num_leaves=31
num_cat=0
split_feature=23 23 27 19 6 18 17 16 27 14 13 11 19 0 2 20 16 24 15 29 20 19 19 7 4 23 24 18 23 17
split_gain=16.2357 50.6799 17.3828 25.1471 20.8889 19.8713 16.557 15.3349 26.4996 19.7499 18.3469 17.2589 15.4462 13.3884 13.168 18.3609 12.9456 10.8909 10.5259 9.31291 9.17326 9.15675 6.96597 5.89521 4.6092 2.52855 2.45986 3.27165 1.74822 12.0725
threshold=69.091033538672164 69.329226557152651 0.31258137801798969 25958.352500000005 21.500000000000004 539.50000000000011 1406.5000000000002 0.21401682826809074 1.5903132647451026 0.020513359983168503 0.073189727224375015 0.18752316530763527 1148.4216666666669 7.5000000000000009 3234.8600000000006 3.5676559873972948 0.11796331435800127 1228.5000000000002 0.13608531196165083 3.5000000000000004 2.8574102859353347 2031.6336666666668 47238.163666666675 17.500000000000004 3.5000000000000004 24.15468856947297 3393.5000000000005 1556.5000000000002 77.630390143737188 465.50000000000006
decision_type=2 2 2 2 2 2 2 2 2 2 2 2 2 2 2 2 2 2 2 2 2 2 2 2 2 2 2 2 2 2
left_child=6 -2 16 4 5 -4 7 8 25 10 -10 12 13 -9 21 -16 28 -6 -14 -11 24 -13 -5 -24 -8 -1 -22 -28 29 -3
right_child=1 2 3 22 17 -7 20 11 9 19 -12 14 18 -15 15 -17 -18 -19 -20 -21 26 -23 23 -25 -26 -27 27 -29 -30 -31
leaf_value=0 0.082929600270745418 -0.054578032615230011 0 0.044130263970699413 -0.0096638907276274198 -0.049977176704652376 -0.061482955401445549 -0.056234294279112779 0.017836043385323543 -0.056943723713404407 -0.0090791555330868631 0.046151848739779455 -0.0014947046994216178 0.042176700637163833 -0.065960028909509014 0.024034068106763697 -0.051388034887687534 0.03656817179069264 0.020959022095089486 0.00014398042950709226 0.051467935490360245 -0.055820597171713907 -0.06123020422635627 0.022257460283038481 0.026463043656994867 -0.058714885866543609 0.045247859914489368 -0.052026102524949935 0.052522986693305379 0.054869533664592643
leaf_weight=2.0057006043261962 25.051653462767717 3.1724090701318319 38.289904155491968 34.224113399162889 23.722958641134028 41.573237362001237 3.2277191198299979 14.159584512311996 96.268972606056195 24.023535426891613 184.48031907524091 8.8036329706010275 72.363140417803152 4.4222919195890418 21.001437487422667 7.592961753907729 3.7210512080055187 27.005219676277193 183.3757449774057 9.9014966617833107 25.214812784361133 2.7965299516472433 2.9816827405302302 6.5829914099304006 2.5245317293592962 26.366376304424193 1.9979209124576294 1.356357533506525 26.021022180095315 10.53387421410298
leaf_count=225 83 100 565 74 288 1858 566 589 1797 429 4847 119 1261 4 1535 54 301 103 1691 95 72 298 41 26 36 1900 4 113 47 24
internal_value=0.00458593 0.0157058 0.00791716 0.000830481 -0.0101375 -0.0260851 0.00067347 -0.00108853 -0.00840509 -0.00420694 0.000135331 0.006876 0.0113731 -0.0324455 -0.023644 -0.0418883 0.0361775 0.014873 0.0145879 -0.0401835 0.0344819 0.0208743 0.0336028 -0.00361581 -0.0222384 -0.0546129 0.0461144 0.00409863 0.0446133 0.0289632
internal_weight=934.763 242.88 217.828 174.38 130.591 79.8631 691.883 657.562 343.046 314.674 280.749 314.515 274.321 18.5819 40.1946 28.5944 43.4484 50.7282 255.739 33.925 34.3213 11.6002 43.7888 9.56467 5.75225 28.3721 28.5691 3.35428 39.7273 13.7063
internal_count=19145 3510 3427 2955 2814 2423 15635 14844 9293 7168 6644 5551 3545 593 2006 1589 472 391 2952 524 791 417 141 67 602 2125 189 117 171 124
is_linear=0
shrinkage=0.05


Tree=196
num_leaves=31
num_cat=0
split_feature=23 23 17 16 17 24 16 24 5 23 28 4 11 6 19 4 4 14 6 6 23 11 19 5 14 26 24 14 24 4
split_gain=14.9868 45.2454 15.5644 14.7097 19.7384 34.1459 13.9589 18.8566 22.653 19.2841 16.7087 21.1175 15.9544 14.6589 14.1886 12.7296 12.7235 12.0314 14.0786 11.8644 11.9442 10.1206 9.01311 8.65639 8.64681 8.21047 4.97055 5.86163 5.0482 4.35378
threshold=69.091033538672164 69.329226557152651 1406.5000000000002 0.12522401433691757 6.5000000000000009 1453.5000000000002 0.21401682826809074 741.50000000000011 2.5570630694570435 34.648870636550321 1.0000000180025095e-35 5.5000000000000009 0.18752316530763527 6.5000000000000009 1148.4216666666669 3.5000000000000004 4.5000000000000009 0.031498015873015858 15.500000000000002 38.500000000000007 79.110198494182086 0.17293726874102941 1773.9550000000002 2.8574102859353347 0.0078186130672926023 1.0000000180025095e-35 786.50000000000011 0.10033557046979867 771.50000000000011 3.5000000000000004
decision_type=2 2 2 2 2 2 2 2 2 2 2 2 2 2 2 2 2 2 2 2 2 2 2 2 2 2 2 2 2 2
left_child=2 -2 6 25 19 16 7 8 9 -1 13 -12 14 -9 15 -8 -6 18 -14 20 -5 -7 -16 29 -10 26 28 -28 -3 -4
right_child=1 3 23 4 5 21 12 10 24 -11 11 -13 17 -15 22 -17 -18 -19 -20 -21 -22 -23 -24 -25 -26 -27 27 -29 -30 -31
leaf_value=0.016723664747607517 0.078541834204604144 0.024476161262442231 -0.060992536400553035 0.021015817052756704 -0.070664247046215212 0.028018598496302439 -0.066316456339895899 -0.052106567509210271 0.041937900966276899 -0.019554520303313158 -0.043333065879602575 0.025471036981274672 -0.058128260190981822 0.025461890616245597 0.038833730236101968 0.018381286208424948 0.035212886765733031 -0.070754544874970668 0.016663568108302093 -0.084422473261505024 -0.06845326293897773 -0.058955765504666406 0.01035105773276331 0.045662334091948677 -0.011674995793365617 -0.055184489866841158 -0.053119647478924496 0.04686906807589955 0.056462876800627206 0.02565512951937346
leaf_weight=54.293836919719979 25.131750184242264 34.781023800765979 3.0951552990827613 84.433052889784449 27.583720836541037 24.457582122842727 10.721074993754884 7.8617578640314596 38.290776040979836 111.56935686072757 81.661566695825968 12.749905507678703 9.0723872866656183 25.621713925545919 31.901707975295722 7.3320357103366396 3.0350330021465188 9.8650231054416491 19.821891990897711 2.8655209218268274 3.7832293979045053 3.7481254166923454 221.96972666579131 27.439088148672454 9.1370385303744097 2.7157922253682036 3.4449390570880487 2.3690110585739603 20.166586775332689 2.4781812917935895
leaf_count=1082 83 246 566 929 1102 317 563 856 274 2570 3915 192 1455 306 127 30 7 302 249 35 133 263 2825 189 98 103 276 4 12 36
internal_value=0.00441042 0.0152024 0.00064305 0.00768578 -0.000828639 -0.023414 -0.00104803 -0.00803551 0.00104601 -0.00764613 -0.0232088 -0.0339713 0.00660949 0.00699938 0.0109012 -0.0317304 -0.0599261 -0.023322 -0.00676703 0.0137128 0.0170491 0.0161169 0.0139638 0.0340888 0.0315013 0.0278415 0.0317192 -0.0114282 0.0363878 -0.0218103
internal_weight=923.398 238.515 684.882 213.384 149.906 58.8245 651.87 341.186 213.291 165.863 127.895 94.4115 310.684 33.4835 271.925 18.0531 30.6188 38.7593 28.8943 91.0818 88.2163 28.2057 253.871 33.0124 47.4278 63.4774 60.7616 5.81395 54.9476 5.57334
internal_count=19145 3510 15635 3427 2786 1689 14844 9293 4024 3652 5269 4107 5551 1162 3545 593 1109 2006 1704 1097 1062 580 2952 791 372 641 538 280 258 602
is_linear=0
shrinkage=0.05


Tree=197
num_leaves=31
num_cat=0
split_feature=23 23 6 11 23 8 13 19 11 16 17 24 29 4 11 19 5 26 23 13 16 10 23 23 24 14 24 5 17 13
split_gain=13.7994 40.5731 14.7432 15.7141 18.8144 43.5637 21.5459 19.7597 18.6029 13.6622 18.2496 32.0834 17.7397 11.9962 9.4312 9.3743 9.17976 7.66207 7.38065 19.147 14.6207 7.03609 6.22374 9.11355 4.55212 5.55198 5.03835 4.168 1.64646 1.44104
threshold=69.091033538672164 69.329226557152651 2.5000000000000004 0.047247023809523808 53.278576317590698 3.8630770068093625 0.013606071825249902 1300.6283333333338 0.13628217660475722 0.12522401433691757 6.5000000000000009 1453.5000000000002 3.5000000000000004 4.5000000000000009 0.17293726874102941 25958.352500000005 1.9583148337368124 1.0000000180025095e-35 60.286105407255313 0.071126025354213265 0.32230727173318757 0.07848837209302327 28.064339493497609 55.675564681724858 786.50000000000011 0.10033557046979867 771.50000000000011 3.8805698805813322 20.500000000000004 0.10146264506123322
decision_type=2 2 2 2 2 2 2 2 2 2 2 2 2 2 2 2 2 2 2 2 2 2 2 2 2 2 2 2 2 2
left_child=2 -2 16 18 6 27 -5 -8 -7 17 12 13 15 -12 -13 -11 -1 24 19 20 -4 -21 -18 -24 26 -26 -3 -6 -20 -14
right_child=1 9 3 4 5 8 7 -9 -10 10 11 14 29 -15 -16 -17 22 -19 28 21 -22 -23 23 -25 25 -27 -28 -29 -30 -31
leaf_value=-0.053819996818641094 0.074612211163982298 0.023517373077057709 -0.053836020258670007 -0.062940254137329857 -0.062876520247042211 0.021971892440602062 -0.03569299025462274 0.0096910217040737205 -0.019072558453697222 0.0065188738747793996 -0.069815407447475705 0.027083294309839995 -0.091872478517116121 0.034540751169299846 -0.058419504567767261 0.041628058895310398 0.044841609809346476 -0.054645949894846391 0.0078884681446255104 -0.056300353719077573 0.02671231079382777 0.042658502470170431 -0.082373539005522509 0.026147275496157887 -0.052776120151407896 0.046594557796930863 0.05593096025424326 0.026989416813470057 0.0439435813780528 -0.019043347939527704
leaf_weight=19.490931277468921 25.137423070947989 34.403034683840815 14.772918748782105 11.307075657725361 39.505561003094044 52.450233862226014 25.51604080888319 368.88575944106833 58.04963861089891 55.887653279627557 26.550661254957962 24.051120997322872 3.8805014524841672 2.943675148242618 3.5981260797598216 29.100617373303976 4.8492993359977827 2.6091195533590499 3.9745151966926633 1.789639085218371 8.8975744813360489 28.508930678188335 3.6949019669846166 3.7770204842963722 3.2983570021897313 2.2669924193178304 19.36180393723771 1.2019886623020273 30.428081514612131 1.1162767888163214
leaf_count=2174 83 246 381 795 2325 259 1429 6224 1202 936 1102 317 76 7 263 71 43 103 39 238 125 62 119 40 276 4 12 16 164 14
internal_value=0.00424373 0.0147034 0.000616762 0.00226429 -0.000836569 -0.0158918 0.00476473 0.0067339 0.000366779 0.0074441 -0.00082026 -0.0229274 0.0131729 -0.0591497 0.0156058 0.0186341 -0.032548 0.0271253 0.0218412 0.0101477 -0.0233631 0.0364829 0.000862119 -0.0272356 0.0308913 -0.0113079 0.0353652 -0.0600408 0.039958 -0.0772764
internal_weight=911.305 234.205 677.1 645.288 556.916 151.207 405.709 394.402 110.5 209.068 147.129 57.1436 89.985 29.4943 27.6492 84.9883 31.8122 61.9393 88.3717 53.9691 23.6705 30.2986 12.3212 7.47192 59.3302 5.56535 53.7648 40.7075 34.4026 4.99678
internal_count=19145 3510 15635 13259 12250 3802 8448 7653 1461 3427 2786 1689 1097 1109 580 1007 2376 641 1009 806 506 300 202 159 538 280 258 2341 203 90
is_linear=0
shrinkage=0.05


Tree=198
num_leaves=29
num_cat=0
split_feature=17 19 14 16 8 11 3 15 13 13 8 6 19 5 14 29 14 14 27 17 27 24 1 4 13 29 27 18
split_gain=11.1579 10.3702 14.7605 28.5968 23.4645 12.7689 11.9039 12.3292 23.4542 12.1577 11.7784 11.503 7.73447 6.8667 6.83556 6.38141 4.80906 5.47918 3.74845 3.69933 3.47335 2.88773 2.07038 1.90364 1.86538 1.02578 7.93501 0.454099
threshold=1406.5000000000002 29028.020000000004 0.031498015873015858 0.32529069767441865 5.987538203217678 0.17361310471815933 6585.3100000000004 0.21455026455026452 0.11495789538385881 0.095565503483875811 5.5568326345708225 16.500000000000004 30452.145333333337 2.4168974532582639 0.071946169772256721 1.0000000180025095e-35 0.10566188197767142 0.50423728813559332 130.46892890089057 1729.5000000000002 25682.824883416612 496.50000000000006 14.500000000000002 9.5000000000000018 0.058939323761000452 2.5000000000000004 290.89429300265289 777.50000000000011
decision_type=2 2 2 2 2 2 2 2 2 2 2 2 2 2 2 2 2 2 2 2 2 2 2 2 2 2 2 2
left_child=1 2 6 4 11 10 7 9 -9 -1 15 -4 -7 22 18 20 27 -18 -12 25 -3 -17 -2 -21 -6 26 -15 -5
right_child=13 5 3 16 24 12 -8 8 -10 -11 14 -13 -14 19 -16 21 17 -19 -20 23 -22 -23 -24 -25 -26 -27 -28 -29
leaf_value=0.011120872111350811 -0.060160517560015163 -0.056593103953329553 -0.073710681269777742 0.029218621113533096 0.0037970926445301204 0.034168696367813001 -0.061163574515764707 -0.037284652299495867 0.017168449857956916 -0.0053733091775341304 -0.017920769597236076 -0.028438910147818255 -0.067782065603704852 -0.058390595748621536 0.020156214677848547 0.045926542920932963 -0.068359208830133772 0.045176819034957266 -0.11181584039334212 -0.052303751705432937 0.030309609273879469 0.024934711790245673 0.033066387065034557 0.038444856070487414 0.042956384882164245 0.051076047616229241 0.048098423839068705 0.048552007200975134
leaf_weight=437.26384587521534 2.4056488278592947 2.9851490912260479 22.437976448494737 7.361995522209333 5.3956203775887825 2.4874767721048539 6.8900560034744549 46.02318598625061 34.392580114705197 149.52154394470654 2.1171240340918285 39.393637515640876 6.2409724613680737 1.9738422498012393 3.4415589347481728 33.306342650728766 2.265313170340959 1.792870908975601 2.5044278700370342 1.5626023450131463 1.6712106620398115 36.460135846296907 0.63483921962324519 0.73883354663848866 7.9654112481512129 18.004531400190899 10.359676415981083 11.908877476962514
leaf_count=7496 550 93 539 29 51 20 400 2238 1044 5210 14 408 266 162 10 39 75 3 28 154 15 167 14 1 8 40 48 23
internal_value=0.004082 0.00294196 0.00105169 -0.0170065 -0.0320366 0.0188796 0.00370053 0.00438693 -0.0139414 0.00690919 0.0250088 -0.0450407 -0.0381034 0.0314577 -0.0317972 0.0312648 0.0311539 -0.0171173 -0.0711522 0.0382412 -0.0243702 0.0350791 -0.03867 -0.0207007 0.0276597 0.0429301 0.0303213 0.0416132
internal_weight=899.507 863.827 772.613 98.5217 75.1926 91.2144 674.091 667.201 80.4158 586.785 82.4859 61.8316 8.72845 35.68 8.06311 74.4228 23.3291 4.05818 4.62155 32.6395 4.65636 69.7665 3.04049 2.30144 13.361 30.3381 12.3335 19.2709
internal_count=19145 18176 17524 1136 1006 652 16388 15988 3282 12706 366 947 286 969 52 314 130 78 42 405 108 206 564 155 59 250 210 52
is_linear=0
shrinkage=0.05


Tree=199
num_leaves=31
num_cat=0
split_feature=23 23 27 6 24 17 6 11 23 8 13 9 16 13 14 17 20 13 20 23 13 23 27 4 24 18 17 23 17 7
split_gain=12.5963 36.208 14.9508 13.8552 27.18 13.7119 12.1538 16.162 19.0698 41.2074 18.3703 11.5021 10.8753 10.6703 11.4597 9.42101 8.75797 7.94732 7.58503 7.0185 17.2362 5.80064 9.63624 3.83178 2.43647 2.93753 1.61884 1.53134 11.0975 0.133397
threshold=69.091033538672164 69.329226557152651 0.31258137801798969 15.500000000000002 450.50000000000006 1406.5000000000002 2.5000000000000004 0.047247023809523808 53.278576317590698 4.2779667576590503 0.013606071825249902 0.25098425196850399 0.11796331435800127 0.060840188014101057 0.045649908830424558 5.5000000000000009 1.9583148337368124 0.11319403146456182 2.8574102859353347 60.286105407255313 0.071126025354213265 28.064339493497609 0.0017891463054638503 3.5000000000000004 3393.5000000000005 1556.5000000000002 20.500000000000004 77.630390143737188 465.50000000000006 12.500000000000002
decision_type=2 2 2 2 2 2 2 2 2 2 2 2 2 2 2 2 2 2 2 2 2 2 2 2 2 2 2 2 2 2
left_child=5 -2 12 4 15 6 16 19 10 -10 -9 -6 27 14 -5 -4 -1 -15 23 20 -8 -18 -23 -7 -20 -26 -21 28 -3 -29
right_child=1 2 3 13 11 18 7 8 9 -11 -12 -13 -14 17 -16 -17 21 -19 24 26 -22 22 -24 -25 25 -27 -28 29 -30 -31
leaf_value=-0.053605021318875595 0.070666629390868305 -0.053965647540782237 0.034682183535808313 -0.08893453809452391 -0.0073511775851966832 -0.0600698502465025 -0.022702141137745491 -0.062397486989016454 -0.051617766511623121 0.003902473442999219 0.0047190079384565623 -0.060195053691924509 -0.05076329278558292 0.025094757311249632 0.0056123592943214404 -0.030393239493234678 0.044372611316734971 -0.055746256196072208 0.050096740677160218 0.0066792161882333854 0.035498975705795591 0.033327286248062214 -0.080432630203230715 0.024489070404042773 0.044298844726153343 -0.051718775585977941 0.042999131607262722 0.043756610618604801 0.053929725484953575 0.057493895869208791
leaf_weight=18.346444848242758 25.048544032601058 3.0212418650044102 24.631467316779894 4.6596033308196629 16.777011571182811 2.8186575725212633 23.11955685358771 10.3765061954291 56.435156953792102 81.345741681550862 371.23378679674443 27.688842223378742 3.2652996015676754 70.489838470948598 9.5148934434546373 7.0122245578968423 4.6612258035238465 3.0486832191854765 22.30414460536122 3.8510604352341025 27.915457994193275 3.3914525256695924 3.8188413430034416 2.2966180949879345 1.7098064729943865 1.3181666652235433 28.794347705857945 11.879287904390367 9.6776090103667229 11.177691459655762
leaf_count=2008 83 100 93 74 332 566 469 745 2830 799 7340 1624 301 535 82 97 41 118 72 39 268 11 139 36 4 113 155 46 24 1
internal_value=0.00391343 0.0140536 0.00700657 0.000343685 -0.0152243 0.000422727 -0.00114771 0.000396983 -0.0028812 -0.0188233 0.00286505 -0.0404304 0.0347792 0.0139111 -0.0255232 0.0200537 -0.0320403 0.0216043 0.0331475 0.020783 0.00904246 0.00103796 -0.0265163 -0.0214049 0.0444006 0.000583922 0.0389008 0.0428504 0.0276481 0.0508517
internal_weight=891.629 227.892 202.844 163.823 76.1095 663.737 633.29 603.072 519.391 137.781 381.61 44.4659 39.0211 87.713 14.1745 31.6437 30.218 73.5385 30.4474 83.6804 51.035 11.8715 7.21029 5.11528 25.3321 3.02797 32.6454 35.7558 12.6989 23.057
internal_count=19145 3510 3427 2955 2146 15635 14844 12645 11714 3629 8085 1956 472 809 156 190 2199 653 791 931 737 191 150 602 189 117 194 171 124 47
is_linear=0
shrinkage=0.05


Tree=200
num_leaves=31
num_cat=0
split_feature=8 27 6 2 23 11 5 13 23 15 23 23 8 24 27 27 17 17 5 15 5 6 2 15 11 16 15 23 13 16
split_gain=15.3403 18.5577 18.0683 14.4006 27.4307 25.4651 13.6516 17.5898 16.7802 20.1933 22.0905 15.3517 22.0976 15.1488 13.9029 13.1308 12.9597 11.8894 11.6898 11.6575 11.6323 12.3354 10.5082 10.3002 10.0054 8.9846 6.52098 5.76652 4.24271 2.51356
threshold=3.7306582894673368 510550.84000000003 10.500000000000002 12316.455000000002 37.778234086242307 0.15731751295776439 2.7803728552821689 0.086962761443618017 61.685147159479818 0.16178850180849039 50.171115674195768 72.088980150581804 3.2618807846960576 887.50000000000011 0.24991562401196094 3.6263242141457233 2.5000000000000004 65.500000000000014 3.1965049284923421 0.1441499941499941 1.8132902534642319 10.500000000000002 12314.530000000001 0.18428403410761537 0.13798908626494832 0.059411764705882351 0.040270270270270254 52.573579739904183 0.055109142676368204 0.11566332218506127
decision_type=2 2 2 2 2 2 2 2 2 2 2 2 2 2 2 2 2 2 2 2 2 2 2 2 2 2 2 2 2 2
left_child=6 2 25 15 23 -6 7 8 9 10 -1 14 -13 20 -10 18 -8 -11 -4 27 21 -9 -17 -5 -18 -2 -3 -15 -26 -30
right_child=1 26 3 4 5 -7 16 13 11 17 -12 12 -14 19 -16 22 24 -19 -20 -21 -22 -23 -24 -25 28 -27 -28 -29 29 -31
leaf_value=-0.0010708280352561533 0.043474693166355757 0.038603518314611923 -0.064894957772156647 0.021870053579506582 -0.0074575412497105255 -0.066079012361082309 -0.072188144777893509 -0.032060386002333428 -0.055647022642788882 0.030026602065842574 -0.068357752303584804 0.018265106703251731 -0.0745690634908973 0.044400896914199489 0.041811247094918763 -0.0001396728597506891 -0.049668397289294522 -0.053856765810571611 0.029486884741703853 -0.051869287551753109 -0.057829320300509329 0.02922398477144536 0.019651356203407262 -0.058342457438282584 -0.045053393968612826 -0.062481833956336899 -0.070793955465305161 -0.046504210013498914 -0.042782906851778005 0.045430913204832009
leaf_weight=80.316924011420269 2.1782077709067407 1.4141572790103953 10.384728067150716 55.691150925047623 52.084992751329992 28.877982309109939 2.6592960722591661 21.984428158400988 3.6782869636881506 63.013995942241309 14.317685147747396 40.503819846322585 7.5062162828762657 18.904292689034271 95.439019157049188 106.30683285155101 2.9678689612301232 4.3971253565450743 4.6204809552582438 4.4650673313608413 19.225110727615174 12.913851233795866 179.33187410450773 4.1871255158293925 1.2263219974811352 14.93689409790022 11.694612686926119 1.7870410310715659 0.68589255192637111 60.410989906453324
leaf_count=2034 10 4 425 697 575 1476 154 1643 248 831 736 667 165 407 767 1721 384 635 50 855 1556 165 716 202 183 583 304 335 73 664
internal_value=0.00634246 8.49036e-06 0.00170164 0.00367093 -0.00950023 -0.0284841 0.0128764 0.00923687 0.0146312 0.00349207 -0.0113652 0.0268551 0.00352202 -0.0117286 0.0380917 0.0098589 0.0335652 0.0244093 -0.0354986 0.0201638 -0.0266541 -0.00922099 0.0122707 0.0160897 0.0380528 -0.0485323 -0.0584109 0.0361233 0.0423831 0.0442906
internal_weight=928.112 471.709 458.6 441.485 140.841 80.963 456.403 388.453 309.173 162.046 94.6346 147.127 48.01 79.2798 99.1173 300.644 67.9504 67.4111 15.0052 25.1564 54.1234 34.8983 285.639 59.8783 65.2911 17.1151 13.1088 20.6913 62.3232 61.0969
internal_count=19265 6763 6455 5862 2950 2051 12502 11044 6083 4236 2770 1847 832 4961 1015 2912 1458 1466 475 1597 3364 1808 2437 899 1304 593 308 742 920 737
is_linear=0
shrinkage=0.05


Tree=201
num_leaves=31
num_cat=0
split_feature=27 23 17 17 19 19 19 17 0 14 5 14 23 14 13 24 13 14 12 5 11 11 1 10 6 18 10 10 14 18
split_gain=13.6414 16.0424 15.1443 13.3686 25.1502 20.9811 15.4522 18.8714 13.9745 12.9896 18.4023 17.2117 11.4547 14.9713 11.9484 11.3851 10.1292 9.23766 11.6593 8.90479 8.50355 7.91549 6.60302 6.44654 6.33866 4.85106 4.24068 5.69031 3.91999 3.78521
threshold=3514.6202037496455 43.16632443531828 31.500000000000004 3.5000000000000004 1990.5468253968256 33410.898750000008 2031.6336666666668 23.500000000000004 5.5000000000000009 0.03858560794044661 3.2744963924547226 0.0069013145361020512 49.463381245722111 0.0057090427752085502 0.04922070580634736 859.50000000000011 0.14031118520282601 0.0036798559202686006 2.6146506489016423 2.2883101814621498 0.040270270270270254 1.0000000180025095e-35 4.5000000000000009 0.037790697674418554 28.500000000000004 496.50000000000006 0.20058139534883718 0.24709302325581398 0.77998274374460752 601.50000000000011
decision_type=2 2 2 2 2 2 2 2 2 2 2 2 2 2 2 2 2 2 2 2 2 2 2 2 2 2 2 2 2 2
left_child=3 2 19 4 20 6 7 16 26 11 -11 -8 14 23 25 -15 -5 18 -3 24 -1 -19 -16 -14 -2 -6 28 -28 -7 -20
right_child=1 17 -4 5 12 8 9 -9 -10 10 -12 -13 13 15 22 -17 -18 21 29 -21 -22 -23 -24 -25 -26 -27 27 -29 -30 -31
leaf_value=0.016779711888886186 -0.050747837170038439 -0.055682717573437228 -0.070258655400577283 0.033036014835804227 0.002049313504034238 -0.067115454541203864 0.0092844275908019764 -0.073444687251010735 0.04707853114545478 0.032423352460576489 -0.063349805354871086 -0.020303180466300721 0.02503727875961528 0.0084033414554238323 0.029592709006981896 -0.060731190391730631 -0.052259213601010893 0.039883967822623927 -0.05698410310785821 0.036396865807029312 -0.066400325965343329 -0.073399838151267813 0.0047280443383249625 -0.055345823689702534 0.030941711046991779 -0.071431742041480825 -0.20475178468249478 -0.067191051196029902 0.0399924617269653 0.033864056195823403
leaf_weight=3.5257411027632797 6.1187489695021196 8.5872471736765892 5.2271018714363882 134.80190247221435 3.588793202172381 5.5532628911896591 310.92339823550265 4.3589998291354268 2.7101713716983786 79.185641180345556 5.2302226276660795 58.207356771745253 2.699606935781051 60.094219244390843 57.544112067960668 6.5050348485383429 3.4419735150877377 1.5771381211234281 1.1809375121665642 24.492331984438351 18.586575991979771 16.571892854670295 50.841643810550522 19.901512229927903 3.6799438039306551 5.3573508886256604 1.312377935741097 2.3177781645063078 0.87622198462486256 9.1618783683879865
leaf_count=54 349 535 275 1682 46 199 8504 371 3 389 68 1028 41 621 336 174 353 6 35 209 1051 521 1154 917 12 175 19 38 2 98
internal_value=0.00610957 -0.0140516 0.0080059 0.00796079 -0.00232893 0.0118325 0.0132007 0.027568 -0.0512611 0.00866729 0.0263624 0.00460105 0.00308387 -0.010383 0.0133646 0.00149478 0.03084 -0.0376529 -0.0127734 0.020251 -0.0528966 -0.063117 0.0179904 -0.0454562 -0.0195612 -0.0417049 -0.0784496 -0.122418 -0.0513639 0.0225659
internal_weight=914.161 76.5972 39.5181 837.564 228.645 608.919 596.149 142.603 12.7698 453.547 84.4159 369.131 206.532 89.2004 117.332 66.5993 138.244 37.0791 18.9301 34.291 22.1123 18.149 108.386 22.6011 9.79869 8.94614 10.0596 3.63016 6.42948 10.3428
internal_count=19265 2040 845 17225 4569 12656 12395 2406 261 9989 457 9532 3464 1753 1711 795 2035 1195 668 570 1105 527 1490 958 361 221 258 57 201 133
is_linear=0
shrinkage=0.05


Tree=202
num_leaves=31
num_cat=0
split_feature=8 27 8 11 8 24 6 2 15 5 27 11 16 12 24 9 24 24 27 12 15 13 3 10 27 6 10 27 27 24
split_gain=13.5837 18.0445 17.5647 16.3575 13.6283 19.5954 18.9025 14.43 9.64233 20.4271 16.1154 9.56277 8.14762 7.98187 14.6773 40.0076 39.3425 11.5719 8.46788 7.45123 5.94407 5.80602 5.29104 5.21337 2.63002 2.25161 1.79781 0.624908 2.8174 0.48277
threshold=3.4397019787254108 510550.84000000003 3.627748091029646 0.021583850931677005 3.7034651875097393 783.50000000000011 10.500000000000002 12316.455000000002 0.12461180124223602 1.7888543519998328 0.11379012198003587 0.20340095199964411 0.059411764705882351 2.6146506489016423 574.50000000000011 0.79952153110047852 571.50000000000011 529.50000000000011 3.7817556779839094 0.81398360602640307 0.040270270270270254 0.11319403146456182 0.34095599898159434 0.31686046511627913 40.944433203155732 37.500000000000007 0.61918604651162801 0.073503318195150963 0.065420941914257361 601.50000000000011
decision_type=2 2 2 2 2 2 2 2 2 2 2 2 2 2 2 2 2 2 2 2 2 2 2 2 2 2 2 2 2 2
left_child=8 2 3 -2 5 -4 12 -8 9 10 -1 19 -6 14 16 18 17 -10 -16 -12 -3 22 25 -24 -7 -15 -22 28 -11 -17
right_child=1 20 4 -5 6 24 7 -9 13 27 11 -13 -14 21 15 29 -18 -19 -20 -21 26 -23 23 -25 -26 -27 -28 -29 -30 -31
leaf_value=-0.052539694953105065 0.040822720482870355 0.038323841034728787 -0.054674796117984453 -0.059517954946231078 0.041058492190165503 0.048013604244133395 0.0098910231623798063 -0.0096122762825088266 0.013903809989393874 -0.06307814387284498 -0.054196046112827127 -0.050302316457744016 -0.061673364594872708 -0.05439001823577401 0.030746837380451655 -0.077373662224541451 0.083675560562684936 -0.063064680876621232 -0.012025772614130445 0.025937914425335759 -0.071892115741584758 -0.049506670176107187 0.039456621794516769 -0.042395506357250833 0.011448114801550118 0.038660313370555865 0.0034440827730402748 -0.057428614519753264 0.040017757668628771 -0.054639076268306809
leaf_weight=9.0667152601308754 4.9814217837411006 1.3715557510731731 5.8125508429729953 19.566047423635609 2.0729598093166741 34.30118013646279 301.70870874992943 137.9952420468926 81.888814309808367 1.6850034538965695 2.9039100254885843 4.7036482460389371 15.436397231234876 2.2502899687942768 40.281130007106185 5.5925480324585832 22.320204976815148 5.0765138614078742 15.957124515119174 66.251546618596876 11.476621143156077 1.9884480466862431 69.106860389814756 1.8647280756849784 6.2625740146249873 0.75366359949111927 0.70537833601702082 12.894474585335045 0.90959080707398232 16.28282956239309
leaf_count=968 22 4 221 1072 14 131 2952 2972 610 122 152 715 640 219 1114 89 23 194 1305 1108 341 193 771 12 106 1 7 1390 6 1791
internal_value=0.00586792 0.000847148 0.00232296 -0.0388699 0.00434815 0.0301508 0.00171398 0.00375801 0.0133694 0 0.00987608 0.0176663 -0.0490627 0.0183577 0.0127596 -0.00373468 0.0245876 0.00928615 0.0185219 0.0224274 -0.0558901 0.0320671 0.0343912 0.037179 0.0425333 -0.0289403 -0.0671303 -0.0525014 -0.0249363 -0.0610045
internal_weight=903.469 541.691 528.137 24.5475 503.59 46.3763 457.213 439.704 361.778 98.4149 82.9258 73.8591 17.5094 263.363 187.399 78.1136 109.286 86.9653 56.2383 69.1555 13.5536 75.964 73.9755 70.9716 40.5638 3.00395 12.182 15.4891 2.59459 21.8754
internal_count=19265 8482 8130 1094 7036 458 6578 5924 10783 4461 2943 1975 654 6322 5126 4299 827 804 2419 1260 352 1196 1003 783 237 220 348 1518 128 1880
is_linear=0
shrinkage=0.05


Tree=203
num_leaves=31
num_cat=0
split_feature=8 6 2 23 11 5 13 23 15 23 22 23 13 6 23 17 15 17 18 2 2 14 12 2 11 12 23 16 22 11
split_gain=12.5793 14.7793 13.9859 27.9182 23.4688 12.4212 15.162 14.6891 17.725 20.1288 14.2854 14.1299 13.0733 20.5171 17.5212 11.6048 11.0289 11.0045 10.6246 12.8554 16.578 12.2491 12.0498 9.2404 8.96754 8.34495 8.32434 7.71056 7.28231 6.46728
threshold=3.7306582894673368 10.500000000000002 12316.455000000002 37.778234086242307 0.15731751295776439 2.7803728552821689 0.086962761443618017 61.685147159479818 0.16178850180849039 50.171115674195768 1.0000000180025095e-35 72.088980150581804 0.30384615384615393 9.5000000000000018 45.452429842573586 2.5000000000000004 0.18428403410761537 65.500000000000014 1627.5000000000002 12314.530000000001 5165.880000000001 0.17749648382559771 2.7958275979250273 38366.05000000001 0.13798908626494832 1.5849625001440784 67.201916495551004 0.059411764705882351 1.5000000000000002 0.90442092154420928
decision_type=2 2 2 2 2 2 2 2 2 2 2 2 2 2 2 2 2 2 2 2 2 2 2 2 2 2 2 2 2 2
left_child=5 27 18 16 23 6 7 8 9 -1 -9 -12 13 -8 -15 -7 28 -10 19 20 -3 -21 29 -5 -17 -14 -24 -2 -4 -20
right_child=1 2 3 4 -6 15 12 10 17 -11 11 -13 25 14 -16 24 -18 -19 22 21 -22 -23 26 -25 -26 -27 -28 -29 -30 -31
leaf_value=-0.0015661941784548704 0.042248975504980524 0.0083508138770953307 0.028128113672060657 -0.055210484121304616 -0.064891722124633733 -0.071131260270877253 -0.054500570037185836 -0.07361594834715883 0.028467464800800941 -0.067674280471466605 0.038728273375571297 0.0043564096138135498 -0.056948245000903008 0.028361548261828146 -0.057276491991710615 -0.049242513558170227 -0.058865315040843247 -0.053723565561454301 -0.053707741296362778 0.024177392123372429 -0.040272202067049956 -0.025260357033010834 -0.029346038014276543 -0.00058330336182403826 0.04098268806209221 0.041597393570977977 0.042318162043935535 -0.060658088328865024 -0.02262712880652849 0.045324521069793233
leaf_weight=78.612683111996375 1.9615253959491372 75.458288862389963 48.560172907449669 9.2664378538756846 30.239380293551221 2.4812384981778441 27.419649493253928 3.4590592056629239 59.883436312433332 13.427144713590677 92.530547535810911 44.703419598423352 2.3989034495316472 21.999149049264819 8.0722646410213184 2.7601482032605409 4.5851058662919959 4.2390553880959478 17.51171421796062 148.44381103383785 22.706000241218135 13.505379496054955 6.6303074423049138 45.755640990599204 57.75587354102754 14.238041528828033 9.9412513540664786 13.887820007335902 8.0806300815420382 1.6882157325744618
leaf_count=2034 10 1122 376 190 1586 154 3542 138 831 736 938 771 503 354 441 384 216 635 662 442 499 169 92 426 920 121 22 593 357 1
internal_value=0.00564001 -0.000127347 0.00156622 -0.0110502 -0.0295525 0.0117397 0.00823081 0.0132894 0.00269257 -0.0113276 0.0250055 0.0275795 -0.0119501 -0.0232875 0.00509381 0.0322778 0.0146402 0.0228809 0.00783092 0.011357 -0.00287464 0.0200107 -0.01763 -0.00995741 0.0367106 0.0268339 0.0133413 -0.0474237 0.0207719 -0.0445512
internal_weight=892.202 458.222 442.372 146.487 85.2615 433.981 370.983 296.855 156.162 92.0398 140.693 137.234 74.128 57.4911 30.0714 62.9973 61.2259 64.1225 295.885 260.113 98.1643 161.949 35.7715 55.0221 60.516 16.6369 16.5716 15.8493 56.6408 19.1999
internal_count=19265 6763 6160 3151 2202 12502 11044 6083 4236 2770 1847 1709 4961 4337 795 1458 949 1466 3009 2232 1621 611 777 616 1304 624 114 603 733 663
is_linear=0
shrinkage=0.05


Tree=204
num_leaves=31
num_cat=0
split_feature=8 17 8 10 23 6 13 29 16 9 13 13 11 4 27 5 5 6 23 23 24 23 8 18 23 23 18 13 14 11
split_gain=11.8112 18.5789 21.358 18.9205 20.5794 16.5574 20.1645 20.0104 17.7576 14.5401 17.0013 12.4309 14.876 10.9509 10.3724 9.22598 8.33181 7.98623 9.00245 28.0471 23.2177 13.5965 22.8856 11.1248 12.2527 10.8434 5.88208 5.42211 4.74778 3.5915
threshold=3.4397019787254108 6.5000000000000009 3.627748091029646 0.19476744186046507 40.31622176591376 16.500000000000004 0.019803921568627456 3.5000000000000004 0.22731651777894549 0.27353177795655675 0.071126025354213265 0.076997183933600111 0.15854419780152859 2.5000000000000004 10.61067515512836 3.3094381380036304 2.9757010602942557 10.500000000000002 61.685147159479818 53.278576317590698 780.50000000000011 70.607802874743342 3.2389871024189807 1291.5000000000002 47.240246406570854 69.091033538672164 1583.5000000000002 0.089184368673072612 0.023866484392800154 0.040270270270270254
decision_type=2 2 2 2 2 2 2 2 2 2 2 2 2 2 2 2 2 2 2 2 2 2 2 2 2 2 2 2 2 2
left_child=17 3 -3 9 14 15 7 -7 -8 10 -2 13 -13 -6 -5 16 -4 18 19 23 21 25 -23 24 -1 -20 -25 -16 -19 -11
right_child=1 2 5 4 11 6 8 -9 -10 29 -12 12 -14 -15 27 -17 -18 28 20 -21 -22 22 -24 26 -26 -27 -28 -29 -30 -31
leaf_value=-0.008841100738386785 -0.069636832647927208 -0.05737418332754321 0.017228527479946788 -0.074768865141932261 -0.0052775407142669527 -0.11216668684235467 -0.018319134281579386 0.020323738495569371 0.021123576413752218 0.025984012122160245 0.048592200838498509 0.012364318524161875 -0.032707031338552475 -0.06740366805208603 0.0016995737207724218 -0.061339710548045781 0.043645326376610616 0.0396852129413258 0.021558912212833729 -0.06155906437689751 -0.051549279284016473 0.018178640719902796 -0.081043244640909839 0.047443032811684487 0.022865241882974074 0.060741407743207881 -0.04637425843549664 0.029408157269647291 -0.01158921984323804 -0.059889096206488773
leaf_weight=82.501005415168947 4.6521581124979994 11.520971923633622 111.47288734673566 2.9051482173708782 11.586958530657286 7.5408602287643571 48.429658258342897 4.4114407002925873 68.989206979364099 1.1307375300675619 8.3131641103536804 43.911780774687941 31.160735656911129 19.047922690420819 27.775287918710092 3.0747555400557749 41.465670043158752 35.980771135044051 39.73669220074953 15.621554146315246 10.56436585463234 49.30671664134934 6.4782752401806638 21.622833356992491 48.112176102462399 32.784964844671777 1.6778865974802091 50.397796596163971 4.9502178637048919 31.281231000733897
leaf_count=4186 43 730 1592 147 112 59 993 36 353 4 13 314 922 432 392 177 185 209 602 1359 1696 677 108 347 865 118 581 406 35 1572
internal_value=0.00543529 0.000713475 0.00900634 -0.00986977 -0.00279774 0.0117228 -0.00146728 -0.0630884 0.00481106 -0.0388001 0.00557881 -0.0173484 -0.00629579 -0.0441622 0.0161094 0.0226864 0.0244473 0.0125699 0.00978599 0.00201871 0.0192241 0.0251259 0.0064422 0.0085398 0.00280843 0.0394003 0.0403043 0.0196418 0.0333491 -0.0566688
internal_weight=878.406 529.068 296.905 232.163 186.786 285.384 129.371 11.9523 117.419 45.3773 12.9653 105.707 75.0725 30.6349 81.0782 156.013 152.939 349.337 308.406 169.535 138.871 128.307 55.785 153.914 130.613 72.5217 23.3007 78.1731 40.931 32.412
internal_count=19265 8482 4125 4357 2725 3395 1441 95 1346 1632 56 1780 1236 544 945 1954 1777 10783 10539 7338 3201 1505 785 5979 5051 720 928 798 244 1576
is_linear=0
shrinkage=0.05


Tree=205
num_leaves=31
num_cat=0
split_feature=8 6 11 14 7 2 1 8 8 29 25 22 5 24 15 23 11 11 19 15 11 12 15 2 14 19 11 12 11 24
split_gain=16.7604 13.3599 12.6266 20.7841 12.3719 29.0446 14.8248 11.1106 11.2305 9.40858 8.00304 7.75261 12.8029 9.61957 19.3692 8.69184 6.64233 14.2471 5.76512 10.38 5.57814 5.06653 3.53568 2.4329 2.39272 1.82733 1.2068 2.21145 0.937223 0.685121
threshold=3.7306582894673368 9.5000000000000018 0.13798908626494832 0.077254641909814306 23.500000000000004 3234.8600000000006 3.5000000000000004 3.627748091029646 3.5701651056655108 1.0000000180025095e-35 1.0000000180025095e-35 2.5000000000000004 2.3060079983305717 780.50000000000011 0.19521230147901547 60.830937713894606 0.13543167627281458 0.12165737165737162 3708.0884210526319 0.1441499941499941 0.26111660079051385 2.1380854176037833 0.19915292606830923 154048.71500000003 0.071946169772256721 2951.4450000000002 0.1453139325111644 3.1086348305682394 0.15221477607061126 258.50000000000006
decision_type=2 2 2 2 2 2 2 2 2 2 2 2 2 2 2 2 2 2 2 2 2 2 2 2 2 2 2 2 2 2
left_child=7 20 9 4 5 -4 -6 8 11 -3 28 13 29 15 -15 -1 17 -11 21 23 -2 -9 -14 24 -20 -18 27 -23 -5 -13
right_child=1 2 3 10 6 -7 -8 18 -10 16 -12 12 22 14 -16 -17 25 -19 19 -21 -22 26 -24 -25 -26 -27 -28 -29 -30 -31
leaf_value=0.0098974995564154386 -0.065465813441368356 -0.054182456712469351 0.024348808116233262 -0.0095844225810942686 0.032728447374003058 -0.02891154076540452 -0.0042735252355277434 -0.04718678110024626 -0.055271501601871192 0.015752901474245348 0.043834000848618972 -0.10931101676121935 -0.050624919503997771 -0.026688320639852221 0.024565246728051555 0.027091335164023483 0.05086957582216918 -0.031359872393936235 -0.049735335303214556 -0.065362391943562026 0.015189494813467036 0.00053178360039741362 0.0446494403594411 0.048215731870850792 0.042621202128858574 0.021105086720535945 0.047025848246364035 0.050433813943648403 -0.069437488676921677 -0.057739261729316975
leaf_weight=150.08107719570944 10.083989393813679 5.0255331317166556 37.691138814490841 0.92335211671889439 47.566572959785844 78.884970739967684 62.140649110900995 1.4556967115422583 5.9914515953932996 152.17305347011643 1.7003759462386359 1.1819605377968381 1.0537026412857811 37.815383481206482 35.74959213674083 146.71898271117243 14.063742471742446 17.782830290925631 1.4505239801146654 3.7413956141608642 2.5539226317305284 4.7860631031799112 5.3344974965257279 6.6293016171839554 1.1529084444046021 9.628401987905816 44.658191290815012 4.4087362289428711 15.576685922380419 6.2392934954350494
leaf_count=3372 407 230 732 4 223 2749 956 128 375 625 2 31 145 3993 1654 1610 26 254 63 136 38 85 64 11 1 54 186 1 421 562
internal_value=0.00848259 0.00167993 0.00314099 -0.00445157 -0.000284217 -0.0116426 0.0117394 0.0152331 0.0119511 0.0125069 -0.0557059 0.0130266 -0.0235032 0.0144081 -0.00171376 0.0184201 0.0142905 0.0107785 0.0338687 0.00341591 -0.0487828 0.0409029 0.0276257 0.0322245 -0.00692282 0.0391231 0.0434597 0.025282 -0.0664672 -0.0679619
internal_weight=914.244 455.795 443.157 244.484 226.283 116.576 109.707 458.449 390.166 198.674 18.2004 384.174 13.8095 370.365 73.565 296.8 193.648 169.956 68.2828 12.9741 12.6379 55.3087 6.3882 9.23273 2.60343 23.6921 53.853 9.1948 16.5 7.42125
internal_count=19138 6721 6276 5087 4660 3481 1179 12417 11806 1189 427 11431 802 10629 5647 4982 959 879 611 211 445 400 209 75 64 80 272 86 425 593
is_linear=0
shrinkage=0.05


Tree=206
num_leaves=31
num_cat=0
split_feature=8 4 2 6 11 14 3 6 9 8 8 5 9 11 7 6 16 17 23 7 6 2 9 14 15 17 24 6 11 11
split_gain=15.3267 12.9891 12.1524 11.6212 11.6368 19.091 11.4731 11.0515 11.2103 10.7151 10.4835 8.48192 7.22677 7.24753 9.48612 8.93752 6.70752 4.78879 5.1277 3.93053 5.65425 3.17766 2.44267 11.5934 1.63258 2.6146 4.70793 1.31953 0.975515 0.360469
threshold=3.7306582894673368 7.5000000000000009 133267.74500000002 9.5000000000000018 0.13798908626494832 0.077254641909814306 0.72202883879662327 19.500000000000004 0.15504807692307693 3.627748091029646 3.5701651056655108 2.5990321461448791 0.99695585291719191 0.14785670545009183 2.5000000000000004 5.5000000000000009 0.059411764705882351 1.0000000180025095e-35 20.406570841889121 21.500000000000004 24.500000000000004 1000.5000000000001 0.92875939849624067 0.03858560794044661 0.12660282755219462 26.500000000000004 275.50000000000006 13.500000000000002 0.1453139325111644 0.1600389755011136
decision_type=2 2 2 2 2 2 2 2 2 2 2 2 2 2 2 2 2 2 2 2 2 2 2 2 2 2 2 2 2 2
left_child=9 2 3 16 6 -6 -5 11 -9 10 12 -4 13 15 -15 -1 -2 18 -11 20 27 -19 23 -23 -21 26 -26 -3 -24 -10
right_child=1 19 7 4 5 -7 -8 8 29 17 -12 -13 -14 14 -16 -17 -18 21 -20 24 -22 22 28 -25 25 -27 -28 -29 -30 -31
leaf_value=0.011221377115523505 0.034204969000099117 0.040600766704683308 -0.056555437339818521 -0.066069675431286015 -0.00012733497396601786 -0.054809715971774531 0.01512035307109374 0.010254248385364722 -0.081473528244474611 0.045267145333316189 -0.054930360678597162 0.040949377561351648 -0.052007473023211154 -0.050411830379388373 0.019753014635817967 -0.018778710504730539 -0.063661350818602649 -0.044727440064914914 -0.065692702506122205 0.049089504760995259 -0.21627763138697464 -0.054589777992909497 0.022217080449421962 0.04562873146837524 0.038867209624205583 0.04907423496112695 -0.022709447885554013 -0.045402290500263606 0.046937307147896783 -0.057047577328631728
leaf_weight=100.20301293725515 1.9831878636614408 0.91373455524444469 3.0888995937530144 4.3522787706824593 188.31110302845627 17.358802440452564 163.2372391196368 5.242419162765148 9.8197917939105519 1.6729111671447743 5.7343556156829427 7.2064387955069833 4.16943124768295 4.7844308798221382 239.17208511309036 32.820813727220411 9.9256415250783885 1.0399275253585063 2.3513165150143323 13.299186702177392 0.25929538160562504 3.7520719402018576 5.638196033469284 11.154252351028843 6.6303037213656371 7.1764059390843604 5.5762759377612383 0.68967549893568503 40.456237864949799 5.6119987761157963
leaf_count=3132 12 1 298 129 3596 416 897 23 166 1 375 37 738 1100 4866 1595 419 87 87 27 2 227 38 15 39 19 142 173 156 325
internal_value=0.00815488 0.00161354 -0.000823488 0.00159022 0.00315956 -0.00479129 0.0129439 -0.0309122 -0.0519526 0.0146507 0.0114473 0.0109515 0.0124732 0.0132132 0.0183364 0.00377339 -0.0467981 0.0332889 -0.0183741 0.0310327 -0.036889 0.0367446 0.0382863 0.0198739 0.0351571 0.0251382 0.0103752 0.000179243 0.0440764 -0.0733371
internal_weight=903.632 450.683 416.138 385.168 373.259 205.67 167.59 30.9695 20.6742 452.949 386.884 10.2953 381.15 376.98 243.957 133.024 11.9088 66.0649 4.02423 34.5449 1.86271 62.0407 61.0008 14.9063 32.6822 19.383 12.2066 1.60341 46.0944 15.4318
internal_count=19138 6721 6318 5469 5038 4012 1026 849 514 12417 11806 335 11431 10693 5966 4727 431 611 88 403 176 523 436 242 227 200 181 174 194 491
is_linear=0
shrinkage=0.05


Tree=207
num_leaves=31
num_cat=0
split_feature=8 4 2 6 16 25 8 6 8 8 5 22 5 24 15 23 16 19 15 7 6 15 23 18 7 24 2 11 7 1
split_gain=14.0038 12.154 11.3327 10.8883 10.8238 10.3406 10.3348 10.2489 9.78491 9.5101 7.97756 7.15862 11.9306 8.63504 17.5324 8.16229 6.35743 5.26474 9.37717 3.72666 4.75494 3.3414 3.25329 2.75714 2.35632 9.00697 2.28602 2.18657 2.15621 2.05188
threshold=3.7306582894673368 7.5000000000000009 133267.74500000002 9.5000000000000018 0.32529069767441865 1.0000000180025095e-35 3.627748091029646 19.500000000000004 3.5701651056655108 5.8642945565228972 2.5990321461448791 2.5000000000000004 2.3060079983305717 780.50000000000011 0.19521230147901547 60.830937713894606 0.059411764705882351 3708.0884210526319 0.1441499941499941 21.500000000000004 24.500000000000004 0.19915292606830923 51.90280629705682 49.500000000000007 12.500000000000002 887.50000000000011 154048.71500000003 0.021583850931677005 57.500000000000007 71.500000000000014
decision_type=2 2 2 2 2 2 2 2 2 2 2 2 2 2 2 2 2 2 2 2 2 2 2 2 2 2 2 2 2 2
left_child=6 2 3 16 5 -5 8 10 11 23 -4 13 -13 15 -15 -1 -2 24 26 20 -3 -14 -6 -9 25 -8 27 -19 29 -21
right_child=1 19 7 4 22 -7 17 9 -10 -11 -12 12 21 14 -16 -17 -18 18 -20 28 -22 -23 -24 -25 -26 -27 -28 -29 -30 -31
leaf_value=0.0087797149003888807 0.033407622786760259 1.6534182075197399e-05 -0.056121307461064529 -0.0013114529046847393 0.0075540502861972756 0.047197666133814466 -0.054329435374574291 0.033239770905594331 -0.054594450071350865 0.0055074363474546563 0.040264956587878209 -0.067402620894230658 -0.050256434910921036 -0.025973276754612914 0.023118818605565094 0.025549857512051685 -0.063150902237358336 0.041910979720000824 -0.064091857935047528 0.044345543001138146 -0.19266603672510893 0.043929107370479011 0.041171081560945767 -0.075509168126056125 0.045863303075684252 0.043339638044308813 0.047616832738040439 -0.049115726511753367 -0.0072178555138658965 0.0064422347325357376
leaf_weight=148.54974173854498 1.9326826230972063 1.5456031157955283 2.9611652775347483 326.60071565931321 11.281678677099988 11.266883718431925 2.96580002176779 0.48867827653885143 5.4880059537790649 5.3333242138614869 6.9702342987329757 7.1703579080494801 1.018646152304427 37.436572542040267 35.147802642592069 144.37678699501703 9.516744569220462 1.0578337907791122 3.5613363118391126 24.395376449509065 0.28796446323394764 5.063960084473365 22.249318156333175 14.287322133925043 39.005113317201904 9.8486896457034145 6.0963546259736177 1.3841236342923364 2.5933898836374274 4.5959128582035182
leaf_count=3372 12 174 298 4899 70 16 152 1 375 39 37 593 145 3993 1654 1610 419 1 136 92 2 64 53 474 156 92 11 63 7 128
internal_value=0.00782397 0.00154146 -0.000797202 0.00151394 0.00301256 0.000304875 0.0140675 -0.0303243 0.0109455 -0.0508124 0.0107548 0.0119225 -0.0239207 0.013242 -0.00213334 0.0170683 -0.0462706 0.0327108 0.00254278 0.0305014 -0.0360579 0.0267895 0.0300652 -0.0713772 0.0396401 0.0201022 0.0313352 -0.00761927 0.0346247 0.0385515
internal_weight=894.478 446.307 412.889 382.848 371.399 337.868 448.171 30.0407 384.252 20.1093 9.9314 378.764 13.253 365.511 72.5844 292.927 11.4494 63.9193 12.0996 33.4182 1.83357 6.08261 33.531 14.776 51.8196 12.8145 8.53831 2.44196 31.5847 28.9913
internal_count=19138 6721 6318 5469 5038 4915 12417 849 11806 514 335 11431 802 10629 5647 4982 431 611 211 403 176 209 123 475 400 244 75 64 227 220
is_linear=0
shrinkage=0.05


Tree=208
num_leaves=31
num_cat=0
split_feature=8 4 24 18 7 13 17 2 8 16 15 8 8 26 13 2 13 13 5 11 19 27 12 7 6 7 17 13 11 2
split_gain=12.8244 11.292 10.7067 20.8984 15.3329 12.1873 13.2825 13.6028 13.1232 11.2966 10.8086 9.9708 9.14162 8.17341 8.09862 9.27811 8.18926 12.3632 10.4545 7.89516 4.88004 10.8715 4.35301 3.49595 4.29901 2.06691 2.02992 1.49756 3.55165 1.33328
threshold=3.7306582894673368 7.5000000000000009 771.50000000000011 851.50000000000011 16.500000000000004 0.22318007662835249 2.5000000000000004 3868.9700000000007 4.4460805263480507 0.21054589598997492 0.24509048902579897 3.627748091029646 3.5701651056655108 1.0000000180025095e-35 0.1676706827309237 28.875000000000004 0.14721362229102161 0.11773591611871331 2.1665662249999698 0.021583850931677005 3708.0884210526319 7526.655372435268 2.1380854176037833 21.500000000000004 13.500000000000002 57.500000000000007 1.0000000180025095e-35 0.1200490196078431 0.047247023809523808 228454.90000000002
decision_type=2 2 2 2 2 2 2 2 2 2 2 2 2 2 2 2 2 2 2 2 2 2 2 2 2 2 2 2 2 2
left_child=11 2 5 10 19 6 7 -2 -8 -6 13 12 14 -4 16 -16 17 -1 -18 -5 22 -22 -13 24 -3 29 -17 -24 -29 -25
right_child=1 23 3 4 9 -7 8 -9 -10 -11 -12 20 -14 -15 15 26 18 -19 -20 -21 21 -23 27 25 -26 -27 -28 28 -30 -31
leaf_value=0.012216575686719418 0.031812434677749739 0.040220857376454394 0.027976858590229636 0.037304554615402843 -0.022563019037970283 0.047652609069724461 -0.063039869356727701 -0.013933027257618222 -0.013653008741506368 0.0091292393920451177 -0.06238167592681957 -0.046183792220020115 -0.05426350883954139 -0.029247490381749033 0.047117999258146338 0.0070361947475563449 -0.049385106425251943 -0.052307300959910374 0.05054929819082056 -0.062336524386330874 -0.060951009749704792 0.038896151238460255 0.044067323764862464 0.048609517430007916 -0.1029654975372619 -0.0068426731761257759 -0.054591418014771298 0.04739909883077488 -0.0476204787092082 0.025203994779412903
leaf_weight=327.40309053023338 21.610153657689807 0.87807887792587169 102.23565947773022 2.1380831271089873 41.105382594298135 8.1340439738705737 22.663198096739507 64.347862965845707 33.900019327216796 88.337371788042219 3.5778858696558009 1.3264986728390784 5.251985079043151 6.4811111459493977 3.2942174515337657 1.3558139905944706 2.8094693499188024 7.4719072794232479 23.747107802395476 15.861446558124952 4.1596232706215215 7.4527416428900324 44.914984891263884 14.865779282525187 0.97967131114819495 2.604008547961711 9.8898512562609522 2.4233124256134029 1.4842817035460028 13.172404355522302
leaf_count=8429 177 1 713 7 1052 12 944 1287 294 735 116 128 375 116 29 18 312 991 180 865 182 29 200 34 175 7 1472 1 71 186
internal_value=0.00750809 0.00147818 -0.000759685 0.0053775 -0.0069732 -0.0113702 -0.0148049 -0.00235075 -0.0336054 -0.000905893 0.0216302 0.0135238 0.0104795 0.0244958 0.0114113 -0.0249447 0.0128942 0.0107468 0.0396439 -0.0500836 0.0321866 0.00248833 0.0389453 0.0298057 -0.034136 0.0339434 -0.0467242 0.0414502 0.00977107 0.0379199
internal_weight=885.877 442.892 410.392 259.737 147.442 150.655 142.521 85.958 56.5632 129.443 112.295 442.985 381.223 108.717 375.971 14.5399 361.432 334.875 26.5566 17.9995 61.7614 11.6124 50.1491 32.4999 1.85775 30.6422 11.2457 48.8226 3.90759 28.0382
internal_count=19138 6721 6318 3604 2659 2714 2702 1464 1238 1787 945 12417 11806 829 11431 1519 9912 9420 492 872 611 211 400 403 176 227 1490 272 72 220
is_linear=0
shrinkage=0.05


Tree=209
num_leaves=31
num_cat=0
split_feature=8 4 2 17 10 12 24 7 8 8 13 8 4 8 24 13 2 13 13 5 19 27 12 29 19 14 11 3 3 7
split_gain=11.7117 10.5183 10.2951 9.63619 31.5982 16.4319 15.2566 19.9174 10.2342 9.55886 8.8357 8.5458 7.74672 11.6399 8.84593 7.45091 8.75846 7.8885 11.5427 9.8332 4.54478 10.2215 4.08592 3.43516 1.98661 1.64016 4.70551 3.46888 2.71698 2.57429
threshold=3.7306582894673368 7.5000000000000009 133267.74500000002 35.500000000000007 0.29360465116279072 2.0562705416514091 771.50000000000011 32.500000000000007 4.6974108584130612 3.627748091029646 0.034286833855799302 3.5701651056655108 2.5000000000000004 5.8642945565228972 556.50000000000011 0.1676706827309237 28.875000000000004 0.14721362229102161 0.11773591611871331 2.1665662249999698 3708.0884210526319 7526.655372435268 2.1380854176037833 5.5000000000000009 27812.215783410142 0.0070189123354407511 0.14682106883941742 6906.2500000000009 2.0453342931480307 23.500000000000004
decision_type=2 2 2 2 2 2 2 2 2 2 2 2 2 2 2 2 2 2 2 2 2 2 2 2 2 2 2 2 2 2
left_child=9 2 3 6 5 -5 8 -8 -2 11 -6 15 14 23 -4 17 -17 18 -1 -19 22 -22 -11 -14 -18 28 -27 -28 29 -3
right_child=1 25 12 4 10 -7 7 -9 -10 20 -12 -13 13 -15 -16 16 24 19 -20 -21 21 -23 -24 -25 -26 26 27 -29 -30 -31
leaf_value=0.011644493276425076 -0.018484823961801952 -0.010527156404956269 0.046394713725516457 0.015239430966357371 -0.062872962901965576 -0.065567138626602614 0.019151153877785113 -0.052012062442956711 0.011497689702601364 -0.045773115205269305 0.023530854324854984 -0.053937268649236925 -0.069365184604558872 0.030162049128908214 -0.058411848489264423 0.046743761792944552 -0.054643171324660192 -0.049111555405901466 -0.052105028923394317 0.049842466288771391 -0.060543721652632713 0.03811057457777374 0.040682116497144816 0.03728725784235095 0.0052522221297124977 0.034105523513030915 -0.070227732998446438 0.040098859877560747 -0.01835657618662441 0.049040242191402149
leaf_weight=326.34639541091292 80.551969750575154 1.8393384373585018 5.698642893694343 7.8966873255230885 3.098195409635081 28.576333017266734 166.42943250734243 10.321066463191526 43.689329715096392 1.2737165003782127 36.366570886752015 5.0258906385461151 15.835077504667428 3.8905520336702457 2.9650252177088987 3.1587987528619097 9.3657071960824378 2.6875057443667201 7.1347760341759559 22.902628138872387 3.9833618683041987 7.2337321364902891 47.297677134323749 0.67039328761166039 1.4272989616438287 7.4895868971943838 2.2638259031009516 0.88079166004899878 1.8139922900481895 17.281097364844754
leaf_count=8429 1713 107 20 205 53 1042 1767 146 370 128 173 375 699 17 111 29 1466 312 991 180 182 29 272 2 24 16 67 3 121 89
internal_value=0.00721813 0.00141945 -0.000733238 0.00146805 -0.0144185 -0.0479414 0.00549616 0.0149404 -0.00790052 0.0130001 0.0164796 0.0100373 -0.0293644 -0.0461675 0.00969829 0.0109268 -0.0246862 0.012331 0.0102504 0.0391049 0.0316026 0.0024097 0.0382228 -0.0645338 -0.0462879 0.0291769 0.0123129 -0.0375013 0.0374064 0.0430249
internal_weight=875.395 437.558 405.989 376.93 75.9378 36.473 300.992 176.75 124.241 437.837 39.4648 378.049 29.0597 20.396 8.66367 373.023 13.9518 359.071 333.481 25.5901 59.7885 11.2171 48.5714 16.5055 10.793 31.5686 10.6342 3.14462 20.9344 19.1204
internal_count=19138 6721 6318 5469 1473 1247 3996 1913 2083 12417 226 11806 849 718 131 11431 1519 9912 9420 492 611 211 400 701 1490 403 86 70 317 196
is_linear=0
shrinkage=0.05


Tree=210
num_leaves=24
num_cat=0
split_feature=11 2 2 8 5 14 4 24 24 22 27 24 17 11 12 15 4 12 24 29 12 22 14
split_gain=10.5508 9.73275 19.9356 16.5237 14.5416 13.2783 12.7136 9.37484 24.27 19.8655 41.6858 15.1881 12.4547 11.0239 9.10349 7.7445 5.45592 5.06926 3.03652 0.837824 0.646058 4.16918 0.360829
threshold=0.37638888888888894 13000.150000000001 19653.390000000003 3.783930096287718 1.670841152286864 0.18469785575048728 6.5000000000000009 574.50000000000011 571.50000000000011 1.5000000000000002 20.495839180252911 586.50000000000011 37.500000000000007 0.28669275929549903 2.3832127720817384 0.075614636935391624 4.5000000000000009 2.6773923568754672 750.50000000000011 3.5000000000000004 2.4980708421893305 1.5000000000000002 0.034683239775461054
decision_type=2 2 2 2 2 2 2 2 2 2 2 2 2 2 2 2 2 2 2 2 2 2 2
left_child=1 7 -3 4 -4 6 -5 8 9 12 -11 16 -1 14 -13 -2 22 -6 19 -17 21 -20 -9
right_child=15 2 3 5 17 -7 -8 11 -10 10 -12 13 -14 -15 -16 18 -18 -19 20 -21 -22 -23 -24
leaf_value=0.028502833668987756 -0.04875551662483936 -0.060621346177052476 -0.059298014436177895 -0.024752174668561278 0.034710551652844708 0.038690541481002205 0.018400218450195252 -0.066319589281338562 0.068559808302384964 -0.076442706552473663 0.024935668482310543 -0.00014981954132884409 -0.057436979676729907 -0.05654492086700777 0.014036291878606354 -0.043773814343897814 0.035164663293747067 0.0064848800638137513 0.046474583302886528 0.029849049048672829 0.052276100020072463 -0.065266406410104935 -0.11695725510180302
leaf_weight=91.475025844716583 2.3501906350702511 13.922782124576768 5.3708399630595514 86.164455949425246 47.1529530466496 12.129601500753777 21.065672619884026 6.8238362096162728 22.000683211852447 17.121803406953404 24.478548857136047 195.44990384939683 4.2917340179265002 6.5913435926886441 266.03003683233692 1.1587751201695962 1.2113201220927292 24.78373680810364 5.9502682581587605 0.39352600448182773 20.228115102741867 0.84530220355009067 0.86530605846201059
leaf_count=549 549 638 669 2258 961 29 483 215 54 508 218 6896 191 651 3357 181 4 562 130 2 15 111 15
internal_value=0.0073388 0.00628173 -0.00301654 0.00106483 0.0190826 -0.0105693 -0.0162189 0.00936674 0.0198756 0.0119978 -0.0167528 0.00584157 0.0245434 0.00708677 0.00801851 0.0360125 -0.0584385 0.0250781 0.0433042 -0.0214066 0.0472709 0.0311051 -0.0740885
internal_weight=877.856 846.93 210.59 196.667 77.3075 119.36 107.23 636.34 159.368 137.367 41.6004 476.972 95.7668 468.071 461.48 30.9262 8.90046 71.9367 28.576 1.5523 27.0237 6.79557 7.68914
internal_count=19246 18258 5600 4962 2192 2770 2741 12658 1520 1466 726 11138 740 10904 10253 988 234 1523 439 183 256 241 230
is_linear=0
shrinkage=0.05


Tree=211
num_leaves=25
num_cat=0
split_feature=11 2 2 8 5 7 19 16 24 24 22 27 24 11 11 27 24 13 4 5 4 12 14 12
split_gain=10.116 8.8415 18.8408 15.1029 13.5542 12.7751 13.018 10.7028 8.76497 22.2691 18.2862 39.0896 14.1422 11.8468 10.3239 8.64036 6.22039 5.82081 5.13976 2.92199 1.0485 0.575653 0.237306 0.0429571
threshold=0.37638888888888894 13000.150000000001 19653.390000000003 3.783930096287718 1.670841152286864 23.500000000000004 5468.6820177304971 0.28907254361799817 574.50000000000011 571.50000000000011 1.5000000000000002 20.495839180252911 586.50000000000011 0.16950603668446718 0.28669275929549903 2729.9890937305922 750.50000000000011 0.11319403146456182 4.5000000000000009 1.3142023791759192 5.5000000000000009 2.4980708421893305 0.034683239775461054 0.81398360602640307
decision_type=2 2 2 2 2 2 2 2 2 2 2 2 2 2 2 2 2 2 2 2 2 2 2 2
left_child=1 8 -3 4 -4 7 -7 -5 9 10 13 -12 18 -1 15 -14 20 -6 22 -18 -2 23 -10 -21
right_child=16 2 3 5 17 6 -8 -9 12 -11 11 -13 14 -15 -16 -17 19 -19 -20 21 -22 -23 -24 -25
leaf_value=0.027820342857604041 -0.047765442469781899 -0.060147964856966718 -0.059002780661128462 -0.052511150065276159 0.026886262703031391 0.016412574123566871 -0.02221659168788483 0.022388848756520731 -0.065485611804149718 0.066259351436663894 -0.075521247990344376 0.024031770560112325 0.0094372137841018874 -0.053082765402493959 -0.05616146372768735 -0.018580164150916827 -0.040882080619749961 -0.051553555094373288 0.034481984716849351 0.035974830475584828 0.029411076316339876 0.051098817015244928 -0.11223679043562051 0.018316814548557995
leaf_weight=89.474673917866312 2.3294443729791996 13.346130871675994 5.1343138025822546 24.501259780983677 68.602277683346074 49.76724188314256 38.6537143708847 5.7520521331462069 6.5728505036386178 21.638988595994306 16.481664284023282 24.141827385545184 430.7222696853496 4.634983834315789 6.3122778441011169 29.192938845415483 0.86447662792216107 2.3174615296411494 1.1764123190951066 4.0943569804148892 0.38174718618392933 19.486819342593662 0.86093090396025207 2.4581125600088853
leaf_count=458 391 638 669 1683 1256 480 573 34 215 54 508 218 9344 282 651 909 488 267 4 6 1 16 15 86
internal_value=0.00704352 0.00602049 -0.00289864 0.00102826 0.0184321 -0.0100893 -0.000423918 -0.0380789 0.00896854 0.0192454 0.011614 -0.0163221 0.00557032 0.0237306 0.00675785 0.0076443 0.0357499 0.0241837 -0.0574975 0.0431118 -0.0344604 0.0462373 -0.0729816 0.0304771
internal_weight=868.899 839.284 208.074 194.728 76.0541 118.674 88.421 30.2533 631.21 156.372 134.733 40.6235 474.838 94.1097 466.227 459.915 29.615 70.9197 8.61019 26.9038 2.71119 26.0393 7.43378 6.55247
internal_count=19246 18258 5600 4962 2192 2770 1053 1717 12658 1520 1466 726 11138 740 10904 10253 988 1523 234 596 392 108 230 92
is_linear=0
shrinkage=0.05


Tree=212
num_leaves=31
num_cat=0
split_feature=7 13 13 9 8 3 3 20 18 9 8 27 23 22 27 9 18 16 6 18 18 3 9 17 10 8 10 27 16 20
split_gain=8.34647 9.08582 13.4274 14.8021 11.1736 11.1233 13.0733 10.0535 8.74613 15.3289 11.5626 10.8947 10.0925 8.7453 8.31805 8.26633 14.0042 20.505 8.51134 7.25081 7.12024 4.98895 4.03701 3.27185 2.81183 2.63973 3.68507 1.45525 0.301267 0.0748795
threshold=19.500000000000004 0.032433380084151454 0.041885964912280658 0.24401709401709398 4.8456129937700583 29.736647151958216 8.3820002225766981 1.43288253864244 671.50000000000011 0.99442892613283684 4.5991538411292519 9283.3790715860214 78.339493497604394 1.0000000180025095e-35 3462714.2650000001 0.99589320650340707 550.50000000000011 0.12463017751479291 2.5000000000000004 682.50000000000011 569.50000000000011 4.5152348163213842 0.46186166774402071 1.0000000180025095e-35 0.27034883720930231 5.8642945565228972 0.22383720930232556 4947.2072496184946 0.22230404189167072 2.3863897461500012
decision_type=2 2 2 2 2 2 2 2 2 2 2 2 2 2 2 2 2 2 2 2 2 2 2 2 2 2 2 2 2 2
left_child=8 4 22 29 -2 6 -5 25 10 11 15 12 19 -7 -11 16 18 -18 -1 -10 -17 24 -3 -13 -9 26 -6 -22 -24 -4
right_child=1 2 3 5 7 13 -8 21 9 14 -12 23 -14 -15 -16 20 17 -19 -20 -21 27 -23 28 -25 -26 -27 -28 -29 -30 -31
leaf_value=-0.011304412258995875 0.020359676390600896 -0.0012897175104062248 0.048816355425628011 -0.007207502615160147 0.040466267644842908 0.018094995838809611 0.034312859426540214 -0.14259102229503423 0.045152195969813132 -0.052939087926737606 -0.092827737723122708 0.018836469799340588 -0.061286465348290346 -0.065051685751721128 0.032803645504165042 -0.050437499209689519 0.017595726645411078 -0.050543790912747501 0.013731255697437734 0.017668788051645307 0.018754526973187198 -0.0054759745937637827 0.050442400548373727 -0.057124229286809824 -0.072084483925268381 0.042709988750979214 -0.081457609749004053 0.051412041972298851 0.034386857895293138 0.035271071072013119
leaf_weight=44.771502303954549 7.9474535789922838 5.8663540165289332 8.5814576801785751 155.18532439730188 0.95995910977945031 4.0380200568761238 21.479320244954579 2.06206803722307 26.450869226042414 12.003208348864971 3.0071565047837785 1.6652012378326606 3.7411132993111087 12.693513370788422 3.5401274423602436 2.1434845891635659 18.17728923264076 27.541112457095551 137.49501362426963 288.80610402941966 5.3851627242820568 2.4333679238043251 13.449588397052141 6.1388210166596764 8.7779015570449683 2.7196536988485605 1.3146545024137593 14.437631136497656 8.8733586675662064 8.4493986995512369
leaf_count=1896 37 34 20 2102 2 54 105 36 182 1471 21 22 219 462 32 268 435 1892 2810 5977 213 26 22 528 217 12 43 48 34 26
internal_value=0.00675659 -0.000610117 0.00244455 -0.00188 -0.0285082 -0.00584577 -0.00211451 -0.0500358 0.0100418 0.0152538 0.002965 0.0175738 0.0190162 -0.0446996 -0.033006 0.00417413 0.00132241 -0.0233636 0.00755131 0.0200042 0.0334051 -0.0726911 0.0347956 -0.0402501 -0.0871347 0.00943916 -0.028359 0.0429298 0.0444651 0.0426332
internal_weight=860.135 264.831 238.616 210.427 26.2151 193.396 176.665 18.2676 595.304 342.345 252.958 326.802 318.998 16.7315 15.5433 249.951 227.985 45.7184 182.267 315.257 21.9663 13.2733 28.1893 7.80402 10.84 4.99427 2.27461 19.8228 22.3229 17.0309
internal_count=19246 3232 2859 2769 373 2723 2207 336 16014 8431 7583 6928 6378 516 1503 7562 7033 2327 4706 6159 529 279 90 550 253 57 45 261 56 46
is_linear=0
shrinkage=0.05


Tree=213
num_leaves=30
num_cat=0
split_feature=2 2 10 17 14 1 5 5 19 9 8 9 19 17 14 1 14 29 12 5 27 24 24 19 13 21 12 8 12
split_gain=7.503 18.2282 11.2995 9.55016 9.42612 12.3883 21.4849 8.67162 7.42154 6.98738 13.5544 12.4548 21.1159 16.7957 14.2712 10.4792 10.0182 9.18783 31.7805 10.4152 10.2516 10.1402 8.45295 6.21486 5.65822 4.42268 3.34129 0.184994 0.258992
threshold=13000.150000000001 19653.390000000003 0.15988372093023259 13.500000000000002 0.18469785575048728 27.500000000000004 2.2511408686492103 1.670841152286864 4890.9885416666675 0.98650808342589169 3.4186709875177446 0.92695630081300828 3694.086666666667 2.5000000000000004 0.043797953964194357 6.5000000000000009 0.011305826111409302 1.0000000180025095e-35 1.5225384326999609 4.098026835414978 5993.4399814562248 52.500000000000007 616.50000000000011 13587.452500000001 0.10799061032863851 1.0000000180025095e-35 2.271844807031322 4.2314297563181844 2.6859891583327093
decision_type=2 2 2 2 2 2 2 2 2 2 2 2 2 2 2 2 2 2 2 2 2 2 2 2 2 2 2 2 2
left_child=9 -2 3 7 5 6 -4 -3 -7 11 -11 17 27 26 -15 16 25 18 22 20 -19 -20 -1 -21 -9 -12 -14 -13 -29
right_child=1 2 4 -5 -6 8 -8 24 -10 10 15 12 13 14 -16 -17 -18 19 21 23 -22 -23 -24 -25 -26 -27 -28 28 -30
leaf_value=-0.022571915985502521 -0.059636809067742172 -0.050266418432200949 -0.054823800731894995 -0.055337127735289475 0.037571320859015107 0.042593830712363182 -0.0029986269242098162 0.034383555865305532 -0.0073273559785139459 -0.053134282417939264 0.049266769945408267 -0.055739168739983393 0.047964132845907739 -0.045352339594940144 0.046032741668716841 -0.05791013006191631 -0.060570133835796271 0.01597328542236192 0.047342285067714915 -0.084498507119187577 -0.027541628960004661 -0.050963572611355756 0.023655519890210683 0.0098539945247388839 -0.049821543184025513 0.024522514206852124 0.0049348317332337729 -0.063740110062959432 -0.10152128267021827
leaf_weight=11.719874931921366 12.6776957366892 3.3741710684180353 28.602678382789236 3.7559217388898096 11.299939429212825 15.200081882387169 66.7457406938247 49.278986673474719 14.174037541713913 5.5486045954739884 28.760437978402479 8.3300059649536689 14.776361853320852 19.543639441937561 5.3224017087413804 3.399854262941516 2.8203822128634775 363.74765527403633 2.7300723791122428 4.2034047065571931 13.887755548405947 31.558284257458581 58.168714094528696 2.7576911775395274 1.9462475967738999 53.67521532635692 6.9021366080560247 4.8933114526007548 1.7954409638477953
leaf_count=324 641 590 1202 523 30 154 883 840 511 638 70 710 48 1108 26 150 113 5901 2 69 411 1921 1185 9 254 708 91 112 22
internal_value=0.00648421 -0.00177538 0.00200147 0.0204065 -0.00586697 -0.00986951 -0.0186387 0.0258 0.0183923 0.00914518 0.0217473 0.00697536 -0.0141701 0.00239705 -0.0254857 0.0265447 0.0300351 0.00965131 -0.00347975 0.0132211 0.0143529 -0.0428761 0.0158109 -0.0468017 0.030996 0.0332652 0.0345793 -0.0655202 -0.0759642
internal_weight=851.597 207.056 194.378 58.3553 136.022 124.723 95.3484 54.5994 29.3741 644.541 94.2045 550.337 61.5633 46.5445 24.866 88.6559 85.256 488.773 104.177 384.597 377.635 34.2884 69.8886 6.9611 51.2252 82.4357 21.6785 15.0188 6.68875
internal_count=19246 5628 4987 2207 2780 2750 2085 1684 665 13618 1679 11939 2117 1273 1134 1041 891 9822 3432 6390 6312 1923 1509 78 1094 778 139 844 134
is_linear=0
shrinkage=0.05


Tree=214
num_leaves=24
num_cat=0
split_feature=11 2 2 8 20 7 19 16 24 24 22 27 24 17 11 7 24 10 23 23 27 6 14
split_gain=9.39019 7.09256 16.5151 12.5563 11.8061 11.1027 11.2472 9.92864 7.89769 20.3397 16.6484 36.3353 13.0587 11.1052 9.50564 7.88852 5.77617 5.57222 5.0938 3.04822 4.50479 1.06136 0.10643
threshold=0.37638888888888894 13000.150000000001 19653.390000000003 3.783930096287718 1.670841152286864 23.500000000000004 5468.6820177304971 0.28907254361799817 574.50000000000011 571.50000000000011 1.5000000000000002 20.495839180252911 586.50000000000011 37.500000000000007 0.28669275929549903 13.500000000000002 750.50000000000011 0.33430232558139539 80.042436687200549 47.500342231348398 1218.5926445930625 31.500000000000004 0.034683239775461054
decision_type=2 2 2 2 2 2 2 2 2 2 2 2 2 2 2 2 2 2 2 2 2 2 2
left_child=1 8 -3 4 -4 7 -7 -5 9 10 13 -12 18 -1 15 -14 21 -6 22 -18 -21 -2 -10
right_child=16 2 3 5 17 6 -8 -9 12 -11 11 -13 14 -15 -16 -17 19 -19 -20 20 -22 -23 -24
leaf_value=0.026103854741423863 -0.047570669708978726 -0.059194770869878191 -0.058368424623306214 -0.050680776843664878 0.02535006048902165 0.015593747736209841 -0.020783494844828363 0.022550331174634234 -0.065073771526084012 0.063465883235230267 -0.075188635278832114 0.022752513680411989 -0.00070147724373009627 -0.056887197242206457 -0.055762558864894389 0.012614734686299098 0.050234880501625973 -0.051882040001304419 0.041530584196226163 -0.059603084787789688 0.041629499280747904 0.029790817057398042 -0.10715170563581933
leaf_weight=86.147369083315425 2.2508188102128801 12.144354765227034 4.7042040589058152 23.274667888038497 64.876506182037701 47.992178100772435 37.956989526315738 5.604390144464559 6.3582187596330169 20.986123411479639 15.775382559302669 23.279913841550297 200.04020241213675 4.1009402667405075 6.0672657475170118 248.44912688476506 20.785071509330923 2.2910067845950826 1.0122216939926145 1.6261357727889834 2.8953429104658426 0.39060959219932545 0.86706700667855319
leaf_count=549 391 638 669 1683 1507 480 573 34 217 54 508 218 7814 191 651 2439 284 16 1 290 22 1 16
internal_value=0.00624062 0.00525009 -0.00293619 0.000726252 0.0171275 -0.00950185 -0.000418597 -0.0362679 0.00791338 0.01788 0.0103993 -0.0167716 0.00466282 0.0222186 0.00580897 0.00666531 0.0347175 0.0225682 -0.0572944 0.0421533 0.00363771 -0.0336373 -0.0721997
internal_weight=839.876 811.928 198.844 186.7 71.8717 114.828 85.9492 28.8791 613.084 150.29 129.304 39.0553 462.794 90.2483 454.557 448.489 27.948 67.1675 8.23751 25.3066 4.52148 2.64143 7.22529
internal_count=19246 18258 5600 4962 2192 2770 1053 1717 12658 1520 1466 726 11138 740 10904 10253 988 1523 234 596 312 392 233
is_linear=0
shrinkage=0.05


Tree=215
num_leaves=31
num_cat=0
split_feature=11 11 19 9 16 16 24 11 16 1 11 11 30 9 9 9 16 9 27 22 8 17 17 6 16 24 11 12 22 27
split_gain=9.08535 22.4022 18.2026 18.3268 14.1786 13.2876 10.6973 10.5492 9.93894 8.98926 8.80047 8.11951 7.87342 7.36393 6.78319 6.19967 8.2372 7.76887 5.77639 11.1903 8.99963 7.57738 6.30995 10.2435 4.31389 2.78611 2.77645 2.31202 1.74217 6.76536
threshold=0.13543167627281458 0.067231638418079068 13587.452500000001 0.98650808342589169 0.22731651777894549 0.050641025641025607 131.50000000000003 0.37638888888888894 0.28516483516483521 7.5000000000000009 0.13642328799809114 0.1154480832698654 2.5000000000000004 0.79952153110047852 0.35767590618336892 0.30839160839160845 0.10050505050505051 0.28642149929278643 290.89429300265289 1.5000000000000002 4.7266984957335234 17.500000000000004 24.500000000000004 27.500000000000004 0.23241339931480778 685.50000000000011 1.0000000180025095e-35 2.6047599583082452 1.5000000000000002 45486.990000000005
decision_type=2 2 2 2 2 2 2 2 2 2 2 2 2 2 2 2 2 2 2 2 2 2 2 2 2 2 2 2 2 2
left_child=1 12 3 15 -5 -2 28 8 10 11 -8 27 18 -11 -10 17 -17 -3 19 20 -1 -21 26 -24 -13 -9 -20 -4 -7 -30
right_child=5 2 9 4 -6 6 7 25 14 13 -12 24 -14 -15 -16 16 -18 -19 22 21 -22 -23 23 -25 -26 -27 -28 -29 29 -31
leaf_value=-0.0091690305956847497 -0.055052181916816205 -0.069478002426296995 0.010066491685970617 -0.057124211119540781 0.041030098538033792 0.048587716942721994 0.042581784023189295 -0.041134825254102489 0.0027571074923369884 -0.12530458374047218 0.0074499822360518698 -0.0040686667310338293 0.03889658297771359 0.0087712213197259133 -0.055737304256268098 0.0097480837493380684 -0.062853468687617112 0.034721993891034357 0.044595433511788254 -0.031834183182992658 -0.0686456363517359 0.019351332925331664 -0.053819047454836344 0.035235815133044079 -0.10507051040757714 0.044064581730250567 0.010620796433525422 0.041920786846721701 -0.072471550114065225 0.04933467712564911
leaf_weight=37.086446413124577 7.7033771672031426 2.8319790886562251 9.6282607381290344 5.2181517896242466 11.736465080095511 20.606216029900683 18.526172330373811 0.86327897687079058 9.3268459553310112 1.9963241246296086 461.2794664256744 3.2083564648928578 20.203558298846474 1.8522265777864957 10.09433986467411 4.1604366097562879 40.982034678063428 4.4549740410293452 20.108464666336662 8.1238008700129267 7.6687018089942276 56.946438809767642 6.1646889389958215 6.5248718998627737 1.5706271443050352 24.014369047147738 9.2825918289890961 16.133137957076542 1.4647513328927733 3.9832068565592635
leaf_count=1294 946 151 100 286 63 110 100 159 404 16 10446 56 113 25 812 187 1610 20 47 195 69 1169 165 13 30 320 73 31 83 6
internal_value=0.00597233 -0.00143372 -0.0197879 -0.0345304 0.01037 0.00964344 0.0105682 0.00899679 0.00739634 0.00982592 0.00882549 0.0190742 0.00960889 -0.0609225 -0.0275195 -0.0491376 -0.0560451 -0.00548944 0.0056577 -0.000337725 -0.019602 0.0128452 0.0213873 -0.00771933 -0.0397612 0.040755 0.0341071 0.0302936 0.0418332 0.0149683
internal_weight=833.745 275.883 103.773 69.384 16.9546 557.862 550.159 524.104 499.227 34.3889 479.806 30.5404 172.11 3.84855 19.4212 52.4294 45.1425 7.28695 151.906 109.825 44.7551 65.0702 42.0806 12.6896 4.77898 24.8776 29.3911 25.7614 26.0542 5.44796
internal_count=19099 5713 2575 2317 349 13386 12440 12241 11762 258 10546 217 3138 41 1216 1968 1797 171 3025 2727 1363 1364 298 178 86 479 120 131 199 89
is_linear=0
shrinkage=0.05


Tree=216
num_leaves=31
num_cat=0
split_feature=24 11 9 11 12 5 17 2 2 14 12 27 27 5 24 4 14 10 12 18 9 23 23 23 13 12 23 2 24 27
split_gain=8.57349 15.1899 16.9737 21.5012 28.2671 28.8657 18.1802 22.8579 16.9218 12.3614 11.8064 10.5275 9.30286 9.08601 8.7204 10.8338 8.55234 8.14336 12.4097 10.5362 10.1589 8.61163 35.2325 10.2884 7.87564 13.816 13.6737 7.62103 8.83708 7.03994
threshold=625.50000000000011 0.2245637385388938 0.97735816814764187 0.06030303030303031 2.8761099064345133 2.9613625037445641 3.5000000000000004 33522.450000000004 15622.800000000001 0.10566188197767142 2.7161845002503866 290.89429300265289 3462714.2650000001 1.3142023791759192 613.50000000000011 1.5000000000000002 0.010377631303411303 0.16569767441860467 2.749322210874166 1496.5000000000002 0.75051020408163283 48.735112936344976 34.648870636550321 69.329226557152651 0.030457637600494702 1.95424740993751 42.72826830937715 372.42000000000002 294.50000000000006 78.850461239806307
decision_type=2 2 2 2 2 2 2 2 2 2 2 2 2 2 2 2 2 2 2 2 2 2 2 2 2 2 2 2 2 2
left_child=14 2 3 24 5 -5 7 -4 16 13 -9 -6 -10 -3 15 27 -8 21 19 -19 -20 22 -17 -23 26 -26 -2 -1 -29 -15
right_child=1 9 6 4 11 -7 8 10 12 -11 -12 -13 -14 29 -16 17 -18 18 20 -21 -22 23 -24 -25 25 -27 -28 28 -30 -31
leaf_value=0.033107246004035959 -0.063511729546803286 -0.049495909922809639 -0.060291945076461496 -0.046099547183183015 0.030786970718750768 -0.00069988359681253699 0.034942142745396532 -0.035133772060505636 -0.058783252810305525 -0.057979041948256975 0.027998244234423954 -0.030417914650702 0.043032071230750604 0.037166111020639742 0.033373755873051879 0.029626658280035703 -0.023662899979974814 -0.037102583861475545 -0.072739075341807305 0.044760307829725995 0.030198538174947956 0.035275717113064729 -0.069235448127761612 -0.0040837646148499645 -0.056129463349058474 0.033421986574960753 0.0066474859270852244 0.0066086384297069298 -0.044320587149170136 -0.01603363641271293
leaf_weight=6.9335947990766718 7.9229223293032183 3.485449903892003 16.740728361182846 92.072996273318495 32.805307375092525 56.82665905185786 87.282789241426144 10.179337487335941 8.6961295461751416 4.3454441334251888 26.098832769412638 8.7702185944945068 2.8733697433490297 61.195478081477631 43.14391685488954 31.294992113034823 6.530845243640214 25.539169612911795 2.5112034660123781 4.5036118664502274 26.925935488954565 84.995307670931652 12.538216974237001 20.328867164076655 4.6565467438376791 43.016758385951107 51.273658996706217 14.039985491945115 20.884380262434206 6.7258676578767327
leaf_count=167 554 1059 876 3875 129 853 1164 848 983 209 542 63 11 1072 352 316 280 820 53 29 194 507 353 239 596 217 937 267 1124 410
internal_value=0.00573414 0.00193394 -0.00150353 -0.00855524 -0.0186317 -0.0288187 0.0116991 -0.0121047 0.0237225 0.0226554 0.0100986 0.017714 -0.0329161 0.0277065 0.0125927 0.00898159 0.0307883 0.013651 -0.00191362 -0.0245571 0.0210314 0.0198884 0.00114073 0.0276348 0.00935797 0.0244711 -0.00274964 -0.0141506 -0.0237433 0.0318087
internal_weight=825.139 531.499 455.747 297.345 190.475 148.9 158.402 53.0189 105.383 75.7522 36.2782 41.5755 11.5695 71.4068 293.639 250.495 93.8136 208.637 59.4799 30.0428 29.4371 149.157 43.8332 105.324 106.87 47.6733 59.1966 41.858 34.9244 67.9213
internal_count=19099 14678 11928 7224 4920 4728 4704 2266 2438 2750 1390 192 994 2541 4421 4069 1444 2511 1096 849 247 1415 669 746 2304 813 1491 1558 1391 1482
is_linear=0
shrinkage=0.05


Tree=217
num_leaves=31
num_cat=0
split_feature=30 11 11 12 8 12 24 18 14 13 11 8 23 5 22 23 18 9 4 5 13 18 13 7 18 22 12 1 22 23
split_gain=8.52307 10.2486 14.7676 16.7856 16.9279 11.1665 10.4168 9.5612 9.19235 13.4141 9.12054 9.76301 5.17084 11.2697 10.46 5.51719 5.97178 4.6723 3.07677 2.97501 4.31759 3.27326 2.26544 2.13329 2.11549 1.34356 5.90885 1.31138 1.26793 6.22212
threshold=2.5000000000000004 0.13463936313063493 0.047247023809523808 2.4063622491800012 1.5296810517393513 2.4348735811324249 131.50000000000003 1187.5000000000002 0.10566188197767142 0.086117756512493357 0.13642328799809114 3.7306582894673368 61.685147159479818 2.1574373077846576 1.5000000000000002 62.881587953456538 221.50000000000003 0.99410024364775507 6.5000000000000009 2.8733765301722412 0.075023452157598522 388.50000000000006 0.089696549209017665 22.500000000000004 27.500000000000004 1.5000000000000002 2.1527474206911532 6.5000000000000009 1.5000000000000002 43.16632443531828
decision_type=2 2 2 2 2 2 2 2 2 2 2 2 2 2 2 2 2 2 2 2 2 2 2 2 2 2 2 2 2 2
left_child=1 2 12 4 -4 23 25 -7 10 -10 27 -12 13 14 -1 -14 -17 19 -6 21 -21 24 -15 -5 -2 -3 -27 -8 -23 -30
right_child=17 6 3 5 18 7 8 -9 9 -11 11 -13 15 22 -16 16 -18 -19 -20 20 -22 28 -24 -25 -26 26 -28 -29 29 -31
leaf_value=-0.049278749088575921 0.033096831414705645 0.047521878561830704 0.048396123812067544 0.0046654539081414084 -0.062448766638674415 -0.02650007618531516 0.023043850888119513 0.013129868410443911 -0.067437794453438366 0.027095001693088816 0.013291859823123552 -0.0011930825363736591 0.04833897880561408 0.0049349517641015632 0.0018457838313887726 0.026714542879712103 -0.0055352420143166929 -0.054955953115008151 0.032241444709739366 -0.08108376823920789 0.023746326716476501 0.043497562110295901 0.040822894079215834 0.051785040041058474 -0.046213012329258903 0.048704666706717241 -0.071674915564414826 0.053140975561708076 0.043824559661394959 -0.056638796519781182
leaf_weight=16.186609182221218 1.284601557941641 18.094158082167272 3.9840722766457466 3.6545423562274655 29.132197914173961 44.111675110583747 6.6769275237202264 22.943535380400135 9.5946295013418403 5.9591397628828409 249.33531810159593 216.87526147198878 11.486096389202428 7.3670220361018464 25.463043914796799 27.91707052799029 28.966461878917471 1.563138128731224 0.75537683116271992 1.3311476789385768 2.9550069444485416 28.213282520453504 12.37115154323328 8.7861649854603439 1.9247361395391633 3.6970500706593148 1.2759045731072545 11.54725176226202 6.2948070969068777 1.9035181282379197
leaf_count=868 5 113 41 61 1821 610 125 213 378 45 7462 4747 50 79 831 195 591 131 4 32 42 193 83 6 93 31 60 23 68 98
internal_value=0.00553773 0.00427985 -0.00418731 -0.0173763 -0.0468121 -0.00472847 0.00822514 -0.0128665 0.006693 -0.0309582 0.00791832 0.00654411 0.00730179 -0.00316228 -0.0179738 0.0167612 0.0102235 0.0265676 -0.0597893 0.0297018 -0.00877709 0.0340019 0.0277726 0.0384896 -0.0129159 0.0410468 0.0160294 0.0425729 0.0382983 0.0194946
internal_weight=811.651 766.181 243.125 113.368 33.8716 79.4959 523.056 67.0552 499.989 15.5538 484.435 466.211 129.757 61.3878 41.6497 68.3696 56.8835 45.4702 29.8876 43.9071 4.28615 39.6209 19.7382 12.4407 3.20934 23.0671 4.97295 18.2242 36.4116 8.19833
internal_count=19099 18437 5453 2756 1866 890 12984 823 12780 423 12357 12209 2697 1861 1699 836 786 662 1825 531 74 457 162 67 98 204 91 148 359 166
is_linear=0
shrinkage=0.05


Tree=218
num_leaves=25
num_cat=0
split_feature=19 19 17 17 5 16 23 17 5 5 3 9 27 19 16 12 23 23 2 10 16 14 1 27
split_gain=6.23406 10.9631 8.14065 9.71463 6.08074 15.2498 14.7024 15.4864 12.9466 15.4594 12.2073 12.1916 8.47603 10.18 8.4668 7.99239 7.25263 6.53397 5.8244 5.44142 3.86513 1.02442 0.895401 0.420366
threshold=200.00500000000002 512.29750000000013 23.500000000000004 17.500000000000004 1.670841152286864 0.23099155180080033 51.705681040383304 372.50000000000006 1.8480168609220329 1.9583148337368124 5625.130000000001 0.11396103896103892 6.2223097583875235 15287.674920886078 0.32529069767441865 2.7680479982359061 67.874058863791944 62.421629021218351 372.42000000000002 0.6075581395348838 0.43095238095238092 0.047978708099554006 17.500000000000004 2.6979242161139765
decision_type=2 2 2 2 2 2 2 2 2 2 2 2 2 2 2 2 2 2 2 2 2 2 2 2
left_child=2 20 3 18 5 6 15 -8 12 10 -10 -11 13 -6 19 -3 -14 -16 -1 -7 -2 -4 -20 -5
right_child=1 4 21 23 8 14 7 -9 9 11 -12 -13 16 -15 17 -17 -18 -19 22 -21 -22 -23 -24 -25
leaf_value=0.035736265204925698 -0.056646577984816163 0.0078014507075213338 -0.044710038736734362 0.024082939895607246 -0.058239016448282332 -0.069676704531077258 -0.031685467210286443 0.028964670221370975 -0.055649643589152455 0.029471705174568204 0.045221537336752979 0.0033428025418790856 0.034165909801030549 0.030391999743632048 -0.046779429386897144 0.044208433071329059 -0.03278976354488812 0.020436658274688203 -0.054371301315854631 0.029302759738250979 0.036719859583143576 -0.14892225300525433 0.020806546506294387 0.049226613111013222
leaf_weight=3.2167477563270932 9.4151063725366821 52.192999702664565 1.3123481876391441 3.0121463967152549 6.2605176033430308 14.505273168249916 40.044382618337295 14.098786522306908 17.064770820761627 49.738229943723127 3.5004215992594245 436.97166308542 75.778041126803146 6.4430807999306126 6.0832949566929519 21.407485585110408 4.1193356173753264 8.5177761224440456 4.7518106131683453 1.4046912416815747 1.1182383244740766 0.37405179161578406 0.27937503904104222 22.53958919532306
leaf_count=89 786 2164 177 70 381 807 1697 396 817 245 27 8361 744 26 947 136 175 360 547 6 14 5 2 120
internal_value=0.00531597 0.00436034 0.025805 0.031329 0.00507278 -0.00362253 0.00393483 -0.0157758 0.00737527 0.00422265 -0.0381026 0.00602876 0.0245684 -0.0130099 -0.0353365 0.0185043 0.0306146 -0.00735541 -0.0152586 -0.0604971 -0.0460123 -0.0776663 -0.0488982 0.0465629
internal_weight=804.15 768.664 35.4861 33.7997 758.131 158.255 127.744 54.1432 599.876 507.275 20.5652 486.71 92.601 12.7036 30.511 73.6005 79.8974 14.6011 8.24793 15.91 10.5333 1.6864 5.03119 25.5517
internal_count=19099 18089 1010 828 17289 6513 4393 2093 10776 9450 844 8606 1326 407 2120 2300 919 1307 638 813 800 182 549 190
is_linear=0
shrinkage=0.05


Tree=219
num_leaves=31
num_cat=0
split_feature=30 24 11 6 12 14 1 9 11 9 6 16 16 17 17 24 22 17 24 27 9 19 14 1 18 5 13 18 22 9
split_gain=7.9798 10.163 17.257 14.7437 27.1916 10.6554 10.3545 9.84274 18.9421 14.7641 8.43213 8.36812 7.99436 12.1508 11.1057 9.88557 9.31276 7.97075 7.24811 5.91707 4.40118 3.72913 2.87161 2.75068 2.64337 2.46794 2.90785 1.8649 1.06273 0.847567
threshold=2.5000000000000004 625.50000000000011 0.2245637385388938 8.5000000000000018 1.0070488274262843 0.10566188197767142 18.500000000000004 0.97735816814764187 0.15854419780152859 0.37557339449541288 37.500000000000007 0.050641025641025607 0.19652395942732329 122.50000000000001 39.500000000000007 450.50000000000006 2.5000000000000004 240.50000000000003 598.50000000000011 78.850461239806307 0.99410024364775507 1051.1666666666667 0.097068638356343662 15.500000000000002 388.50000000000006 2.8733765301722412 0.075023452157598522 27.500000000000004 1.5000000000000002 0.98615900383141775
decision_type=2 2 2 2 2 2 2 2 2 2 2 2 2 2 2 2 2 2 2 2 2 2 2 2 2 2 2 2 2 2
left_child=1 6 3 4 17 11 12 9 -9 -5 22 -4 13 15 16 -1 -14 -3 -15 -13 21 -2 29 -16 27 28 -27 -23 -26 -8
right_child=20 2 5 7 -6 -7 10 8 -10 -11 -12 19 14 18 23 -17 -18 -19 -20 -21 -22 24 -24 -25 25 26 -28 -29 -30 -31
leaf_value=0.0060504154517975525 -0.060336746766666172 0.015219512974949931 -0.056198365799271614 0.014811974972220488 -0.055913979371040902 -0.056866918053165988 -0.093571282265450736 0.025999985833963492 -0.011729434701568363 -0.015448156063436122 0.017689162794627924 0.035496241370718454 0.023088818630101884 -0.051641850975353287 -0.064795786459063295 -0.037514966307476083 -0.052352815425484901 -0.054902425746681638 0.044931489625825161 -0.013949489056231274 -0.054361491359540909 0.031730264833331211 0.034958209977558011 0.036825359157096171 0.044370657220331629 -0.06969210199722059 0.023762625599565223 -0.044845478034578674 0.021172784466661418 -0.051191853055122596
leaf_weight=29.79424006167028 1.0097062688946596 30.637335295035882 2.7816161775626815 55.370591522449104 35.635574701342648 3.9065824629196859 3.4027031988080108 79.65476297850546 56.781434084654393 146.41489628756244 5.0379092686343938 58.745592719391425 177.90185853302683 2.0644387451557149 4.6682710628429041 22.786572022851033 4.0559956819597565 4.5529711242888871 16.812168399817892 6.536400017072082 1.5133027886186017 1.2209808265324675 0.55340576171874989 0.64149683713912953 26.490168237269245 1.0530446030752494 2.8666776503778237 1.7821504641833597 7.5727275348181129 3.8962754660969949
leaf_count=589 90 606 533 221 4420 204 62 958 2367 2222 17 1482 1346 137 397 988 113 726 52 438 131 4 1 1 147 28 37 84 141 557
internal_value=0.00510275 0.00388951 -0.000466937 -0.00445094 -0.025178 0.0220818 0.0116203 -8.96198e-05 0.0102642 -0.00711669 -0.0318393 0.0267633 0.0138163 -0.000343823 0.0192435 -0.0127697 0.0213519 0.00587549 0.0338898 0.0304552 0.0259183 0.0290522 -0.0640672 -0.0511405 0.0315176 0.0351188 -0.00120955 -0.0120816 0.0394368 -0.0726221
internal_weight=796.142 752.633 481.018 409.048 70.8259 71.9702 271.615 338.222 136.436 201.785 12.8903 68.0636 258.725 71.4574 187.268 52.5808 181.958 35.1903 18.8766 65.282 43.5088 41.9955 7.85238 5.30977 40.9857 37.9826 3.91972 3.00313 34.0629 7.29898
internal_count=19099 18437 14177 11520 5752 2657 4260 5768 3325 2443 637 2453 3623 1766 1857 1577 1459 1332 189 1920 662 531 620 398 441 353 65 88 288 619
is_linear=0
shrinkage=0.05


Tree=220
num_leaves=31
num_cat=0
split_feature=4 23 9 18 16 12 15 5 18 17 17 29 27 11 4 12 22 18 17 23 13 11 12 18 27 27 11 23 17 10
split_gain=11.3707 25.8078 14.7442 13.4854 13.3645 16.5155 12.195 11.4517 12.0058 11.3649 13.7939 10.6737 10.2267 11.0115 9.24665 8.58177 8.22975 6.79787 6.49551 5.06065 4.30128 4.06926 6.00965 3.06008 2.03138 1.57954 5.04377 0.66859 0.660651 0.48888
threshold=1.5000000000000002 44.743326488706373 0.30839160839160845 881.50000000000011 0.32529069767441865 2.0405293986468238 0.27372627372627373 1.7192936238901921 437.50000000000006 372.50000000000006 9.5000000000000018 2.5000000000000004 0.77738064958867181 0.28187071144817627 5.5000000000000009 2.4114301264109268 2.5000000000000004 1583.5000000000002 474.50000000000006 42.479123887748123 0.045584415584415554 0.13283981643356643 2.9025305132540771 649.50000000000011 28.235574102798882 3.7817556779839094 0.90442092154420928 70.373716632443546 17.500000000000004 0.22383720930232556
decision_type=2 2 2 2 2 2 2 2 2 2 2 2 2 2 2 2 2 2 2 2 2 2 2 2 2 2 2 2 2 2
left_child=1 3 9 7 5 14 12 -1 24 10 23 -10 15 -14 -2 -7 -12 25 27 20 -6 29 -23 -3 -9 -5 -27 -11 -22 -21
right_child=4 2 -4 17 19 6 -8 8 11 18 16 -13 13 -15 -16 -17 -18 -19 -20 21 28 22 -24 -25 -26 26 -28 -29 -30 -31
leaf_value=-0.052970522969306461 -0.062898404343683573 -0.0097452196089262144 -0.056977561689329576 0.048366378906102417 -0.077982266726971686 0.048461705345876585 -0.066993378858753713 0.010589820052841292 -0.059656944964615599 0.01293405616625809 -0.056574080357376183 0.046025400547187491 0.0027600475962339262 0.036614045317443951 0.045859786696871851 -0.05235344658663707 0.015722758295131995 -0.04947461823657992 -0.049137146602118487 0.047625799718019786 -0.0083954728076171721 -0.055084200897660585 0.046514383781377899 0.045355488664963861 0.04825793315721736 -0.048517769886140039 0.049751291661022906 0.047380055056868542 0.040288277541782269 0.031805364252554438
leaf_weight=10.017387525058437 13.260730102854721 3.9963844098674581 29.359773190617489 24.276164335617075 1.7360696870018717 20.926896792669144 5.684499764300198 5.9203885491551835 8.4076537428290958 2.2684262796537942 23.537066548497027 3.185792585652961 485.05801332477131 25.215706801551278 2.1603412479162207 2.217717317857022 4.5548814290377768 2.0119787557432565 2.2595529239879388 25.622864705888787 0.88745392653436317 2.7003159397572736 2.9228862496092916 6.0645430935546756 11.105438135331495 1.8161382484558988 3.8558614253997803 9.3509918134659511 1.600834003620548 10.20434904238209
leaf_count=1626 854 81 2920 323 40 153 321 114 799 80 1239 15 8657 173 5 198 101 370 473 45 22 89 5 29 24 273 1 22 28 27
internal_value=0.0027327 -0.0094671 -0.0286587 0.0125976 0.00583144 0.00367708 0.00514854 -0.00716964 0.00881622 -0.0125049 -0.0266485 -0.0300434 0.00593912 0.00444962 -0.047143 0.0384028 -0.0446602 0.0365981 0.0259304 0.0318126 -0.0191814 0.0371635 -0.0015106 0.0230959 0.0355899 0.0426924 0.0171245 0.0412496 0.0213398 0.04336
internal_weight=752.187 151.988 81.3916 70.5968 600.199 554.524 539.103 38.6367 28.6193 52.0318 38.1529 11.5934 533.418 510.274 15.4211 23.1446 28.0919 31.9601 13.879 45.6748 4.22436 41.4504 5.6232 10.0609 17.0258 29.9482 5.672 11.6194 2.48829 35.8272
internal_count=19107 8490 4945 3545 10617 10361 9502 2578 952 2025 1450 814 9181 8830 859 351 1340 967 575 256 90 166 94 110 138 597 274 102 50 72
is_linear=0
shrinkage=0.05


Tree=221
num_leaves=26
num_cat=0
split_feature=12 15 12 11 13 20 15 24 13 29 11 11 8 30 7 27 23 12 24 13 12 23 9 8 24
split_gain=9.70911 16.9259 13.4239 11.3783 10.7314 10.9591 10.3775 13.3836 14.1742 12.3754 11.388 9.32646 12.8106 8.67847 5.48957 5.42771 3.42683 6.69787 3.0191 2.41638 1.54373 1.26947 0.692842 0.452829 0.223552
threshold=2.2317585470695689 0.27055180180180188 2.16470086919731 0.37638888888888894 0.013606071825249902 2.6293600948763558 0.38675213675213677 625.50000000000011 0.05273088381330681 3.5000000000000004 0.047247023809523808 0.095491388044579517 3.8820469656535983 1.5000000000000002 13.500000000000002 0.065420941914257361 42.922655715263524 1.5849625001440784 195.50000000000003 0.48076923076923078 2.8093236892545557 20.406570841889121 0.24401709401709398 4.9231523562205188 750.50000000000011
decision_type=2 2 2 2 2 2 2 2 2 2 2 2 2 2 2 2 2 2 2 2 2 2 2 2 2
left_child=2 3 6 4 5 18 7 8 15 10 -9 14 -13 16 -6 -1 24 -18 -2 -10 -7 -4 -23 -3 -8
right_child=1 23 21 -5 11 20 13 9 19 -11 -12 12 -14 -15 -16 -17 17 -19 -20 -21 -22 22 -24 -25 -26
leaf_value=-0.050775278068906728 0.022400220139448465 -0.052696729337218744 0.018490435865828752 0.045087602856107502 -0.012208820856752539 -0.010828069657082703 0.02430797235323116 -0.013679251149017588 -0.05469035275230482 0.03593863730673845 -0.057068440299428605 0.012293464886756049 -0.0044709444463916113 -0.054509477118037011 0.027798502629710287 0.022128788552347935 -0.059673672018431129 0.035136114756808133 -0.082722859283229699 0.017102240847662618 0.045793293314204508 -0.1128331401069729 -0.057501258709906258 -0.088806452560734689 0.049486188949468671
leaf_weight=2.5661685742452383 0.62862649084126854 6.7610491594205069 0.35532977536058652 18.735101578669855 9.582706508212139 1.8696105018316291 2.159242443332924 36.257053296681079 9.1098398722824623 7.322135184032958 26.458505342642638 226.73638670719993 228.35978050943413 3.0507912761950129 67.179630922037177 47.573712716723094 2.5120202113030228 6.3024990461417474 7.5794322510773782 1.1800762138163907 2.6656815122696571 0.88805106971994874 10.063207849560056 2.050717012694804 14.229640487053983
leaf_count=157 11 539 18 71 225 54 98 1659 727 38 3865 4627 4404 317 177 665 240 109 269 64 7 21 574 35 136
internal_value=0.00263075 0.00575325 -0.00784434 0.00684166 0.00550872 -0.0396019 -0.00404278 -0.0100213 0.00715001 -0.0248974 -0.0321256 0.00660622 0.00387124 0.0233256 0.0227297 0.0182044 0.0331231 0.00718941 -0.0738973 -0.0458904 0.0216432 -0.0602689 -0.063421 -0.0625636 0.0466397
internal_weight=742.177 572.149 170.028 563.337 544.602 12.7434 158.722 130.467 60.4298 70.0377 62.7156 531.859 455.096 28.2542 76.7623 50.1399 25.2034 8.81452 8.20806 10.2899 4.53529 11.3066 10.9513 8.81177 16.3889
internal_count=19107 10419 8688 9845 9774 341 8075 7175 1613 5562 5524 9433 9031 900 402 822 583 349 280 791 61 613 595 574 234
is_linear=0
shrinkage=0.05


Tree=222
num_leaves=31
num_cat=0
split_feature=4 23 9 16 12 18 15 20 18 17 17 8 13 20 4 22 16 18 17 23 23 11 12 18 27 27 8 13 23 8
split_gain=10.2028 23.0287 14.0028 12.5033 15.1026 12.1799 10.7923 10.6111 10.913 10.3132 12.5554 10.0781 16.7859 11.2923 8.49736 7.96273 6.94978 6.27391 5.90763 4.7755 3.93364 3.65426 5.62348 2.89287 2.04042 1.45853 4.63432 0.819129 0.626541 0.520907
threshold=1.5000000000000002 44.743326488706373 0.30839160839160845 0.32529069767441865 2.0405293986468238 881.50000000000011 0.27372627372627373 1.7192936238901921 437.50000000000006 372.50000000000006 9.5000000000000018 3.8820469656535983 0.013606071825249902 2.5394259322572874 5.5000000000000009 2.5000000000000004 0.33489096573208726 1583.5000000000002 474.50000000000006 42.479123887748123 31.622176591375773 0.13283981643356643 2.9025305132540771 649.50000000000011 28.235574102798882 3.7817556779839094 4.6974108584130612 0.055710738671632454 70.373716632443546 4.5991538411292519
decision_type=2 2 2 2 2 2 2 2 2 2 2 2 2 2 2 2 2 2 2 2 2 2 2 2 2 2 2 2 2 2
left_child=1 5 9 4 14 7 11 -1 24 10 23 13 -13 -6 -2 -12 -10 25 28 20 27 29 -23 -3 -9 -7 -27 -5 -11 -21
right_child=3 2 -4 19 6 17 -8 8 16 18 15 12 -14 -15 -16 -17 -18 -19 -20 21 -22 22 -24 -25 -26 26 -28 -29 -30 -31
leaf_value=-0.052655359421819231 -0.062498335529204231 -0.0094141451138953398 -0.056697310687507697 -0.014339934880985334 0.0061585596261848966 0.0476724104063731 -0.065744065735983792 0.0093019994488031631 -0.057699731860586856 0.01300122593530989 -0.055758867330668066 -0.075570396159126529 0.0011722508868336917 0.030352602551888326 0.045506553141077516 0.01575614824806305 0.025517916305725804 -0.049014244132290968 -0.048557953147861058 0.047818410965845742 -0.095892526545273568 -0.054423734177705047 0.046258012890643699 0.044934929180036047 0.047740666832582539 -0.048034480770965865 0.049317582429718412 0.035277357668884061 0.046728140501189175 0.032009145976598062
leaf_weight=9.39782327350167 12.406479596505049 3.9340106003000965 27.404846349352738 1.4407948522421059 168.59781608772209 22.541536441356591 5.2653974063559863 5.7286612437055799 7.2942787301526533 2.2674635002331334 22.240522553714985 7.2068924233462885 284.8094798628299 67.935193573970537 2.0022959709167472 4.5432625742105293 3.6286489744343271 1.8984723706971625 2.103576785146287 22.400961927109165 1.1012507635168729 2.5453551208483978 2.8099842513911426 5.7592186517431401 10.535523625905624 1.7087069950212015 3.5355067253112793 1.5355300137016454 8.7986899912939389 11.467762404703533
leaf_count=1626 854 81 2920 23 3327 323 321 114 745 80 1239 144 4605 1105 5 101 69 370 473 39 38 89 5 29 24 273 1 29 22 33
internal_value=0.00251921 -0.00943293 -0.0280236 0.00542465 0.00336858 0.0121169 0.00474427 -0.00707775 0.00862915 -0.0120132 -0.0257598 0.00546824 -0.000729844 0.0131384 -0.0469348 -0.0434285 -0.0296201 0.035886 0.0255919 0.0312727 -0.0190514 0.0366665 -0.00079922 0.0224958 0.0346467 0.0420211 0.0163568 0.00994767 0.0404436 0.0427227
internal_weight=734.846 143.321 77.0516 591.525 548.224 66.2692 533.815 36.5849 27.1871 49.6467 36.477 528.549 292.016 236.533 14.4088 26.7838 10.9229 29.6842 13.1697 43.3016 4.07758 39.2241 5.35534 9.69323 16.2642 27.7858 5.24421 2.97632 11.0662 33.8687
internal_count=19107 8490 4945 10617 10361 3545 9502 2578 952 2025 1450 9181 4749 4432 859 1340 814 967 575 256 90 166 94 110 138 597 274 52 102 72
is_linear=0
shrinkage=0.05


Tree=223
num_leaves=31
num_cat=0
split_feature=4 23 11 16 12 18 15 5 18 27 11 17 4 12 17 22 8 16 18 17 23 13 11 11 27 18 27 8 7 17
split_gain=9.41859 21.5948 12.9354 11.8205 14.1807 11.4701 10.1413 10.0582 10.1746 9.5707 10.1881 9.46034 8.05914 8.0267 7.84999 7.43593 7.27805 6.59063 5.92838 5.00799 4.51926 3.7612 2.64611 4.59053 2.00438 1.46461 1.35311 4.39579 0.758364 0.639556
threshold=1.5000000000000002 44.743326488706373 0.031498015873015858 0.32529069767441865 2.0405293986468238 881.50000000000011 0.27372627372627373 1.7192936238901921 437.50000000000006 0.77738064958867181 0.28187071144817627 372.50000000000006 5.5000000000000009 2.4114301264109268 6.5000000000000009 2.5000000000000004 4.8194190561928538 0.33489096573208726 1583.5000000000002 474.50000000000006 42.479123887748123 0.045584415584415554 0.12513048016701464 0.15586884598291442 28.235574102798882 649.50000000000011 3.7817556779839094 4.6974108584130612 19.500000000000004 17.500000000000004
decision_type=2 2 2 2 2 2 2 2 2 2 2 2 2 2 2 2 2 2 2 2 2 2 2 2 2 2 2 2 2 2
left_child=1 5 11 4 12 7 9 -1 24 13 -11 14 -2 -6 25 -16 -4 -10 26 -13 21 -5 28 -24 -9 -3 -7 -28 -22 -23
right_child=3 2 16 20 6 18 -8 8 17 10 -12 19 -14 -15 15 -17 -18 -19 -20 -21 22 29 23 -25 -26 -27 27 -29 -30 -31
leaf_value=-0.052456925346291511 -0.062149618580671487 -0.0026447672515239047 -0.056359146393096173 -0.074996029827485197 0.047693360678577899 0.047151727336718734 -0.065267986768575134 0.0088686122296541721 -0.057377623826620594 0.0021977182304633285 0.035573448427378099 0.040771824738020268 0.045286157328114141 -0.051836445779129908 -0.054304182318462339 0.017735902867831051 0.045478700035222572 0.024722342494655918 -0.048642146163021024 -0.047784323899568895 0.047524066578411038 -0.0091642977297719756 0.03651299924932104 -0.053790076536462839 0.047250697499845541 0.041150541548948844 -0.047662981631513814 0.049091493683657401 0.028407750878399751 0.03965688661761585
leaf_weight=8.9728222821213404 11.86650822327101 3.3165790691273314 31.535517469061233 1.6433890219486773 19.703286199892322 21.674118221606484 5.0449320944298952 5.7134625696562606 6.9770545016581291 481.17455376721136 23.944465731532546 10.604163864074506 1.9141559004783619 2.1271434552527344 17.226221333359721 4.3425727650610488 1.7304499149322499 3.5630671554135915 1.8200967954280702 1.741171464909711 22.072142042670752 0.86355369916418601 3.973064388963393 2.0365492459677625 10.124036440218331 3.812720592104597 1.6384835404687681 3.3786275386810303 9.7286512826103699 1.5030313969400593
leaf_count=1626 854 41 3526 40 153 323 321 114 745 8657 173 70 5 198 869 75 1 69 370 346 40 22 17 79 24 17 273 1 30 28
internal_value=0.00242129 -0.00930752 -0.0276359 0.00518891 0.0032128 0.0119511 0.0045223 -0.00696147 0.00846546 0.0052122 0.00379647 -0.00866893 -0.0466477 0.0375751 -0.0244849 -0.0395543 -0.0507914 -0.0291825 0.0355174 0.0275966 0.0307895 -0.0184931 0.0361831 0.00471301 0.0338604 0.0203304 0.0416031 0.0162024 0.04194 0.0201659
internal_weight=725.767 138.171 74.3094 587.595 545.775 63.8618 531.994 35.3504 26.3776 526.949 505.119 41.0434 13.7807 21.8304 28.6981 21.5688 33.266 10.5401 28.5113 12.3453 41.8204 4.00997 37.8104 6.00961 15.8375 7.1293 26.6912 5.01711 31.8008 2.36659
internal_count=19107 8490 4945 10617 10361 3545 9502 2578 952 9181 8830 1418 859 351 1002 944 3527 814 967 416 256 90 166 96 138 58 597 274 70 50
is_linear=0
shrinkage=0.05


Tree=224
num_leaves=31
num_cat=0
split_feature=4 23 9 18 5 18 29 17 17 18 18 7 29 19 5 19 13 24 23 24 4 23 23 5 18 22 24 4 18 17
split_gain=8.69755 20.2493 12.9758 10.7962 9.53466 9.48097 9.38179 8.93966 11.1197 8.27352 14.8062 12.268 12.1721 12.0375 12.6005 8.81573 12.0432 8.75169 19.9392 21.5259 20.9079 11.1372 13.7568 9.16708 7.84243 7.24583 6.53238 5.78589 5.60026 5.20153
threshold=1.5000000000000002 44.743326488706373 0.30839160839160845 881.50000000000011 1.7192936238901921 437.50000000000006 2.5000000000000004 372.50000000000006 9.5000000000000018 718.50000000000011 766.50000000000011 39.500000000000007 1.0000000180025095e-35 1723.5587500000004 1.6997998522472915 2124.5116285714289 0.11201659751037342 513.50000000000011 48.735112936344976 383.50000000000006 2.5000000000000004 69.835728952772087 69.091033538672164 1.3825762966588613 877.50000000000011 2.5000000000000004 595.50000000000011 6.5000000000000009 1583.5000000000002 474.50000000000006
decision_type=2 2 2 2 2 2 2 2 2 2 2 2 2 2 2 2 2 2 2 2 2 2 2 2 2 2 2 2 2 2
left_child=1 3 7 4 -1 -6 -7 8 -3 13 11 -11 -12 14 26 24 -17 18 20 -20 -15 22 -19 -23 -14 -10 -2 -16 -5 -9
right_child=9 2 -4 28 5 6 -8 29 25 10 12 -13 15 17 27 16 -18 21 19 -21 -22 23 -24 -25 -26 -27 -28 -29 -30 -31
leaf_value=-0.052261203692926153 0.033716822362816021 0.02177095408322402 -0.056250151147659133 0.041168860903032706 0.033069936217271882 -0.059037472936414793 0.045522053790166994 0.038933597907261808 -0.054505423176007345 -0.063408117065757968 -0.051893103778111072 0.017034079788228424 0.037606084183972044 -0.10678886076346526 -0.058198303127919515 -0.0073333571266941122 0.023756731344875319 0.017450005921565575 0.025006018152612809 -0.061827307588050329 0.0031437303548678265 0.031892899938502521 0.059140240850392371 -0.038773657596664748 -0.0049264169733490154 0.01458258727670185 -0.06419767961043063 0.040694713357914102 -0.048269335084776738 -0.04792573817457179
leaf_weight=8.5667404177793269 10.379707075226181 9.2145234281852009 25.056960436751979 25.652245710580704 15.432720759061342 7.2888646766605216 2.8859661309543299 10.409629487636264 20.580737132773724 16.166205647254177 9.9109942141240008 6.5148881771456209 32.200250559057167 8.0266426768939727 15.065060093245849 143.78127071129529 39.645082306014956 171.79215424382346 50.374558062341748 8.1926743389958556 9.0520108517084719 6.6079193250407142 22.462128213235701 14.162592839475108 15.987322628627224 4.4717443803456254 1.9122820363409108 1.5075677828863252 1.74511953682122 1.9264733928957856
leaf_count=1626 130 110 2920 597 138 799 15 102 1239 741 1114 25 314 167 759 2714 612 2058 423 138 338 56 36 390 496 101 101 5 370 473
internal_value=0.00232783 -0.00918174 -0.0272545 0.0117812 -0.00684364 0.00830003 -0.0287394 -0.0114703 -0.0246678 0.00496443 -0.0015653 -0.0401092 0.00204868 0.0103779 -0.0203007 0.00439988 -0.000577135 0.0134476 -0.00111702 0.0126894 -0.0485523 0.0185928 0.0223244 -0.0160072 0.0234104 -0.0419658 0.0176855 -0.0487123 0.0351353 0.0246908
internal_weight=716.973 133.232 71.6601 61.5717 34.1743 25.6076 10.1748 46.6031 34.267 583.741 264.206 22.6811 241.525 319.535 28.8646 231.614 183.426 290.671 75.6459 58.5672 17.0787 215.025 194.254 20.7705 48.1876 25.0525 12.292 16.5726 27.3974 12.3361
internal_count=19107 8490 4945 3545 2578 952 814 2025 1450 10617 6016 766 5250 4601 995 4136 3326 3606 1066 561 505 2540 2094 446 810 1340 231 764 967 575
is_linear=0
shrinkage=0.05


Tree=225
num_leaves=24
num_cat=0
split_feature=6 22 6 6 2 2 8 27 9 8 17 11 22 17 17 11 8 3 16 27 30 8 27
split_gain=10.0318 11.3426 11.2172 9.57475 8.57729 10.8561 10.1426 8.65227 16.3568 14.7188 7.26119 12.1213 9.12991 6.48413 5.23794 5.22164 4.54617 4.11613 4.00566 3.06488 1.57164 0.847447 4.82332
threshold=2.5000000000000004 1.5000000000000002 6.5000000000000009 1.5000000000000002 100.47000000000001 700.2600000000001 3.9898569214791393 1016202.0750000001 0.99595957946976632 4.7266984957335234 39.500000000000007 0.16663960160225177 1.5000000000000002 1.5000000000000002 42.500000000000007 0.24019230769230773 3.7034651875097393 121.88727183029108 0.067424242424242359 3.6263242141457233 1.5000000000000002 3.9803677202776639 0.60167385198758472
decision_type=2 2 2 2 2 2 2 2 2 2 2 2 2 2 2 2 2 2 2 2 2 2 2
left_child=1 -1 10 14 6 -6 21 8 -7 -9 13 -12 -13 17 -3 16 -15 -2 20 -14 -16 22 -4
right_child=2 3 4 -5 5 7 -8 9 -10 -11 11 12 19 15 18 -17 -18 -19 -20 -21 -22 -23 -24
leaf_value=-0.055917620286205554 -0.054490521301490957 -0.05453297114232887 0.050292535375042371 -0.056219048963741615 -0.052944803684804892 0.006119449244463223 -0.050918990285669055 0.044501480715709016 -0.030431677336827546 -0.051045011267360885 -0.053544449014775265 -0.050662408108266568 -0.042117231540399022 0.038103908401865262 0.036810313237511431 -0.046303619428674676 -0.056996072451351389 0.026461345591652398 -0.054259772821528544 0.042695691368976094 -0.0094398992782197128 0.054141325298178458 -0.045524066271039824
leaf_weight=12.764057772345039 3.4227134961406582 2.1821142386252239 6.309627974436812 5.6303069984787717 7.9440816863352657 541.22960865559435 2.9231172933068583 27.675024023792503 32.309778749336147 4.5831113323511081 7.3780518824560231 3.4973416722059509 1.0067838028780922 74.155388520081942 15.914542474138221 1.8181429222167924 1.1518011276712048 2.6585886680659314 1.3368272412762952 15.349199046109787 1.8464528269250866 14.273189264458779 1.5153103766569982
leaf_count=1493 480 113 28 670 784 7920 187 190 2117 54 1119 605 259 1534 254 356 53 97 276 312 121 5 252
internal_value=0.00714013 -0.0172917 0.00844274 0.000983375 0.00588626 0.00470389 0.0345552 0.00547673 0.00404672 0.0306563 0.0231652 0.000561311 0.0210867 0.0304933 0.0165442 0.034435 0.0365094 -0.018436 0.0251677 0.036947 0.0316962 0.0462654 0.0307663
internal_weight=788.875 39.6743 749.201 26.9102 638.763 613.742 25.0212 605.798 573.539 32.2581 110.438 27.2314 19.8533 83.2066 21.2799 77.1253 75.3072 6.0813 19.0978 16.356 17.761 22.0981 7.82494
internal_count=19279 2927 16352 1434 11537 11065 472 10281 10037 244 4815 2295 1176 2520 764 1943 1587 577 651 571 375 285 280
is_linear=0
shrinkage=0.05


Tree=226
num_leaves=23
num_cat=0
split_feature=6 22 6 23 6 2 2 8 27 8 1 17 23 19 17 22 11 30 18 24 8 2
split_gain=9.28006 10.7633 10.568 9.75072 9.00367 8.20571 10.2101 9.59859 8.13077 13.6958 8.38224 6.34431 17.6781 4.94564 4.89356 4.56253 4.44754 2.11148 1.68918 1.25915 0.802928 4.60286
threshold=2.5000000000000004 1.5000000000000002 6.5000000000000009 36.770704996577699 1.5000000000000002 100.47000000000001 700.2600000000001 3.9898569214791393 1016202.0750000001 4.7266984957335234 10.500000000000002 39.500000000000007 47.500342231348398 31779.774545454547 42.500000000000007 1.5000000000000002 0.24019230769230773 1.5000000000000002 1.0000000180025095e-35 619.50000000000011 3.9803677202776639 99.925000000000011
decision_type=2 2 2 2 2 2 2 2 2 2 2 2 2 2 2 2 2 2 2 2 2 2
left_child=1 -1 3 -2 14 7 -7 20 10 -10 -8 13 15 16 -3 -13 -5 19 -19 -16 21 -4
right_child=2 4 5 11 -6 6 8 -9 9 -11 -12 12 -14 -15 17 -17 -18 18 -20 -21 -22 -23
leaf_value=-0.055643790583517476 -0.050427999909670229 -0.05396822893338922 -0.045278752337425621 0.036242195378388985 -0.055915221834152568 -0.052702381157566459 0.0059942592579137199 -0.05057846156269933 0.043726897906817247 -0.049000879823179355 -0.013276910454059439 -0.048453791027492449 -0.053005291033149188 -0.055073057501391423 0.042380719596675387 0.04312448610577823 -0.04553401604909571 0.038274999073321506 -0.047154541176109427 0.012453413177977848 0.053810598803097666 0.049989525683367411
leaf_weight=12.200275508624143 4.2517363879051109 2.0978848354789141 1.4603490659610585 75.405508698580888 5.384614992513888 7.5909781155351075 508.84964640943053 2.7994618957873163 26.78164809774535 4.5408627536526174 63.236325460906301 1.3651148640929065 8.7849484661419392 1.4453989950707171 9.8231850603560869 14.683314120547948 1.5648089782116574 0.72748631238937322 1.6115595354640389 6.4958950864547651 13.659018943413685 6.0473630172109551
leaf_count=1493 1373 113 240 1434 670 784 7972 187 190 54 2065 216 1240 79 83 200 273 1 218 349 5 40
internal_value=0.00684921 -0.0170669 0.0080931 0.0225993 0.000890526 0.00562613 0.00448794 0.0342964 0.0052243 0.0300118 0.00385341 0.0257008 0.00343247 0.0326759 0.0160645 0.0347732 0.0344579 0.0244511 -0.0180545 0.0309209 0.0459419 0.0304498
internal_weight=780.807 38.3409 742.466 107.501 26.1406 634.966 610.999 23.9662 603.408 31.3225 572.086 103.249 24.8334 78.4157 20.756 16.0484 76.9703 18.6581 2.33905 16.3191 21.1667 7.50771
internal_count=19279 2927 16352 4815 1434 11537 11065 472 10281 244 10037 3442 1656 1786 764 416 1707 651 219 432 285 280
is_linear=0
shrinkage=0.05


Tree=227
num_leaves=31
num_cat=0
split_feature=6 22 15 15 17 5 13 27 27 14 2 6 22 27 17 5 5 23 16 17 2 17 16 14 5 30 7 13 7 2
split_gain=8.56251 10.23 10.2045 17.7001 14.5866 12.6478 10.001 9.95944 11.0245 12.1677 9.05659 8.48074 7.86112 7.94736 6.8131 6.14029 6.11963 4.87162 4.81976 4.58028 4.16976 4.17059 3.66966 3.39534 1.65744 1.36583 0.823613 0.79264 0.63803 0.453227
threshold=2.5000000000000004 1.5000000000000002 0.083722741433021761 0.11690309690309686 35.500000000000007 3.1754263980429447 0.09722448794634761 11.040161431953683 1016202.0750000001 0.013730049013447253 2154.6200000000003 1.5000000000000002 1.5000000000000002 8.7709153469627399 1.0000000180025095e-35 3.3789294944032862 2.0063716223101764 30.829568788501032 0.38529014844804316 42.500000000000007 10378.020000000002 8.5000000000000018 0.067424242424242359 0.52859477124183019 2.0063716223101764 1.5000000000000002 20.500000000000004 0.013606071825249902 25.500000000000004 23429.850000000002
decision_type=2 2 2 2 2 2 2 2 2 2 2 2 2 2 2 2 2 2 2 2 2 2 2 2 2 2 2 2 2 2
left_child=1 -1 4 6 5 10 23 15 9 -9 -2 19 18 26 -10 16 -5 -12 28 -3 -8 -22 25 27 -15 -21 -14 -4 -6 -7
right_child=2 11 3 7 12 29 20 8 14 -11 17 -13 13 24 -16 -17 -18 -19 -20 22 21 -23 -24 -25 -26 -27 -28 -29 -30 -31
leaf_value=-0.055374721349461302 -0.05071278872433134 -0.053414475532014227 -0.030173464106343841 0.0048252099675916149 -0.057383349097886484 -0.054101497808621585 -0.058687121894907969 -0.0051908730256486815 -0.052702534510511684 0.012531804092192358 -0.012487839584899959 -0.055612741225043505 -0.051496933163724848 0.034533012798704764 0.040569869145409471 -0.057658336694164508 0.027852254946091417 0.037737792846086603 0.027941773442732604 0.035131407262150381 0.02035140724585836 -0.056284737368380591 -0.053784844457233638 0.039151508930924485 -0.010966703338376833 -0.0087089713791707653 -0.16674389140131962 -0.064640289592988079 -0.10677283313481521 -0.11998966023006746
leaf_weight=11.660708517993497 3.0496635516974484 2.0167476543792935 2.8544862766284558 43.170668640994336 6.1127551078388951 2.0104763309755067 2.5784791097412407 258.02725159406418 1.9847933431628941 154.78891764679065 4.9028492927627658 5.149694789421118 2.7904687155823917 9.9668315118069568 26.290771129577479 2.4360919415357776 90.817427801012855 89.285575636300564 1.4559349853079764 15.180558068725082 12.333526710928707 1.9513689250143205 1.2766938454560648 0.78942614793777366 2.2557698296186564 1.7707834404172889 0.15171587519580487 14.646225712520389 1.2553628494497386 0.65380200115032483
leaf_count=1493 365 113 100 1610 524 88 229 7136 114 1067 178 670 388 98 151 175 2043 816 35 254 187 143 276 1 139 121 5 734 15 11
internal_value=0.00656501 -0.0168152 0.00775014 0.005091 0.0208451 0.0292631 -0.0292776 0.00719639 0.00352891 0.00144371 0.0322691 0.00084233 -0.0139803 0.00759792 0.0336838 0.0190063 0.0204794 0.0350599 -0.0512939 0.0156514 -0.00115621 0.00921654 0.0238154 -0.0547862 0.0257091 0.0302343 -0.064369 -0.059506 -0.0677848 -0.0758348
internal_weight=773.616 37.0552 736.561 612.669 123.891 99.9024 35.1535 577.516 441.092 412.816 97.2381 25.3945 23.9888 15.1648 28.2756 136.424 133.988 94.1884 8.82405 20.2448 16.8634 14.2849 18.228 18.2901 12.2226 16.9513 2.94218 17.5007 7.36812 2.66428
internal_count=19279 2927 16352 13690 2662 1458 1394 12296 8468 8203 1359 1434 1204 630 265 3828 3653 994 574 764 559 330 651 835 237 375 393 834 539 99
is_linear=0
shrinkage=0.05


Tree=228
num_leaves=26
num_cat=0
split_feature=6 6 23 17 24 23 24 27 9 6 8 9 9 27 17 23 17 13 16 12 13 18 18 12 14
split_gain=7.92501 9.61221 8.96816 8.0856 12.413 7.53906 6.923 6.84637 15.1445 15.609 12.5699 8.92509 15.0144 7.42582 5.5955 16.3007 4.59462 15.3631 3.00942 1.71804 2.91948 1.6166 1.57853 1.50161 0.402392
threshold=2.5000000000000004 6.5000000000000009 36.770704996577699 430.50000000000006 1877.5000000000002 24.15468856947297 619.50000000000011 1016202.0750000001 0.99595957946976632 29.500000000000004 4.7266984957335234 0.99589320650340707 0.99399393983118112 1.6656847238310424 39.500000000000007 47.500342231348398 22.500000000000004 0.074635057424185261 0.16925080128205128 2.6934166669335395 0.10755627847422801 452.50000000000006 1.0000000180025095e-35 1.6645558116179004 0.0029651610067040006
decision_type=2 2 2 2 2 2 2 2 2 2 2 2 2 2 2 2 2 2 2 2 2 2 2 2 2
left_child=3 2 -2 4 5 22 -5 8 11 13 19 12 -3 -10 16 18 17 -4 -16 20 -9 -12 -1 -18 -21
right_child=1 7 14 6 -6 -7 -8 10 9 -11 21 -13 -14 -15 15 -17 23 -19 -20 24 -22 -23 -24 -25 -26
leaf_value=0.046599737488499562 -0.050184928417645797 0.0062167705469378864 0.032909318178197082 0.048549748684197098 0.045387960935555 -0.057171363870158566 -0.048585835313382973 -0.047552548191640509 0.040065167290481388 0.049273528605484562 0 0.047393281770249665 -0.045205937750668751 -0.052780618753190248 0.039891313761155969 -0.052788090773483454 0.051545962606951538 -0.052010801402840326 -0.045926565807614284 0.052631297662419398 0.043576190972867822 -0.067156871003821964 -0.037700639560419885 0.029290905193105038 0.032727731735649239
leaf_weight=2.3192658424377508 4.044953525816708 537.75488427234541 31.522691448299156 6.9196564685644244 4.3370323601920964 19.345040586611503 2.3486609078545371 1.3014766791602661 2.2242177413900235 5.136706829071044 1.4206880182027806 12.546833653424981 14.461433592063257 24.676419184696897 14.279001958835579 8.2858775157892506 23.992830700013656 6.2742536879632089 0.9645074986383414 15.832196566159839 2.1913640632556053 3.0686837223474868 0.57380112317423471 13.863166038849156 5.802138395705696
leaf_count=2 1373 8338 450 13 36 1967 699 95 33 3 4 42 771 2100 180 1240 98 961 236 14 18 51 210 277 68
internal_value=0.00629476 0.00742772 0.0215727 -0.0165856 -0.0306644 -0.0458573 0.0231453 0.00508571 0.00390897 -0.0294537 0.0285369 0.00581527 0.00485312 -0.0447987 0.0245972 0.00304848 0.0312203 0.0185807 0.0338715 0.0424106 0.00785037 -0.0472577 0.0275084 0.0436264 0.0476985
internal_weight=765.488 729.644 103.227 35.8435 26.5751 22.2381 9.26832 626.417 596.8 32.0373 29.6165 564.763 552.216 26.9006 99.1823 23.5294 75.6529 37.7969 15.2435 25.1272 3.49284 4.48937 2.89307 37.856 21.6343
internal_count=19279 16352 4815 2927 2215 2179 712 11537 11287 2136 250 9151 9109 2133 3442 1656 1786 1411 416 195 113 55 212 375 82
is_linear=0
shrinkage=0.05


Tree=229
num_leaves=31
num_cat=0
split_feature=7 6 17 6 15 15 5 5 2 11 12 9 22 0 27 27 2 11 27 7 13 11 17 16 27 2 4 5 16 5
split_gain=7.90867 18.7069 8.74392 13.5416 13.8351 13.1083 11.3751 9.51556 8.83154 8.6475 10.2244 15.2343 17.2766 12.9627 10.987 9.46962 7.86343 7.80862 6.85617 6.1035 5.07288 4.14816 3.97614 3.94965 3.0382 1.62277 0.633168 0.526857 0.700683 0.10654
threshold=37.500000000000007 34.500000000000007 39.500000000000007 2.5000000000000004 0.083722741433021761 0.12012658227848101 3.0151133707776387 3.1754263980429447 100.47000000000001 0.23822570123939982 2.7099739486960415 0.33192090395480228 1.5000000000000002 7.5000000000000009 381.97523501540758 4.204660630552266 2154.6200000000003 0.14785670545009183 1.738595135264118 13.500000000000002 0.058939323761000452 0.90442092154420928 1.0000000180025095e-35 0.21177645883528232 119.63505569724263 14087.815000000002 4.5000000000000009 2.5074067043251591 0.22230404189167072 2.0225995473897274
decision_type=2 2 2 2 2 2 2 2 2 2 2 2 2 2 2 2 2 2 2 2 2 2 2 2 2 2 2 2 2 2
left_child=2 27 3 -1 7 6 -6 16 -7 10 11 12 -4 -13 19 18 -5 20 -11 -12 22 -17 -3 25 -22 -19 -9 -2 -29 -24
right_child=1 17 9 4 5 8 -8 26 -10 15 14 13 -14 -15 -16 21 -18 23 -20 -21 24 -23 29 -25 -26 -27 -28 28 -30 -31
leaf_value=-0.058669061441599737 -0.064038257673032534 0.020586219388042382 -0.042882291960803121 -0.049893260863401484 -0.04208826577481687 0.041540992118720171 0.025469980062827829 -0.050160739436734991 0.0081312790026449328 -0.046088166928961817 -0.056638720961114067 -0.059437737857130628 0.016255614175218491 0.048426406506783176 -0.070311631365020374 -0.054962864501730706 0.033526443424353562 0.025655234526522887 0.048128762596298946 0.030905293260760719 0.043964587689371129 0.038111627929805741 -0.032177209132674613 -0.075373678794694962 0.0076815131858993819 -0.03330409569864011 -0.1342941555551494 -0.048230527073311429 -0.11936717299259776 -0.066799335453710668
leaf_weight=6.9307885785146928 6.1111993679005518 2.6379102151840952 18.3362929455634 2.7839877924070597 22.785074053452266 20.783915727821295 8.3869551485586253 1.5820772724109695 411.76507024754483 2.0221285477546251 2.0216756824102076 25.979132823439617 37.22769861910092 2.9915666717424747 3.3043118711866546 4.6617064991605721 89.734587926152017 1.9654128783731701 18.448647556040669 26.854738252957759 10.70818191021681 1.4546956671783844 1.377404841128737 4.0818630028807092 13.364921699278055 2.4902604746748693 0.42894092643109605 1.0003150992415615 2.0404602810740471 2.5133168358588591
leaf_count=524 161 12 1026 376 1053 286 104 82 7628 840 140 3469 968 5 171 804 999 14 156 160 14 19 20 70 37 38 10 26 30 37
internal_value=0.00605039 -0.0134723 0.00738985 0.0101888 0.011063 0.00749103 -0.0237282 0.0285062 0.0097574 -0.00361368 -0.00950786 -0.0186587 -0.00321224 -0.0479992 0.0143588 0.0220126 0.0309111 0.0015134 0.0384 0.0244294 0.0134476 -0.0317652 -0.0250042 -0.0403448 0.0241429 -0.00620712 -0.075986 -0.0774239 -0.0998382 -0.0569087
internal_weight=756.775 48.2912 708.484 565.181 558.251 463.721 31.172 94.5296 432.549 143.303 116.715 84.5347 55.564 28.9707 32.1807 26.5872 92.5186 39.1393 20.4708 28.8764 30.6017 6.1164 6.52863 8.53754 24.0731 4.45567 2.01102 9.15197 3.04078 3.89072
internal_count=19279 459 18820 11062 10538 9071 1157 1467 7914 7758 5939 5468 1994 3474 471 1819 1375 242 996 300 120 823 69 122 51 52 92 217 56 57
is_linear=0
shrinkage=0.05


Tree=230
num_leaves=31
num_cat=0
split_feature=20 27 12 24 16 12 11 24 22 20 20 12 16 10 15 20 15 4 12 12 27 27 18 24 7 20 17 29 20 6
split_gain=8.72295 15.5207 17.4063 19.2566 16.7598 14.1845 15.1077 11.4106 10.761 8.98323 9.29719 8.48931 7.97444 7.98703 9.86336 7.42661 7.04053 9.87858 5.48075 14.4584 17.394 7.26357 7.10986 10.1943 4.76914 3.77487 3.6263 3.28288 2.47295 1.03673
threshold=1.8480168609220329 5.3470890085940619 2.4248379692550128 131.50000000000003 0.32230727173318757 2.7193005650055739 0.1154480832698654 529.50000000000011 1.5000000000000002 3.9737252280670146 1.9683343379746072 0.81398360602640307 0.090230664857530521 0.17732558139534882 0.056079664570230552 1.8441326803566513 0.062895569620253167 3.5000000000000004 2.7680479982359061 2.1883621187730959 430.89795822490765 78.850461239806307 678.50000000000011 1167.5000000000002 12.500000000000002 1.9583148337368124 1.5000000000000002 1.5000000000000002 4.6691970723183269 3.5000000000000004
decision_type=2 2 2 2 2 2 2 2 2 2 2 2 2 2 2 2 2 2 2 2 2 2 2 2 2 2 2 2 2 2
left_child=11 12 3 -3 7 9 26 -5 -8 10 -4 -1 -2 14 -14 18 -15 -18 19 21 -21 -13 27 -24 -6 -16 -7 -20 -11 -17
right_child=1 2 5 4 24 6 8 -9 -10 28 -12 15 13 16 25 29 17 -19 22 20 -22 -23 23 -25 -26 -27 -28 -29 -30 -31
leaf_value=-0.053356451160349705 -0.057412162523009236 0.035799683750657611 -0.053168110545036 -0.012330359704507073 -0.055664944008261302 0.040366295181827432 -0.04206107133348716 -0.049628843274400564 -0.0039455434857412095 -0.088822917356284267 0.016400239871586276 0.0084468874996330417 -0.05565565901998331 0.036148409241259664 -0.047379162225076724 0.05647323544943187 -0.065165347275660188 0.029662804340598471 -0.0073643811526033706 -0.031147204141418017 0.016742989365944646 0.033986993858302193 -0.060834203358304986 0.040572151802522022 0.034301524011218422 0.033678711307483719 0.0020222788288983291 0.044461593715243421 -0.011632264022442673 0.026763556538406591
leaf_weight=4.7128817875709492 3.2030171790174782 13.502131593209922 4.8276828995267342 33.652184058446437 1.5443415814333992 12.772689537436237 36.932604777288361 54.444815527141145 37.719495969540731 2.4983689054861307 156.37581091754146 70.798989599706601 3.2205281372625896 5.6059327346483796 1.3309546485070303 10.320939878118223 7.5697097687188926 4.1205042566816701 3.2072295369835073 41.441978807970372 34.655857502214531 46.661433985529129 4.8025879184569913 4.8779553569620475 12.223843290790681 72.121390403288387 12.411613108983145 28.737148662985419 2.0623853097204119 5.6416255992007782
leaf_count=775 251 18 353 190 165 27 762 2724 745 32 2626 3924 515 30 140 4 362 49 145 1933 809 589 178 18 41 1678 56 103 15 52
internal_value=0.00478972 0.000790577 -0.00374908 -0.0199626 -0.0274307 0.00327953 -0.0115766 -0.035468 -0.0229004 0.0122588 0.0142542 0.0122404 0.0186255 0.0213287 0.0282615 0.013512 -0.00910241 -0.0313487 0.0112319 0.0076483 -0.00927847 0.0186556 0.0277175 -0.00933268 0.0235211 0.0320795 0.0217497 0.0390955 -0.0559884 0.0465163
internal_weight=733.999 478.14 380.968 115.367 101.865 265.601 99.8364 88.097 74.6521 165.764 161.203 255.859 97.172 93.969 76.6729 251.146 17.2961 11.6902 235.183 193.558 76.0978 117.46 41.6249 9.68054 13.7682 73.4523 25.1843 31.9444 4.56075 15.9626
internal_count=19309 10779 7754 3138 3120 4616 1590 2914 1507 3026 2979 8530 3025 2774 2333 7755 441 411 7699 7255 2742 4513 444 196 206 1818 83 248 47 56
is_linear=0
shrinkage=0.05


Tree=231
num_leaves=31
num_cat=0
split_feature=5 27 12 24 23 16 23 12 9 8 15 17 12 27 22 12 5 5 12 27 15 12 12 27 27 18 24 23 29 0
split_gain=8.02629 14.3153 15.9711 17.7195 25.4925 25.4923 15.9214 12.8813 11.7301 8.91175 8.55985 8.61113 7.94797 7.69315 17.6908 7.66908 7.04614 6.18361 5.8643 5.75234 5.49451 5.25757 13.1836 15.8272 6.85084 6.64965 9.58989 3.73174 3.16138 1.46525
threshold=1.8480168609220329 5.3470890085940619 2.4248379692550128 131.50000000000003 28.064339493497609 0.32230727173318757 27.483915126625604 2.7193005650055739 0.96566460359563822 2.6353626597175412 0.21455026455026452 1.0000000180025095e-35 0.81398360602640307 3.4857795123256037 1.5000000000000002 2.7640113460446121 1.8441326803566513 2.0063716223101764 2.4948971785932685 2.4385217750105794 0.056079664570230552 2.7680479982359061 2.1883621187730959 430.89795822490765 78.850461239806307 678.50000000000011 1167.5000000000002 36.770704996577699 1.5000000000000002 10.500000000000002
decision_type=2 2 2 2 2 2 2 2 2 2 2 2 2 2 2 2 2 2 2 2 2 2 2 2 2 2 2 2 2 2
left_child=12 13 3 -3 6 -6 -5 10 15 -10 11 -4 -1 14 19 -9 21 -15 -12 20 -2 22 24 -24 -14 28 -27 -19 -23 -21
right_child=1 2 7 4 5 -7 -8 8 9 -11 18 -13 16 17 -16 -17 -18 27 -20 29 -22 25 23 -25 -26 26 -28 -29 -30 -31
leaf_value=-0.053064507072330291 -0.042420026994528376 0.034955356084960039 -0.018848357210111289 -0.02743891711738829 -0.053194088044380465 0.022875925570302925 0.055871130372436031 -0.046259092225666598 0.029759028895679204 -0.052028507184352361 0.0088662029344314074 0.018860048988729741 0.0080381255284691575 -0.057103823256509638 -0.053057138477834456 0.0049179442988624882 0.045733207850243596 -0.046014016742992561 -0.065845305291828748 -0.055926509940614759 0.030078211207491275 -0.0070106708534505742 -0.029824889062109224 0.016016063317421107 0.033013705187386243 -0.060218287798666836 0.03992046910945992 0.040929434565300918 0.043934965026759296 0.031309084727737461
leaf_weight=4.5076137480009484 2.6704473167173992 13.148365355271379 16.803089101202204 10.009849320517787 64.249249432543365 13.1271837230488 13.032119960957061 8.1406552952248585 3.7669311872196003 22.16873570235839 4.5953877214233199 137.31707389022267 70.687389930076279 1.6497381518674945 10.289607099377461 65.213367359254335 15.449725250087793 1.1412417113397157 5.6632330978245591 2.8628617980775739 36.96518028954506 3.2056789210619199 41.128100476948021 34.427876860615015 45.66399573759827 4.6149063264892884 4.7154951166303363 38.881900774649694 27.656262670541764 0.4295043647289275
leaf_count=775 256 18 539 464 2462 169 25 107 157 870 100 2098 3924 72 1261 456 56 118 289 185 842 145 1933 809 589 178 18 290 103 1
internal_value=0.00461229 0.000754183 -0.00360236 -0.0192757 -0.026454 -0.0402111 0.0195015 0.00313424 -0.0110528 -0.0398889 0.0117355 0.0147069 0.0118159 0.0181117 0.00538218 -0.000748737 0.0130384 0.0341963 -0.0321328 0.0195967 0.0249734 0.0108218 0.00733417 -0.00887733 0.0179031 0.0272908 -0.00919227 0.0382172 0.0384761 -0.0424849
internal_weight=724.183 472.126 377.235 113.567 100.418 77.3764 23.042 263.668 99.2897 25.9357 164.379 154.12 252.057 94.8905 53.2176 73.354 247.549 41.6729 10.2586 42.928 39.6356 232.1 191.907 75.556 116.351 40.1923 9.3304 40.0231 30.8619 3.29237
internal_count=19309 10779 7754 3138 3120 2631 489 4616 1590 1027 3026 2637 8530 3025 2545 563 7755 480 389 1284 1098 7699 7255 2742 4513 444 196 408 248 186
is_linear=0
shrinkage=0.05


Tree=232
num_leaves=31
num_cat=0
split_feature=6 6 24 22 23 11 17 23 19 19 11 27 8 11 24 5 18 16 29 19 11 15 24 5 24 15 18 2 18 24
split_gain=7.48306 21.2429 25.3325 22.3969 25.2842 13.9363 10.581 8.17567 7.66192 16.3712 12.6984 15.1263 9.7094 12.762 11.4437 8.55853 17.9791 11.5289 7.12211 6.86682 6.42458 6.27171 6.22301 14.1549 9.40102 6.45918 10.3346 6.20689 5.45414 4.78606
threshold=6.5000000000000009 8.5000000000000018 529.50000000000011 1.5000000000000002 62.421629021218351 0.16735969431861403 80.500000000000014 44.280629705681044 19297.036250000001 3708.0884210526319 0.33072916666666669 1487630.0000000002 5.1209432528266978 0.17361310471815933 1709.5000000000002 2.027687055061548 671.50000000000011 0.18479130434782606 3.5000000000000004 47238.163666666675 0.16663960160225177 0.19915292606830923 697.50000000000011 1.9936088394843388 616.50000000000011 0.16178850180849039 145.50000000000003 28.875000000000004 184.50000000000003 513.50000000000011
decision_type=2 2 2 2 2 2 2 2 2 2 2 2 2 2 2 2 2 2 2 2 2 2 2 2 2 2 2 2 2 2
left_child=6 2 3 4 29 -6 22 20 9 15 11 -11 13 -10 -15 17 -17 -3 21 -5 -8 -14 24 -24 25 26 -1 -9 -27 -2
right_child=1 8 -4 19 5 -7 7 27 12 10 -12 -13 18 14 -16 16 -18 -19 -20 -21 -22 -23 23 -25 -26 28 -28 -29 -30 -31
leaf_value=0.028619774335907618 0.017311321311662773 -0.025966156051385855 -0.061495236946713452 -0.089148493242885984 0.006348714356552515 -0.15695171145112125 -0.048847008171700401 0.044511096769653785 0.032895962085091129 -0.024939359619817837 0.049381045237056054 0.032330089714197367 -0.10641121023550436 -0.066329630326153452 0.048604631341594103 -0.052841322386507385 0.0067610579503076702 0.025589919128148127 0.0045956602865045706 0.037497124619197707 0.036160841441385497 0.010868231897624432 0.037510052299868715 -0.052012396697797947 -0.052613855770747057 -0.055331641326266015 -0.045565824141025391 -0.053115192113901921 0.035478455234702957 0.057622452394194001
leaf_weight=9.4500915628032107 22.231941267884395 12.01599292785613 27.074357947441058 7.7298475572388252 2.195810302742756 2.9086602446186589 2.790958832541949 1.7437442977643485 70.171903029055102 93.560158309282087 7.3803276950638965 12.990283426119275 3.2230681550136095 6.432810748658083 3.1054760321567301 13.626443218374332 160.71304379825142 97.953065168714602 11.303450685503774 1.1230286735808475 9.1785808295185216 1.598150545847602 61.613158413255405 4.6247975913420296 5.5862882097953834 1.6305307742586617 9.0840181963103515 12.167765071922986 27.372025770331675 11.454996428175944
leaf_count=161 134 524 2356 154 24 44 838 25 319 2778 16 103 51 263 3 540 3056 1040 71 5 714 9 1080 1124 621 97 640 2101 412 6
internal_value=0.00444547 0.00184781 -0.0229685 -0.000887548 0.015422 -0.0869712 0.0145757 -0.01425 0.00561477 0.00254376 -0.0134457 -0.0178866 0.0183082 0.0254873 -0.0282745 0.00897127 0.00204623 0.0198926 -0.0168108 -0.072285 0.0156847 -0.0670882 0.0208746 0.0311152 0.00797736 0.0152982 -0.00752147 -0.040291 0.0300287 0.0312968
internal_weight=714.035 568.793 74.7186 47.6443 38.7914 5.10447 145.242 25.881 494.074 398.239 113.931 106.55 95.8349 79.7102 9.53829 284.309 174.339 109.969 16.1247 8.85288 11.9695 4.82122 119.361 66.238 53.123 47.5367 18.5341 13.9115 29.0026 33.6869
internal_count=19309 11496 2723 367 208 68 7813 3678 8773 8057 2897 2881 716 585 266 5160 3596 1564 131 159 1552 60 4135 2204 1931 1310 801 2126 509 140
is_linear=0
shrinkage=0.05


Tree=233
num_leaves=31
num_cat=0
split_feature=6 6 24 22 23 8 17 23 19 19 27 25 8 15 5 8 26 23 23 19 23 12 27 24 5 16 6 23 12 24
split_gain=6.98296 19.6429 24.181 20.7553 22.8154 12.3558 9.80243 7.72567 7.13297 14.8619 11.3743 11.144 9.00776 8.19946 7.84936 7.03526 7.5741 6.69494 9.4741 6.3884 5.92402 5.76811 5.56097 5.5028 11.6629 10.8715 5.3849 5.38145 5.24174 4.67848
threshold=6.5000000000000009 8.5000000000000018 529.50000000000011 1.5000000000000002 62.421629021218351 2.8660931134220893 80.500000000000014 44.280629705681044 19297.036250000001 3708.0884210526319 1487630.0000000002 1.0000000180025095e-35 5.1209432528266978 0.27372627372627373 2.027687055061548 4.7550871611455277 1.0000000180025095e-35 61.685147159479818 20.406570841889121 47238.163666666675 39.140314852840525 2.7193005650055739 3.6263242141457233 697.50000000000011 1.9936088394843388 0.14068287037037039 2.5000000000000004 79.56057494866532 2.9668991407349821 513.50000000000011
decision_type=2 2 2 2 2 2 2 2 2 2 2 2 2 2 2 2 2 2 2 2 2 2 2 2 2 2 2 2 2 2
left_child=6 2 3 4 29 -6 20 22 9 13 11 -11 15 14 -3 16 -10 18 -14 -5 -1 -19 -8 25 -25 28 -27 -9 -22 -2
right_child=1 8 -4 19 5 -7 7 27 12 10 -12 -13 17 -15 -16 -17 -18 21 -20 -21 23 -23 -24 24 -26 26 -28 -29 -30 -31
leaf_value=-0.021565698718971939 0.01662774447679672 0.020250661275293846 -0.061070623258727919 -0.086996742126409635 0.033543530342510564 -0.13062478589227763 -0.048109345674934953 -0.052956970303264329 -0.0026655625016593822 -0.022619162476997814 0.031381345924485431 0.049141018763689773 0.027355680589822948 -0.061088051568648355 0.0029522070230932999 0.043602555859004383 0.038553091985076809 -0.033669339130957342 -0.10697997401189872 0.036920961465414896 -0.055628320722529614 0.040296959730530345 0.033844270647991441 0.038497467443086783 -0.05192057300208848 -0.054630284935899769 0.026873380047426645 0.036475567961395124 0.042806363843956856 0.057082364941395507
leaf_weight=7.6790918185224646 21.998803726142796 107.14216377095727 25.929155881090992 7.5324956566328165 1.5384229406990915 3.6519931926741265 2.5382686925440821 11.457953758374058 29.727253200337145 94.862958921808968 12.723793073713749 5.604068402433767 1.8958113938715531 4.0431089733874606 171.05346342746361 30.481403473648243 17.529085682006553 4.6189613299793546 3.6223239239334362 1.0860322989174163 7.5774775491736346 5.8079341049306095 9.1036305878924377 58.883568123426812 3.6653324651033463 2.021155559221369 35.092696403415175 1.8275643334563927 1.5057489668251944 10.99773533582629
leaf_count=1324 134 1473 2356 154 23 45 1023 2080 462 2786 103 8 7 283 3404 48 75 39 66 5 392 19 529 727 761 178 750 46 3 6
internal_value=0.00428771 0.00177734 -0.0224349 -0.0008404 0.0149083 -0.0813064 0.0142223 -0.0140726 0.00539195 0.00243638 -0.0128453 -0.0185218 0.017798 0.00858512 0.00963725 0.0248411 0.0125675 -0.0161689 -0.0602722 -0.0705638 0.0203302 0.00704742 0.0152927 0.0233517 0.0330448 0.0100766 0.0221656 -0.0401004 -0.0384776 0.0303941
internal_weight=703.199 561.847 72.7346 46.8055 38.187 5.19042 141.352 24.9274 489.112 395.43 113.191 100.467 93.6828 282.239 278.196 77.7377 47.2563 15.945 5.51814 8.61853 116.425 10.4269 11.6419 108.746 62.5489 46.1971 37.1139 13.2855 9.08323 32.9965
internal_count=19309 11496 2723 367 208 68 7813 3678 8773 8057 2897 2794 716 5160 4877 585 537 131 73 159 4135 58 1552 2811 1488 1323 928 2126 395 140
is_linear=0
shrinkage=0.05


Tree=234
num_leaves=31
num_cat=0
split_feature=13 9 27 24 23 27 24 19 18 9 7 13 27 24 24 12 9 7 9 7 13 2 13 24 22 19 19 4 23 11
split_gain=6.78073 13.6063 14.5792 16.1875 18.6202 33.7803 14.6741 9.64684 12.6472 9.1707 12.493 9.79787 17.7826 8.8695 11.8656 10.08 8.34506 13.459 8.24719 8.98256 8.18887 8.11946 7.28265 14.6213 11.6802 7.08035 7.06205 6.24844 5.9749 4.65347
threshold=0.078977070215040954 0.83424908424908439 1016202.0750000001 131.50000000000003 40.097193702943194 12.844058819425465 513.50000000000011 3694.086666666667 1083.5000000000002 0.25098425196850399 37.500000000000007 0.041885964912280658 75.683412767415604 1856.5000000000002 312.50000000000006 2.8093236892545557 0.81853972798854702 14.500000000000002 0.42940199335548174 40.500000000000007 0.15351882160392796 12314.530000000001 0.066772823779193163 697.50000000000011 1.5000000000000002 2665.3297916666675 24004.011666666669 8.5000000000000018 34.457221081451067 0.050157232704402512
decision_type=2 2 2 2 2 2 2 2 2 2 2 2 2 2 2 2 2 2 2 2 2 2 2 2 2 2 2 2 2 2
left_child=7 16 3 -3 6 -6 -5 8 22 13 11 21 -13 14 -9 -16 17 20 -19 -20 26 -11 23 -1 -25 -22 -2 -12 -24 -15
right_child=1 2 -4 4 5 -7 -8 9 -10 10 27 12 -14 29 15 -17 -18 18 19 -21 25 -23 28 24 -26 -27 -28 -29 -30 -31
leaf_value=-0.036498592982935132 -0.056326354041131801 0.037267444281819516 0.032883053553477391 -0.063263591086918661 0.012314280735722027 -0.044662238638933927 0.0094133395981704903 0.023005956892627324 -0.072217037207231827 -0.056723613563947811 -0.054368225565438834 -0.034622035999087392 0.016847517452943338 0.035476442794280562 -0.044360411835785166 0.038541023126081701 0.045945403620225346 0.044366806402395376 0.016808333902553357 -0.059167940222751396 -0.06879946373011811 0.03111671564782393 -0.062487096948631443 0.03589182663910364 -0.045904683730766199 0.014494513350348643 0.013789099322721644 0.044911134589560656 0.042879035057042159 -0.052067009466054893
leaf_weight=11.709818305669613 13.808461326236285 15.9643646280183 20.50272948815109 7.5088355645621041 37.212816297093013 85.147423838322538 78.841214601696265 10.951110181133116 3.3250620939797946 2.6116045244784791 10.171728127308596 23.488637548090992 57.967819627638164 11.298031061706295 34.429415073940618 3.9606363293423774 16.690633405327389 26.064341525547206 29.83400998696743 4.3567373018595381 2.7621789175227631 66.049320690412969 1.2637911417532439 37.278579834244738 4.8041617792969182 22.807855912180457 4.6542090356888357 1.7402950525283802 45.131764810113964 1.619712031439575
leaf_count=646 1408 122 225 230 1225 3335 2283 103 294 449 225 1214 712 247 1794 11 109 46 228 38 313 1296 124 307 286 1463 57 3 286 230
internal_value=0.00412868 -0.000535071 -0.0073181 -0.0110219 -0.0147556 -0.0272975 0.00296979 0.00935194 0.0219793 0.00349469 0.00977826 0.0137211 0.00192029 -0.0127676 -0.0224711 -0.0355998 0.0131649 0.00783174 0.0232006 0.00683697 -0.0130909 0.0276252 0.0252243 0.0125327 0.0263487 0.00506902 -0.0384027 -0.0391946 0.0397732 0.0237999
internal_weight=693.957 366.156 245.177 224.675 208.71 122.36 86.3501 327.801 103.513 224.288 162.029 150.117 81.4565 62.2589 49.3412 38.3901 120.978 104.288 60.2551 34.1907 44.0327 68.6609 100.188 53.7926 42.0827 25.57 18.4627 11.912 46.3956 12.9177
internal_count=19309 11082 7420 7195 7073 4560 2513 8227 1943 6284 3899 3671 1926 2385 1908 1805 3662 3553 312 266 3241 1745 1649 1239 593 1776 1465 228 410 477
is_linear=0
shrinkage=0.05


Tree=235
num_leaves=31
num_cat=0
split_feature=23 23 27 27 29 18 27 18 23 17 13 2 22 24 8 12 23 12 11 11 8 17 17 17 18 5 24 5 11 17
split_gain=8.98626 18.2343 12.9843 10.7821 10.3328 19.2947 9.5281 8.79266 17.0073 16.6201 13.3859 12.457 12.161 24.6945 11.6708 13.5832 11.299 11.079 11.0582 13.3218 10.7077 10.2806 9.5166 7.77248 7.06082 6.88681 5.65241 5.45115 4.31995 6.23209
threshold=67.653661875427801 69.581108829568805 10.228405398252855 12.394301199432423 1.5000000000000002 49.500000000000007 47.276317682364834 714.50000000000011 62.881587953456538 6.5000000000000009 0.11909059652741961 2154.6200000000003 1.5000000000000002 805.50000000000011 3.8630770068093625 3.1086348305682394 44.743326488706373 2.4911833718220371 0.14730412513842742 0.091372912801484213 4.6378343963736466 20.500000000000004 1406.5000000000002 2.5000000000000004 671.50000000000011 1.7192936238901921 565.50000000000011 2.4315384305672212 0.14730412513842742 430.50000000000006
decision_type=2 2 2 2 2 2 2 2 2 2 2 2 2 2 2 2 2 2 2 2 2 2 2 2 2 2 2 2 2 2
left_child=7 3 28 -2 5 -4 -6 8 11 10 14 -1 21 -14 16 -16 -9 -15 19 -13 -12 25 -23 -7 -20 -11 -5 -28 29 -3
right_child=1 2 4 26 6 23 -8 9 -10 12 20 18 13 17 15 -17 -18 -19 24 -21 -22 22 -24 -25 -26 -27 27 -29 -30 -31
leaf_value=-0.051984230120587095 -0.030908871119595328 -0.014256084359390978 0.039176585953359905 -0.013096967863627688 -0.0539181808507204 -0.011444064839032819 0.015094872273145888 0.018332732440891758 -0.046978327390777556 -0.081291432931476879 -0.039532976430843705 0.01342591157621059 -0.078555280974377487 0.020513955887457858 -0.057506370815458063 0.026603826881223855 -0.066187268994386664 -0.029904668396045987 0.016628228394902026 -0.031149390402601135 0.047246289523161268 -0.017303400469395155 0.032343639058788703 -0.070708438145194202 0.041084220307689323 0.026073770147261206 0.05756194486485125 -0.0032580372329431674 0.035293378582459109 0.040367430929804993
leaf_weight=6.8982176927056562 4.6261861977873187 13.221863363622107 7.9953817364294073 3.3830620707813059 5.4551978027011492 8.9198854639198562 48.550834387646319 16.518556733402878 12.078104648666338 1.404023738541581 5.1150936768535749 61.592301132876855 11.602603376562909 30.493061148505149 37.519353978625986 5.3558788406662634 5.0849129436483045 16.799479407987747 97.395516657123153 22.902326983565217 10.864549066245671 36.949844369043603 12.922207961421007 15.703255998954772 43.26737387572939 84.278164317245682 42.230082234069414 3.8545851299641063 37.28802872461165 8.4293115869040758
leaf_count=978 259 482 22 53 173 340 520 543 720 78 255 1595 225 1561 1294 14 442 741 3030 774 23 1670 340 912 431 573 177 98 791 129
internal_value=0.00711188 0.0161311 0.00686713 0.040909 -0.00540385 -0.0276143 0.00794462 0.00363043 0.0105381 -0.00248739 -0.0215974 0.0135722 0.0054012 -0.0135111 -0.0317708 -0.0468457 -0.00154407 0.0024732 0.015625 0.0012621 0.0190841 0.0136589 -0.00430046 -0.0495749 0.0242102 0.0241634 0.047775 0.0523706 0.0249654 0.00686808
internal_weight=718.699 199.658 145.564 54.0939 86.6246 32.6185 54.006 519.042 244.134 274.908 80.4583 232.056 194.449 58.8951 64.4787 42.8752 21.6035 47.2925 225.158 84.4946 15.9796 135.554 49.8721 24.6231 140.663 85.6822 49.4677 46.0847 58.9392 21.6512
internal_count=19243 3956 3369 587 1967 1274 693 15287 7528 7759 2571 6808 5188 2527 2293 1308 985 2302 5830 2369 278 2661 2010 1252 3461 651 328 275 1402 611
is_linear=0
shrinkage=0.05


Tree=236
num_leaves=31
num_cat=0
split_feature=15 15 2 17 9 0 11 2 2 18 15 10 27 14 13 27 24 24 24 27 5 12 9 17 11 8 16 10 12 16
split_gain=7.53692 13.4004 9.5401 18.7028 15.7964 12.3097 10.6193 9.94642 13.0057 10.195 9.15713 9.06735 8.99754 8.52933 7.34115 6.39214 8.73915 12.9455 8.62448 7.25403 6.85767 4.79195 5.4114 4.58612 4.46838 3.97436 3.31403 3.00186 2.29404 1.89339
threshold=0.083722741433021761 0.11558704453441292 12314.530000000001 3.5000000000000004 0.98222187104930481 4.5000000000000009 0.14037248293146656 15622.800000000001 24106.005000000001 1768.5000000000002 0.13211703100324163 0.15988372093023259 2729.9890937305922 0.023866484392800154 0.099781453991528712 247.83712217947763 768.50000000000011 643.50000000000011 1733.5000000000002 66.569953707841691 1.4411533579957847 2.3537793771096438 0.59280792420327322 2.5000000000000004 0.68926553672316393 5.8642945565228972 0.23823366555924694 0.43313953488372098 2.1565552440683295 0.32230727173318757
decision_type=2 2 2 2 2 2 2 2 2 2 2 2 2 2 2 2 2 2 2 2 2 2 2 2 2 2 2 2 2 2
left_child=12 14 3 5 13 24 -6 9 -9 11 -10 -4 15 -5 25 16 17 20 19 -18 -1 28 -23 -14 -3 29 -17 -19 -16 -2
right_child=1 2 7 4 6 -7 -8 8 10 -11 -12 -13 23 -15 21 26 18 27 -20 -21 -22 22 -24 -25 -26 -27 -28 -29 -30 -31
leaf_value=0.026842516947035933 -0.064196111988023843 -0.064006674842456465 0.0078205582511080129 -0.046841421779775967 -0.059374797701092476 0.047750791066800691 0.030537130794080932 -0.060197373651387977 0.029902739488570321 -0.069413247693937391 -0.0038816777469521217 0.02574994596384321 0.017029821018159069 0.010218749247619232 -0.042884836951522544 0.045942462969253965 0.03370372130390175 -0.061657810179992847 -0.05075167981903024 -0.058730157617782386 -0.020648081890444363 0.038614063994866124 -0.063877416717206481 -0.066079587331253103 0.04089603737090982 0.0096792842008164605 -0.0073626614903245374 0.022383881295782934 0.036980724039304816 0
leaf_weight=23.761220207200495 13.651711883785543 20.600617084113772 165.80479546548395 16.937518598367209 3.4459124040731686 2.9560854327573898 40.622218713296206 8.7812555232685536 24.42863523885535 3.4588476966637236 109.33469997666634 124.24193024112174 2.3674089528940376 10.387376091355689 0.89853427658635876 26.925144731267213 58.418690329132005 9.0694059091856598 3.3321446132076735 2.0757903007906853 10.95657684031721 1.6931210511829702 4.2137913074111566 4.6675706344640275 0.94318252801895042 2.2813756600371553 3.0623878974502068 1.056793663999996 6.5773474227898987 1.1705258881338512
leaf_count=623 779 977 3853 1859 178 3 801 520 360 154 3641 521 39 181 143 141 1421 775 774 113 504 10 263 333 1 24 110 4 103 35
internal_value=0.00685638 0.00421754 0.00607472 -0.00817016 0.00471526 -0.0457882 0.0232747 0.00921997 -0.00158397 0.0144828 0.00226861 0.0155241 0.0169991 -0.0250099 -0.027938 0.0198285 0.0140944 -0.00272058 0.0259724 0.0303578 0.0116951 0 -0.0335137 -0.0375642 -0.0590153 -0.049543 0.0403263 -0.052265 0.0262822 -0.0589971
internal_weight=708.123 562.429 531.943 95.8929 71.393 24.4999 44.0681 436.05 142.545 293.506 133.763 290.047 145.693 27.3249 30.4864 138.658 108.671 44.844 63.8266 60.4945 34.7178 13.3828 5.90691 7.03498 21.5438 17.1036 29.9875 10.1262 7.47588 14.8222
internal_count=19243 14406 13049 4000 3019 981 979 9049 4521 4528 4001 4374 4837 2040 1357 4465 4214 1906 2308 1534 1127 519 273 372 978 838 251 779 246 814
is_linear=0
shrinkage=0.05


Tree=237
num_leaves=31
num_cat=0
split_feature=15 15 2 17 9 0 9 15 26 2 2 24 3 27 14 13 27 24 24 17 27 5 19 12 9 17 9 8 16 10
split_gain=7.03162 12.4457 8.70926 17.6584 14.5403 11.6406 10.2545 9.36427 10.7502 9.95282 10.5619 9.88284 9.10023 8.33519 8.00559 6.86473 6.09163 8.07718 12.1602 8.1908 6.57802 6.26816 5.2263 4.47268 5.11701 4.34504 4.24469 3.81341 3.19108 2.88657
threshold=0.083722741433021761 0.11558704453441292 12314.530000000001 3.5000000000000004 0.98222187104930481 4.5000000000000009 0.99399393983118112 0.13869429611848658 1.0000000180025095e-35 13000.150000000001 24106.005000000001 513.50000000000011 0.36388521161566911 2729.9890937305922 0.023866484392800154 0.099781453991528712 247.83712217947763 768.50000000000011 643.50000000000011 240.50000000000003 66.569953707841691 1.4411533579957847 52215.691666666673 2.3537793771096438 0.59280792420327322 2.5000000000000004 1.0000000180025095e-35 5.8642945565228972 0.23823366555924694 0.43313953488372098
decision_type=2 2 2 2 2 2 2 2 2 2 2 2 2 2 2 2 2 2 2 2 2 2 2 2 2 2 2 2 2 2
left_child=13 15 3 5 14 26 -6 8 12 11 -11 -9 -4 16 -5 27 17 18 21 20 -19 -1 -10 -17 -25 -15 -3 -2 -18 -20
right_child=1 2 7 4 6 -7 -8 9 22 10 -12 -13 -14 25 -16 23 28 19 29 -21 -22 -23 -24 24 -26 -27 -28 -29 -30 -31
leaf_value=0.025841995428964815 -0.058305582265129587 0.040511087917848888 -0.061431476590725377 -0.045903514382706366 0.030350189566460406 0.047552465159808432 -0.052772963436522241 -0.011918175207961878 -0.080940712929857897 -0.057597429168887153 -0.0023240875930439645 0.015499149645622483 0.031970890213628957 0.016339053514226331 0.0097509143773545793 0.025649777002454546 0.045369246197399932 0.033933923177943678 -0.061421590181658083 -0.033975071580879528 -0.057898260848055917 -0.019715104269007067 0.024201583031561752 0.037978148359695561 -0.063341142146365104 -0.065225705782460175 -0.06354205925275129 0.0092672823518988711 -0.0070014298180279769 0.021685167231549132
leaf_weight=23.45889850344156 14.263148580037528 0.90627702591883164 2.5771070022819904 16.434381710158053 39.30813685809062 2.8237571351346551 3.9651794399978817 39.03327359193645 3.3820995051792115 9.3709537153008551 102.05824416891755 200.209103692182 74.485903519003841 2.3488354530345523 10.347311349076334 7.2685526499108146 25.928730857642226 55.375258968093476 8.6598121758761391 5.1957845607334994 1.8939925120357646 10.907356087082006 1.638204399961978 1.6384708893019704 4.0421925213195209 4.4978748848125178 19.736201003644965 2.2684442274621679 3.0644737925131258 1.0399604419944797
leaf_count=623 814 2 169 1859 627 3 352 253 128 629 3432 3741 691 39 181 246 141 1214 775 983 111 504 6 10 263 333 976 24 110 4
internal_value=0.00660387 0.0040506 0.00583119 -0.00797082 0.00455274 -0.0454309 0.0225141 0.0088266 0.0240358 0.00524642 -0.00706476 0.0110019 0.028707 0.0165259 -0.0242587 -0.0274789 0.0192764 0.0136508 -0.00263831 0.0252077 0.0307141 0.0112225 -0.045852 0 -0.0331013 -0.0366919 -0.0585594 -0.0487327 0.039657 -0.0518707
internal_weight=698.128 555.757 526.276 93.5212 70.055 23.4662 43.2733 432.755 82.0833 350.672 111.429 239.242 77.063 142.371 26.7817 29.4808 135.524 106.531 44.066 62.465 57.2693 34.3663 5.0203 12.9492 5.68066 6.84671 20.6425 16.5316 28.9932 9.69977
internal_count=19243 14406 13049 4000 3019 981 979 9049 994 8055 4061 3994 860 4837 2040 1357 4465 4214 1906 2308 1325 1127 134 519 273 372 978 838 251 779
is_linear=0
shrinkage=0.05


Tree=238
num_leaves=31
num_cat=0
split_feature=15 15 2 24 8 30 15 26 2 2 24 11 3 9 27 4 12 0 27 24 24 24 30 5 6 4 4 8 25 24
split_gain=6.55426 11.4987 7.94519 13.3048 12.6855 9.9568 8.75434 9.94301 9.02935 10.0605 8.9708 8.6871 8.47046 8.05637 7.71525 7.37876 7.361 7.17153 5.79954 7.45791 11.4201 7.73458 6.31578 5.72497 3.74131 3.49995 2.779 2.28086 2.90192 1.94927
threshold=0.083722741433021761 0.11558704453441292 12314.530000000001 738.50000000000011 4.1044077526465967 2.5000000000000004 0.13869429611848658 1.0000000180025095e-35 13000.150000000001 24106.005000000001 513.50000000000011 0.14037248293146656 0.36388521161566911 1.0000000180025095e-35 2729.9890937305922 2.5000000000000004 2.3537793771096438 7.5000000000000009 247.83712217947763 768.50000000000011 643.50000000000011 786.50000000000011 1.5000000000000002 1.4411533579957847 29.500000000000004 5.5000000000000009 6.5000000000000009 5.8642945565228972 1.0000000180025095e-35 568.50000000000011
decision_type=2 2 2 2 2 2 2 2 2 2 2 2 2 2 2 2 2 2 2 2 2 2 2 2 2 2 2 2 2 2
left_child=14 15 3 13 11 -6 7 12 10 -10 -8 -5 -4 -3 18 -2 -17 -15 19 20 23 -21 -23 -1 -9 -22 29 28 -18 -16
right_child=1 2 6 4 5 -7 8 24 9 -11 -12 -13 -14 17 26 16 27 -19 -20 21 25 22 -24 -25 -26 -27 -28 -29 -30 -31
leaf_value=0.024857519425661515 -0.056097898909488852 0.039997512609757299 -0.060689912763257664 -0.052628535192315445 -0.037350919726192922 0.036084101880308111 -0.011261331351433798 -0.078717992738704695 -0.057231072830460999 -0.0022068981382090433 0.014810725747743317 0.029748709079535276 0.031022967637603628 -0.057490574124988869 -0.0019635071211456141 0.031306635376386949 -0.062368859901872291 0.04526377465604834 0.038969526370774624 0.047708084787797075 -0.061327704692796463 -0.012297342904206971 0.028278835585314327 -0.018815510822311355 0.0079967466160272196 0.039189313330672028 0.039963061249978407 0.014899186327107792 0.015490122815968746 -0.067889078564331018
leaf_weight=23.179846788420036 12.247141639165422 2.7284613647862015 2.4818098136656763 3.3865187710498494 21.892885097869115 5.6911164170451221 39.244729438665672 3.0016357264321405 8.9701761313108346 102.10780513367808 199.07381002787224 35.40913694630126 72.966197790488877 20.3562805860056 1.7711293927131908 7.5214203411742373 5.9418097759989887 1.7236530454829324 28.052255348223298 22.555857958712295 8.4607546683164365 16.68554568538957 21.95880835115986 10.863355074379795 1.8866462209261952 0.83297407859936434 0.89491537585854519 1.6409312188916372 1.3289456484490072 4.0020081615093659
leaf_count=623 945 69 169 506 719 30 253 125 629 3432 3741 1265 691 1408 60 65 328 3 251 103 776 1435 770 504 9 3 4 16 3 308
internal_value=0.00635458 0.00388604 0.00559278 -0.0077775 0.00384138 -0.0219436 0.0084427 0.0233324 0.00499912 -0.00674287 0.0104935 0.0223125 0.0278636 -0.0389574 0.0160514 -0.0268516 -0.00454523 -0.0490758 0.0187225 0.0132094 -0.0025566 0.0244411 0.0106436 0.0107605 -0.0447585 -0.0514651 -0.0358147 -0.0353705 -0.0474424 -0.048893
internal_weight=688.859 549.601 520.921 91.1881 66.3797 27.584 429.733 80.3363 349.397 111.078 238.319 38.7957 75.448 24.8084 139.257 28.6802 16.4331 22.0799 132.589 104.537 43.3369 61.2002 38.6444 34.0432 4.88828 9.29373 6.66805 8.91169 7.27076 5.77314
internal_count=19243 14406 13049 4000 2520 749 9049 994 8055 4061 3994 1771 860 1480 4837 1357 412 1411 4465 4214 1906 2308 2205 1127 134 779 372 347 331 368
is_linear=0
shrinkage=0.05


Tree=239
num_leaves=31
num_cat=0
split_feature=23 23 27 29 8 27 27 18 23 9 11 11 19 6 19 22 24 24 24 15 8 13 30 14 6 7 24 24 27 14
split_gain=8.33113 16.6254 10.7517 9.75789 17.5562 9.75151 8.47655 8.01027 14.9298 11.3245 11.1013 12.0607 10.6074 10.4875 9.13161 8.61535 25.5005 16.1925 16.8423 11.7105 8.10048 15.8434 7.85671 7.39391 5.70684 5.18443 5.12227 5.01392 10.3366 4.86944
threshold=67.653661875427801 69.581108829568805 10.228405398252855 1.5000000000000002 3.2618807846960576 12.394301199432423 47.276317682364834 714.50000000000011 62.881587953456538 0.37557339449541288 0.14730412513842742 0.091372912801484213 22408.514166666671 36.500000000000007 1723.5587500000004 1.5000000000000002 853.50000000000011 550.50000000000011 718.50000000000011 0.18854359338181262 4.9231523562205188 0.058939323761000452 2.5000000000000004 0.045649908830424558 34.500000000000007 1.5000000000000002 565.50000000000011 574.50000000000011 195.82963103185088 0.05581516095534781
decision_type=2 2 2 2 2 2 2 2 2 2 2 2 2 2 2 2 2 2 2 2 2 2 2 2 2 2 2 2 2 2
left_child=7 5 -3 4 -4 -2 -5 8 10 20 11 25 14 -13 -12 17 22 -11 -19 -18 23 -22 -17 -9 -6 -1 -7 -28 -29 -10
right_child=1 2 3 6 24 26 -8 9 29 15 12 13 -14 -15 -16 16 19 18 -20 -21 21 -23 -24 -25 -26 -27 27 28 -30 -31
leaf_value=-0.05000435351439713 -0.030858740077520819 0.023139727466200341 0.011212027278123277 -0.051837187256278908 -0.071916055639186779 -0.011347915310858709 0.014648429962329068 0.042153447448909254 -0.062002003152527664 0.030303667825924824 -0.017153399419238206 -0.046913606314652037 -0.052664808193918305 0.038596614494814524 0.028213266678685768 -0.071311058370566324 -0.023676353801165236 -0.087889431007101115 -0.0050558864879553887 0.025196491886442265 -0.062296726555804843 0.03280532498602564 0.035950277713335393 -0.068550938096407318 0.041975958485119778 0.013811689762269461 0.069642724861444461 -0.053747265981532524 0.046961765770764163 0.017064599815787569
leaf_weight=3.2469271079294222 4.346115777769227 54.981013821057786 14.889126120191579 5.2183754616016804 14.938555024400557 3.3973787904797055 46.895823489208851 26.581132735786927 9.1927899772290385 32.046908174146665 12.032509306958671 19.889359220396731 4.5466778404952484 4.2256832497660062 118.14782850962274 22.833665823629421 26.475273260407448 6.4410265099431845 103.5271362791118 22.633625177569229 7.4484925555225372 10.289707512150924 1.7210426148012619 1.4775696691649489 1.0659738779068 56.502198011648943 19.87114534038119 2.7821173256379579 20.318005771106982 2.3003327188234826
leaf_count=530 259 1402 633 173 640 53 520 760 698 40 775 981 192 9 3040 908 1616 61 3318 693 248 28 34 53 1 1281 7 152 116 22
internal_value=0.00611225 0.0150457 0.00599449 -0.00531582 -0.0275706 0.0395144 0.00780871 0.00267026 0.00947811 -0.00330249 0.0124236 -0.00180321 0.0213112 -0.0316256 0.0239717 -0.0081148 -0.0219804 -0.00087707 -0.0100285 -0.00104449 0.0192202 -0.00697428 -0.063475 0.0359235 -0.0638063 0.0101825 0.0462703 0.0509575 0.0344377 -0.0457349
internal_weight=680.264 188.704 137.989 83.0079 30.8937 50.7148 52.1142 491.56 230.084 261.476 218.591 83.8642 134.727 24.115 130.18 215.679 73.6636 142.015 109.968 49.1089 45.7969 17.7382 24.5547 28.0587 16.0045 59.7491 46.3686 42.9713 23.1001 11.4931
internal_count=19243 3956 3369 1967 1274 587 693 15287 7528 7759 6808 2801 4007 990 3815 6670 3251 3419 3379 2309 1089 276 942 813 641 1811 328 275 268 720
is_linear=0
shrinkage=0.05


Tree=240
num_leaves=28
num_cat=0
split_feature=7 5 5 0 11 27 9 24 27 27 9 16 14 22 5 18 18 14 16 18 2 24 23 14 23 18 24
split_gain=8.70741 8.92652 10.3704 10.8217 9.3948 13.0271 10.814 9.03793 8.66262 23.7145 13.9092 8.49786 9.6457 9.30476 8.33995 8.12072 7.87379 6.47674 6.11092 5.88936 5.29954 5.07567 4.45866 3.8794 3.2079 2.14154 1.89341
threshold=2.5000000000000004 2.0409012226547243 2.1574373077846576 2.5000000000000004 0.18702111481546466 4.9628627394114817 0.94742370632463524 363.50000000000006 142.71637967308695 5.3470890085940619 1.0000000180025095e-35 0.23099155180080033 0.071946169772256721 2.5000000000000004 2.2739191576420024 1539.5000000000002 1627.5000000000002 0.16542288557213927 0.28271848924022841 301.50000000000006 28.875000000000004 529.50000000000011 51.448323066392888 0.071946169772256721 74.076659822039701 347.50000000000006 52.500000000000007
decision_type=2 2 2 2 2 2 2 2 2 2 2 2 2 2 2 2 2 2 2 2 2 2 2 2 2 2 2
left_child=15 4 3 -3 5 7 17 19 9 16 -11 13 -13 -7 25 20 -4 22 -8 -2 -1 -16 -6 -9 -5 -10 -22
right_child=1 2 8 24 6 11 18 23 14 10 -12 12 -14 -15 21 -17 -18 -19 -20 -21 26 -23 -24 -25 -26 -27 -28
leaf_value=0.041632461069505397 -0.050485270227921014 -0.064082387576323771 0.021791994146415253 -0.049624469872127805 0.013248064874504249 0.015627979519806236 -0.053577684971498243 -0.052214125612941122 0.03418390807279225 0.039989231573331729 -0.032058320924676392 -0.026853776072070686 0.028475042499003567 -0.04558641827653441 0.039351312951150241 0.041211967851404969 -0.057256989705359099 -0.050864774338213903 0.03889705204683943 0.045507137339046225 0.011473768688061384 0.0081755598393609859 0.042844235903211882 0.01512339188701693 0.04741232863982224 -0.061538579461406076 -0.054236312138789371
leaf_weight=1.6146455102880342 2.0832424550171735 12.333733521762044 51.320895264495448 0.97492246282672468 18.179695304904271 189.52117171341206 6.1510146641485317 17.879664289650467 0.52681648137513448 7.2159348088316611 74.4564536432963 28.796031954037971 10.665208500158768 6.2843499962982596 14.702926917219882 3.4309442467892941 3.230171701926337 2.1479959753733047 2.3560262711944233 5.634699864727736 1.0125665900995979 120.85652283849686 48.196233278010368 2.2578066683017814 3.5754745341546368 4.9030899800745829 15.472540385509999
leaf_count=35 171 955 1677 111 865 2710 763 1449 2 20 3003 741 42 215 49 62 438 156 26 22 9 1994 758 32 15 328 2646
internal_value=0.00342996 0.0045 -0.00186482 -0.0397938 0.0100167 0.00549172 0.025381 -0.0267349 0.000440795 -0.00852904 -0.0255905 0.00933831 -0.0117395 0.0136155 0.00914276 -0.0277351 0.0169235 0.0320157 -0.0272315 0.0186428 -0.0412339 0.0116203 0.0348455 -0.0443798 0.024927 -0.0508971 -0.0498539
internal_weight=655.781 634.25 294.097 16.8841 340.153 263.122 77.031 27.8554 277.213 136.223 81.6724 235.267 39.4612 195.806 140.989 21.5307 54.5511 68.5239 8.50704 7.71794 18.0998 135.559 66.3759 20.1375 4.5504 5.42991 16.4851
internal_count=19294 16542 8592 1081 7950 5382 2568 1674 7511 5138 3023 3708 783 2925 2373 2752 2115 1779 789 193 2690 2043 1623 1481 126 330 2655
is_linear=0
shrinkage=0.05


Tree=241
num_leaves=31
num_cat=0
split_feature=7 15 5 5 0 11 27 9 27 27 9 15 16 14 22 23 16 5 18 14 16 27 13 23 6 18 18 18 23 23
split_gain=8.12685 10.733 8.16892 9.81753 10.2252 8.8112 12.0512 10.0076 7.88581 21.5619 12.71 8.59671 7.71288 8.77938 8.48149 7.70988 7.60483 7.48932 7.32195 6.03334 5.78451 4.96356 4.45476 3.04389 1.31135 1.14997 0.77256 1.6033 0.0623629 1.11712
threshold=2.5000000000000004 0.90000000000000013 2.0409012226547243 2.1574373077846576 2.5000000000000004 0.18702111481546466 4.9628627394114817 0.94742370632463524 142.71637967308695 5.3470890085940619 1.0000000180025095e-35 0.21455026455026452 0.23099155180080033 0.071946169772256721 2.5000000000000004 52.573579739904183 0.31267458100558665 2.2739191576420024 1627.5000000000002 0.16542288557213927 0.28271848924022841 0.1648389370192869 0.15438786565547127 74.076659822039701 34.500000000000007 136.50000000000003 649.50000000000011 652.50000000000011 43.56331279945244 79.56057494866532
decision_type=2 2 2 2 2 2 2 2 2 2 2 2 2 2 2 2 2 2 2 2 2 2 2 2 2 2 2 2 2 2
left_child=1 26 5 4 -4 6 15 19 9 18 -11 17 14 -14 -8 21 -13 -10 -5 22 -9 -2 -7 -6 -17 -3 -1 -28 -27 -30
right_child=2 25 3 8 23 7 12 20 11 10 -12 16 13 -15 -16 24 -18 -19 -20 -21 -22 -23 -24 -25 -26 28 27 -29 29 -31
leaf_value=-0.054382937638206355 0.026320479453342961 -0.035570302137653269 -0.063681406000710691 0.020912729997840492 -0.048968314757468066 0.03600022472313727 0.014940866843979517 -0.053294146887706867 -0.049970766735761979 0.03930496282399238 -0.030595523511294076 -0.069551471181033456 -0.025543453078398965 0.027640527843798685 -0.043772796299401451 -0.061070059331010264 0.034528395347035681 0.014230405290651463 -0.05679292847929375 -0.050442435517519035 0.038183967778794965 -0.02970620814306181 -0.046039334469487908 0.047159788394570183 0.019572831672888744 0.045625517954311925 0.037839121333069214 -0.046246495671642691 -0.034773442248689425 0.044473882941337042
leaf_weight=12.798421663282626 7.3110205907705703 0.43728033185470749 11.804844767111719 50.821997844262114 0.94079503419561561 63.349980149755538 188.36022471960632 5.8818917344105994 4.583516258524468 6.9822055899130637 74.128975964106758 6.0313046855662815 28.765520602672041 10.446527543135742 6.2232412989651484 10.870473866596509 2.315650168373395 126.96030112377048 3.0979075156001263 2.0607306588944985 2.2837443360840552 8.3254249626879737 1.5639245336196825 3.4193780838868406 0.38730062916874963 3.1484860848704557 0.70026197112747413 1.6114759936558583 0.46311609865733738 1.497334010025952
leaf_count=1991 286 41 955 1677 111 1301 2710 763 283 20 3003 331 741 42 215 752 18 1741 438 156 26 634 322 15 2 57 2 578 80 3
internal_value=0.00329967 -0.02745 0.00432503 -0.00179085 -0.0395395 0.00963993 0.00526288 0.0247319 0.000424108 -0.00817287 -0.0244758 0.00875806 0.00892775 -0.0112132 0.0130159 -0.0263262 -0.0400183 0.0119191 0.0162588 0.0311387 -0.0269524 -0.00319169 0.033879 0.0246643 -0.0577076 0.0310935 -0.0493304 -0.0181896 0.0383326 0.0225476
internal_weight=647.573 20.6564 626.917 291.087 16.165 335.83 260.69 75.1403 274.922 135.031 81.1112 139.891 233.796 39.212 194.583 26.8942 8.34695 131.544 53.9199 66.9746 8.16564 15.6364 64.9139 4.36017 11.2578 5.54622 15.1102 2.31174 5.10894 1.96045
internal_count=19294 2752 16542 8592 1081 7950 5382 2568 7511 5138 3023 2373 3708 783 2925 1674 349 2024 2115 1779 789 920 1623 126 754 181 2571 580 140 83
is_linear=0
shrinkage=0.05


Tree=242
num_leaves=30
num_cat=0
split_feature=7 15 20 20 20 16 1 1 27 6 16 23 7 27 27 6 15 16 20 2 1 27 24 15 16 18 16 17 23
split_gain=7.62098 10.155 7.4669 9.29081 8.54125 11.3129 9.8771 11.102 9.51616 8.8392 14.5618 7.69839 7.44651 7.17402 19.5899 12.886 7.97995 7.20791 6.8917 6.85774 4.71965 1.92052 1.76438 1.75222 2.78851 1.09568 0.413233 0.101655 1.12398
threshold=2.5000000000000004 0.90000000000000013 2.0409012226547243 2.1574373077846576 2.0063716223101764 0.24248871695680208 9.5000000000000018 23.500000000000004 78.850461239806307 26.500000000000004 0.32529069767441865 74.076659822039701 9.5000000000000018 142.71637967308695 5.3470890085940619 24.500000000000004 0.21455026455026452 0.31267458100558665 2.2739191576420024 6441.0900000000011 8.5000000000000018 32.753846437676152 52.500000000000007 0.16122140713139782 0.24834408036145109 136.50000000000003 0.2130035253004561 67.500000000000014 79.56057494866532
decision_type=2 2 2 2 2 2 2 2 2 2 2 2 2 2 2 2 2 2 2 2 2 2 2 2 2 2 2 2 2
left_child=1 22 4 11 5 6 8 -8 -2 10 -7 -4 -6 14 19 -16 18 -18 -15 -5 -13 -11 -1 24 -14 -3 -25 -27 -29
right_child=2 25 3 13 12 9 7 -9 -10 21 -12 20 23 16 15 -17 17 -19 -20 -21 -22 -23 -24 26 -26 27 -28 28 -30
leaf_value=0.010940722086261434 0.0066599614325689423 -0.034965344039710487 -0.061070687732345065 -0.04484739702017581 -0.054915846358770594 -0.065798946426059823 -0.055948691604085145 0.0076269321356208343 0.028100338798859988 0.044452250798300216 0.00096720877472082373 -0.072639524151216064 -0.050004290785985207 -0.048646546250564152 -0.039838070877909887 0.00072848808669153016 -0.069106151589619011 0.033792611698471038 0.013618127392218741 0.020924688401075295 0.046108635139299331 0 -0.053837330808166051 0.030432498784494239 0.036989370288039995 0.046094706799363949 0.050513363940833 -0.035047478867035742 0.044174011895297634
leaf_weight=0.9697858815779935 151.55191109178122 0.42465616930712613 11.186627199760549 4.1738421528661993 2.0352318102086455 14.995368406792293 11.090745520508792 17.439721652085154 79.2696766284771 5.2194947038369701 17.470715766495232 0.99265568368536961 1.2190501125151083 4.4783145537221563 48.015955854786625 32.594580750024761 5.7738289475773836 2.251589355750184 126.06308718231048 49.15702610960625 3.2983959036464512 4.5067238711708342 13.471748072353419 5.3539277824311311 2.8321938818553463 2.9955706865875982 18.922992606283515 0.4793864362472956 1.434397452394478
leaf_count=9 3073 41 968 794 154 1025 716 949 1028 19 750 90 81 283 2707 316 331 18 1741 1321 23 52 2562 55 6 21 42 116 3
internal_value=0.00316761 -0.0272769 0.00415115 -0.0017253 0.009264 0.00669193 0.0106107 -0.0170215 0.0140537 -0.0172465 -0.0298244 -0.0392842 0.0345377 0.000403225 -0.00782603 -0.0233926 0.00839375 -0.0395612 0.0114082 0.0156093 0.0164711 0.0241061 -0.0490982 0.0413109 0.00903388 0.0306991 0.0464329 0.0379618 0.0210919
internal_weight=639.669 19.7755 619.894 287.986 331.908 301.544 259.352 28.5305 230.822 42.1923 32.4661 15.4777 30.3634 272.508 133.941 80.6105 138.567 8.02542 130.541 53.3309 4.29105 9.72622 14.4415 28.3282 4.05124 5.33401 24.2769 4.90935 1.91378
internal_count=19294 2752 16542 8592 7950 7612 5766 1665 4101 1846 1775 1081 338 7511 5138 3023 2373 349 2024 2115 113 71 2571 184 87 181 97 140 119
is_linear=0
shrinkage=0.05


Tree=243
num_leaves=28
num_cat=0
split_feature=7 18 5 5 0 5 16 1 1 27 6 16 7 16 12 5 10 2 12 23 27 24 16 8 9 14 19
split_gain=7.13526 6.89462 6.83373 8.78904 9.16345 8.13721 10.3376 9.0006 10.4031 8.85368 8.15246 13.9286 7.00891 6.99824 8.22373 17.6601 7.43855 4.52544 2.95076 2.71483 1.84586 1.72479 1.43925 4.84421 1.16099 1.10309 0.20618
threshold=2.5000000000000004 1539.5000000000002 2.0409012226547243 2.1574373077846576 2.5000000000000004 2.0063716223101764 0.24248871695680208 9.5000000000000018 23.500000000000004 78.850461239806307 26.500000000000004 0.32529069767441865 9.5000000000000018 0.34435336976320585 2.3832127720817384 2.9943019345446191 0.17732558139534882 28.875000000000004 1.8585684650488987 74.076659822039701 32.753846437676152 52.500000000000007 0.2130035253004561 4.7266984957335234 0.37557339449541288 0.77998274374460752 2084.7995454545458
decision_type=2 2 2 2 2 2 2 2 2 2 2 2 2 2 2 2 2 2 2 2 2 2 2 2 2 2 2
left_child=1 17 5 4 -4 6 7 9 -9 -2 11 -8 -7 14 15 -5 -16 -1 25 -6 -12 -19 23 -14 -20 -15 -24
right_child=2 -3 3 13 19 12 10 8 -10 -11 20 -13 22 18 16 -17 -18 21 24 -21 -22 -23 26 -25 -26 -27 -28
leaf_value=0.040462946347015458 0.0063379414869899177 0.040004909555799384 -0.062879359952243447 -0.051729499550142694 -0.047499491060013964 -0.054300632218485162 -0.065068306879733029 -0.054884924987611161 0.0072669009382588358 0.027133906708878032 0.043970213736315239 0.00091935192033042916 -0.053936849301528991 -0.057016584311724607 0.015629790065004891 0.015714697399269104 -0.0043144780858079858 0.010494105198290558 0.047787212170473173 0.046630819340565718 0 -0.053639479567719854 0.052469843236074815 0.044535189997410594 0.017967255730842978 0.028984039983121081 0.037056092745829584
leaf_weight=1.429482155894221 151.3010906417212 3.0534514013343133 10.828077400369692 22.446417774792735 0.86824837556559842 1.9584579061975116 14.421295894338074 10.751067887571482 17.394705945492206 78.024371570676522 5.0190788675172353 17.466470797981856 1.5877152645261983 1.1535908262994805 68.955959629986864 16.824091434060392 144.1406334159401 0.96488982159644443 10.12980419927044 3.1319233185640769 4.5067238711708342 13.504900172717496 13.157079952863571 4.4879856443731114 6.026701661059632 0.37215119600296009 8.0889933766447921
leaf_count=35 3073 62 955 2315 111 154 1025 716 949 1028 19 750 98 80 2170 782 2018 9 32 15 52 2646 20 13 113 1 53
internal_value=0.00304245 -0.0270588 0.00398547 -0.00166554 -0.0390156 0.00890531 0.00641414 0.0101563 -0.016407 0.013444 -0.0166989 -0.0288775 0.0340559 0.000380502 -0.00173627 -0.0227418 0.00212014 -0.0404204 0.0307128 0.0243199 0.0234261 -0.048977 0.0407467 0.0175359 0.0371503 -0.0324717 0.0470367
internal_weight=631.995 18.9527 613.043 284.878 14.8282 328.165 298.885 257.471 28.1458 229.325 41.4136 31.8878 29.2802 270.049 252.367 39.2705 213.097 15.8993 17.6822 4.00017 9.5258 14.4698 27.3218 6.0757 16.1565 1.52574 21.2461
internal_count=19294 2752 16542 8592 1081 7950 7612 5766 1665 4101 1846 1775 338 7511 7285 3097 4188 2690 226 126 71 2655 184 111 145 81 73
is_linear=0
shrinkage=0.05


Tree=244
num_leaves=29
num_cat=0
split_feature=7 15 5 5 0 11 27 24 14 9 18 24 24 19 16 27 27 15 14 16 13 7 4 8 24 18 17 17
split_gain=6.65575 9.10794 6.24873 8.31846 8.65838 7.99768 10.631 11.9175 9.68621 9.36422 8.40172 7.26675 19.3791 12.2558 6.53342 7.38955 20.405 11.974 5.4192 5.12323 4.11748 2.58712 2.43464 1.72129 1.67561 0.978705 0.0920213 0.686489
threshold=2.5000000000000004 0.90000000000000013 2.0409012226547243 2.1574373077846576 2.5000000000000004 0.18702111481546466 13.720628441760374 401.50000000000006 0.071946169772256721 0.94742370632463524 301.50000000000006 513.50000000000011 574.50000000000011 29028.020000000004 0.34435336976320585 142.71637967308695 4.9628627394114817 0.21455026455026452 0.16542288557213927 0.28271848924022841 0.15438786565547127 29.500000000000004 2.5000000000000004 4.5123305714804598 52.500000000000007 136.50000000000003 67.500000000000014 430.50000000000006
decision_type=2 2 2 2 2 2 2 2 2 2 2 2 2 2 2 2 2 2 2 2 2 2 2 2 2 2 2 2
left_child=1 24 5 4 -4 6 7 10 -9 18 -2 13 -13 -8 15 16 -5 -17 20 -11 -7 23 -6 -16 -1 -3 -27 -28
right_child=2 25 3 14 22 9 11 8 -10 19 -12 12 -14 -15 21 17 -18 -19 -20 -21 -22 -23 -24 -25 -26 26 27 -29
leaf_value=0.010063418060684726 -0.05167916148876555 -0.03343153205808027 -0.062482338023827522 0.014908591927421513 0.045201125100598566 0.034497418293717219 -0.020025586141618847 -0.049772955090963376 0.027853018591420916 -0.053075738300571551 0.044252738050251227 0.045219368343769474 0.0043737637584637997 0.037338268665635513 0.010173986186168434 0.009909576331662704 -0.027043865900977335 -0.062970287929934185 -0.049963869455752201 0.036961097142067988 -0.045766732629533687 -0.0257182426283258 -0.046587206359361436 0.047973012189939608 -0.053445164163204766 0.045454808552680435 -0.030200692139579505 0.036789874070699398
leaf_weight=0.9602756920503478 2.8559942262691029 0.39447254567494283 10.364410945688176 47.499697929993545 3.0334100324907918 60.017388532662153 41.26375010234915 23.769762808927229 4.6764773850845804 5.6102087473500424 9.5693054119037679 38.246108270814148 121.21199617007733 11.882740258442935 4.7857374776831447 124.43142598877421 73.662046167431981 5.7903355109920076 1.9320909521466081 2.0366502172546461 1.5055911059926064 1.6895786536042567 0.80230247825420509 10.658271775755564 12.286762553976812 2.7709659768079291 0.34623784120230983 1.4314126333520105
leaf_count=9 247 41 955 1957 10 1301 610 1831 41 763 63 217 2331 42 190 1992 2996 340 156 26 322 18 116 18 2562 21 85 34
internal_value=0.00292134 -0.0267636 0.00382297 -0.00159638 -0.0387579 0.00855783 0.00437249 -0.0189131 -0.0367835 0.0233811 0.0215667 0.00887925 0.0142241 -0.00705997 0.00036394 -0.00165828 -0.0105571 0.00658476 0.0297204 -0.0282825 0.032381 0.0301614 0.0240358 0.0367225 -0.0484259 0.0301069 0.0372935 0.0201655
internal_weight=625.485 18.1901 607.295 282.717 14.2001 324.578 253.476 40.8715 28.4462 71.1019 12.4253 212.605 159.458 53.1465 268.517 251.384 121.162 130.222 63.4551 7.64686 61.523 17.1336 3.83571 15.444 13.247 4.94309 4.54862 1.77765
internal_count=19294 2752 16542 8592 1081 7950 5382 2182 1872 2568 310 3200 2548 652 7511 7285 4953 2332 1779 789 1623 226 126 208 2571 181 140 119
is_linear=0
shrinkage=0.05


Tree=245
num_leaves=31
num_cat=0
split_feature=18 11 23 30 1 22 24 11 28 2 23 18 24 15 8 11 18 10 18 11 30 17 27 15 14 18 9 24 19 2
split_gain=15.0015 24.1012 12.7227 14.0869 10.7807 10.4716 10.3179 15.3091 10.1186 9.79453 11.2935 13.107 20.0473 9.11818 8.29796 10.464 7.30381 12.2027 6.84484 6.465 6.01029 5.89361 5.86181 4.95678 4.91479 6.74912 15.8599 4.90308 4.60241 4.16813
threshold=699.50000000000011 0.16279534883720934 54.25735797399043 2.5000000000000004 6.5000000000000009 1.5000000000000002 547.00000000000011 0.18479070822263979 1.0000000180025095e-35 100.47000000000001 59.557837097878171 1291.5000000000002 741.50000000000011 0.040270270270270254 3.9434079933211876 0.16220202503388342 671.50000000000011 0.25290697674418611 851.50000000000011 0.90442092154420928 1.5000000000000002 2.5000000000000004 0.065420941914257361 0.20245629897528628 0.071946169772256721 626.50000000000011 0.99808245269559726 613.50000000000011 1051.1666666666667 28.875000000000004
decision_type=2 2 2 2 2 2 2 2 2 2 2 2 2 2 2 2 2 2 2 2 2 2 2 2 2 2 2 2 2 2
left_child=16 9 5 4 19 6 -3 -8 -7 -2 11 12 -11 -10 15 -12 22 23 -6 -4 -13 -16 29 28 25 27 -27 -24 -18 -1
right_child=1 2 3 -5 18 8 7 -9 13 10 14 20 -14 -15 21 -17 17 -19 -20 -21 -22 -23 24 -25 -26 26 -28 -29 -30 -31
leaf_value=0.041758858861119429 0.042345999768531324 0.028668529214884809 -0.070612290263403418 0.036904515530098193 0.020947257940635206 0.021153025166851979 -0.054465228450692328 0.0091585245617033482 0.034254466351750494 0.022587352036890149 -0.046656039483204653 0.020715028466844948 -0.048978968415008796 -0.065623913069570064 -0.0046634843731271775 0.048483285420170455 -0.052618628811076762 -0.052531477944184224 -0.064680238884118099 0.042786934467197391 -0.02338628067229408 0.032162217219033916 0.0028256565422130797 -0.048376948393976271 0.032197341613157952 -0.054370648613458188 0.04417780694216461 0.018812885097364292 0.044119118746601328 -0.052752002419833216
leaf_weight=1.2985464933590254 18.285553655181502 22.992357092916791 29.458073190317922 4.9852163579835169 7.0679982362798892 5.8517255790757217 14.411637111488742 26.80193707158196 2.4946070350742984 13.941910388319227 9.4953778719664097 34.923767173880151 31.765789262818998 17.43140684064474 13.307266090414485 4.0024800592218517 1.1409931492453314 3.9621123567922032 3.3421203340276406 1.1936271658778412 9.7292610227559617 53.566042492446286 107.87430977463737 1.4735433770219959 21.936366968554466 12.213720781962367 5.968506026583781 87.584936003990379 39.874519643741223 6.096941105715814
leaf_count=25 229 39 1926 78 220 279 704 1053 97 123 897 683 1399 1318 130 7 100 95 321 4 341 322 3529 132 160 997 100 2698 352 1002
internal_value=0.00347259 -0.00388739 -0.019939 -0.0413165 -0.0510012 -0.00891038 0.00183539 -0.0130465 -0.0357723 0.00764252 0.00387386 -0.0082128 -0.0270388 -0.0527615 0.0175182 -0.0179279 0.0117542 0.0299419 -0.00642117 -0.065909 0.0109635 0.0247635 0.00824569 0.0378552 0.0096437 0.00729055 -0.0216829 0.010021 0.041185 -0.0351544
internal_weight=614.473 325.048 136.031 46.047 41.0618 89.9837 64.2059 41.2136 25.7777 189.017 170.732 90.3607 45.7077 19.926 80.3712 13.4979 289.424 46.4512 10.4101 30.6517 44.653 66.8733 242.973 42.4891 235.578 213.641 18.1822 195.459 41.0155 7.39549
internal_count=19360 10170 6039 2549 2471 3490 1796 1757 1694 4131 3902 2546 1522 1415 1356 904 9190 679 541 1930 1024 452 8511 584 7484 7324 1097 6227 452 1027
is_linear=0
shrinkage=0.05


Tree=246
num_leaves=31
num_cat=0
split_feature=18 11 11 12 8 22 19 19 16 9 6 18 10 13 14 14 18 9 24 9 17 14 16 19 24 1 24 1 12 24
split_gain=13.723 22.3143 11.1369 9.43006 8.6934 11.0607 7.87069 19.5244 9.66798 9.42202 7.77411 6.93208 11.3491 6.52707 6.44744 5.20813 7.05471 15.2968 4.73261 9.89083 9.42411 4.56059 4.90124 4.37174 2.88156 2.53124 2.06129 2.06007 1.5983 6.4427
threshold=699.50000000000011 0.16279534883720934 0.68926553672316393 2.9414691278528089 2.1261214466220206 1.5000000000000002 25958.352500000005 7396.9420384615396 0.33489096573208726 0.75051020408163283 44.500000000000007 671.50000000000011 0.25290697674418611 0.06761837024994917 0.03858560794044661 0.059072781655034858 619.50000000000011 0.99808245269559726 613.50000000000011 0.9546271485523824 18.500000000000004 0.097068638356343662 0.25810202550637656 1051.1666666666667 619.50000000000011 14.500000000000002 783.50000000000011 6.5000000000000009 2.3383011848335564 568.50000000000011
decision_type=2 2 2 2 2 2 2 2 2 2 2 2 2 2 2 2 2 2 2 2 2 2 2 2 2 2 2 2 2 2
left_child=11 6 3 4 27 -6 7 10 -9 21 13 15 23 -2 26 16 18 24 20 -20 -1 22 -8 -13 -18 -14 -5 -3 29 -17
right_child=1 2 -4 14 5 -7 9 8 -10 -11 -12 12 25 -15 -16 28 17 -19 19 -21 -22 -23 -24 -25 -26 -27 -28 -29 -30 -31
leaf_value=0.0078862873531904115 0.016998216958979066 -0.037979334704769524 0.046619574587006461 0.048467046503211791 -0.019315527659307285 -0.053847715328930568 0.004334014522141284 -0.0697400633124967 0.041309331110644831 0.041384094371833491 0.040071253956720829 -0.051753903574720428 -0.072355688048244979 -0.0064573123761985504 -0.063964256364847941 0.041664688429461021 0.037679604212320021 0.043280541143805001 0.020503391066272442 -0.058999515214638865 -0.031163485126783037 0.021570874891900953 -0.1094802436839873 0.040109006810802136 -0.059047918779736967 0.017208628833358577 0.0020725255265376811 0.046383106274907798 0.04082647684990668 -0.038231318057587303
leaf_weight=90.118538952589006 52.670125826914955 0.70935003507702177 5.952714326347631 7.1072640433849283 74.071824370758804 34.340971562535742 1.5012944708360003 12.32903532248565 2.1984166878974056 28.13921067830961 16.841535831568763 1.2089161606927508 3.0134718118533779 67.277507993756899 1.9279842734977126 7.2955300769617697 0.68994545936584728 5.7753697402313255 84.208731597722362 3.9780983085747712 18.532194503289247 2.7418029939290136 2.1052756310382392 39.912270924005497 12.504595087654705 0.90140984395111434 3.9465018688606506 4.677578980295948 14.056055651621135 3.6854993230781474
leaf_count=2612 1125 519 15 14 2702 2563 18 420 13 97 37 134 67 2381 83 36 1 111 2898 270 1218 11 29 450 1193 28 56 87 56 116
internal_value=0.00335345 -0.00377175 -0.0194319 -0.0226069 -0.027229 -0.0303396 0.00739302 0.00243654 -0.0524258 0.0289254 0.00833367 0.0113086 0.029335 0.00380616 0.0174275 0.00790631 0.00536634 -0.023609 0.00819475 0.0167976 0.00115719 -0.0253078 -0.0619155 0.037168 -0.0533685 -0.050573 0.0325183 0.0338733 0.0294923 0.0142954
internal_weight=604.419 318.538 132.734 126.781 113.8 108.413 185.804 151.317 14.5275 34.4876 136.789 285.881 45.0361 119.948 12.9818 240.845 215.807 18.9699 196.838 88.1868 108.651 6.34837 3.60657 41.1212 13.1945 3.91488 11.0538 5.38693 25.0371 10.981
internal_count=19360 10170 6039 6024 5871 5265 4131 3976 433 155 3543 9190 679 3506 153 8511 8303 1305 6998 3168 3830 58 47 584 1194 95 70 606 208 152
is_linear=0
shrinkage=0.05


Tree=247
num_leaves=31
num_cat=0
split_feature=18 11 23 30 16 22 19 2 23 18 23 15 14 2 18 10 11 16 14 30 27 2 19 15 2 23 2 14 18 4
split_gain=12.5563 20.4171 12.2863 13.3262 9.54595 9.29819 9.55097 9.05921 10.1698 11.7829 9.37994 8.48873 8.05199 12.5309 6.52337 10.5455 6.45566 6.21423 6.06921 5.47004 5.31062 5.20646 4.85652 4.7223 4.56242 4.1694 4.07679 4.07506 6.81709 3.95678
threshold=699.50000000000011 0.16279534883720934 54.25735797399043 2.5000000000000004 0.19436178197712919 1.5000000000000002 2084.7995454545458 100.47000000000001 59.557837097878171 1291.5000000000002 38.22724161533197 0.17395652173913043 0.014260294865277001 24106.005000000001 671.50000000000011 0.25290697674418611 0.16449905290217834 0.23917306052855927 0.071946169772256721 1.5000000000000002 0.065420941914257361 88050.425000000017 2000.0600000000002 0.20245629897528628 346.16000000000003 40.097193702943194 28.875000000000004 0.059072781655034858 619.50000000000011 7.5000000000000009
decision_type=2 2 2 2 2 2 2 2 2 2 2 2 2 2 2 2 2 2 2 2 2 2 2 2 2 2 2 2 2 2
left_child=14 7 5 4 21 11 22 -2 9 10 -9 18 17 -14 20 23 -6 -10 -3 -11 26 -4 -7 25 -22 -16 -1 28 -26 -8
right_child=1 2 3 -5 16 6 29 8 12 19 -12 -13 13 -15 15 -17 -18 -19 -20 -21 24 -23 -24 -25 27 -27 -28 -29 -30 -31
leaf_value=0.041624960516702419 0.041323867074208119 0.012736540501702665 -0.035201570369123913 0.036494399235509088 0.015591750648670256 -0.050330937161210912 -0.058559294329162008 -0.0052788222817960907 0.032151148543537157 0.019661143028065695 -0.051749699169877775 -0.047148004190145552 -0.058376872007932901 0.019571015112501575 -0.045940883679054884 -0.04938686348842164 -0.07190891360631739 -0.024806682105781675 -0.067239055578775353 -0.022537250525208816 -0.05122575577746448 0.037855897077223172 0.046263371322540957 -0.048286160578018586 0.010250858062277811 0.042831898516014599 -0.052551848038647611 0.02917827386682444 -0.022127174552387295 0.031088916297698839
leaf_weight=1.2861401839909365 17.440963631190243 53.175046424280481 6.5616346031911217 4.8618050954792116 2.1555240061898102 1.6814441352216842 16.966858190645329 24.458554326952708 50.593623045319873 34.163732322820579 19.863108776218724 7.511154411203278 8.0091344962929742 13.958558128548246 1.2385115392789874 3.8097541023671502 26.342051768044257 5.1146043566532162 2.368542849450022 9.7126428538922465 2.9858449886951339 3.7111361502184081 4.5072719239979051 1.4538004317582807 186.22166520237215 37.319246870192728 5.8327553481649375 24.231105205903987 17.632274654555658 1.1905102278606126
leaf_count=25 229 1055 897 78 29 330 1286 741 869 683 781 630 135 63 158 95 1433 289 111 341 496 112 7 132 5683 294 1002 174 1131 71
internal_value=0.00323224 -0.00362732 -0.0187025 -0.0403685 -0.0502048 -0.00779547 -0.0339857 0.0071254 0.00347672 -0.00809996 -0.0262873 0.00227547 0.0166794 -0.00875695 0.0108947 0.028645 -0.0650842 0.0267971 0.00912158 0.0101762 0.00759738 -0.00821632 0.0188411 0.0363042 0.00893044 0.0397396 -0.0345038 0.00976195 0.00741634 -0.0522695
internal_weight=596.359 314.348 131.033 43.6322 38.7703 87.4008 24.3461 183.315 165.874 88.198 44.3217 63.0547 77.6759 21.9677 282.011 43.8213 28.4976 55.7082 55.5436 43.8764 238.19 10.2728 6.18872 40.0116 231.071 38.5578 7.1189 228.085 203.854 18.1574
internal_count=19360 10170 6039 2549 2471 3490 1694 4131 3902 2546 1522 1796 1356 198 9190 679 1462 1158 1166 1024 8511 1009 337 584 7484 452 1027 6988 6814 1357
is_linear=0
shrinkage=0.05


Tree=248
num_leaves=31
num_cat=0
split_feature=18 11 23 30 16 22 24 11 28 15 19 19 16 9 6 18 11 21 27 18 15 16 13 10 13 23 9 23 15 27
split_gain=11.4635 18.8476 11.6089 12.4734 9.09027 8.71676 9.41525 13.9284 8.90101 8.55653 7.24487 17.6516 9.05558 8.59143 7.23732 6.22863 6.19126 6.04864 5.27503 5.03388 4.81892 4.77569 4.61149 12.4983 7.10088 3.97899 4.48801 3.63604 3.20418 3.19699
threshold=699.50000000000011 0.16279534883720934 54.25735797399043 2.5000000000000004 0.19436178197712919 1.5000000000000002 547.00000000000011 0.18479070822263979 1.0000000180025095e-35 0.040270270270270254 25958.352500000005 7396.9420384615396 0.33489096573208726 0.75051020408163283 44.500000000000007 692.50000000000011 0.16449905290217834 1.0000000180025095e-35 0.065420941914257361 682.50000000000011 0.17075680016059416 0.12917130144605118 0.079377196171089265 0.090116279069767422 0.069022232304900163 65.956194387405901 0.11396103896103892 79.56057494866532 0.16178850180849039 870.66110202117432
decision_type=2 2 2 2 2 2 2 2 2 2 2 2 2 2 2 2 2 2 2 2 2 2 2 2 2 2 2 2 2 2
left_child=15 10 5 4 20 6 -3 -8 28 -10 11 14 -13 25 17 18 -6 -2 27 22 -4 -17 24 -24 -20 26 -12 -1 -7 -23
right_child=1 2 3 -5 16 8 7 -9 9 -11 13 12 -14 -15 -16 21 -18 -19 19 -21 -22 29 23 -25 -26 -27 -28 -29 -30 -31
leaf_value=-0.052296636796333479 0.025538653466508299 0.028003090520011653 -0.051118415439459032 0.035641596072788981 0.014962339486723382 -0.048611837263546072 -0.052812717567668421 0.0089931302253122535 0.034616938183289113 -0.064077735623294801 0.00037446702341346731 -0.068688883101410636 0.040708089776451642 0.040493977510773049 0.039132328470343133 0.050481842085254941 -0.071127160000153622 -0.002370332872091826 0.009495481448492403 -0.049663075232459782 0.018977545416159435 -0.043164999037494073 -0.045291087353493187 0.0086537982247489632 0.034658822224522413 0.019638162579360678 -0.10852087388336246 0.036274128046811342 0.041319072086098023 0.040507082056189282
leaf_weight=5.5629685960739144 24.311205958574647 22.530848238067847 3.8954155981409695 4.7348916057835586 2.1385399387290844 1.1383786065480332 13.805084980700483 26.12650667728667 2.4184701621561571 15.605348657597913 1.6153802334447385 11.725289004036766 2.1223857305012634 26.640845519061259 16.035853146458976 15.485351016235656 25.32685810975363 93.74149723931032 109.7092409359775 3.4133424099181857 6.1455788769781066 2.6000784571660907 12.098466906290922 89.032207315185588 38.078934189656138 2.7453473271016264 1.9109000504613503 1.3115906213606647 4.3665599310479593 1.8478114317913421
leaf_count=1040 375 39 631 78 29 176 704 1053 97 1318 8 420 13 97 37 26 1433 3131 3188 243 378 131 1908 2212 411 18 32 14 103 17
internal_value=0.0031075 -0.00351337 -0.0181796 -0.0396407 -0.0493469 -0.00754549 0.00216147 -0.0123279 -0.0334265 -0.0504409 0.00686255 0.00209834 -0.0513919 0.0280542 0.00769385 0.0104551 -0.0642126 0.00335154 0.00835052 0.00954829 -0.00795914 0.0373943 0.0103999 0.00211251 0.0160319 -0.0238094 -0.0586227 -0.0344036 0.0212945 -0.00717887
internal_weight=588.221 309.081 128.232 42.2413 37.5064 85.9912 62.4624 39.9316 23.5288 18.0238 180.849 147.936 13.8477 32.9125 134.089 279.14 27.4654 118.053 259.207 252.332 10.041 19.9332 248.919 101.131 147.788 6.27163 3.52628 6.87456 5.50494 4.44789
internal_count=19360 10170 6039 2549 2471 3490 1796 1757 1694 1415 4131 3976 433 155 3543 9190 1462 3506 9016 7962 1009 174 7719 4120 3599 58 40 1054 279 148
is_linear=0
shrinkage=0.05


Tree=249
num_leaves=31
num_cat=0
split_feature=16 19 15 27 15 16 23 6 8 26 16 11 17 24 23 15 24 8 27 15 10 5 2 19 27 15 15 8 11 16
split_gain=9.4745 10.8324 11.6868 14.8165 13.5085 12.6005 9.54229 6.64719 6.63112 6.02439 9.56133 8.58252 5.85176 6.44261 8.26797 5.53136 6.44703 8.74431 6.09246 5.48577 5.01863 4.87662 3.86089 2.72481 2.70417 2.45329 2.44893 2.11567 2.04173 1.79783
threshold=0.14588963963963961 14395.023968850701 0.23348909657320874 2.3294880136030089 0.1441499941499941 0.21879328254847649 44.743326488706373 29.500000000000004 4.0068571624932483 1.0000000180025095e-35 0.19436178197712919 0.18519259259259258 474.50000000000006 616.50000000000011 71.608487337440124 0.22046360917248253 832.50000000000011 4.4460805263480507 0.0010035466043956502 0.27055180180180188 0.4912790697674419 1.9583148337368124 12314.530000000001 15287.674920886078 28.235574102798882 0.033908045977011456 0.16659439144261343 3.5566298546658013 0.23739406779661018 0.27179189531447873
decision_type=2 2 2 2 2 2 2 2 2 2 2 2 2 2 2 2 2 2 2 2 2 2 2 2 2 2 2 2 2 2
left_child=12 2 3 -2 7 -6 8 -5 27 10 25 20 13 14 21 16 28 -18 -17 22 -12 -1 -8 -13 -23 -3 -16 -4 -15 -11
right_child=1 9 6 4 5 -7 19 -9 -10 29 11 23 -14 15 26 18 17 -19 -20 -21 -22 24 -24 -25 -26 -27 -28 -29 -30 -31
leaf_value=-0.059367596990754092 -0.057005254378161653 0.028259532521183673 0.015307136821935541 0.00098204143492438916 -0.026013187239664299 0.0013838182593615704 -0.052487407240609435 0.028506642583121779 -0.052208799450979282 0.040087398375049113 0.021416120827220553 0.022317651535255098 -0.050775902451797028 0.036572663174487589 -0.017434986170518346 0.042186676607794495 -0.052509415589050625 0.033685253362416061 -0.051684006335958321 -0.056582266412238374 -0.030853308473371584 -0.046792064253920115 0.021550890437920925 -0.072131960210266799 0.02966388143833449 -0.064525911029541222 0.040790893505864928 0.048468780902067798 0 -0.0009558570362983214
leaf_weight=7.2064256741796289 14.337460095656068 0.6827750192314842 6.8632948960694256 109.36589204060056 99.409131105457163 71.985755127170705 2.070145156387297 27.47575650899671 1.9090300060724974 22.745506830193339 59.024282996369493 0.8165939890059225 3.0391502200673122 62.254623220511348 2.1402371962612943 2.5982622497103867 5.3416002014891983 6.2717623492353596 4.5866072663684463 4.7783469082096408 4.8173049570177673 1.610816550113668 8.9114320342705451 3.6286396140276338 3.4055277781881159 5.2867828445996565 7.8263120078117936 22.678464411688765 4.061118877514672 2.747824729907733
leaf_count=602 2435 14 651 3673 3595 1660 174 173 143 163 541 13 814 748 95 18 913 23 663 726 51 143 229 244 53 358 49 108 260 28
internal_value=0.00299389 -9.49075e-05 -0.00405045 -0.00746331 -0.00512493 -0.0144832 0.0191292 0.00656186 0.0350465 0.0145081 0.00720225 0.0125901 0.0161709 0.0181591 -0.00563351 0.0244199 0.0283139 -0.0056432 -0.0169381 -0.0123411 0.0173517 -0.0332579 0.00679498 -0.0535721 0.00370087 -0.0527989 0.0277417 0.0410108 0.0343354 0.0354817
internal_weight=579.877 469.534 369.785 322.574 308.237 171.395 47.2107 136.842 31.4508 99.7497 74.2564 68.2868 110.342 107.303 22.1893 85.114 77.9291 11.6134 7.18487 15.7599 63.8416 12.2228 10.9816 4.44523 5.01634 5.96956 9.96655 29.5418 66.3157 25.4933
internal_count=19360 14979 13567 11536 9101 5255 2031 3846 902 1412 1221 849 4381 3567 942 2625 1944 936 681 1129 592 798 403 257 196 372 144 759 1008 191
is_linear=0
shrinkage=0.05


Tree=250
num_leaves=31
num_cat=0
split_feature=18 9 24 6 19 14 24 14 23 10 18 23 23 12 5 2 19 6 6 5 5 16 9 11 11 14 27 23 10 27
split_gain=13.4033 13.817 14.0161 7.15604 8.94707 7.85465 7.08915 6.3788 6.36136 6.05867 7.08291 17.3183 18.3033 14.215 9.16679 9.28815 9.0663 7.11216 7.37318 5.72371 5.64126 3.91687 3.54316 3.76186 5.22267 5.09843 3.42497 2.64507 2.10498 1.20801
threshold=1096.5000000000002 0.74110207768744363 513.50000000000011 11.500000000000002 2031.6336666666668 0.021352583586626103 909.50000000000011 0.050362318840579713 21.295003422313489 0.0087209302325580509 671.50000000000011 70.607802874743342 69.091033538672164 2.7161845002503866 1.8356274009595077 12314.530000000001 3694.086666666667 28.500000000000004 13.500000000000002 2.2982894417204416 1.9683343379746072 0.36425061425061428 0.66774891774891787 0.12481003039513676 0.28187071144817627 0.097068638356343662 125.44037575685626 69.329226557152651 0.11337209302325577 35.349296327237724
decision_type=2 2 2 2 2 2 2 2 2 2 2 2 2 2 2 2 2 2 2 2 2 2 2 2 2 2 2 2 2 2
left_child=9 6 -3 19 5 -5 7 -2 -6 -1 14 12 16 21 17 -16 -12 18 -11 28 -17 -13 23 25 -25 -8 -15 -14 -4 -19
right_child=1 2 3 4 8 -7 22 -9 -10 10 11 13 27 26 15 20 -18 29 -20 -21 -22 -23 -24 24 -26 -27 -28 -29 -30 -31
leaf_value=0.038504908285879422 0.044373589235893025 0.040314579007915088 -0.039714894799097046 -0.061796441022364756 0.011989634670043769 0.038294130127983793 -0.00086077737410598541 -0.069119004130092934 -0.062594247735637848 0.0099237268748699602 0.026499193942665436 -0.069047410232247794 0.065814350708601352 -0.049943474167013474 -0.056477362832089983 -0.041538419315926389 0.0056842877796896233 0.049206082072657746 -0.026248191195991873 -0.048838733939543966 0.0010276865655818054 0.022169489580682655 0.038233607453017578 -0.056614854421028593 0.016024036412742883 0.046562950292585975 0.032872377416088429 0.019640423923957179 0.041926979980026285 0.022411309543248964
leaf_weight=17.827385762966514 1.5353114902973164 6.8495588590158141 0.77238425435461788 2.9591237955337402 3.0017609289161546 5.3409578492646688 13.720603267011031 4.6946250617838814 30.295593033620207 97.239275125692529 82.793614905566301 12.191711346529702 20.799967790953819 1.3503470161376734 10.253851683924948 8.9919425045845838 144.29590459085557 10.574439371004702 16.325515068599998 3.3284362395215794 52.711985873816957 1.1664677268054209 13.042849792176638 4.6311680736089311 4.9619208729209276 9.3175345102481497 7.7943073091992119 4.1526991767932477 5.6471987535642256 9.0080062068300304
leaf_count=97 2 15 372 219 78 27 444 221 1441 4638 1767 741 22 76 1032 378 3075 13 783 1010 1402 29 153 515 250 25 79 109 85 45
internal_value=0.00637792 -0.00937857 -0.0261093 -0.0351287 -0.0441535 0.00170401 0.009298 -0.0401007 -0.055705 0.00987629 0.00879401 0.0140468 0.0178131 -0.0278091 0.00173509 -0.0126031 0.0133034 0.00952514 0.00466132 0.00293212 -0.00515163 -0.0606051 0.0162181 0.00717571 -0.0187496 0.0182215 0.0196945 0.0584386 0.0308787 0.0373109
internal_weight=607.576 110.099 58.195 51.3455 41.5974 8.30008 51.904 6.22994 33.2974 497.477 479.65 274.545 252.042 22.5028 205.105 71.9578 227.09 133.147 113.565 9.74802 61.7039 13.3582 45.6741 32.6312 9.59309 23.0381 9.14465 24.9527 6.41958 19.5824
internal_count=19143 4857 3247 3232 1765 246 1610 223 1519 14286 14189 5898 4973 925 8291 2812 4842 5479 5421 1467 1780 770 1387 1234 765 469 155 131 457 58
is_linear=0
shrinkage=0.05


Tree=251
num_leaves=31
num_cat=0
split_feature=18 9 24 8 11 18 24 7 2 1 3 18 24 30 8 17 9 4 18 30 2 23 27 9 11 17 18 5 1 11
split_gain=12.2652 12.9153 13.1135 7.70883 8.53151 6.78044 6.27617 6.55316 5.58196 13.998 7.93076 7.85505 7.65056 10.63 6.90645 9.34405 6.79934 5.77369 5.78994 5.17998 5.10381 3.97975 3.93681 3.54609 4.4336 3.4999 3.12486 2.89518 2.818 2.77111
threshold=1096.5000000000002 0.74110207768744363 513.50000000000011 3.9544089717643836 0.21440929312901627 1227.0000000000002 1299.5000000000002 21.500000000000004 15622.800000000001 6.5000000000000009 13.28117249069215 550.50000000000011 727.50000000000011 1.5000000000000002 5.3843567290375729 11.500000000000002 0.11396103896103892 3.5000000000000004 671.50000000000011 3.5000000000000004 88050.425000000017 37.238877481177283 1929.932572422045 0.66774891774891787 0.12481003039513676 351.50000000000006 591.50000000000011 2.4808415654662137 1.5000000000000002 0.081356867071152708
decision_type=2 2 2 2 2 2 2 2 2 2 2 2 2 2 2 2 2 2 2 2 2 2 2 2 2 2 2 2 2 2
left_child=8 5 -3 6 -5 28 -4 -8 10 16 14 20 21 -14 17 26 -10 18 -1 -18 29 -13 23 24 -7 -22 -16 -6 -2 -11
right_child=1 2 3 4 27 22 7 -9 9 11 -12 12 13 -15 15 -17 19 -19 -20 -21 25 -23 -24 -25 -26 -27 -28 -29 -30 -31
leaf_value=0.0044867789181201028 0.027315277457479709 0.039620285046020581 -0.072560793944064755 -0.063160121510008813 0.037673671887423245 0.023300237515500574 -0.021979980873866569 0.040912589236311844 0.019941566616267295 0.045310705822838721 -0.043402461125306879 0.041304868371566557 -0.05213843210841719 0.020367836726023613 0.045326880594153442 -0.090450933045593429 -0.057208900374172623 0.033599275162791611 0.01793772131180011 0.043310356802630727 -0.061080608852961273 0.013007777093812839 -0.043215122591613753 0.041601029675249285 -0.015994384890631139 0.039557643462786722 -0.023288457060101742 -0.04781141203348218 -0.065721002990943828 -0.016503140246786618
leaf_weight=139.2460201407016 0.88034665828399639 6.6285215643001711 3.3855770127629539 24.150584616693781 3.1421182398771625 20.378258463829301 11.30629475906335 6.3989002759190035 4.2009525479243193 2.784792434424161 6.1437656801681433 23.005424901849437 8.6501514625615528 11.772134392813314 3.0124194562667963 3.623244033602532 16.517530153909323 35.547992474785133 192.02280398945959 1.2597583532333363 7.4936212332631822 28.740947095157026 2.5902072668432075 12.18059327035189 10.820619573580187 0.84350110590457905 3.3767223479808308 1.2974214585829029 3.8425763027653375 4.666710659806995
leaf_count=5775 43 15 229 1203 30 357 1667 15 63 6 637 289 628 341 11 30 1355 162 3446 1 568 692 152 126 724 3 47 88 208 232
internal_value=0.00613903 -0.00917553 -0.0256605 -0.0345329 -0.0514581 0.00905202 -0.011219 0.000571558 0.00947488 -0.000412155 0.0123255 0.00846789 0.0154993 -0.010204 0.0132586 -0.0273587 -0.0360541 0.014388 0.0123019 -0.0496037 -0.0232527 0.02574 0.0150231 0.0187069 0.00950448 -0.0499578 0.00849246 0.011087 -0.0471357 0.00623006
internal_weight=599.911 107.002 56.3094 49.6809 28.5901 50.6926 21.0908 17.7052 492.908 109.936 382.973 87.9573 72.1687 20.4223 376.829 10.0124 21.9782 366.817 331.269 17.7773 15.7886 51.7464 45.9697 43.3795 31.1989 8.33712 6.38914 4.43954 4.72292 7.4515
internal_count=19143 4857 3247 3232 1321 1610 1911 1682 14286 4178 10108 2759 1950 969 9471 88 1419 9383 9221 1356 809 981 1359 1207 1081 571 58 118 251 238
is_linear=0
shrinkage=0.05


Tree=252
num_leaves=31
num_cat=0
split_feature=18 9 19 8 18 10 18 14 5 18 18 11 18 13 8 13 22 7 3 27 9 11 25 1 16 18 27 19 30 22
split_gain=11.2273 12.0181 11.5039 6.70096 6.28833 5.79921 6.04659 8.12281 8.54995 8.12708 5.79384 7.95442 6.96546 6.30329 5.10301 4.89405 4.66382 4.42633 4.29074 3.62214 3.38528 4.0552 2.98953 2.66629 2.62806 2.06507 1.76812 1.76329 1.1297 1.40622
threshold=1096.5000000000002 0.74110207768744363 33410.898750000008 4.2629669489250839 1227.0000000000002 0.0087209302325580509 671.50000000000011 0.071946169772256721 1.8132902534642319 615.50000000000011 699.50000000000011 0.16916358059327422 703.50000000000011 0.13805216829524347 3.2619278417372266 0.090882617673532062 1.0000000180025095e-35 36.500000000000007 0.59324019281567864 1929.932572422045 0.66774891774891787 0.12481003039513676 1.0000000180025095e-35 1.5000000000000002 0.34435336976320585 1598.5000000000002 106.06222244377763 106311.98500000002 1.5000000000000002 2.5000000000000004
decision_type=2 2 2 2 2 2 2 2 2 2 2 2 2 2 2 2 2 2 2 2 2 2 2 2 2 2 2 2 2 2
left_child=5 4 3 15 23 28 7 8 16 -10 11 14 -12 -14 -8 17 -7 -3 -17 20 21 -6 24 -2 -5 -4 -13 -21 29 -1
right_child=1 2 25 22 19 6 10 -9 9 -11 12 26 13 -15 -16 18 -18 -19 -20 27 -22 -23 -24 -25 -26 -27 -28 -29 -30 -31
leaf_value=0.0075673823656723753 0.026554436371584708 -0.063219594985754551 -0.0042210080902026796 -0.064658744798694281 0.022462619730414139 -0.05576302573268245 0.032462624927354571 0.031983562748260988 -0.0088049905778946631 -0.058770872444006361 -0.080306680801857655 0.048818745628655874 0.0074588778415940714 0.035159343595883456 -0.02628982570475007 0.037747542376260983 0.008056052606534473 0.018955946937250459 -0.017667475137147465 -0.062144480159478058 0.040886385499351113 -0.015203262870002211 0.020891903399292842 -0.06479644449173802 0.035091974295884294 0.046033188092852076 0.018063828740436147 0.033063666174448475 0.052446544639345574 0.047774732298549137
leaf_weight=5.7159047943750938 0.8635907138532265 7.6547044846633998 2.9304169394308683 18.478357054053966 20.092420656066682 2.8218372283849922 6.3182160091546384 19.591146613153796 57.377185575788644 9.4815272183868711 2.0263852480857159 25.742154297917295 196.5763010693986 23.017751541814505 8.5946028222715523 4.8326635266425937 112.55725916662504 1.9189379698364062 11.820649878494804 2.0718336426939454 11.785684728622071 10.819734509121188 1.0333530887146469 3.7073966779025795 0.55903184413909812 5.4812371736406931 6.5931067820165472 0.48274853825569142 7.6914900109113651 3.8750048234360293
leaf_count=82 43 1077 40 826 357 375 161 177 2029 794 106 214 4481 629 200 142 4916 11 1129 151 126 724 6 208 1 15 107 1 9 6
internal_value=0.00590448 -0.00893606 -0.0251181 -0.0349336 0.00874748 0.00909497 0.00803216 0.00146207 -0.00180741 -0.0160427 0.0129431 0.0288767 0.0095121 0.0103999 -0.0010143 -0.0179052 0.00640499 -0.0462058 -0.00115869 0.0145047 0.0180739 0.00911124 -0.0567381 -0.0462682 -0.0613002 0.0280945 0.042777 -0.0417014 0.037541 0.0246536
internal_weight=592.513 104.533 54.7094 46.2977 49.8234 487.98 470.697 201.829 182.238 66.8587 268.869 47.2481 221.62 219.594 14.9128 26.227 115.379 9.57364 16.6533 45.2524 42.6978 30.9122 20.0707 4.57099 19.0374 8.41165 32.3353 2.55458 17.2824 9.59091
internal_count=19143 4857 3247 3192 1610 14286 14189 8291 8114 2823 5898 682 5216 5110 361 2359 5291 1088 1271 1359 1207 1081 833 251 827 55 321 152 97 88
is_linear=0
shrinkage=0.05


Tree=253
num_leaves=26
num_cat=0
split_feature=18 9 19 6 19 14 18 10 12 5 7 28 17 9 14 27 9 29 1 18 10 19 22 30 30
split_gain=10.2513 11.1602 10.6939 7.03123 8.48193 6.75998 5.83471 5.50164 5.62123 5.09012 5.0433 4.86934 19.2778 9.14682 3.90271 3.35518 3.22609 3.34825 2.52448 1.98922 1.85344 1.67564 1.46356 0.756325 0.2372
threshold=1096.5000000000002 0.74110207768744363 33410.898750000008 11.500000000000002 2031.6336666666668 0.021352583586626103 1227.0000000000002 0.0087209302325580509 0.81398360602640307 2.2982894417204416 63.500000000000007 1.0000000180025095e-35 35.500000000000007 0.99024367028364757 0.10033557046979867 1929.932572422045 0.66774891774891787 3.5000000000000004 1.5000000000000002 1598.5000000000002 0.11337209302325577 106311.98500000002 1.5000000000000002 1.5000000000000002 1.5000000000000002
decision_type=2 2 2 2 2 2 2 2 2 2 2 2 2 2 2 2 2 2 2 2 2 2 2 2 2
left_child=7 6 3 9 5 -5 18 22 -9 20 11 13 -13 -10 -6 16 17 -8 -2 -4 -3 -17 -1 -18 -24
right_child=1 2 19 4 14 -7 15 8 10 -11 -12 12 -14 -15 -16 21 23 -19 -20 -21 -22 -23 24 -25 -26
leaf_value=0.0059669343078771649 0.025795932336555312 -0.038379648415185083 -0.0040115153190053007 -0.06003314394546181 -0.060790493378912493 0.037437413244666339 -0.0061287389567991181 -0.052007755423892049 0.019846536824744847 -0.048252831162408416 -0.063557345102645851 0.0084786479328754962 -0.040779451921737181 -0.036952374147083043 0.019256945539936732 -0.06145486544538642 0.046453436416374505 0.026791436943763621 -0.063904070779618613 0.045623175921222739 0.041614220540790295 0.032585108755969004 0.03314625288316541 0.0096256578215833388 0.052315850016628022
leaf_weight=3.4614930678144473 0.84788157570073863 0.68969437279701917 2.9343966458400228 2.6453444492008193 27.04077633096313 4.9304298666029354 16.698474023009116 3.789938901538334 126.05990618082706 2.866715103543811 2.3209175894735372 306.80429307494796 21.113782297119542 7.3617466834607503 1.4701887582195912 1.9934418403122429 9.2804770837246888 13.946362089838656 3.5759459307219004 5.2604808086834964 5.3935621190858001 0.46721133589744557 5.961783162199934 2.1332487012678021 7.3437775370257441
leaf_count=48 43 370 40 219 1493 28 898 728 3416 991 52 6933 2028 1032 7 151 79 183 208 15 84 1 44 47 5
internal_value=0.00567266 -0.00868852 -0.0245372 -0.0341407 -0.0439705 0.00241209 0.00846185 0.0087145 0.00768683 0.00498893 0.00819666 0.00858217 0.00528034 0.0166498 -0.0564352 0.0140175 0.0174489 0.00872891 -0.0454165 0.0274133 0.0312622 -0.0410714 0.0368532 0.0401479 0.0444109
internal_weight=586.392 102.175 53.2316 45.0367 36.0867 7.57577 48.943 484.218 467.451 8.94997 463.661 461.34 327.918 133.422 28.511 44.5192 42.0586 30.6448 4.42383 8.19488 6.08326 2.46065 16.7671 11.4137 13.3056
internal_count=19143 4857 3247 3192 1747 247 1610 14286 14189 1445 13461 13409 8961 4448 1500 1359 1207 1081 251 55 454 152 97 126 49
is_linear=0
shrinkage=0.05


Tree=254
num_leaves=28
num_cat=0
split_feature=5 5 24 9 4 8 11 5 5 5 19 19 19 9 24 12 14 24 5 5 8 14 4 9 4 3 4
split_gain=7.33875 12.3879 8.73432 8.48679 8.54415 8.37455 13.318 6.76853 5.15744 8.813 6.39851 5.53111 11.8596 5.15815 5.07578 4.60439 4.6164 4.5187 1.86986 3.1287 1.21246 1.06504 6.22892 0.835783 0.135158 0.109989 0.103551
threshold=2.3137390440555365 2.4168974532582639 2233.5000000000005 0.11396103896103892 7.5000000000000009 3.4397019787254108 0.12165737165737162 2.5990321461448791 2.2511408686492103 2.1390480688300504 7499.7600000000011 4890.9885416666675 11197.909791666667 0.70046728971962624 513.50000000000011 2.5898994260774146 0.050362318840579713 312.50000000000006 3.0151133707776387 2.5074067043251591 6.2176013331727065 0.0080688565575193025 1.5000000000000002 0.056079664570230552 9.5000000000000018 8.3820002225766981 12.500000000000002
decision_type=2 2 2 2 2 2 2 2 2 2 2 2 2 2 2 2 2 2 2 2 2 2 2 2 2 2 2
left_child=2 17 8 18 5 7 -7 -5 9 11 23 14 -13 -12 -1 16 -10 -2 19 -3 -4 22 -17 -11 -6 -23 -19
right_child=1 3 20 4 24 6 -8 -9 15 10 13 12 -14 -15 -16 21 -18 26 -20 -21 -22 25 -24 -25 -26 -27 -28
leaf_value=0.0004851240193028902 0.041012836902499385 0.041867095842704816 -0.062662871623322097 -0.052702323499123127 0.027908799786833551 0.0084411074936493937 -0.025606216374161085 0.024502320609610984 -0.053069145192123426 0.012475350539146803 0.03100369960356061 -0.028989298474714327 0.011781037085727808 -0.055325729672207162 0.017255849382275798 0.047831659950059092 0.03930314123243861 -0.061418710132669065 0.049501318776411535 -0.054536315612672207 0.024746819404034063 0.037492068973396291 -0.056039764589618513 -0.067530858676039279 0.04798436224539368 0.051342921922312372 -0.11766550387514559
leaf_weight=58.638781070520963 0.99106830787786648 2.1404580337111834 4.6342379606180648 3.0176332845449023 3.4133238363538094 47.862563944233443 70.93879545271875 28.926217954548974 2.9800323921517728 0.20357482228427937 5.0664827350701671 26.215392076765056 55.186204265394281 2.4961328373910874 205.030562081276 5.3247838425450054 2.2710353967704577 9.4523068101361751 9.9653638028539699 1.2343133340655184 0.29487307369709004 9.7616952215903456 1.8388095648242595 6.6537279180274709 6.5105067902695737 9.1780110086547193 0.33583929159795012
leaf_count=1082 4 16 1134 588 27 446 2524 1548 388 2 29 1575 1229 188 6608 14 16 824 20 43 2 39 114 638 31 10 4
internal_value=0.00544156 -0.00276364 0.00928496 0.00044375 -0.00271831 -0.00571629 -0.0118517 0.0169113 0.0101359 0.00841487 -0.0296662 0.0100288 -0.00130716 0.00150694 0.0135467 0.0296193 -0.0121967 -0.0545284 0.0386366 0.0046141 -0.0560515 0.0382365 0.0200763 -0.0642918 0.0419254 0.0447011 -0.0650247
internal_weight=580.563 184.788 395.774 174.009 160.669 150.745 118.801 31.9439 390.845 359.491 14.4199 345.071 81.4016 7.56262 263.669 31.3544 5.25107 10.7792 13.3401 3.37477 4.92911 26.1033 7.16359 6.8573 9.92383 18.9397 9.78815
internal_count=19143 6075 13068 5243 5164 5106 2970 2136 11932 11351 857 10494 2804 217 7690 581 404 832 79 59 1136 177 128 640 58 49 828
is_linear=0
shrinkage=0.05


Tree=255
num_leaves=31
num_cat=0
split_feature=23 23 24 24 23 13 13 11 9 1 13 24 25 18 9 24 15 24 24 15 15 5 19 13 23 24 4 5 11 5
split_gain=19.4792 12.498 8.98999 11.1613 8.78288 26.5587 19.8785 8.81656 8.62958 8.426 10.7994 15.3423 9.84886 8.582 8.33145 7.91234 7.70202 7.3292 7.30671 6.94814 6.78697 6.7395 6.68895 6.3589 6.27731 6.16467 6.07943 5.92821 13.3658 5.90601
threshold=67.201916495551004 69.329226557152651 945.50000000000011 832.50000000000011 40.31622176591376 0.079377196171089265 0.087919298549219815 0.19644828129927469 0.86332503113325043 2.5000000000000004 0.087919298549219815 589.50000000000011 1.0000000180025095e-35 615.50000000000011 0.86332503113325043 465.50000000000006 0.16310048753845288 768.50000000000011 571.50000000000011 0.22460444852098141 0.15267700578556651 4.6691970723183269 15700.969375000002 0.041885964912280658 43.16632443531828 3301.5000000000005 6.5000000000000009 1.1716926323957197 0.16671763506625889 2.6737128681354743
decision_type=2 2 2 2 2 2 2 2 2 2 2 2 2 2 2 2 2 2 2 2 2 2 2 2 2 2 2 2 2 2
left_child=4 8 3 27 9 7 21 19 23 13 11 15 -13 -1 17 -11 26 -8 29 22 -20 -7 -6 -2 -16 -22 -12 -3 -29 -10
right_child=1 2 -4 -5 5 6 14 -9 18 10 16 12 -14 -15 24 -17 -18 -19 20 -21 25 -23 -24 -25 -26 -27 -28 28 -30 -31
leaf_value=-0.052389188936435682 0.024290357625351804 0.025742739832601454 0.028305918741056521 -0.066875917941725357 0.021176499685638412 -0.075917230963384749 -0.022337245544287218 -0.031771152808786444 -0.10959856637889241 -0.017806494409541417 -0.01900458941433774 -0.043774576697467593 0.047086669284924922 0.033532454843468819 0.0079240912319298341 0.033072208872645552 0.027504609057494009 0.023132523604514524 0.062311412936610293 -0.031301714859295997 -0.064119080734415676 0.042019354738654958 -0.018895296985617593 -0.059122001826369189 -0.039690495658051973 0.046978981802169036 0.038305411103595602 0.011068399662344785 -0.045778013480310964 0.042525058897574498
leaf_weight=2.9923355323610386 7.9029809285202628 27.471802245732761 52.365333531267424 5.3835360903076426 94.513324488146282 19.71049123430112 15.325336444567254 11.80860215562552 1.174455886706709 12.429848878033228 20.424538677081731 31.257202009607454 3.1621888406953067 41.658825883169811 8.6066735115527973 19.201811241586256 48.303044234239678 20.635659346796274 36.502880862593884 7.9313054844396893 2.0733891226482219 1.1727673414643494 11.492376130496266 3.0971445541508729 31.597291392342413 2.8344114973115211 5.8456434345443986 43.020014496705699 13.488880078617511 1.1392103433609009
leaf_count=474 164 436 1146 463 1690 703 762 1196 49 234 1185 2147 9 1257 250 202 1119 831 105 506 169 4 183 193 2273 7 135 664 741 1
internal_value=0.00683865 0.0197707 0.0118687 0.00216014 0.000597309 -0.00607762 -0.0257283 0.00905708 0.0400856 0.00864983 0.00259511 -0.0120754 -0.0351699 0.0275584 -0.0137544 0.0129284 0.0156548 0.00360801 0.0500246 0.0133566 0.0549082 -0.0688871 0.0167714 3.36647e-05 -0.029379 0 -0.00596545 0.00671939 -0.00246962 -0.0339654
internal_weight=604.523 196.454 141.73 89.3642 408.069 222.794 97.0482 125.746 54.7245 185.275 140.624 66.0511 34.4194 44.6512 76.165 31.6317 74.5732 35.961 43.7243 113.937 41.4107 20.8833 106.006 11.0001 40.204 4.9078 26.2702 83.9807 56.5089 2.31367
internal_count=19298 4138 3450 2304 15160 8398 4823 3575 688 6762 5031 2592 2156 1731 4116 436 2439 1593 331 2379 281 707 1873 357 2523 176 1320 1841 1405 50
is_linear=0
shrinkage=0.05


Tree=256
num_leaves=31
num_cat=0
split_feature=23 23 23 11 19 26 24 16 13 15 8 23 4 18 18 24 11 18 15 13 8 27 18 6 24 11 12 16 16 2
split_gain=17.952 11.9025 8.13789 11.9688 9.22441 8.04375 7.29206 16.2708 9.01012 9.36422 7.90825 7.21452 6.87241 6.63519 21.9358 20.6417 8.20621 7.00298 11.7323 6.22148 5.67617 7.01872 5.53361 5.27017 4.92322 4.7721 4.49586 12.2904 4.34129 2.43387
threshold=67.201916495551004 69.581108829568805 62.121834360027385 0.076340326340326323 89336.697500000024 1.0000000180025095e-35 945.50000000000011 0.14325955734406437 0.092395354111319869 0.17395652173913043 3.6825651052209416 21.295003422313489 10.500000000000002 714.50000000000011 818.50000000000011 513.50000000000011 0.15003320053120853 671.50000000000011 0.19915292606830923 0.093534658439256471 4.5991538411292519 488.39235631475361 615.50000000000011 27.500000000000004 275.50000000000006 0.1718563544152745 2.7047916516951651 0.27801932367149768 0.17743619098929223 170262.17000000001
decision_type=2 2 2 2 2 2 2 2 2 2 2 2 2 2 2 2 2 2 2 2 2 2 2 2 2 2 2 2 2 2
left_child=2 5 4 22 13 20 7 19 9 -9 -8 -6 -5 17 15 -15 -16 23 -19 -3 24 -22 29 -1 -2 -10 27 -12 -26 -4
right_child=1 6 3 12 11 -7 10 8 25 -11 26 -13 -14 14 16 -17 -18 18 -20 -21 21 -23 -24 -25 28 -27 -28 -29 -30 -31
leaf_value=0 -0.088531819247317789 0.032090132377670194 -0.067292246288373075 -0.063591105366527442 0.03770731170599953 -0.063744110629239237 -0.051572924339388884 -0.062539295368829836 0.018375105765388242 -0.0042949986668268233 -0.054140474388043605 -0.11292660833984425 0.035836759729584486 -0.1114968770858189 0.020484963967180372 -0.018102634398783214 -0.0046634082633358392 0.033233940388520643 -0.064622229970253228 -0.049356206517124621 -0.088338645618680989 0.029768642744859838 0.032287710541828434 0.026753127588337974 -0.0030186219554103485 -0.050683227419705129 0.042067393547860585 0.041855514931158862 0.052445469398097772 0.019190663091807749
leaf_weight=115.71488838204755 0.5517048636211247 35.163687532494805 2.4565171597314506 14.951447229683255 0.97029353324614875 1.7598898879514298 2.9262052435151409 14.869971671300847 17.19247483760228 13.195755921620728 5.0301550152612426 2.8625383807921025 1.8326070891671395 6.7017031109135123 64.757705636677656 48.091772122080783 64.336314294360818 44.745823322431534 3.1640733775384424 2.3778905120561822 1.6893089312034124 4.0958796014965628 9.1741101398074516 21.863138990949665 3.6199055629640489 2.8027926734248458 31.453938164024294 9.3600877715653024 46.8615891191439 1.0250723303761331
leaf_count=5803 32 322 151 1279 7 111 703 648 393 306 277 105 31 37 1545 1765 3450 560 212 185 53 24 103 106 211 393 111 33 336 6
internal_value=0.00659567 0.0191319 0.000572557 -0.0246746 0.0025836 0.0379575 0.0108658 0.00200261 -0.0171859 -0.0354444 0.0262844 -0.0735326 -0.0522907 0.00340664 -0.00330268 -0.0297989 0.00791921 0.0100832 0.026546 0.0266811 0.0413019 -0.00478481 0.0116808 0.0042988 0.0466233 0.00824215 0.0314643 0.00781269 0.0483713 -0.0406085
internal_weight=595.599 192.951 402.648 29.4398 373.208 58.5783 134.373 85.6026 48.061 28.0657 48.7704 3.83283 16.7841 369.375 183.887 54.7935 129.094 185.488 47.9099 37.5416 56.8184 5.78519 12.6557 137.578 51.0332 19.9953 45.8442 14.3902 50.4815 3.48159
internal_count=19298 4138 15160 1570 13590 767 3371 2247 1740 954 1124 112 1310 13478 6797 1802 4995 6681 772 507 656 77 260 5909 579 786 421 310 547 157
is_linear=0
shrinkage=0.05


Tree=257
num_leaves=31
num_cat=0
split_feature=23 23 30 5 23 11 19 24 16 17 8 23 4 5 18 12 13 13 18 4 15 5 30 27 12 13 2 27 14 12
split_gain=16.7456 12.6648 8.93332 8.88512 8.41106 11.2804 8.17449 7.86941 13.7648 18.5756 7.67232 6.70583 6.6553 6.47803 12.367 7.22072 5.87774 5.69878 5.26301 4.86967 4.14911 3.95602 6.43765 3.80088 3.75884 8.30151 2.3362 2.09316 1.72275 3.22673
threshold=67.653661875427801 69.329226557152651 2.5000000000000004 2.1665662249999698 62.121834360027385 0.076340326340326323 89336.697500000024 945.50000000000011 0.14325955734406437 2.5000000000000004 3.6825651052209416 21.295003422313489 10.500000000000002 2.8131544580134538 699.50000000000011 2.6535684321896258 0.062615313653136509 0.093534658439256471 615.50000000000011 6.5000000000000009 0.20343188795895192 1.9583148337368124 1.5000000000000002 521.67684936983915 2.7047916516951651 0.035805860805860755 170262.17000000001 0.023667015892136253 0.0061970669861849013 2.6406531826691721
decision_type=2 2 2 2 2 2 2 2 2 2 2 2 2 2 2 2 2 2 2 2 2 2 2 2 2 2 2 2 2 2
left_child=2 3 4 21 6 18 13 8 17 16 -9 -8 -7 14 -1 -15 -10 27 26 -11 28 22 -2 -5 25 -12 -6 -3 -4 -30
right_child=1 7 20 23 5 12 11 10 9 19 24 -13 -14 15 -16 -17 -18 -19 -20 -21 -22 -23 -24 -25 -26 -27 -28 -29 29 -31
leaf_value=0.0073870514977627325 -0.068934325679632161 -0.043908668784150146 0.0406531830253513 -0.065619677711263535 -0.066469059150893739 -0.063825171127229408 0.037195972768792919 -0.051232543565043365 -0.045762915177511694 -0.060801604149281242 0.039027827264603951 -0.11008997470492224 0.035014909596485184 0.025242531084713062 -0.014340359325503805 -0.0063578422335484183 0.017459066900437425 -0.049044971463179182 0.031767631045600743 0.036882568947559945 -0.055683514592229123 0.058651956055748182 0.038544650263029584 0.015300824513708742 0.041696973150359549 -0.036346963942505889 0.0185209605201813 0.032167844246285347 0.031927801244877506 -0.047290860453418543
leaf_weight=149.85607337596343 1.5265621538910608 0.79039334761910041 19.174562537728896 2.2454079478311533 2.454269510040834 15.313406914423469 0.93698646099073757 2.8240911556476922 4.1350177425119936 17.73197272158723 9.7722826234821678 2.7937419079898973 1.7825045914887585 51.557519401893842 116.03772825986425 27.420813271392944 26.658992061101344 2.293986850170767 8.3441136727287795 1.2439873963594426 1.2540279744953284 30.641062162347225 8.9329582565405872 3.5680146469057945 31.674389069037716 5.6547427904711176 1.012962100561708 33.990881919682579 4.3758481571785515 1.6775436384486964
leaf_count=5956 172 44 298 157 165 1361 6 717 121 1098 40 104 33 1312 5243 478 564 188 108 4 141 58 95 45 113 276 6 285 57 53
internal_value=0.00634745 0.018861 0.000642236 0.0412917 -0.00131748 -0.027192 0.000820956 0.0111059 0.00194213 -0.0151647 0.0269105 -0.071788 -0.0530852 0.00164149 -0.00207796 0.0142137 0.00868713 0.0250199 0.00999742 -0.0539759 0.0286667 0.0494913 0.0218804 -0.0156899 0.0318004 0.0110212 -0.0404142 0.0301748 0.0332603 0.00875004
internal_weight=587.677 183.685 403.992 46.914 377.51 28.9073 348.603 136.771 86.8452 49.77 49.9255 3.73073 17.0959 344.872 265.894 78.9783 30.794 37.0753 11.8113 18.976 26.482 41.1006 10.4595 5.81342 47.1014 15.427 3.46723 34.7813 25.228 6.05339
internal_count=19298 3977 15321 527 14772 1673 13099 3450 2304 1787 1146 110 1394 12989 11199 1790 685 517 279 1102 549 325 267 202 429 316 171 329 408 110
is_linear=0
shrinkage=0.05


Tree=258
num_leaves=31
num_cat=0
split_feature=23 23 5 30 23 11 19 9 27 12 9 4 23 13 9 13 23 18 15 9 24 27 24 10 2 2 9 14 12 24
split_gain=15.6098 11.8617 8.32474 8.302 7.89683 10.6959 7.5818 7.53464 8.97591 6.9431 15.4675 6.3373 6.235 5.94676 10.41 9.1684 5.31041 4.90218 3.89205 3.82258 5.0687 3.58388 3.40589 3.19924 3.19061 2.24697 2.02781 1.62614 2.99495 1.59451
threshold=67.653661875427801 69.329226557152651 2.1665662249999698 2.5000000000000004 62.121834360027385 0.076340326340326323 89336.697500000024 0.99790355472733039 16.459326843898825 2.7243730057890758 0.5692508710801395 10.500000000000002 21.295003422313489 0.13929238431209792 0.86332503113325043 0.080035587188612117 74.076659822039701 615.50000000000011 0.20343188795895192 0.86332503113325043 568.50000000000011 521.67684936983915 771.50000000000011 0.026162790697674351 12314.530000000001 170262.17000000001 0.30839160839160845 0.0061970669861849013 2.6406531826691721 327.50000000000006
decision_type=2 2 2 2 2 2 2 2 2 2 2 2 2 2 2 2 2 2 2 2 2 2 2 2 2 2 2 2 2 2
left_child=3 2 19 4 6 17 13 8 22 10 -10 29 -8 15 -15 -1 -11 25 27 20 -2 -4 24 -24 -3 -6 -19 -5 -29 -7
right_child=1 7 21 18 5 11 12 -9 9 16 -12 -13 -14 14 -16 -17 -18 26 -20 -21 -22 -23 23 -25 -26 -27 -28 28 -30 -31
leaf_value=0.0076773203300905968 0.041057081039268035 -0.049232134005680793 -0.064901393280922426 0.03986987640254884 -0.066308031088098143 -0.11842234226758544 0.036652585984110746 0.04623114038955084 0.0083433585964167063 -0.028900877109311926 -0.053375234826676256 0.034271417776002365 -0.10732940981782085 0.028221337154078027 -0.05739865890038718 -0.009674256856603447 0.02678647301291592 0.045511463188839973 -0.055075513216699214 0.054883472970927785 -0.05845157394658182 0.014681224082853451 -0.046099992349777165 0.035425999978622523 0.012990221171142 0.017865932409987809 -0.009382297516524413 0.031052598228722056 -0.046094677095939902 -0.056680428626214419
leaf_weight=155.44380749178254 3.9945478242671006 2.1814756818239429 2.1600217538989446 18.590672605761036 2.3403378947041378 1.3594728357202281 0.90561736089875866 13.433928562393701 23.30697352558127 5.2685549307207138 17.703761987400412 1.7335441672457808 2.7266094334554509 35.874772730978293 3.8121605329506556 148.91026960223553 20.068673096437124 6.0659043433897732 1.2067832812372206 34.12364944629735 1.7426380725046327 3.5376811012174585 1.1162791258484492 30.959141583741257 19.602460624697414 1.001558930147439 2.0813723076789756 4.2795314110735481 1.6386208058538612 13.275845619768004
leaf_count=5576 41 252 157 298 165 80 6 251 400 117 912 33 104 1485 481 5447 133 44 141 123 161 45 191 755 439 6 64 57 53 1281
internal_value=0.006106 0.0183719 0.0404184 0.000612268 -0.00126013 -0.0268304 0.000781485 0.0107943 0.0067573 -0.00549145 -0.0182431 -0.0527143 -0.0700707 0.00156418 0.0197478 -0.000796192 0.0149423 0.00975216 0.0280481 0.0485154 0.00949175 -0.0152255 0.0219211 0.0322989 0.00633421 -0.0398425 0.0309379 0.0325513 0.00845021 -0.0635197
internal_weight=580.447 179.2 45.5585 401.247 375.531 27.858 347.673 133.641 120.207 66.348 41.0107 16.3689 3.63223 344.041 39.6869 304.354 25.3372 11.4892 25.7156 39.8608 5.73719 5.6977 53.8594 32.0754 21.7839 3.3419 8.14728 24.5088 5.91815 14.6353
internal_count=19298 3977 527 15321 14772 1673 13099 3450 3199 1562 1312 1394 110 12989 1966 11023 250 279 549 325 202 202 1637 946 691 171 108 408 110 1361
is_linear=0
shrinkage=0.05


Tree=259
num_leaves=31
num_cat=0
split_feature=23 23 5 23 13 13 27 15 6 24 8 3 18 8 19 3 5 13 18 0 6 19 8 24 27 5 23 18 12 13
split_gain=14.4696 11.1753 7.80362 7.50356 11.3631 37.2646 11.1262 10.2319 9.25754 6.9342 10.021 8.16969 10.1464 7.06835 6.52073 6.46824 6.44561 6.23633 4.98376 4.51612 5.52633 4.62536 3.75789 3.70041 3.56628 3.55965 5.76918 3.52193 3.47036 7.40605
threshold=67.653661875427801 69.329226557152651 2.1665662249999698 34.648870636550321 0.079377196171089265 0.087919298549219815 25.600517907760473 0.21455026455026452 32.500000000000007 945.50000000000011 1.9992950458351484 0.36388521161566911 696.50000000000011 3.6825651052209416 37665.498333333344 0.13833943993637379 4.6691970723183269 0.076715444082771408 1583.5000000000002 3.5000000000000004 37.500000000000007 621.17333333333352 6.2176013331727065 450.50000000000006 0.11379012198003587 1.9583148337368124 68.119096509240265 747.50000000000011 2.7047916516951651 0.035805860805860755
decision_type=2 2 2 2 2 2 2 2 2 2 2 2 2 2 2 2 2 2 2 2 2 2 2 2 2 2 2 2 2 2
left_child=3 2 25 19 7 16 18 15 -8 10 24 27 -13 -11 -9 -5 23 -17 -7 20 21 -1 -21 -6 -3 26 -2 -12 29 -15
right_child=1 9 -4 4 5 6 8 14 -10 13 11 12 -14 28 -16 17 -18 -19 -20 22 -22 -23 -24 -25 -26 -27 -28 -29 -30 -31
leaf_value=-0.049525170927018698 0.043174472567767401 -0.046730111410966099 -0.014767006609976249 -0.055088989497134901 -0.11127479004043624 0.01769049231581641 -0.027305956432491549 -0.058527575533865256 0.021848726881206926 -0.050906878292578554 -0.02996653365200936 -0.0035235114735723753 -0.054210803968835236 0.037692953690409411 0.027189188867195527 0.007052137930108577 0.041639367297012002 0.037338427436781389 -0.056775555982603414 -0.064502239395837033 -0.072262425082726706 0.015945001655253487 0.040927419654499725 -0.062648343630080747 0.03429399016346648 0.056510664077732892 -0.042783762265431978 0.041206480872119186 0.040462794723216511 -0.034502404189976077
leaf_weight=2.6344139198117764 7.2956051484943583 1.3101786397637649 5.5872360882003695 3.5774238167614376 5.8724257332551195 51.597034467482445 46.061836886769015 9.1348351602164239 11.893256944371386 2.6975906385860062 1.9587261503038451 35.226931580767996 13.761157246790388 9.3040028107643575 2.764965748472604 106.08357664052073 1.120569657330633 20.343918463680893 2.2246157334493537 3.2858367961380273 1.7564149933168653 111.52182341267371 0.9887745827436446 17.65494701775151 22.238857875006943 28.847342874731112 2.5112624281682656 9.5847998554818314 29.768339614274737 5.5625648184441152
leaf_count=517 71 115 202 256 98 2202 2493 982 44 717 169 943 646 40 25 2976 4 195 358 387 40 3953 5 786 336 58 196 95 113 276
internal_value=0.00586441 0.0178165 0.0395664 0.000580565 -0.00391475 -0.0142243 -0.00188503 0.00596447 -0.0171123 0.0104317 0.00174238 -0.00896423 -0.0179453 0.0257257 -0.0381337 0.0100656 -0.0697462 0.0119908 0.0144203 0.011027 0.0129317 0.0143483 -0.0385939 -0.0754167 0.0293962 0.0475668 0.0204486 0.0285466 0.0305723 0.0102958
internal_weight=574.171 175.655 44.2414 398.517 278.329 136.425 111.777 141.905 57.9551 131.413 84.0807 60.5316 48.9881 47.3325 11.8998 130.005 24.6479 126.427 53.8217 120.187 115.913 114.156 4.27461 23.5274 23.549 38.6542 9.80687 11.5435 44.6349 14.8666
internal_count=19298 3977 527 15321 10419 5985 5097 4434 2537 3450 2304 1853 1589 1146 1007 3427 888 3171 2560 4902 4510 4470 392 884 451 325 267 264 429 316
is_linear=0
shrinkage=0.05


Tree=260
num_leaves=21
num_cat=0
split_feature=24 24 16 15 16 11 18 6 6 27 27 18 10 11 7 17 17 30 17 17
split_gain=8.26559 12.9274 9.2471 10.9504 8.78241 8.15592 7.26395 7.06503 10.2606 8.18041 6.40393 2.95728 10.7514 1.82698 1.35849 1.13335 0.932998 0.747906 2.52598 0.562781
threshold=131.50000000000003 242.50000000000003 0.32529069767441865 0.16122140713139782 0.30744092508798398 0.021583850931677005 248.50000000000003 29.500000000000004 23.500000000000004 2435.2646333297703 110.22225274058376 192.50000000000003 0.10174418604651156 0.15586884598291442 7.5000000000000009 1.5000000000000002 19.500000000000004 1.5000000000000002 29.500000000000004 11.500000000000002
decision_type=2 2 2 2 2 2 2 2 2 2 2 2 2 2 2 2 2 2 2 2
left_child=6 5 3 7 10 14 -1 8 -3 -9 -5 17 -13 -14 19 -6 -7 18 -4 -2
right_child=1 2 11 4 15 16 -8 9 -10 -11 -12 12 13 -15 -16 -17 -18 -19 -20 -21
leaf_value=-0.053493619019386929 0.011568508896642772 -0.0051190060651928118 0.042266315737289034 0.017944363690902264 0 -0.05164387663358834 0.041169655295682034 0.022020895474207571 -0.044084089600604288 -0.045836825100291502 0 -0.051566477961599834 0.032178272545827377 -0.0082773408555477899 0.039536136492292963 -0.08452499972208477 -0.097230761348393979 0.049461384099163598 -0.028386113593168782 -0.044026798536829878
leaf_weight=2.0919018919121326 0.54460750729776763 182.84998798061088 5.2130838945158766 142.39816978262388 0.38318304418316929 2.964291272306582 22.990223640634213 36.753877718583681 18.590228885461329 4.9164805656619128 76.430940669333268 4.9142012631607477 24.855734317949103 2.8874442147989603 1.9212055724929085 2.603262721971987 4.3095214716813643 11.544499605839519 1.4950241570095384 0.95118342089699581
leaf_count=290 6 8347 11 4742 16 348 27 220 587 55 2449 1419 106 90 11 110 71 77 223 42
internal_value=0.0048857 0.00353594 0.00467698 0.00244727 0.0104855 -0.0505899 0.0328949 -0.00486758 -0.00875986 0.0138044 0.0116815 0.0248967 0.0155611 0.0277736 0.0116826 -0.0730718 -0.0802832 0.0411517 0.0256001 -0.0211952
internal_weight=551.609 526.527 515.836 464.926 221.816 10.6908 25.0821 243.111 201.44 41.6704 218.829 50.91 32.6574 27.7432 3.417 2.98645 7.27381 18.2526 6.70811 1.49579
internal_count=19247 18930 18452 16526 7317 478 317 9209 8934 275 7191 1926 1615 196 59 126 419 311 234 48
is_linear=0
shrinkage=0.05


end of trees

feature_importances:
customer_age=509
account_age_days=453
round_amount_pct=412
repeat_cp_ratio=410
credit_to_balance_ratio=410
counterparty_entropy=390
channel_entropy=384
active_lifespan_days=384
tx_amount_30d=334
avg_amt_first30d=329
night_tx_ratio=319
dormancy_days=318
tx_velocity_zscore=314
weekend_tx_ratio=311
structuring_rate=299
salary_cycle_pct=287
fan_in_unique=284
fan_out_unique=209
hub_score=198
peak_daily_tx=197
tx_count_30d=131
debit_credit_ratio_7d=94
kyc_doc_score=91
tx_count_7d=89
mule_pattern_score=82
product_count=75
activity_burst_zscore=61
mobile_update_flag=35
multi_account_flag=32
debit_spike_flag=22
kyc_compliant_flag=16

parameters:
[boosting: gbdt]
[objective: binary]
[metric: auc]
[tree_learner: serial]
[device_type: cpu]
[data_sample_strategy: bagging]
[data: ]
[valid: ]
[num_iterations: 261]
[learning_rate: 0.05]
[num_leaves: 31]
[num_threads: 8]
[seed: 42]
[deterministic: 0]
[force_col_wise: 0]
[force_row_wise: 0]
[histogram_pool_size: -1]
[max_depth: 6]
[min_data_in_leaf: 20]
[min_sum_hessian_in_leaf: 0.001]
[bagging_fraction: 0.8]
[pos_bagging_fraction: 1]
[neg_bagging_fraction: 1]
[bagging_freq: 5]
[bagging_seed: 400]
[bagging_by_query: 0]
[feature_fraction: 0.8]
[feature_fraction_bynode: 1]
[feature_fraction_seed: 30056]
[extra_trees: 0]
[extra_seed: 12879]
[early_stopping_round: 0]
[early_stopping_min_delta: 0]
[first_metric_only: 0]
[max_delta_step: 0]
[lambda_l1: 0.1]
[lambda_l2: 0.1]
[linear_lambda: 0]
[min_gain_to_split: 0]
[drop_rate: 0.1]
[max_drop: 50]
[skip_drop: 0.5]
[xgboost_dart_mode: 0]
[uniform_drop: 0]
[drop_seed: 17869]
[top_rate: 0.2]
[other_rate: 0.1]
[min_data_per_group: 100]
[max_cat_threshold: 32]
[cat_l2: 10]
[cat_smooth: 10]
[max_cat_to_onehot: 4]
[top_k: 20]
[monotone_constraints: ]
[monotone_constraints_method: basic]
[monotone_penalty: 0]
[feature_contri: ]
[forcedsplits_filename: ]
[refit_decay_rate: 0.9]
[cegb_tradeoff: 1]
[cegb_penalty_split: 0]
[cegb_penalty_feature_lazy: ]
[cegb_penalty_feature_coupled: ]
[path_smooth: 0]
[interaction_constraints: ]
[verbosity: -1]
[saved_feature_importance_type: 0]
[use_quantized_grad: 0]
[num_grad_quant_bins: 4]
[quant_train_renew_leaf: 0]
[stochastic_rounding: 1]
[linear_tree: 0]
[max_bin: 255]
[max_bin_by_feature: ]
[min_data_in_bin: 3]
[bin_construct_sample_cnt: 200000]
[data_random_seed: 175]
[is_enable_sparse: 1]
[enable_bundle: 1]
[use_missing: 1]
[zero_as_missing: 0]
[feature_pre_filter: 1]
[pre_partition: 0]
[two_round: 0]
[header: 0]
[label_column: ]
[weight_column: ]
[group_column: ]
[ignore_column: ]
[categorical_feature: ]
[forcedbins_filename: ]
[precise_float_parser: 0]
[parser_config_file: ]
[objective_seed: 16083]
[num_class: 1]
[is_unbalance: 0]
[scale_pos_weight: 90.3422]
[sigmoid: 1]
[boost_from_average: 1]
[reg_sqrt: 0]
[alpha: 0.9]
[fair_c: 1]
[poisson_max_delta_step: 0.7]
[tweedie_variance_power: 1.5]
[lambdarank_truncation_level: 30]
[lambdarank_norm: 1]
[label_gain: ]
[lambdarank_position_bias_regularization: 0]
[eval_at: ]
[multi_error_top_k: 1]
[auc_mu_weights: ]
[num_machines: 1]
[local_listen_port: 12400]
[time_out: 120]
[machine_list_filename: ]
[machines: ]
[gpu_platform_id: -1]
[gpu_device_id: -1]
[gpu_use_dp: 0]
[num_gpu: 1]

end of parameters

pandas_categorical:[]
